gap_id,previous_timestamp_utc,next_timestamp_utc,missing_start_utc,missing_end_utc,delta_minutes,missing_m1_bars,weekday_before,weekday_after,utc_time_before,utc_time_after,year,month,partition,current_category,proposed_category,classification_reason,classification_evidence,confidence,requires_manual_review
gapf_541_20210104_1001,2021-01-04 10:01:00,2021-01-04 10:04:00,2021-01-04 10:02:00,2021-01-04 10:03:00,3.0,2,Monday,Monday,10:01,10:04,2021,1,TRAIN,LIKELY_PROVIDER_HISTORY_GAP,LIKELY_PROVIDER_HISTORY_GAP,"Isolated small active-session gap, no recurring pattern.","2021-01-04 10:01:00 -> 2021-01-04 10:04:00: isolated 2-bar active-session gap; does not match weekend, session-break, or holiday patterns; below the empirically observed natural break in the missing-bar distribution (no residual gap observed between 9 and 214 missing bars).",LOW,True
gapf_1376_20210104_2358,2021-01-04 23:58:00,2021-01-05 01:00:00,2021-01-04 23:59:00,2021-01-05 00:59:00,62.0,61,Monday,Tuesday,23:58,01:00,2021,1,TRAIN,SUSPICIOUS_INTRASESSION,EXPECTED_DAILY_SESSION_BREAK,Recurring nightly broker maintenance/session break.,"2021-01-04 23:58:00 -> 2021-01-05 01:00:00: ~62min nightly pause, standard-time (hour 23->01) variant; this exact close/reopen-hour pair recurs on the vast majority of weeknights across all 6 dataset years, and the hour flips precisely on EU DST transition weekends.",MEDIUM,False
gapf_2755_20210105_2358,2021-01-05 23:58:00,2021-01-06 01:00:00,2021-01-05 23:59:00,2021-01-06 00:59:00,62.0,61,Tuesday,Wednesday,23:58,01:00,2021,1,TRAIN,SUSPICIOUS_INTRASESSION,EXPECTED_DAILY_SESSION_BREAK,Recurring nightly broker maintenance/session break.,"2021-01-05 23:58:00 -> 2021-01-06 01:00:00: ~62min nightly pause, standard-time (hour 23->01) variant; this exact close/reopen-hour pair recurs on the vast majority of weeknights across all 6 dataset years, and the hour flips precisely on EU DST transition weekends.",MEDIUM,False
gapf_4134_20210106_2358,2021-01-06 23:58:00,2021-01-07 01:00:00,2021-01-06 23:59:00,2021-01-07 00:59:00,62.0,61,Wednesday,Thursday,23:58,01:00,2021,1,TRAIN,SUSPICIOUS_INTRASESSION,EXPECTED_DAILY_SESSION_BREAK,Recurring nightly broker maintenance/session break.,"2021-01-06 23:58:00 -> 2021-01-07 01:00:00: ~62min nightly pause, standard-time (hour 23->01) variant; this exact close/reopen-hour pair recurs on the vast majority of weeknights across all 6 dataset years, and the hour flips precisely on EU DST transition weekends.",MEDIUM,False
gapf_5513_20210107_2358,2021-01-07 23:58:00,2021-01-08 01:00:00,2021-01-07 23:59:00,2021-01-08 00:59:00,62.0,61,Thursday,Friday,23:58,01:00,2021,1,TRAIN,SUSPICIOUS_INTRASESSION,EXPECTED_DAILY_SESSION_BREAK,Recurring nightly broker maintenance/session break.,"2021-01-07 23:58:00 -> 2021-01-08 01:00:00: ~62min nightly pause, standard-time (hour 23->01) variant; this exact close/reopen-hour pair recurs on the vast majority of weeknights across all 6 dataset years, and the hour flips precisely on EU DST transition weekends.",MEDIUM,False
gapf_6891_20210108_2357,2021-01-08 23:57:00,2021-01-11 01:00:00,2021-01-08 23:58:00,2021-01-11 00:59:00,2943.0,2942,Friday,Monday,23:57,01:00,2021,1,TRAIN,EXPECTED_WEEKEND,EXPECTED_WEEKEND,Recurring Friday-to-Monday/Tuesday weekend market closure.,"Friday 23:57 close -> Monday 01:00 reopen, delta=2943min; matches the dataset-wide weekend closure pattern observed on every trading week.",HIGH,False
gapf_8270_20210111_2358,2021-01-11 23:58:00,2021-01-12 01:00:00,2021-01-11 23:59:00,2021-01-12 00:59:00,62.0,61,Monday,Tuesday,23:58,01:00,2021,1,TRAIN,SUSPICIOUS_INTRASESSION,EXPECTED_DAILY_SESSION_BREAK,Recurring nightly broker maintenance/session break.,"2021-01-11 23:58:00 -> 2021-01-12 01:00:00: ~62min nightly pause, standard-time (hour 23->01) variant; this exact close/reopen-hour pair recurs on the vast majority of weeknights across all 6 dataset years, and the hour flips precisely on EU DST transition weekends.",MEDIUM,False
gapf_9649_20210112_2358,2021-01-12 23:58:00,2021-01-13 01:00:00,2021-01-12 23:59:00,2021-01-13 00:59:00,62.0,61,Tuesday,Wednesday,23:58,01:00,2021,1,TRAIN,SUSPICIOUS_INTRASESSION,EXPECTED_DAILY_SESSION_BREAK,Recurring nightly broker maintenance/session break.,"2021-01-12 23:58:00 -> 2021-01-13 01:00:00: ~62min nightly pause, standard-time (hour 23->01) variant; this exact close/reopen-hour pair recurs on the vast majority of weeknights across all 6 dataset years, and the hour flips precisely on EU DST transition weekends.",MEDIUM,False
gapf_11028_20210113_2358,2021-01-13 23:58:00,2021-01-14 01:00:00,2021-01-13 23:59:00,2021-01-14 00:59:00,62.0,61,Wednesday,Thursday,23:58,01:00,2021,1,TRAIN,SUSPICIOUS_INTRASESSION,EXPECTED_DAILY_SESSION_BREAK,Recurring nightly broker maintenance/session break.,"2021-01-13 23:58:00 -> 2021-01-14 01:00:00: ~62min nightly pause, standard-time (hour 23->01) variant; this exact close/reopen-hour pair recurs on the vast majority of weeknights across all 6 dataset years, and the hour flips precisely on EU DST transition weekends.",MEDIUM,False
gapf_12407_20210114_2358,2021-01-14 23:58:00,2021-01-15 01:00:00,2021-01-14 23:59:00,2021-01-15 00:59:00,62.0,61,Thursday,Friday,23:58,01:00,2021,1,TRAIN,SUSPICIOUS_INTRASESSION,EXPECTED_DAILY_SESSION_BREAK,Recurring nightly broker maintenance/session break.,"2021-01-14 23:58:00 -> 2021-01-15 01:00:00: ~62min nightly pause, standard-time (hour 23->01) variant; this exact close/reopen-hour pair recurs on the vast majority of weeknights across all 6 dataset years, and the hour flips precisely on EU DST transition weekends.",MEDIUM,False
gapf_13785_20210115_2357,2021-01-15 23:57:00,2021-01-18 01:00:00,2021-01-15 23:58:00,2021-01-18 00:59:00,2943.0,2942,Friday,Monday,23:57,01:00,2021,1,TRAIN,EXPECTED_WEEKEND,EXPECTED_WEEKEND,Recurring Friday-to-Monday/Tuesday weekend market closure.,"Friday 23:57 close -> Monday 01:00 reopen, delta=2943min; matches the dataset-wide weekend closure pattern observed on every trading week.",HIGH,False
gapf_14921_20210118_1955,2021-01-18 19:55:00,2021-01-19 01:00:00,2021-01-18 19:56:00,2021-01-19 00:59:00,305.0,304,Monday,Tuesday,19:55,01:00,2021,1,TRAIN,SUSPICIOUS_INTRASESSION,EXPECTED_HOLIDAY_OR_CLOSURE,US federal market holiday early close (MLK_DAY).,"2021-01-18 19:55:00 matches computed US federal holiday date (MLK_DAY); early close at 19:55 UTC, reopen 01:00 UTC next day; recurring pattern observed across multiple dataset years.",MEDIUM,False
gapf_16300_20210119_2358,2021-01-19 23:58:00,2021-01-20 01:00:00,2021-01-19 23:59:00,2021-01-20 00:59:00,62.0,61,Tuesday,Wednesday,23:58,01:00,2021,1,TRAIN,SUSPICIOUS_INTRASESSION,EXPECTED_DAILY_SESSION_BREAK,Recurring nightly broker maintenance/session break.,"2021-01-19 23:58:00 -> 2021-01-20 01:00:00: ~62min nightly pause, standard-time (hour 23->01) variant; this exact close/reopen-hour pair recurs on the vast majority of weeknights across all 6 dataset years, and the hour flips precisely on EU DST transition weekends.",MEDIUM,False
gapf_17679_20210120_2358,2021-01-20 23:58:00,2021-01-21 01:00:00,2021-01-20 23:59:00,2021-01-21 00:59:00,62.0,61,Wednesday,Thursday,23:58,01:00,2021,1,TRAIN,SUSPICIOUS_INTRASESSION,EXPECTED_DAILY_SESSION_BREAK,Recurring nightly broker maintenance/session break.,"2021-01-20 23:58:00 -> 2021-01-21 01:00:00: ~62min nightly pause, standard-time (hour 23->01) variant; this exact close/reopen-hour pair recurs on the vast majority of weeknights across all 6 dataset years, and the hour flips precisely on EU DST transition weekends.",MEDIUM,False
gapf_19058_20210121_2358,2021-01-21 23:58:00,2021-01-22 01:00:00,2021-01-21 23:59:00,2021-01-22 00:59:00,62.0,61,Thursday,Friday,23:58,01:00,2021,1,TRAIN,SUSPICIOUS_INTRASESSION,EXPECTED_DAILY_SESSION_BREAK,Recurring nightly broker maintenance/session break.,"2021-01-21 23:58:00 -> 2021-01-22 01:00:00: ~62min nightly pause, standard-time (hour 23->01) variant; this exact close/reopen-hour pair recurs on the vast majority of weeknights across all 6 dataset years, and the hour flips precisely on EU DST transition weekends.",MEDIUM,False
gapf_20436_20210122_2357,2021-01-22 23:57:00,2021-01-25 01:00:00,2021-01-22 23:58:00,2021-01-25 00:59:00,2943.0,2942,Friday,Monday,23:57,01:00,2021,1,TRAIN,EXPECTED_WEEKEND,EXPECTED_WEEKEND,Recurring Friday-to-Monday/Tuesday weekend market closure.,"Friday 23:57 close -> Monday 01:00 reopen, delta=2943min; matches the dataset-wide weekend closure pattern observed on every trading week.",HIGH,False
gapf_21815_20210125_2358,2021-01-25 23:58:00,2021-01-26 01:00:00,2021-01-25 23:59:00,2021-01-26 00:59:00,62.0,61,Monday,Tuesday,23:58,01:00,2021,1,TRAIN,SUSPICIOUS_INTRASESSION,EXPECTED_DAILY_SESSION_BREAK,Recurring nightly broker maintenance/session break.,"2021-01-25 23:58:00 -> 2021-01-26 01:00:00: ~62min nightly pause, standard-time (hour 23->01) variant; this exact close/reopen-hour pair recurs on the vast majority of weeknights across all 6 dataset years, and the hour flips precisely on EU DST transition weekends.",MEDIUM,False
gapf_23194_20210126_2358,2021-01-26 23:58:00,2021-01-27 01:00:00,2021-01-26 23:59:00,2021-01-27 00:59:00,62.0,61,Tuesday,Wednesday,23:58,01:00,2021,1,TRAIN,SUSPICIOUS_INTRASESSION,EXPECTED_DAILY_SESSION_BREAK,Recurring nightly broker maintenance/session break.,"2021-01-26 23:58:00 -> 2021-01-27 01:00:00: ~62min nightly pause, standard-time (hour 23->01) variant; this exact close/reopen-hour pair recurs on the vast majority of weeknights across all 6 dataset years, and the hour flips precisely on EU DST transition weekends.",MEDIUM,False
gapf_24573_20210127_2358,2021-01-27 23:58:00,2021-01-28 01:00:00,2021-01-27 23:59:00,2021-01-28 00:59:00,62.0,61,Wednesday,Thursday,23:58,01:00,2021,1,TRAIN,SUSPICIOUS_INTRASESSION,EXPECTED_DAILY_SESSION_BREAK,Recurring nightly broker maintenance/session break.,"2021-01-27 23:58:00 -> 2021-01-28 01:00:00: ~62min nightly pause, standard-time (hour 23->01) variant; this exact close/reopen-hour pair recurs on the vast majority of weeknights across all 6 dataset years, and the hour flips precisely on EU DST transition weekends.",MEDIUM,False
gapf_25952_20210128_2358,2021-01-28 23:58:00,2021-01-29 01:00:00,2021-01-28 23:59:00,2021-01-29 00:59:00,62.0,61,Thursday,Friday,23:58,01:00,2021,1,TRAIN,SUSPICIOUS_INTRASESSION,EXPECTED_DAILY_SESSION_BREAK,Recurring nightly broker maintenance/session break.,"2021-01-28 23:58:00 -> 2021-01-29 01:00:00: ~62min nightly pause, standard-time (hour 23->01) variant; this exact close/reopen-hour pair recurs on the vast majority of weeknights across all 6 dataset years, and the hour flips precisely on EU DST transition weekends.",MEDIUM,False
gapf_27330_20210129_2357,2021-01-29 23:57:00,2021-02-01 01:00:00,2021-01-29 23:58:00,2021-02-01 00:59:00,2943.0,2942,Friday,Monday,23:57,01:00,2021,1,TRAIN,EXPECTED_WEEKEND,EXPECTED_WEEKEND,Recurring Friday-to-Monday/Tuesday weekend market closure.,"Friday 23:57 close -> Monday 01:00 reopen, delta=2943min; matches the dataset-wide weekend closure pattern observed on every trading week.",HIGH,False
gapf_28673_20210201_2322,2021-02-01 23:22:00,2021-02-01 23:24:00,2021-02-01 23:23:00,2021-02-01 23:23:00,2.0,1,Monday,Monday,23:22,23:24,2021,2,TRAIN,LIKELY_PROVIDER_HISTORY_GAP,LIKELY_PROVIDER_HISTORY_GAP,"Isolated small active-session gap, no recurring pattern.","2021-02-01 23:22:00 -> 2021-02-01 23:24:00: isolated 1-bar active-session gap; does not match weekend, session-break, or holiday patterns; below the empirically observed natural break in the missing-bar distribution (no residual gap observed between 9 and 214 missing bars).",LOW,True
gapf_28708_20210201_2358,2021-02-01 23:58:00,2021-02-02 01:00:00,2021-02-01 23:59:00,2021-02-02 00:59:00,62.0,61,Monday,Tuesday,23:58,01:00,2021,2,TRAIN,SUSPICIOUS_INTRASESSION,EXPECTED_DAILY_SESSION_BREAK,Recurring nightly broker maintenance/session break.,"2021-02-01 23:58:00 -> 2021-02-02 01:00:00: ~62min nightly pause, standard-time (hour 23->01) variant; this exact close/reopen-hour pair recurs on the vast majority of weeknights across all 6 dataset years, and the hour flips precisely on EU DST transition weekends.",MEDIUM,False
gapf_30087_20210202_2358,2021-02-02 23:58:00,2021-02-03 01:00:00,2021-02-02 23:59:00,2021-02-03 00:59:00,62.0,61,Tuesday,Wednesday,23:58,01:00,2021,2,TRAIN,SUSPICIOUS_INTRASESSION,EXPECTED_DAILY_SESSION_BREAK,Recurring nightly broker maintenance/session break.,"2021-02-02 23:58:00 -> 2021-02-03 01:00:00: ~62min nightly pause, standard-time (hour 23->01) variant; this exact close/reopen-hour pair recurs on the vast majority of weeknights across all 6 dataset years, and the hour flips precisely on EU DST transition weekends.",MEDIUM,False
gapf_31466_20210203_2358,2021-02-03 23:58:00,2021-02-04 01:00:00,2021-02-03 23:59:00,2021-02-04 00:59:00,62.0,61,Wednesday,Thursday,23:58,01:00,2021,2,TRAIN,SUSPICIOUS_INTRASESSION,EXPECTED_DAILY_SESSION_BREAK,Recurring nightly broker maintenance/session break.,"2021-02-03 23:58:00 -> 2021-02-04 01:00:00: ~62min nightly pause, standard-time (hour 23->01) variant; this exact close/reopen-hour pair recurs on the vast majority of weeknights across all 6 dataset years, and the hour flips precisely on EU DST transition weekends.",MEDIUM,False
gapf_32845_20210204_2358,2021-02-04 23:58:00,2021-02-05 01:00:00,2021-02-04 23:59:00,2021-02-05 00:59:00,62.0,61,Thursday,Friday,23:58,01:00,2021,2,TRAIN,SUSPICIOUS_INTRASESSION,EXPECTED_DAILY_SESSION_BREAK,Recurring nightly broker maintenance/session break.,"2021-02-04 23:58:00 -> 2021-02-05 01:00:00: ~62min nightly pause, standard-time (hour 23->01) variant; this exact close/reopen-hour pair recurs on the vast majority of weeknights across all 6 dataset years, and the hour flips precisely on EU DST transition weekends.",MEDIUM,False
gapf_34223_20210205_2357,2021-02-05 23:57:00,2021-02-08 01:00:00,2021-02-05 23:58:00,2021-02-08 00:59:00,2943.0,2942,Friday,Monday,23:57,01:00,2021,2,TRAIN,EXPECTED_WEEKEND,EXPECTED_WEEKEND,Recurring Friday-to-Monday/Tuesday weekend market closure.,"Friday 23:57 close -> Monday 01:00 reopen, delta=2943min; matches the dataset-wide weekend closure pattern observed on every trading week.",HIGH,False
gapf_35602_20210208_2358,2021-02-08 23:58:00,2021-02-09 01:00:00,2021-02-08 23:59:00,2021-02-09 00:59:00,62.0,61,Monday,Tuesday,23:58,01:00,2021,2,TRAIN,SUSPICIOUS_INTRASESSION,EXPECTED_DAILY_SESSION_BREAK,Recurring nightly broker maintenance/session break.,"2021-02-08 23:58:00 -> 2021-02-09 01:00:00: ~62min nightly pause, standard-time (hour 23->01) variant; this exact close/reopen-hour pair recurs on the vast majority of weeknights across all 6 dataset years, and the hour flips precisely on EU DST transition weekends.",MEDIUM,False
gapf_36981_20210209_2358,2021-02-09 23:58:00,2021-02-10 01:00:00,2021-02-09 23:59:00,2021-02-10 00:59:00,62.0,61,Tuesday,Wednesday,23:58,01:00,2021,2,TRAIN,SUSPICIOUS_INTRASESSION,EXPECTED_DAILY_SESSION_BREAK,Recurring nightly broker maintenance/session break.,"2021-02-09 23:58:00 -> 2021-02-10 01:00:00: ~62min nightly pause, standard-time (hour 23->01) variant; this exact close/reopen-hour pair recurs on the vast majority of weeknights across all 6 dataset years, and the hour flips precisely on EU DST transition weekends.",MEDIUM,False
gapf_38360_20210210_2358,2021-02-10 23:58:00,2021-02-11 01:00:00,2021-02-10 23:59:00,2021-02-11 00:59:00,62.0,61,Wednesday,Thursday,23:58,01:00,2021,2,TRAIN,SUSPICIOUS_INTRASESSION,EXPECTED_DAILY_SESSION_BREAK,Recurring nightly broker maintenance/session break.,"2021-02-10 23:58:00 -> 2021-02-11 01:00:00: ~62min nightly pause, standard-time (hour 23->01) variant; this exact close/reopen-hour pair recurs on the vast majority of weeknights across all 6 dataset years, and the hour flips precisely on EU DST transition weekends.",MEDIUM,False
gapf_39739_20210211_2358,2021-02-11 23:58:00,2021-02-12 01:00:00,2021-02-11 23:59:00,2021-02-12 00:59:00,62.0,61,Thursday,Friday,23:58,01:00,2021,2,TRAIN,SUSPICIOUS_INTRASESSION,EXPECTED_DAILY_SESSION_BREAK,Recurring nightly broker maintenance/session break.,"2021-02-11 23:58:00 -> 2021-02-12 01:00:00: ~62min nightly pause, standard-time (hour 23->01) variant; this exact close/reopen-hour pair recurs on the vast majority of weeknights across all 6 dataset years, and the hour flips precisely on EU DST transition weekends.",MEDIUM,False
gapf_41117_20210212_2357,2021-02-12 23:57:00,2021-02-15 01:00:00,2021-02-12 23:58:00,2021-02-15 00:59:00,2943.0,2942,Friday,Monday,23:57,01:00,2021,2,TRAIN,EXPECTED_WEEKEND,EXPECTED_WEEKEND,Recurring Friday-to-Monday/Tuesday weekend market closure.,"Friday 23:57 close -> Monday 01:00 reopen, delta=2943min; matches the dataset-wide weekend closure pattern observed on every trading week.",HIGH,False
gapf_42253_20210215_1955,2021-02-15 19:55:00,2021-02-16 01:00:00,2021-02-15 19:56:00,2021-02-16 00:59:00,305.0,304,Monday,Tuesday,19:55,01:00,2021,2,TRAIN,SUSPICIOUS_INTRASESSION,EXPECTED_HOLIDAY_OR_CLOSURE,US federal market holiday early close (PRESIDENTS_DAY).,"2021-02-15 19:55:00 matches computed US federal holiday date (PRESIDENTS_DAY); early close at 19:55 UTC, reopen 01:00 UTC next day; recurring pattern observed across multiple dataset years.",MEDIUM,False
gapf_43632_20210216_2358,2021-02-16 23:58:00,2021-02-17 01:00:00,2021-02-16 23:59:00,2021-02-17 00:59:00,62.0,61,Tuesday,Wednesday,23:58,01:00,2021,2,TRAIN,SUSPICIOUS_INTRASESSION,EXPECTED_DAILY_SESSION_BREAK,Recurring nightly broker maintenance/session break.,"2021-02-16 23:58:00 -> 2021-02-17 01:00:00: ~62min nightly pause, standard-time (hour 23->01) variant; this exact close/reopen-hour pair recurs on the vast majority of weeknights across all 6 dataset years, and the hour flips precisely on EU DST transition weekends.",MEDIUM,False
gapf_45011_20210217_2358,2021-02-17 23:58:00,2021-02-18 01:00:00,2021-02-17 23:59:00,2021-02-18 00:59:00,62.0,61,Wednesday,Thursday,23:58,01:00,2021,2,TRAIN,SUSPICIOUS_INTRASESSION,EXPECTED_DAILY_SESSION_BREAK,Recurring nightly broker maintenance/session break.,"2021-02-17 23:58:00 -> 2021-02-18 01:00:00: ~62min nightly pause, standard-time (hour 23->01) variant; this exact close/reopen-hour pair recurs on the vast majority of weeknights across all 6 dataset years, and the hour flips precisely on EU DST transition weekends.",MEDIUM,False
gapf_46390_20210218_2358,2021-02-18 23:58:00,2021-02-19 01:00:00,2021-02-18 23:59:00,2021-02-19 00:59:00,62.0,61,Thursday,Friday,23:58,01:00,2021,2,TRAIN,SUSPICIOUS_INTRASESSION,EXPECTED_DAILY_SESSION_BREAK,Recurring nightly broker maintenance/session break.,"2021-02-18 23:58:00 -> 2021-02-19 01:00:00: ~62min nightly pause, standard-time (hour 23->01) variant; this exact close/reopen-hour pair recurs on the vast majority of weeknights across all 6 dataset years, and the hour flips precisely on EU DST transition weekends.",MEDIUM,False
gapf_47768_20210219_2357,2021-02-19 23:57:00,2021-02-22 01:00:00,2021-02-19 23:58:00,2021-02-22 00:59:00,2943.0,2942,Friday,Monday,23:57,01:00,2021,2,TRAIN,EXPECTED_WEEKEND,EXPECTED_WEEKEND,Recurring Friday-to-Monday/Tuesday weekend market closure.,"Friday 23:57 close -> Monday 01:00 reopen, delta=2943min; matches the dataset-wide weekend closure pattern observed on every trading week.",HIGH,False
gapf_49147_20210222_2358,2021-02-22 23:58:00,2021-02-23 01:00:00,2021-02-22 23:59:00,2021-02-23 00:59:00,62.0,61,Monday,Tuesday,23:58,01:00,2021,2,TRAIN,SUSPICIOUS_INTRASESSION,EXPECTED_DAILY_SESSION_BREAK,Recurring nightly broker maintenance/session break.,"2021-02-22 23:58:00 -> 2021-02-23 01:00:00: ~62min nightly pause, standard-time (hour 23->01) variant; this exact close/reopen-hour pair recurs on the vast majority of weeknights across all 6 dataset years, and the hour flips precisely on EU DST transition weekends.",MEDIUM,False
gapf_50526_20210223_2358,2021-02-23 23:58:00,2021-02-24 01:00:00,2021-02-23 23:59:00,2021-02-24 00:59:00,62.0,61,Tuesday,Wednesday,23:58,01:00,2021,2,TRAIN,SUSPICIOUS_INTRASESSION,EXPECTED_DAILY_SESSION_BREAK,Recurring nightly broker maintenance/session break.,"2021-02-23 23:58:00 -> 2021-02-24 01:00:00: ~62min nightly pause, standard-time (hour 23->01) variant; this exact close/reopen-hour pair recurs on the vast majority of weeknights across all 6 dataset years, and the hour flips precisely on EU DST transition weekends.",MEDIUM,False
gapf_51905_20210224_2358,2021-02-24 23:58:00,2021-02-25 01:00:00,2021-02-24 23:59:00,2021-02-25 00:59:00,62.0,61,Wednesday,Thursday,23:58,01:00,2021,2,TRAIN,SUSPICIOUS_INTRASESSION,EXPECTED_DAILY_SESSION_BREAK,Recurring nightly broker maintenance/session break.,"2021-02-24 23:58:00 -> 2021-02-25 01:00:00: ~62min nightly pause, standard-time (hour 23->01) variant; this exact close/reopen-hour pair recurs on the vast majority of weeknights across all 6 dataset years, and the hour flips precisely on EU DST transition weekends.",MEDIUM,False
gapf_53284_20210225_2358,2021-02-25 23:58:00,2021-02-26 01:00:00,2021-02-25 23:59:00,2021-02-26 00:59:00,62.0,61,Thursday,Friday,23:58,01:00,2021,2,TRAIN,SUSPICIOUS_INTRASESSION,EXPECTED_DAILY_SESSION_BREAK,Recurring nightly broker maintenance/session break.,"2021-02-25 23:58:00 -> 2021-02-26 01:00:00: ~62min nightly pause, standard-time (hour 23->01) variant; this exact close/reopen-hour pair recurs on the vast majority of weeknights across all 6 dataset years, and the hour flips precisely on EU DST transition weekends.",MEDIUM,False
gapf_54662_20210226_2357,2021-02-26 23:57:00,2021-03-01 01:00:00,2021-02-26 23:58:00,2021-03-01 00:59:00,2943.0,2942,Friday,Monday,23:57,01:00,2021,2,TRAIN,EXPECTED_WEEKEND,EXPECTED_WEEKEND,Recurring Friday-to-Monday/Tuesday weekend market closure.,"Friday 23:57 close -> Monday 01:00 reopen, delta=2943min; matches the dataset-wide weekend closure pattern observed on every trading week.",HIGH,False
gapf_56041_20210301_2358,2021-03-01 23:58:00,2021-03-02 01:00:00,2021-03-01 23:59:00,2021-03-02 00:59:00,62.0,61,Monday,Tuesday,23:58,01:00,2021,3,TRAIN,SUSPICIOUS_INTRASESSION,EXPECTED_DAILY_SESSION_BREAK,Recurring nightly broker maintenance/session break.,"2021-03-01 23:58:00 -> 2021-03-02 01:00:00: ~62min nightly pause, standard-time (hour 23->01) variant; this exact close/reopen-hour pair recurs on the vast majority of weeknights across all 6 dataset years, and the hour flips precisely on EU DST transition weekends.",MEDIUM,False
gapf_57420_20210302_2358,2021-03-02 23:58:00,2021-03-03 01:00:00,2021-03-02 23:59:00,2021-03-03 00:59:00,62.0,61,Tuesday,Wednesday,23:58,01:00,2021,3,TRAIN,SUSPICIOUS_INTRASESSION,EXPECTED_DAILY_SESSION_BREAK,Recurring nightly broker maintenance/session break.,"2021-03-02 23:58:00 -> 2021-03-03 01:00:00: ~62min nightly pause, standard-time (hour 23->01) variant; this exact close/reopen-hour pair recurs on the vast majority of weeknights across all 6 dataset years, and the hour flips precisely on EU DST transition weekends.",MEDIUM,False
gapf_58799_20210303_2358,2021-03-03 23:58:00,2021-03-04 01:00:00,2021-03-03 23:59:00,2021-03-04 00:59:00,62.0,61,Wednesday,Thursday,23:58,01:00,2021,3,TRAIN,SUSPICIOUS_INTRASESSION,EXPECTED_DAILY_SESSION_BREAK,Recurring nightly broker maintenance/session break.,"2021-03-03 23:58:00 -> 2021-03-04 01:00:00: ~62min nightly pause, standard-time (hour 23->01) variant; this exact close/reopen-hour pair recurs on the vast majority of weeknights across all 6 dataset years, and the hour flips precisely on EU DST transition weekends.",MEDIUM,False
gapf_60178_20210304_2358,2021-03-04 23:58:00,2021-03-05 01:00:00,2021-03-04 23:59:00,2021-03-05 00:59:00,62.0,61,Thursday,Friday,23:58,01:00,2021,3,TRAIN,SUSPICIOUS_INTRASESSION,EXPECTED_DAILY_SESSION_BREAK,Recurring nightly broker maintenance/session break.,"2021-03-04 23:58:00 -> 2021-03-05 01:00:00: ~62min nightly pause, standard-time (hour 23->01) variant; this exact close/reopen-hour pair recurs on the vast majority of weeknights across all 6 dataset years, and the hour flips precisely on EU DST transition weekends.",MEDIUM,False
gapf_61556_20210305_2357,2021-03-05 23:57:00,2021-03-08 01:00:00,2021-03-05 23:58:00,2021-03-08 00:59:00,2943.0,2942,Friday,Monday,23:57,01:00,2021,3,TRAIN,EXPECTED_WEEKEND,EXPECTED_WEEKEND,Recurring Friday-to-Monday/Tuesday weekend market closure.,"Friday 23:57 close -> Monday 01:00 reopen, delta=2943min; matches the dataset-wide weekend closure pattern observed on every trading week.",HIGH,False
gapf_62935_20210308_2358,2021-03-08 23:58:00,2021-03-09 01:00:00,2021-03-08 23:59:00,2021-03-09 00:59:00,62.0,61,Monday,Tuesday,23:58,01:00,2021,3,TRAIN,SUSPICIOUS_INTRASESSION,EXPECTED_DAILY_SESSION_BREAK,Recurring nightly broker maintenance/session break.,"2021-03-08 23:58:00 -> 2021-03-09 01:00:00: ~62min nightly pause, standard-time (hour 23->01) variant; this exact close/reopen-hour pair recurs on the vast majority of weeknights across all 6 dataset years, and the hour flips precisely on EU DST transition weekends.",MEDIUM,False
gapf_64314_20210309_2358,2021-03-09 23:58:00,2021-03-10 01:00:00,2021-03-09 23:59:00,2021-03-10 00:59:00,62.0,61,Tuesday,Wednesday,23:58,01:00,2021,3,TRAIN,SUSPICIOUS_INTRASESSION,EXPECTED_DAILY_SESSION_BREAK,Recurring nightly broker maintenance/session break.,"2021-03-09 23:58:00 -> 2021-03-10 01:00:00: ~62min nightly pause, standard-time (hour 23->01) variant; this exact close/reopen-hour pair recurs on the vast majority of weeknights across all 6 dataset years, and the hour flips precisely on EU DST transition weekends.",MEDIUM,False
gapf_65693_20210310_2358,2021-03-10 23:58:00,2021-03-11 01:00:00,2021-03-10 23:59:00,2021-03-11 00:59:00,62.0,61,Wednesday,Thursday,23:58,01:00,2021,3,TRAIN,SUSPICIOUS_INTRASESSION,EXPECTED_DAILY_SESSION_BREAK,Recurring nightly broker maintenance/session break.,"2021-03-10 23:58:00 -> 2021-03-11 01:00:00: ~62min nightly pause, standard-time (hour 23->01) variant; this exact close/reopen-hour pair recurs on the vast majority of weeknights across all 6 dataset years, and the hour flips precisely on EU DST transition weekends.",MEDIUM,False
gapf_67072_20210311_2358,2021-03-11 23:58:00,2021-03-12 01:00:00,2021-03-11 23:59:00,2021-03-12 00:59:00,62.0,61,Thursday,Friday,23:58,01:00,2021,3,TRAIN,SUSPICIOUS_INTRASESSION,EXPECTED_DAILY_SESSION_BREAK,Recurring nightly broker maintenance/session break.,"2021-03-11 23:58:00 -> 2021-03-12 01:00:00: ~62min nightly pause, standard-time (hour 23->01) variant; this exact close/reopen-hour pair recurs on the vast majority of weeknights across all 6 dataset years, and the hour flips precisely on EU DST transition weekends.",MEDIUM,False
gapf_68450_20210312_2357,2021-03-12 23:57:00,2021-03-15 00:00:00,2021-03-12 23:58:00,2021-03-14 23:59:00,2883.0,2882,Friday,Monday,23:57,00:00,2021,3,TRAIN,EXPECTED_WEEKEND,EXPECTED_WEEKEND,Recurring Friday-to-Monday/Tuesday weekend market closure.,"Friday 23:57 close -> Monday 00:00 reopen, delta=2883min; matches the dataset-wide weekend closure pattern observed on every trading week.",HIGH,False
gapf_69829_20210315_2258,2021-03-15 22:58:00,2021-03-16 00:00:00,2021-03-15 22:59:00,2021-03-15 23:59:00,62.0,61,Monday,Tuesday,22:58,00:00,2021,3,TRAIN,EXPECTED_DAILY_SESSION_BREAK,EXPECTED_DAILY_SESSION_BREAK,Recurring nightly broker maintenance/session break.,"2021-03-15 22:58:00 -> 2021-03-16 00:00:00: ~62min nightly pause, EU-DST-shifted (hour 22->00) variant; this exact close/reopen-hour pair recurs on the vast majority of weeknights across all 6 dataset years, and the hour flips precisely on EU DST transition weekends.",MEDIUM,False
gapf_71208_20210316_2258,2021-03-16 22:58:00,2021-03-17 00:00:00,2021-03-16 22:59:00,2021-03-16 23:59:00,62.0,61,Tuesday,Wednesday,22:58,00:00,2021,3,TRAIN,EXPECTED_DAILY_SESSION_BREAK,EXPECTED_DAILY_SESSION_BREAK,Recurring nightly broker maintenance/session break.,"2021-03-16 22:58:00 -> 2021-03-17 00:00:00: ~62min nightly pause, EU-DST-shifted (hour 22->00) variant; this exact close/reopen-hour pair recurs on the vast majority of weeknights across all 6 dataset years, and the hour flips precisely on EU DST transition weekends.",MEDIUM,False
gapf_72587_20210317_2258,2021-03-17 22:58:00,2021-03-18 00:00:00,2021-03-17 22:59:00,2021-03-17 23:59:00,62.0,61,Wednesday,Thursday,22:58,00:00,2021,3,TRAIN,EXPECTED_DAILY_SESSION_BREAK,EXPECTED_DAILY_SESSION_BREAK,Recurring nightly broker maintenance/session break.,"2021-03-17 22:58:00 -> 2021-03-18 00:00:00: ~62min nightly pause, EU-DST-shifted (hour 22->00) variant; this exact close/reopen-hour pair recurs on the vast majority of weeknights across all 6 dataset years, and the hour flips precisely on EU DST transition weekends.",MEDIUM,False
gapf_73966_20210318_2258,2021-03-18 22:58:00,2021-03-19 00:00:00,2021-03-18 22:59:00,2021-03-18 23:59:00,62.0,61,Thursday,Friday,22:58,00:00,2021,3,TRAIN,EXPECTED_DAILY_SESSION_BREAK,EXPECTED_DAILY_SESSION_BREAK,Recurring nightly broker maintenance/session break.,"2021-03-18 22:58:00 -> 2021-03-19 00:00:00: ~62min nightly pause, EU-DST-shifted (hour 22->00) variant; this exact close/reopen-hour pair recurs on the vast majority of weeknights across all 6 dataset years, and the hour flips precisely on EU DST transition weekends.",MEDIUM,False
gapf_75344_20210319_2257,2021-03-19 22:57:00,2021-03-22 00:00:00,2021-03-19 22:58:00,2021-03-21 23:59:00,2943.0,2942,Friday,Monday,22:57,00:00,2021,3,TRAIN,EXPECTED_WEEKEND,EXPECTED_WEEKEND,Recurring Friday-to-Monday/Tuesday weekend market closure.,"Friday 22:57 close -> Monday 00:00 reopen, delta=2943min; matches the dataset-wide weekend closure pattern observed on every trading week.",HIGH,False
gapf_76723_20210322_2258,2021-03-22 22:58:00,2021-03-23 00:00:00,2021-03-22 22:59:00,2021-03-22 23:59:00,62.0,61,Monday,Tuesday,22:58,00:00,2021,3,TRAIN,EXPECTED_DAILY_SESSION_BREAK,EXPECTED_DAILY_SESSION_BREAK,Recurring nightly broker maintenance/session break.,"2021-03-22 22:58:00 -> 2021-03-23 00:00:00: ~62min nightly pause, EU-DST-shifted (hour 22->00) variant; this exact close/reopen-hour pair recurs on the vast majority of weeknights across all 6 dataset years, and the hour flips precisely on EU DST transition weekends.",MEDIUM,False
gapf_78102_20210323_2258,2021-03-23 22:58:00,2021-03-24 00:00:00,2021-03-23 22:59:00,2021-03-23 23:59:00,62.0,61,Tuesday,Wednesday,22:58,00:00,2021,3,TRAIN,EXPECTED_DAILY_SESSION_BREAK,EXPECTED_DAILY_SESSION_BREAK,Recurring nightly broker maintenance/session break.,"2021-03-23 22:58:00 -> 2021-03-24 00:00:00: ~62min nightly pause, EU-DST-shifted (hour 22->00) variant; this exact close/reopen-hour pair recurs on the vast majority of weeknights across all 6 dataset years, and the hour flips precisely on EU DST transition weekends.",MEDIUM,False
gapf_79481_20210324_2258,2021-03-24 22:58:00,2021-03-25 00:00:00,2021-03-24 22:59:00,2021-03-24 23:59:00,62.0,61,Wednesday,Thursday,22:58,00:00,2021,3,TRAIN,EXPECTED_DAILY_SESSION_BREAK,EXPECTED_DAILY_SESSION_BREAK,Recurring nightly broker maintenance/session break.,"2021-03-24 22:58:00 -> 2021-03-25 00:00:00: ~62min nightly pause, EU-DST-shifted (hour 22->00) variant; this exact close/reopen-hour pair recurs on the vast majority of weeknights across all 6 dataset years, and the hour flips precisely on EU DST transition weekends.",MEDIUM,False
gapf_80860_20210325_2258,2021-03-25 22:58:00,2021-03-26 00:00:00,2021-03-25 22:59:00,2021-03-25 23:59:00,62.0,61,Thursday,Friday,22:58,00:00,2021,3,TRAIN,EXPECTED_DAILY_SESSION_BREAK,EXPECTED_DAILY_SESSION_BREAK,Recurring nightly broker maintenance/session break.,"2021-03-25 22:58:00 -> 2021-03-26 00:00:00: ~62min nightly pause, EU-DST-shifted (hour 22->00) variant; this exact close/reopen-hour pair recurs on the vast majority of weeknights across all 6 dataset years, and the hour flips precisely on EU DST transition weekends.",MEDIUM,False
gapf_82238_20210326_2257,2021-03-26 22:57:00,2021-03-29 01:00:00,2021-03-26 22:58:00,2021-03-29 00:59:00,3003.0,3002,Friday,Monday,22:57,01:00,2021,3,TRAIN,EXPECTED_WEEKEND,EXPECTED_WEEKEND,Recurring Friday-to-Monday/Tuesday weekend market closure.,"Friday 22:57 close -> Monday 01:00 reopen, delta=3003min; matches the dataset-wide weekend closure pattern observed on every trading week.",HIGH,False
gapf_83617_20210329_2358,2021-03-29 23:58:00,2021-03-30 01:00:00,2021-03-29 23:59:00,2021-03-30 00:59:00,62.0,61,Monday,Tuesday,23:58,01:00,2021,3,TRAIN,SUSPICIOUS_INTRASESSION,EXPECTED_DAILY_SESSION_BREAK,Recurring nightly broker maintenance/session break.,"2021-03-29 23:58:00 -> 2021-03-30 01:00:00: ~62min nightly pause, standard-time (hour 23->01) variant; this exact close/reopen-hour pair recurs on the vast majority of weeknights across all 6 dataset years, and the hour flips precisely on EU DST transition weekends.",MEDIUM,False
gapf_84996_20210330_2358,2021-03-30 23:58:00,2021-03-31 01:00:00,2021-03-30 23:59:00,2021-03-31 00:59:00,62.0,61,Tuesday,Wednesday,23:58,01:00,2021,3,TRAIN,SUSPICIOUS_INTRASESSION,EXPECTED_DAILY_SESSION_BREAK,Recurring nightly broker maintenance/session break.,"2021-03-30 23:58:00 -> 2021-03-31 01:00:00: ~62min nightly pause, standard-time (hour 23->01) variant; this exact close/reopen-hour pair recurs on the vast majority of weeknights across all 6 dataset years, and the hour flips precisely on EU DST transition weekends.",MEDIUM,False
gapf_86375_20210331_2358,2021-03-31 23:58:00,2021-04-01 01:00:00,2021-03-31 23:59:00,2021-04-01 00:59:00,62.0,61,Wednesday,Thursday,23:58,01:00,2021,3,TRAIN,SUSPICIOUS_INTRASESSION,EXPECTED_DAILY_SESSION_BREAK,Recurring nightly broker maintenance/session break.,"2021-03-31 23:58:00 -> 2021-04-01 01:00:00: ~62min nightly pause, standard-time (hour 23->01) variant; this exact close/reopen-hour pair recurs on the vast majority of weeknights across all 6 dataset years, and the hour flips precisely on EU DST transition weekends.",MEDIUM,False
gapf_87754_20210401_2358,2021-04-01 23:58:00,2021-04-05 01:00:00,2021-04-01 23:59:00,2021-04-05 00:59:00,4382.0,4381,Thursday,Monday,23:58,01:00,2021,4,TRAIN,EXPECTED_WEEKEND,EXPECTED_HOLIDAY_OR_CLOSURE,Good Friday / Easter closure.,2021-04-01 23:58:00 falls within the computed Good-Friday/Easter window for 2021 (Easter Sunday 2021-04-04); ~73.0h closure. Only weakly recurring in this specific broker history (not every observed Good Friday produced a distinct extra gap beyond the ordinary weekend).,LOW,True
gapf_89133_20210405_2358,2021-04-05 23:58:00,2021-04-06 01:00:00,2021-04-05 23:59:00,2021-04-06 00:59:00,62.0,61,Monday,Tuesday,23:58,01:00,2021,4,TRAIN,SUSPICIOUS_INTRASESSION,EXPECTED_DAILY_SESSION_BREAK,Recurring nightly broker maintenance/session break.,"2021-04-05 23:58:00 -> 2021-04-06 01:00:00: ~62min nightly pause, standard-time (hour 23->01) variant; this exact close/reopen-hour pair recurs on the vast majority of weeknights across all 6 dataset years, and the hour flips precisely on EU DST transition weekends.",MEDIUM,False
gapf_90512_20210406_2358,2021-04-06 23:58:00,2021-04-07 01:00:00,2021-04-06 23:59:00,2021-04-07 00:59:00,62.0,61,Tuesday,Wednesday,23:58,01:00,2021,4,TRAIN,SUSPICIOUS_INTRASESSION,EXPECTED_DAILY_SESSION_BREAK,Recurring nightly broker maintenance/session break.,"2021-04-06 23:58:00 -> 2021-04-07 01:00:00: ~62min nightly pause, standard-time (hour 23->01) variant; this exact close/reopen-hour pair recurs on the vast majority of weeknights across all 6 dataset years, and the hour flips precisely on EU DST transition weekends.",MEDIUM,False
gapf_91891_20210407_2358,2021-04-07 23:58:00,2021-04-08 01:00:00,2021-04-07 23:59:00,2021-04-08 00:59:00,62.0,61,Wednesday,Thursday,23:58,01:00,2021,4,TRAIN,SUSPICIOUS_INTRASESSION,EXPECTED_DAILY_SESSION_BREAK,Recurring nightly broker maintenance/session break.,"2021-04-07 23:58:00 -> 2021-04-08 01:00:00: ~62min nightly pause, standard-time (hour 23->01) variant; this exact close/reopen-hour pair recurs on the vast majority of weeknights across all 6 dataset years, and the hour flips precisely on EU DST transition weekends.",MEDIUM,False
gapf_93270_20210408_2358,2021-04-08 23:58:00,2021-04-09 01:00:00,2021-04-08 23:59:00,2021-04-09 00:59:00,62.0,61,Thursday,Friday,23:58,01:00,2021,4,TRAIN,SUSPICIOUS_INTRASESSION,EXPECTED_DAILY_SESSION_BREAK,Recurring nightly broker maintenance/session break.,"2021-04-08 23:58:00 -> 2021-04-09 01:00:00: ~62min nightly pause, standard-time (hour 23->01) variant; this exact close/reopen-hour pair recurs on the vast majority of weeknights across all 6 dataset years, and the hour flips precisely on EU DST transition weekends.",MEDIUM,False
gapf_94648_20210409_2357,2021-04-09 23:57:00,2021-04-12 01:00:00,2021-04-09 23:58:00,2021-04-12 00:59:00,2943.0,2942,Friday,Monday,23:57,01:00,2021,4,TRAIN,EXPECTED_WEEKEND,EXPECTED_WEEKEND,Recurring Friday-to-Monday/Tuesday weekend market closure.,"Friday 23:57 close -> Monday 01:00 reopen, delta=2943min; matches the dataset-wide weekend closure pattern observed on every trading week.",HIGH,False
gapf_96027_20210412_2358,2021-04-12 23:58:00,2021-04-13 01:00:00,2021-04-12 23:59:00,2021-04-13 00:59:00,62.0,61,Monday,Tuesday,23:58,01:00,2021,4,TRAIN,SUSPICIOUS_INTRASESSION,EXPECTED_DAILY_SESSION_BREAK,Recurring nightly broker maintenance/session break.,"2021-04-12 23:58:00 -> 2021-04-13 01:00:00: ~62min nightly pause, standard-time (hour 23->01) variant; this exact close/reopen-hour pair recurs on the vast majority of weeknights across all 6 dataset years, and the hour flips precisely on EU DST transition weekends.",MEDIUM,False
gapf_97406_20210413_2358,2021-04-13 23:58:00,2021-04-14 01:00:00,2021-04-13 23:59:00,2021-04-14 00:59:00,62.0,61,Tuesday,Wednesday,23:58,01:00,2021,4,TRAIN,SUSPICIOUS_INTRASESSION,EXPECTED_DAILY_SESSION_BREAK,Recurring nightly broker maintenance/session break.,"2021-04-13 23:58:00 -> 2021-04-14 01:00:00: ~62min nightly pause, standard-time (hour 23->01) variant; this exact close/reopen-hour pair recurs on the vast majority of weeknights across all 6 dataset years, and the hour flips precisely on EU DST transition weekends.",MEDIUM,False
gapf_98785_20210414_2358,2021-04-14 23:58:00,2021-04-15 01:00:00,2021-04-14 23:59:00,2021-04-15 00:59:00,62.0,61,Wednesday,Thursday,23:58,01:00,2021,4,TRAIN,SUSPICIOUS_INTRASESSION,EXPECTED_DAILY_SESSION_BREAK,Recurring nightly broker maintenance/session break.,"2021-04-14 23:58:00 -> 2021-04-15 01:00:00: ~62min nightly pause, standard-time (hour 23->01) variant; this exact close/reopen-hour pair recurs on the vast majority of weeknights across all 6 dataset years, and the hour flips precisely on EU DST transition weekends.",MEDIUM,False
gapf_100164_20210415_2358,2021-04-15 23:58:00,2021-04-16 01:00:00,2021-04-15 23:59:00,2021-04-16 00:59:00,62.0,61,Thursday,Friday,23:58,01:00,2021,4,TRAIN,SUSPICIOUS_INTRASESSION,EXPECTED_DAILY_SESSION_BREAK,Recurring nightly broker maintenance/session break.,"2021-04-15 23:58:00 -> 2021-04-16 01:00:00: ~62min nightly pause, standard-time (hour 23->01) variant; this exact close/reopen-hour pair recurs on the vast majority of weeknights across all 6 dataset years, and the hour flips precisely on EU DST transition weekends.",MEDIUM,False
gapf_101542_20210416_2357,2021-04-16 23:57:00,2021-04-19 01:00:00,2021-04-16 23:58:00,2021-04-19 00:59:00,2943.0,2942,Friday,Monday,23:57,01:00,2021,4,TRAIN,EXPECTED_WEEKEND,EXPECTED_WEEKEND,Recurring Friday-to-Monday/Tuesday weekend market closure.,"Friday 23:57 close -> Monday 01:00 reopen, delta=2943min; matches the dataset-wide weekend closure pattern observed on every trading week.",HIGH,False
gapf_102921_20210419_2358,2021-04-19 23:58:00,2021-04-20 01:00:00,2021-04-19 23:59:00,2021-04-20 00:59:00,62.0,61,Monday,Tuesday,23:58,01:00,2021,4,TRAIN,SUSPICIOUS_INTRASESSION,EXPECTED_DAILY_SESSION_BREAK,Recurring nightly broker maintenance/session break.,"2021-04-19 23:58:00 -> 2021-04-20 01:00:00: ~62min nightly pause, standard-time (hour 23->01) variant; this exact close/reopen-hour pair recurs on the vast majority of weeknights across all 6 dataset years, and the hour flips precisely on EU DST transition weekends.",MEDIUM,False
gapf_104300_20210420_2358,2021-04-20 23:58:00,2021-04-21 01:00:00,2021-04-20 23:59:00,2021-04-21 00:59:00,62.0,61,Tuesday,Wednesday,23:58,01:00,2021,4,TRAIN,SUSPICIOUS_INTRASESSION,EXPECTED_DAILY_SESSION_BREAK,Recurring nightly broker maintenance/session break.,"2021-04-20 23:58:00 -> 2021-04-21 01:00:00: ~62min nightly pause, standard-time (hour 23->01) variant; this exact close/reopen-hour pair recurs on the vast majority of weeknights across all 6 dataset years, and the hour flips precisely on EU DST transition weekends.",MEDIUM,False
gapf_105679_20210421_2358,2021-04-21 23:58:00,2021-04-22 01:00:00,2021-04-21 23:59:00,2021-04-22 00:59:00,62.0,61,Wednesday,Thursday,23:58,01:00,2021,4,TRAIN,SUSPICIOUS_INTRASESSION,EXPECTED_DAILY_SESSION_BREAK,Recurring nightly broker maintenance/session break.,"2021-04-21 23:58:00 -> 2021-04-22 01:00:00: ~62min nightly pause, standard-time (hour 23->01) variant; this exact close/reopen-hour pair recurs on the vast majority of weeknights across all 6 dataset years, and the hour flips precisely on EU DST transition weekends.",MEDIUM,False
gapf_107058_20210422_2358,2021-04-22 23:58:00,2021-04-23 01:00:00,2021-04-22 23:59:00,2021-04-23 00:59:00,62.0,61,Thursday,Friday,23:58,01:00,2021,4,TRAIN,SUSPICIOUS_INTRASESSION,EXPECTED_DAILY_SESSION_BREAK,Recurring nightly broker maintenance/session break.,"2021-04-22 23:58:00 -> 2021-04-23 01:00:00: ~62min nightly pause, standard-time (hour 23->01) variant; this exact close/reopen-hour pair recurs on the vast majority of weeknights across all 6 dataset years, and the hour flips precisely on EU DST transition weekends.",MEDIUM,False
gapf_108436_20210423_2357,2021-04-23 23:57:00,2021-04-26 01:00:00,2021-04-23 23:58:00,2021-04-26 00:59:00,2943.0,2942,Friday,Monday,23:57,01:00,2021,4,TRAIN,EXPECTED_WEEKEND,EXPECTED_WEEKEND,Recurring Friday-to-Monday/Tuesday weekend market closure.,"Friday 23:57 close -> Monday 01:00 reopen, delta=2943min; matches the dataset-wide weekend closure pattern observed on every trading week.",HIGH,False
gapf_109815_20210426_2358,2021-04-26 23:58:00,2021-04-27 01:00:00,2021-04-26 23:59:00,2021-04-27 00:59:00,62.0,61,Monday,Tuesday,23:58,01:00,2021,4,TRAIN,SUSPICIOUS_INTRASESSION,EXPECTED_DAILY_SESSION_BREAK,Recurring nightly broker maintenance/session break.,"2021-04-26 23:58:00 -> 2021-04-27 01:00:00: ~62min nightly pause, standard-time (hour 23->01) variant; this exact close/reopen-hour pair recurs on the vast majority of weeknights across all 6 dataset years, and the hour flips precisely on EU DST transition weekends.",MEDIUM,False
gapf_111194_20210427_2358,2021-04-27 23:58:00,2021-04-28 01:00:00,2021-04-27 23:59:00,2021-04-28 00:59:00,62.0,61,Tuesday,Wednesday,23:58,01:00,2021,4,TRAIN,SUSPICIOUS_INTRASESSION,EXPECTED_DAILY_SESSION_BREAK,Recurring nightly broker maintenance/session break.,"2021-04-27 23:58:00 -> 2021-04-28 01:00:00: ~62min nightly pause, standard-time (hour 23->01) variant; this exact close/reopen-hour pair recurs on the vast majority of weeknights across all 6 dataset years, and the hour flips precisely on EU DST transition weekends.",MEDIUM,False
gapf_112573_20210428_2358,2021-04-28 23:58:00,2021-04-29 01:00:00,2021-04-28 23:59:00,2021-04-29 00:59:00,62.0,61,Wednesday,Thursday,23:58,01:00,2021,4,TRAIN,SUSPICIOUS_INTRASESSION,EXPECTED_DAILY_SESSION_BREAK,Recurring nightly broker maintenance/session break.,"2021-04-28 23:58:00 -> 2021-04-29 01:00:00: ~62min nightly pause, standard-time (hour 23->01) variant; this exact close/reopen-hour pair recurs on the vast majority of weeknights across all 6 dataset years, and the hour flips precisely on EU DST transition weekends.",MEDIUM,False
gapf_113952_20210429_2358,2021-04-29 23:58:00,2021-04-30 01:00:00,2021-04-29 23:59:00,2021-04-30 00:59:00,62.0,61,Thursday,Friday,23:58,01:00,2021,4,TRAIN,SUSPICIOUS_INTRASESSION,EXPECTED_DAILY_SESSION_BREAK,Recurring nightly broker maintenance/session break.,"2021-04-29 23:58:00 -> 2021-04-30 01:00:00: ~62min nightly pause, standard-time (hour 23->01) variant; this exact close/reopen-hour pair recurs on the vast majority of weeknights across all 6 dataset years, and the hour flips precisely on EU DST transition weekends.",MEDIUM,False
gapf_115330_20210430_2357,2021-04-30 23:57:00,2021-05-03 01:00:00,2021-04-30 23:58:00,2021-05-03 00:59:00,2943.0,2942,Friday,Monday,23:57,01:00,2021,4,TRAIN,EXPECTED_WEEKEND,EXPECTED_WEEKEND,Recurring Friday-to-Monday/Tuesday weekend market closure.,"Friday 23:57 close -> Monday 01:00 reopen, delta=2943min; matches the dataset-wide weekend closure pattern observed on every trading week.",HIGH,False
gapf_116709_20210503_2358,2021-05-03 23:58:00,2021-05-04 01:00:00,2021-05-03 23:59:00,2021-05-04 00:59:00,62.0,61,Monday,Tuesday,23:58,01:00,2021,5,TRAIN,SUSPICIOUS_INTRASESSION,EXPECTED_DAILY_SESSION_BREAK,Recurring nightly broker maintenance/session break.,"2021-05-03 23:58:00 -> 2021-05-04 01:00:00: ~62min nightly pause, standard-time (hour 23->01) variant; this exact close/reopen-hour pair recurs on the vast majority of weeknights across all 6 dataset years, and the hour flips precisely on EU DST transition weekends.",MEDIUM,False
gapf_118088_20210504_2358,2021-05-04 23:58:00,2021-05-05 01:00:00,2021-05-04 23:59:00,2021-05-05 00:59:00,62.0,61,Tuesday,Wednesday,23:58,01:00,2021,5,TRAIN,SUSPICIOUS_INTRASESSION,EXPECTED_DAILY_SESSION_BREAK,Recurring nightly broker maintenance/session break.,"2021-05-04 23:58:00 -> 2021-05-05 01:00:00: ~62min nightly pause, standard-time (hour 23->01) variant; this exact close/reopen-hour pair recurs on the vast majority of weeknights across all 6 dataset years, and the hour flips precisely on EU DST transition weekends.",MEDIUM,False
gapf_119467_20210505_2358,2021-05-05 23:58:00,2021-05-06 01:00:00,2021-05-05 23:59:00,2021-05-06 00:59:00,62.0,61,Wednesday,Thursday,23:58,01:00,2021,5,TRAIN,SUSPICIOUS_INTRASESSION,EXPECTED_DAILY_SESSION_BREAK,Recurring nightly broker maintenance/session break.,"2021-05-05 23:58:00 -> 2021-05-06 01:00:00: ~62min nightly pause, standard-time (hour 23->01) variant; this exact close/reopen-hour pair recurs on the vast majority of weeknights across all 6 dataset years, and the hour flips precisely on EU DST transition weekends.",MEDIUM,False
gapf_120846_20210506_2358,2021-05-06 23:58:00,2021-05-07 01:00:00,2021-05-06 23:59:00,2021-05-07 00:59:00,62.0,61,Thursday,Friday,23:58,01:00,2021,5,TRAIN,SUSPICIOUS_INTRASESSION,EXPECTED_DAILY_SESSION_BREAK,Recurring nightly broker maintenance/session break.,"2021-05-06 23:58:00 -> 2021-05-07 01:00:00: ~62min nightly pause, standard-time (hour 23->01) variant; this exact close/reopen-hour pair recurs on the vast majority of weeknights across all 6 dataset years, and the hour flips precisely on EU DST transition weekends.",MEDIUM,False
gapf_122224_20210507_2357,2021-05-07 23:57:00,2021-05-10 01:00:00,2021-05-07 23:58:00,2021-05-10 00:59:00,2943.0,2942,Friday,Monday,23:57,01:00,2021,5,TRAIN,EXPECTED_WEEKEND,EXPECTED_WEEKEND,Recurring Friday-to-Monday/Tuesday weekend market closure.,"Friday 23:57 close -> Monday 01:00 reopen, delta=2943min; matches the dataset-wide weekend closure pattern observed on every trading week.",HIGH,False
gapf_123603_20210510_2358,2021-05-10 23:58:00,2021-05-11 01:00:00,2021-05-10 23:59:00,2021-05-11 00:59:00,62.0,61,Monday,Tuesday,23:58,01:00,2021,5,TRAIN,SUSPICIOUS_INTRASESSION,EXPECTED_DAILY_SESSION_BREAK,Recurring nightly broker maintenance/session break.,"2021-05-10 23:58:00 -> 2021-05-11 01:00:00: ~62min nightly pause, standard-time (hour 23->01) variant; this exact close/reopen-hour pair recurs on the vast majority of weeknights across all 6 dataset years, and the hour flips precisely on EU DST transition weekends.",MEDIUM,False
gapf_124982_20210511_2358,2021-05-11 23:58:00,2021-05-12 01:00:00,2021-05-11 23:59:00,2021-05-12 00:59:00,62.0,61,Tuesday,Wednesday,23:58,01:00,2021,5,TRAIN,SUSPICIOUS_INTRASESSION,EXPECTED_DAILY_SESSION_BREAK,Recurring nightly broker maintenance/session break.,"2021-05-11 23:58:00 -> 2021-05-12 01:00:00: ~62min nightly pause, standard-time (hour 23->01) variant; this exact close/reopen-hour pair recurs on the vast majority of weeknights across all 6 dataset years, and the hour flips precisely on EU DST transition weekends.",MEDIUM,False
gapf_126361_20210512_2358,2021-05-12 23:58:00,2021-05-13 01:00:00,2021-05-12 23:59:00,2021-05-13 00:59:00,62.0,61,Wednesday,Thursday,23:58,01:00,2021,5,TRAIN,SUSPICIOUS_INTRASESSION,EXPECTED_DAILY_SESSION_BREAK,Recurring nightly broker maintenance/session break.,"2021-05-12 23:58:00 -> 2021-05-13 01:00:00: ~62min nightly pause, standard-time (hour 23->01) variant; this exact close/reopen-hour pair recurs on the vast majority of weeknights across all 6 dataset years, and the hour flips precisely on EU DST transition weekends.",MEDIUM,False
gapf_127740_20210513_2358,2021-05-13 23:58:00,2021-05-14 01:00:00,2021-05-13 23:59:00,2021-05-14 00:59:00,62.0,61,Thursday,Friday,23:58,01:00,2021,5,TRAIN,SUSPICIOUS_INTRASESSION,EXPECTED_DAILY_SESSION_BREAK,Recurring nightly broker maintenance/session break.,"2021-05-13 23:58:00 -> 2021-05-14 01:00:00: ~62min nightly pause, standard-time (hour 23->01) variant; this exact close/reopen-hour pair recurs on the vast majority of weeknights across all 6 dataset years, and the hour flips precisely on EU DST transition weekends.",MEDIUM,False
gapf_129118_20210514_2357,2021-05-14 23:57:00,2021-05-17 01:00:00,2021-05-14 23:58:00,2021-05-17 00:59:00,2943.0,2942,Friday,Monday,23:57,01:00,2021,5,TRAIN,EXPECTED_WEEKEND,EXPECTED_WEEKEND,Recurring Friday-to-Monday/Tuesday weekend market closure.,"Friday 23:57 close -> Monday 01:00 reopen, delta=2943min; matches the dataset-wide weekend closure pattern observed on every trading week.",HIGH,False
gapf_130497_20210517_2358,2021-05-17 23:58:00,2021-05-18 01:00:00,2021-05-17 23:59:00,2021-05-18 00:59:00,62.0,61,Monday,Tuesday,23:58,01:00,2021,5,TRAIN,SUSPICIOUS_INTRASESSION,EXPECTED_DAILY_SESSION_BREAK,Recurring nightly broker maintenance/session break.,"2021-05-17 23:58:00 -> 2021-05-18 01:00:00: ~62min nightly pause, standard-time (hour 23->01) variant; this exact close/reopen-hour pair recurs on the vast majority of weeknights across all 6 dataset years, and the hour flips precisely on EU DST transition weekends.",MEDIUM,False
gapf_131876_20210518_2358,2021-05-18 23:58:00,2021-05-19 01:00:00,2021-05-18 23:59:00,2021-05-19 00:59:00,62.0,61,Tuesday,Wednesday,23:58,01:00,2021,5,TRAIN,SUSPICIOUS_INTRASESSION,EXPECTED_DAILY_SESSION_BREAK,Recurring nightly broker maintenance/session break.,"2021-05-18 23:58:00 -> 2021-05-19 01:00:00: ~62min nightly pause, standard-time (hour 23->01) variant; this exact close/reopen-hour pair recurs on the vast majority of weeknights across all 6 dataset years, and the hour flips precisely on EU DST transition weekends.",MEDIUM,False
gapf_133255_20210519_2358,2021-05-19 23:58:00,2021-05-20 01:00:00,2021-05-19 23:59:00,2021-05-20 00:59:00,62.0,61,Wednesday,Thursday,23:58,01:00,2021,5,TRAIN,SUSPICIOUS_INTRASESSION,EXPECTED_DAILY_SESSION_BREAK,Recurring nightly broker maintenance/session break.,"2021-05-19 23:58:00 -> 2021-05-20 01:00:00: ~62min nightly pause, standard-time (hour 23->01) variant; this exact close/reopen-hour pair recurs on the vast majority of weeknights across all 6 dataset years, and the hour flips precisely on EU DST transition weekends.",MEDIUM,False
gapf_134634_20210520_2358,2021-05-20 23:58:00,2021-05-21 01:00:00,2021-05-20 23:59:00,2021-05-21 00:59:00,62.0,61,Thursday,Friday,23:58,01:00,2021,5,TRAIN,SUSPICIOUS_INTRASESSION,EXPECTED_DAILY_SESSION_BREAK,Recurring nightly broker maintenance/session break.,"2021-05-20 23:58:00 -> 2021-05-21 01:00:00: ~62min nightly pause, standard-time (hour 23->01) variant; this exact close/reopen-hour pair recurs on the vast majority of weeknights across all 6 dataset years, and the hour flips precisely on EU DST transition weekends.",MEDIUM,False
gapf_136012_20210521_2357,2021-05-21 23:57:00,2021-05-24 01:00:00,2021-05-21 23:58:00,2021-05-24 00:59:00,2943.0,2942,Friday,Monday,23:57,01:00,2021,5,TRAIN,EXPECTED_WEEKEND,EXPECTED_WEEKEND,Recurring Friday-to-Monday/Tuesday weekend market closure.,"Friday 23:57 close -> Monday 01:00 reopen, delta=2943min; matches the dataset-wide weekend closure pattern observed on every trading week.",HIGH,False
gapf_137391_20210524_2358,2021-05-24 23:58:00,2021-05-25 01:00:00,2021-05-24 23:59:00,2021-05-25 00:59:00,62.0,61,Monday,Tuesday,23:58,01:00,2021,5,TRAIN,SUSPICIOUS_INTRASESSION,EXPECTED_DAILY_SESSION_BREAK,Recurring nightly broker maintenance/session break.,"2021-05-24 23:58:00 -> 2021-05-25 01:00:00: ~62min nightly pause, standard-time (hour 23->01) variant; this exact close/reopen-hour pair recurs on the vast majority of weeknights across all 6 dataset years, and the hour flips precisely on EU DST transition weekends.",MEDIUM,False
gapf_138770_20210525_2358,2021-05-25 23:58:00,2021-05-26 01:00:00,2021-05-25 23:59:00,2021-05-26 00:59:00,62.0,61,Tuesday,Wednesday,23:58,01:00,2021,5,TRAIN,SUSPICIOUS_INTRASESSION,EXPECTED_DAILY_SESSION_BREAK,Recurring nightly broker maintenance/session break.,"2021-05-25 23:58:00 -> 2021-05-26 01:00:00: ~62min nightly pause, standard-time (hour 23->01) variant; this exact close/reopen-hour pair recurs on the vast majority of weeknights across all 6 dataset years, and the hour flips precisely on EU DST transition weekends.",MEDIUM,False
gapf_140149_20210526_2358,2021-05-26 23:58:00,2021-05-27 01:00:00,2021-05-26 23:59:00,2021-05-27 00:59:00,62.0,61,Wednesday,Thursday,23:58,01:00,2021,5,TRAIN,SUSPICIOUS_INTRASESSION,EXPECTED_DAILY_SESSION_BREAK,Recurring nightly broker maintenance/session break.,"2021-05-26 23:58:00 -> 2021-05-27 01:00:00: ~62min nightly pause, standard-time (hour 23->01) variant; this exact close/reopen-hour pair recurs on the vast majority of weeknights across all 6 dataset years, and the hour flips precisely on EU DST transition weekends.",MEDIUM,False
gapf_141528_20210527_2358,2021-05-27 23:58:00,2021-05-28 01:00:00,2021-05-27 23:59:00,2021-05-28 00:59:00,62.0,61,Thursday,Friday,23:58,01:00,2021,5,TRAIN,SUSPICIOUS_INTRASESSION,EXPECTED_DAILY_SESSION_BREAK,Recurring nightly broker maintenance/session break.,"2021-05-27 23:58:00 -> 2021-05-28 01:00:00: ~62min nightly pause, standard-time (hour 23->01) variant; this exact close/reopen-hour pair recurs on the vast majority of weeknights across all 6 dataset years, and the hour flips precisely on EU DST transition weekends.",MEDIUM,False
gapf_142906_20210528_2357,2021-05-28 23:57:00,2021-05-31 01:00:00,2021-05-28 23:58:00,2021-05-31 00:59:00,2943.0,2942,Friday,Monday,23:57,01:00,2021,5,TRAIN,EXPECTED_WEEKEND,EXPECTED_WEEKEND,Recurring Friday-to-Monday/Tuesday weekend market closure.,"Friday 23:57 close -> Monday 01:00 reopen, delta=2943min; matches the dataset-wide weekend closure pattern observed on every trading week.",HIGH,False
gapf_144042_20210531_1955,2021-05-31 19:55:00,2021-06-01 01:00:00,2021-05-31 19:56:00,2021-06-01 00:59:00,305.0,304,Monday,Tuesday,19:55,01:00,2021,5,TRAIN,SUSPICIOUS_INTRASESSION,EXPECTED_HOLIDAY_OR_CLOSURE,US federal market holiday early close (MEMORIAL_DAY).,"2021-05-31 19:55:00 matches computed US federal holiday date (MEMORIAL_DAY); early close at 19:55 UTC, reopen 01:00 UTC next day; recurring pattern observed across multiple dataset years.",MEDIUM,False
gapf_145421_20210601_2358,2021-06-01 23:58:00,2021-06-02 01:00:00,2021-06-01 23:59:00,2021-06-02 00:59:00,62.0,61,Tuesday,Wednesday,23:58,01:00,2021,6,TRAIN,SUSPICIOUS_INTRASESSION,EXPECTED_DAILY_SESSION_BREAK,Recurring nightly broker maintenance/session break.,"2021-06-01 23:58:00 -> 2021-06-02 01:00:00: ~62min nightly pause, standard-time (hour 23->01) variant; this exact close/reopen-hour pair recurs on the vast majority of weeknights across all 6 dataset years, and the hour flips precisely on EU DST transition weekends.",MEDIUM,False
gapf_146800_20210602_2358,2021-06-02 23:58:00,2021-06-03 01:00:00,2021-06-02 23:59:00,2021-06-03 00:59:00,62.0,61,Wednesday,Thursday,23:58,01:00,2021,6,TRAIN,SUSPICIOUS_INTRASESSION,EXPECTED_DAILY_SESSION_BREAK,Recurring nightly broker maintenance/session break.,"2021-06-02 23:58:00 -> 2021-06-03 01:00:00: ~62min nightly pause, standard-time (hour 23->01) variant; this exact close/reopen-hour pair recurs on the vast majority of weeknights across all 6 dataset years, and the hour flips precisely on EU DST transition weekends.",MEDIUM,False
gapf_148179_20210603_2358,2021-06-03 23:58:00,2021-06-04 01:00:00,2021-06-03 23:59:00,2021-06-04 00:59:00,62.0,61,Thursday,Friday,23:58,01:00,2021,6,TRAIN,SUSPICIOUS_INTRASESSION,EXPECTED_DAILY_SESSION_BREAK,Recurring nightly broker maintenance/session break.,"2021-06-03 23:58:00 -> 2021-06-04 01:00:00: ~62min nightly pause, standard-time (hour 23->01) variant; this exact close/reopen-hour pair recurs on the vast majority of weeknights across all 6 dataset years, and the hour flips precisely on EU DST transition weekends.",MEDIUM,False
gapf_149557_20210604_2357,2021-06-04 23:57:00,2021-06-07 01:00:00,2021-06-04 23:58:00,2021-06-07 00:59:00,2943.0,2942,Friday,Monday,23:57,01:00,2021,6,TRAIN,EXPECTED_WEEKEND,EXPECTED_WEEKEND,Recurring Friday-to-Monday/Tuesday weekend market closure.,"Friday 23:57 close -> Monday 01:00 reopen, delta=2943min; matches the dataset-wide weekend closure pattern observed on every trading week.",HIGH,False
gapf_150936_20210607_2358,2021-06-07 23:58:00,2021-06-08 01:00:00,2021-06-07 23:59:00,2021-06-08 00:59:00,62.0,61,Monday,Tuesday,23:58,01:00,2021,6,TRAIN,SUSPICIOUS_INTRASESSION,EXPECTED_DAILY_SESSION_BREAK,Recurring nightly broker maintenance/session break.,"2021-06-07 23:58:00 -> 2021-06-08 01:00:00: ~62min nightly pause, standard-time (hour 23->01) variant; this exact close/reopen-hour pair recurs on the vast majority of weeknights across all 6 dataset years, and the hour flips precisely on EU DST transition weekends.",MEDIUM,False
gapf_152315_20210608_2358,2021-06-08 23:58:00,2021-06-09 01:00:00,2021-06-08 23:59:00,2021-06-09 00:59:00,62.0,61,Tuesday,Wednesday,23:58,01:00,2021,6,TRAIN,SUSPICIOUS_INTRASESSION,EXPECTED_DAILY_SESSION_BREAK,Recurring nightly broker maintenance/session break.,"2021-06-08 23:58:00 -> 2021-06-09 01:00:00: ~62min nightly pause, standard-time (hour 23->01) variant; this exact close/reopen-hour pair recurs on the vast majority of weeknights across all 6 dataset years, and the hour flips precisely on EU DST transition weekends.",MEDIUM,False
gapf_153694_20210609_2358,2021-06-09 23:58:00,2021-06-10 01:00:00,2021-06-09 23:59:00,2021-06-10 00:59:00,62.0,61,Wednesday,Thursday,23:58,01:00,2021,6,TRAIN,SUSPICIOUS_INTRASESSION,EXPECTED_DAILY_SESSION_BREAK,Recurring nightly broker maintenance/session break.,"2021-06-09 23:58:00 -> 2021-06-10 01:00:00: ~62min nightly pause, standard-time (hour 23->01) variant; this exact close/reopen-hour pair recurs on the vast majority of weeknights across all 6 dataset years, and the hour flips precisely on EU DST transition weekends.",MEDIUM,False
gapf_155073_20210610_2358,2021-06-10 23:58:00,2021-06-11 01:00:00,2021-06-10 23:59:00,2021-06-11 00:59:00,62.0,61,Thursday,Friday,23:58,01:00,2021,6,TRAIN,SUSPICIOUS_INTRASESSION,EXPECTED_DAILY_SESSION_BREAK,Recurring nightly broker maintenance/session break.,"2021-06-10 23:58:00 -> 2021-06-11 01:00:00: ~62min nightly pause, standard-time (hour 23->01) variant; this exact close/reopen-hour pair recurs on the vast majority of weeknights across all 6 dataset years, and the hour flips precisely on EU DST transition weekends.",MEDIUM,False
gapf_156451_20210611_2357,2021-06-11 23:57:00,2021-06-14 01:00:00,2021-06-11 23:58:00,2021-06-14 00:59:00,2943.0,2942,Friday,Monday,23:57,01:00,2021,6,TRAIN,EXPECTED_WEEKEND,EXPECTED_WEEKEND,Recurring Friday-to-Monday/Tuesday weekend market closure.,"Friday 23:57 close -> Monday 01:00 reopen, delta=2943min; matches the dataset-wide weekend closure pattern observed on every trading week.",HIGH,False
gapf_157830_20210614_2358,2021-06-14 23:58:00,2021-06-15 01:00:00,2021-06-14 23:59:00,2021-06-15 00:59:00,62.0,61,Monday,Tuesday,23:58,01:00,2021,6,TRAIN,SUSPICIOUS_INTRASESSION,EXPECTED_DAILY_SESSION_BREAK,Recurring nightly broker maintenance/session break.,"2021-06-14 23:58:00 -> 2021-06-15 01:00:00: ~62min nightly pause, standard-time (hour 23->01) variant; this exact close/reopen-hour pair recurs on the vast majority of weeknights across all 6 dataset years, and the hour flips precisely on EU DST transition weekends.",MEDIUM,False
gapf_159209_20210615_2358,2021-06-15 23:58:00,2021-06-16 01:00:00,2021-06-15 23:59:00,2021-06-16 00:59:00,62.0,61,Tuesday,Wednesday,23:58,01:00,2021,6,TRAIN,SUSPICIOUS_INTRASESSION,EXPECTED_DAILY_SESSION_BREAK,Recurring nightly broker maintenance/session break.,"2021-06-15 23:58:00 -> 2021-06-16 01:00:00: ~62min nightly pause, standard-time (hour 23->01) variant; this exact close/reopen-hour pair recurs on the vast majority of weeknights across all 6 dataset years, and the hour flips precisely on EU DST transition weekends.",MEDIUM,False
gapf_160588_20210616_2358,2021-06-16 23:58:00,2021-06-17 01:00:00,2021-06-16 23:59:00,2021-06-17 00:59:00,62.0,61,Wednesday,Thursday,23:58,01:00,2021,6,TRAIN,SUSPICIOUS_INTRASESSION,EXPECTED_DAILY_SESSION_BREAK,Recurring nightly broker maintenance/session break.,"2021-06-16 23:58:00 -> 2021-06-17 01:00:00: ~62min nightly pause, standard-time (hour 23->01) variant; this exact close/reopen-hour pair recurs on the vast majority of weeknights across all 6 dataset years, and the hour flips precisely on EU DST transition weekends.",MEDIUM,False
gapf_161967_20210617_2358,2021-06-17 23:58:00,2021-06-18 01:00:00,2021-06-17 23:59:00,2021-06-18 00:59:00,62.0,61,Thursday,Friday,23:58,01:00,2021,6,TRAIN,SUSPICIOUS_INTRASESSION,EXPECTED_DAILY_SESSION_BREAK,Recurring nightly broker maintenance/session break.,"2021-06-17 23:58:00 -> 2021-06-18 01:00:00: ~62min nightly pause, standard-time (hour 23->01) variant; this exact close/reopen-hour pair recurs on the vast majority of weeknights across all 6 dataset years, and the hour flips precisely on EU DST transition weekends.",MEDIUM,False
gapf_163345_20210618_2357,2021-06-18 23:57:00,2021-06-21 01:00:00,2021-06-18 23:58:00,2021-06-21 00:59:00,2943.0,2942,Friday,Monday,23:57,01:00,2021,6,TRAIN,EXPECTED_WEEKEND,EXPECTED_WEEKEND,Recurring Friday-to-Monday/Tuesday weekend market closure.,"Friday 23:57 close -> Monday 01:00 reopen, delta=2943min; matches the dataset-wide weekend closure pattern observed on every trading week.",HIGH,False
gapf_164724_20210621_2358,2021-06-21 23:58:00,2021-06-22 01:00:00,2021-06-21 23:59:00,2021-06-22 00:59:00,62.0,61,Monday,Tuesday,23:58,01:00,2021,6,TRAIN,SUSPICIOUS_INTRASESSION,EXPECTED_DAILY_SESSION_BREAK,Recurring nightly broker maintenance/session break.,"2021-06-21 23:58:00 -> 2021-06-22 01:00:00: ~62min nightly pause, standard-time (hour 23->01) variant; this exact close/reopen-hour pair recurs on the vast majority of weeknights across all 6 dataset years, and the hour flips precisely on EU DST transition weekends.",MEDIUM,False
gapf_166103_20210622_2358,2021-06-22 23:58:00,2021-06-23 01:00:00,2021-06-22 23:59:00,2021-06-23 00:59:00,62.0,61,Tuesday,Wednesday,23:58,01:00,2021,6,TRAIN,SUSPICIOUS_INTRASESSION,EXPECTED_DAILY_SESSION_BREAK,Recurring nightly broker maintenance/session break.,"2021-06-22 23:58:00 -> 2021-06-23 01:00:00: ~62min nightly pause, standard-time (hour 23->01) variant; this exact close/reopen-hour pair recurs on the vast majority of weeknights across all 6 dataset years, and the hour flips precisely on EU DST transition weekends.",MEDIUM,False
gapf_167482_20210623_2358,2021-06-23 23:58:00,2021-06-24 01:00:00,2021-06-23 23:59:00,2021-06-24 00:59:00,62.0,61,Wednesday,Thursday,23:58,01:00,2021,6,TRAIN,SUSPICIOUS_INTRASESSION,EXPECTED_DAILY_SESSION_BREAK,Recurring nightly broker maintenance/session break.,"2021-06-23 23:58:00 -> 2021-06-24 01:00:00: ~62min nightly pause, standard-time (hour 23->01) variant; this exact close/reopen-hour pair recurs on the vast majority of weeknights across all 6 dataset years, and the hour flips precisely on EU DST transition weekends.",MEDIUM,False
gapf_168861_20210624_2358,2021-06-24 23:58:00,2021-06-25 01:00:00,2021-06-24 23:59:00,2021-06-25 00:59:00,62.0,61,Thursday,Friday,23:58,01:00,2021,6,TRAIN,SUSPICIOUS_INTRASESSION,EXPECTED_DAILY_SESSION_BREAK,Recurring nightly broker maintenance/session break.,"2021-06-24 23:58:00 -> 2021-06-25 01:00:00: ~62min nightly pause, standard-time (hour 23->01) variant; this exact close/reopen-hour pair recurs on the vast majority of weeknights across all 6 dataset years, and the hour flips precisely on EU DST transition weekends.",MEDIUM,False
gapf_170239_20210625_2357,2021-06-25 23:57:00,2021-06-28 01:00:00,2021-06-25 23:58:00,2021-06-28 00:59:00,2943.0,2942,Friday,Monday,23:57,01:00,2021,6,TRAIN,EXPECTED_WEEKEND,EXPECTED_WEEKEND,Recurring Friday-to-Monday/Tuesday weekend market closure.,"Friday 23:57 close -> Monday 01:00 reopen, delta=2943min; matches the dataset-wide weekend closure pattern observed on every trading week.",HIGH,False
gapf_171618_20210628_2358,2021-06-28 23:58:00,2021-06-29 01:00:00,2021-06-28 23:59:00,2021-06-29 00:59:00,62.0,61,Monday,Tuesday,23:58,01:00,2021,6,TRAIN,SUSPICIOUS_INTRASESSION,EXPECTED_DAILY_SESSION_BREAK,Recurring nightly broker maintenance/session break.,"2021-06-28 23:58:00 -> 2021-06-29 01:00:00: ~62min nightly pause, standard-time (hour 23->01) variant; this exact close/reopen-hour pair recurs on the vast majority of weeknights across all 6 dataset years, and the hour flips precisely on EU DST transition weekends.",MEDIUM,False
gapf_172997_20210629_2358,2021-06-29 23:58:00,2021-06-30 01:00:00,2021-06-29 23:59:00,2021-06-30 00:59:00,62.0,61,Tuesday,Wednesday,23:58,01:00,2021,6,TRAIN,SUSPICIOUS_INTRASESSION,EXPECTED_DAILY_SESSION_BREAK,Recurring nightly broker maintenance/session break.,"2021-06-29 23:58:00 -> 2021-06-30 01:00:00: ~62min nightly pause, standard-time (hour 23->01) variant; this exact close/reopen-hour pair recurs on the vast majority of weeknights across all 6 dataset years, and the hour flips precisely on EU DST transition weekends.",MEDIUM,False
gapf_174376_20210630_2358,2021-06-30 23:58:00,2021-07-01 01:00:00,2021-06-30 23:59:00,2021-07-01 00:59:00,62.0,61,Wednesday,Thursday,23:58,01:00,2021,6,TRAIN,SUSPICIOUS_INTRASESSION,EXPECTED_DAILY_SESSION_BREAK,Recurring nightly broker maintenance/session break.,"2021-06-30 23:58:00 -> 2021-07-01 01:00:00: ~62min nightly pause, standard-time (hour 23->01) variant; this exact close/reopen-hour pair recurs on the vast majority of weeknights across all 6 dataset years, and the hour flips precisely on EU DST transition weekends.",MEDIUM,False
gapf_175755_20210701_2358,2021-07-01 23:58:00,2021-07-02 01:00:00,2021-07-01 23:59:00,2021-07-02 00:59:00,62.0,61,Thursday,Friday,23:58,01:00,2021,7,TRAIN,SUSPICIOUS_INTRASESSION,EXPECTED_DAILY_SESSION_BREAK,Recurring nightly broker maintenance/session break.,"2021-07-01 23:58:00 -> 2021-07-02 01:00:00: ~62min nightly pause, standard-time (hour 23->01) variant; this exact close/reopen-hour pair recurs on the vast majority of weeknights across all 6 dataset years, and the hour flips precisely on EU DST transition weekends.",MEDIUM,False
gapf_177133_20210702_2357,2021-07-02 23:57:00,2021-07-05 01:00:00,2021-07-02 23:58:00,2021-07-05 00:59:00,2943.0,2942,Friday,Monday,23:57,01:00,2021,7,TRAIN,EXPECTED_WEEKEND,EXPECTED_WEEKEND,Recurring Friday-to-Monday/Tuesday weekend market closure.,"Friday 23:57 close -> Monday 01:00 reopen, delta=2943min; matches the dataset-wide weekend closure pattern observed on every trading week.",HIGH,False
gapf_178269_20210705_1955,2021-07-05 19:55:00,2021-07-06 01:00:00,2021-07-05 19:56:00,2021-07-06 00:59:00,305.0,304,Monday,Tuesday,19:55,01:00,2021,7,TRAIN,SUSPICIOUS_INTRASESSION,EXPECTED_HOLIDAY_OR_CLOSURE,US federal market holiday early close (INDEPENDENCE_DAY).,"2021-07-05 19:55:00 matches computed US federal holiday date (INDEPENDENCE_DAY); early close at 19:55 UTC, reopen 01:00 UTC next day; recurring pattern observed across multiple dataset years.",MEDIUM,False
gapf_179648_20210706_2358,2021-07-06 23:58:00,2021-07-07 01:00:00,2021-07-06 23:59:00,2021-07-07 00:59:00,62.0,61,Tuesday,Wednesday,23:58,01:00,2021,7,TRAIN,SUSPICIOUS_INTRASESSION,EXPECTED_DAILY_SESSION_BREAK,Recurring nightly broker maintenance/session break.,"2021-07-06 23:58:00 -> 2021-07-07 01:00:00: ~62min nightly pause, standard-time (hour 23->01) variant; this exact close/reopen-hour pair recurs on the vast majority of weeknights across all 6 dataset years, and the hour flips precisely on EU DST transition weekends.",MEDIUM,False
gapf_181027_20210707_2358,2021-07-07 23:58:00,2021-07-08 01:00:00,2021-07-07 23:59:00,2021-07-08 00:59:00,62.0,61,Wednesday,Thursday,23:58,01:00,2021,7,TRAIN,SUSPICIOUS_INTRASESSION,EXPECTED_DAILY_SESSION_BREAK,Recurring nightly broker maintenance/session break.,"2021-07-07 23:58:00 -> 2021-07-08 01:00:00: ~62min nightly pause, standard-time (hour 23->01) variant; this exact close/reopen-hour pair recurs on the vast majority of weeknights across all 6 dataset years, and the hour flips precisely on EU DST transition weekends.",MEDIUM,False
gapf_182406_20210708_2358,2021-07-08 23:58:00,2021-07-09 01:00:00,2021-07-08 23:59:00,2021-07-09 00:59:00,62.0,61,Thursday,Friday,23:58,01:00,2021,7,TRAIN,SUSPICIOUS_INTRASESSION,EXPECTED_DAILY_SESSION_BREAK,Recurring nightly broker maintenance/session break.,"2021-07-08 23:58:00 -> 2021-07-09 01:00:00: ~62min nightly pause, standard-time (hour 23->01) variant; this exact close/reopen-hour pair recurs on the vast majority of weeknights across all 6 dataset years, and the hour flips precisely on EU DST transition weekends.",MEDIUM,False
gapf_183784_20210709_2357,2021-07-09 23:57:00,2021-07-12 01:00:00,2021-07-09 23:58:00,2021-07-12 00:59:00,2943.0,2942,Friday,Monday,23:57,01:00,2021,7,TRAIN,EXPECTED_WEEKEND,EXPECTED_WEEKEND,Recurring Friday-to-Monday/Tuesday weekend market closure.,"Friday 23:57 close -> Monday 01:00 reopen, delta=2943min; matches the dataset-wide weekend closure pattern observed on every trading week.",HIGH,False
gapf_185163_20210712_2358,2021-07-12 23:58:00,2021-07-13 01:00:00,2021-07-12 23:59:00,2021-07-13 00:59:00,62.0,61,Monday,Tuesday,23:58,01:00,2021,7,TRAIN,SUSPICIOUS_INTRASESSION,EXPECTED_DAILY_SESSION_BREAK,Recurring nightly broker maintenance/session break.,"2021-07-12 23:58:00 -> 2021-07-13 01:00:00: ~62min nightly pause, standard-time (hour 23->01) variant; this exact close/reopen-hour pair recurs on the vast majority of weeknights across all 6 dataset years, and the hour flips precisely on EU DST transition weekends.",MEDIUM,False
gapf_186542_20210713_2358,2021-07-13 23:58:00,2021-07-14 01:00:00,2021-07-13 23:59:00,2021-07-14 00:59:00,62.0,61,Tuesday,Wednesday,23:58,01:00,2021,7,TRAIN,SUSPICIOUS_INTRASESSION,EXPECTED_DAILY_SESSION_BREAK,Recurring nightly broker maintenance/session break.,"2021-07-13 23:58:00 -> 2021-07-14 01:00:00: ~62min nightly pause, standard-time (hour 23->01) variant; this exact close/reopen-hour pair recurs on the vast majority of weeknights across all 6 dataset years, and the hour flips precisely on EU DST transition weekends.",MEDIUM,False
gapf_187921_20210714_2358,2021-07-14 23:58:00,2021-07-15 01:00:00,2021-07-14 23:59:00,2021-07-15 00:59:00,62.0,61,Wednesday,Thursday,23:58,01:00,2021,7,TRAIN,SUSPICIOUS_INTRASESSION,EXPECTED_DAILY_SESSION_BREAK,Recurring nightly broker maintenance/session break.,"2021-07-14 23:58:00 -> 2021-07-15 01:00:00: ~62min nightly pause, standard-time (hour 23->01) variant; this exact close/reopen-hour pair recurs on the vast majority of weeknights across all 6 dataset years, and the hour flips precisely on EU DST transition weekends.",MEDIUM,False
gapf_189300_20210715_2358,2021-07-15 23:58:00,2021-07-16 01:00:00,2021-07-15 23:59:00,2021-07-16 00:59:00,62.0,61,Thursday,Friday,23:58,01:00,2021,7,TRAIN,SUSPICIOUS_INTRASESSION,EXPECTED_DAILY_SESSION_BREAK,Recurring nightly broker maintenance/session break.,"2021-07-15 23:58:00 -> 2021-07-16 01:00:00: ~62min nightly pause, standard-time (hour 23->01) variant; this exact close/reopen-hour pair recurs on the vast majority of weeknights across all 6 dataset years, and the hour flips precisely on EU DST transition weekends.",MEDIUM,False
gapf_190678_20210716_2357,2021-07-16 23:57:00,2021-07-19 01:00:00,2021-07-16 23:58:00,2021-07-19 00:59:00,2943.0,2942,Friday,Monday,23:57,01:00,2021,7,TRAIN,EXPECTED_WEEKEND,EXPECTED_WEEKEND,Recurring Friday-to-Monday/Tuesday weekend market closure.,"Friday 23:57 close -> Monday 01:00 reopen, delta=2943min; matches the dataset-wide weekend closure pattern observed on every trading week.",HIGH,False
gapf_192057_20210719_2358,2021-07-19 23:58:00,2021-07-20 01:00:00,2021-07-19 23:59:00,2021-07-20 00:59:00,62.0,61,Monday,Tuesday,23:58,01:00,2021,7,TRAIN,SUSPICIOUS_INTRASESSION,EXPECTED_DAILY_SESSION_BREAK,Recurring nightly broker maintenance/session break.,"2021-07-19 23:58:00 -> 2021-07-20 01:00:00: ~62min nightly pause, standard-time (hour 23->01) variant; this exact close/reopen-hour pair recurs on the vast majority of weeknights across all 6 dataset years, and the hour flips precisely on EU DST transition weekends.",MEDIUM,False
gapf_193436_20210720_2358,2021-07-20 23:58:00,2021-07-21 01:00:00,2021-07-20 23:59:00,2021-07-21 00:59:00,62.0,61,Tuesday,Wednesday,23:58,01:00,2021,7,TRAIN,SUSPICIOUS_INTRASESSION,EXPECTED_DAILY_SESSION_BREAK,Recurring nightly broker maintenance/session break.,"2021-07-20 23:58:00 -> 2021-07-21 01:00:00: ~62min nightly pause, standard-time (hour 23->01) variant; this exact close/reopen-hour pair recurs on the vast majority of weeknights across all 6 dataset years, and the hour flips precisely on EU DST transition weekends.",MEDIUM,False
gapf_194815_20210721_2358,2021-07-21 23:58:00,2021-07-22 01:00:00,2021-07-21 23:59:00,2021-07-22 00:59:00,62.0,61,Wednesday,Thursday,23:58,01:00,2021,7,TRAIN,SUSPICIOUS_INTRASESSION,EXPECTED_DAILY_SESSION_BREAK,Recurring nightly broker maintenance/session break.,"2021-07-21 23:58:00 -> 2021-07-22 01:00:00: ~62min nightly pause, standard-time (hour 23->01) variant; this exact close/reopen-hour pair recurs on the vast majority of weeknights across all 6 dataset years, and the hour flips precisely on EU DST transition weekends.",MEDIUM,False
gapf_196194_20210722_2358,2021-07-22 23:58:00,2021-07-23 01:00:00,2021-07-22 23:59:00,2021-07-23 00:59:00,62.0,61,Thursday,Friday,23:58,01:00,2021,7,TRAIN,SUSPICIOUS_INTRASESSION,EXPECTED_DAILY_SESSION_BREAK,Recurring nightly broker maintenance/session break.,"2021-07-22 23:58:00 -> 2021-07-23 01:00:00: ~62min nightly pause, standard-time (hour 23->01) variant; this exact close/reopen-hour pair recurs on the vast majority of weeknights across all 6 dataset years, and the hour flips precisely on EU DST transition weekends.",MEDIUM,False
gapf_197572_20210723_2357,2021-07-23 23:57:00,2021-07-26 01:00:00,2021-07-23 23:58:00,2021-07-26 00:59:00,2943.0,2942,Friday,Monday,23:57,01:00,2021,7,TRAIN,EXPECTED_WEEKEND,EXPECTED_WEEKEND,Recurring Friday-to-Monday/Tuesday weekend market closure.,"Friday 23:57 close -> Monday 01:00 reopen, delta=2943min; matches the dataset-wide weekend closure pattern observed on every trading week.",HIGH,False
gapf_198951_20210726_2358,2021-07-26 23:58:00,2021-07-27 01:00:00,2021-07-26 23:59:00,2021-07-27 00:59:00,62.0,61,Monday,Tuesday,23:58,01:00,2021,7,TRAIN,SUSPICIOUS_INTRASESSION,EXPECTED_DAILY_SESSION_BREAK,Recurring nightly broker maintenance/session break.,"2021-07-26 23:58:00 -> 2021-07-27 01:00:00: ~62min nightly pause, standard-time (hour 23->01) variant; this exact close/reopen-hour pair recurs on the vast majority of weeknights across all 6 dataset years, and the hour flips precisely on EU DST transition weekends.",MEDIUM,False
gapf_200330_20210727_2358,2021-07-27 23:58:00,2021-07-28 01:00:00,2021-07-27 23:59:00,2021-07-28 00:59:00,62.0,61,Tuesday,Wednesday,23:58,01:00,2021,7,TRAIN,SUSPICIOUS_INTRASESSION,EXPECTED_DAILY_SESSION_BREAK,Recurring nightly broker maintenance/session break.,"2021-07-27 23:58:00 -> 2021-07-28 01:00:00: ~62min nightly pause, standard-time (hour 23->01) variant; this exact close/reopen-hour pair recurs on the vast majority of weeknights across all 6 dataset years, and the hour flips precisely on EU DST transition weekends.",MEDIUM,False
gapf_201709_20210728_2358,2021-07-28 23:58:00,2021-07-29 01:00:00,2021-07-28 23:59:00,2021-07-29 00:59:00,62.0,61,Wednesday,Thursday,23:58,01:00,2021,7,TRAIN,SUSPICIOUS_INTRASESSION,EXPECTED_DAILY_SESSION_BREAK,Recurring nightly broker maintenance/session break.,"2021-07-28 23:58:00 -> 2021-07-29 01:00:00: ~62min nightly pause, standard-time (hour 23->01) variant; this exact close/reopen-hour pair recurs on the vast majority of weeknights across all 6 dataset years, and the hour flips precisely on EU DST transition weekends.",MEDIUM,False
gapf_203088_20210729_2358,2021-07-29 23:58:00,2021-07-30 01:00:00,2021-07-29 23:59:00,2021-07-30 00:59:00,62.0,61,Thursday,Friday,23:58,01:00,2021,7,TRAIN,SUSPICIOUS_INTRASESSION,EXPECTED_DAILY_SESSION_BREAK,Recurring nightly broker maintenance/session break.,"2021-07-29 23:58:00 -> 2021-07-30 01:00:00: ~62min nightly pause, standard-time (hour 23->01) variant; this exact close/reopen-hour pair recurs on the vast majority of weeknights across all 6 dataset years, and the hour flips precisely on EU DST transition weekends.",MEDIUM,False
gapf_204466_20210730_2357,2021-07-30 23:57:00,2021-08-02 01:00:00,2021-07-30 23:58:00,2021-08-02 00:59:00,2943.0,2942,Friday,Monday,23:57,01:00,2021,7,TRAIN,EXPECTED_WEEKEND,EXPECTED_WEEKEND,Recurring Friday-to-Monday/Tuesday weekend market closure.,"Friday 23:57 close -> Monday 01:00 reopen, delta=2943min; matches the dataset-wide weekend closure pattern observed on every trading week.",HIGH,False
gapf_205845_20210802_2358,2021-08-02 23:58:00,2021-08-03 01:00:00,2021-08-02 23:59:00,2021-08-03 00:59:00,62.0,61,Monday,Tuesday,23:58,01:00,2021,8,TRAIN,SUSPICIOUS_INTRASESSION,EXPECTED_DAILY_SESSION_BREAK,Recurring nightly broker maintenance/session break.,"2021-08-02 23:58:00 -> 2021-08-03 01:00:00: ~62min nightly pause, standard-time (hour 23->01) variant; this exact close/reopen-hour pair recurs on the vast majority of weeknights across all 6 dataset years, and the hour flips precisely on EU DST transition weekends.",MEDIUM,False
gapf_207224_20210803_2358,2021-08-03 23:58:00,2021-08-04 01:00:00,2021-08-03 23:59:00,2021-08-04 00:59:00,62.0,61,Tuesday,Wednesday,23:58,01:00,2021,8,TRAIN,SUSPICIOUS_INTRASESSION,EXPECTED_DAILY_SESSION_BREAK,Recurring nightly broker maintenance/session break.,"2021-08-03 23:58:00 -> 2021-08-04 01:00:00: ~62min nightly pause, standard-time (hour 23->01) variant; this exact close/reopen-hour pair recurs on the vast majority of weeknights across all 6 dataset years, and the hour flips precisely on EU DST transition weekends.",MEDIUM,False
gapf_208603_20210804_2358,2021-08-04 23:58:00,2021-08-05 01:00:00,2021-08-04 23:59:00,2021-08-05 00:59:00,62.0,61,Wednesday,Thursday,23:58,01:00,2021,8,TRAIN,SUSPICIOUS_INTRASESSION,EXPECTED_DAILY_SESSION_BREAK,Recurring nightly broker maintenance/session break.,"2021-08-04 23:58:00 -> 2021-08-05 01:00:00: ~62min nightly pause, standard-time (hour 23->01) variant; this exact close/reopen-hour pair recurs on the vast majority of weeknights across all 6 dataset years, and the hour flips precisely on EU DST transition weekends.",MEDIUM,False
gapf_209982_20210805_2358,2021-08-05 23:58:00,2021-08-06 01:00:00,2021-08-05 23:59:00,2021-08-06 00:59:00,62.0,61,Thursday,Friday,23:58,01:00,2021,8,TRAIN,SUSPICIOUS_INTRASESSION,EXPECTED_DAILY_SESSION_BREAK,Recurring nightly broker maintenance/session break.,"2021-08-05 23:58:00 -> 2021-08-06 01:00:00: ~62min nightly pause, standard-time (hour 23->01) variant; this exact close/reopen-hour pair recurs on the vast majority of weeknights across all 6 dataset years, and the hour flips precisely on EU DST transition weekends.",MEDIUM,False
gapf_210015_20210806_0132,2021-08-06 01:32:00,2021-08-06 01:34:00,2021-08-06 01:33:00,2021-08-06 01:33:00,2.0,1,Friday,Friday,01:32,01:34,2021,8,TRAIN,LIKELY_PROVIDER_HISTORY_GAP,LIKELY_PROVIDER_HISTORY_GAP,"Isolated small active-session gap, no recurring pattern.","2021-08-06 01:32:00 -> 2021-08-06 01:34:00: isolated 1-bar active-session gap; does not match weekend, session-break, or holiday patterns; below the empirically observed natural break in the missing-bar distribution (no residual gap observed between 9 and 214 missing bars).",LOW,True
gapf_210016_20210806_0134,2021-08-06 01:34:00,2021-08-06 01:36:00,2021-08-06 01:35:00,2021-08-06 01:35:00,2.0,1,Friday,Friday,01:34,01:36,2021,8,TRAIN,LIKELY_PROVIDER_HISTORY_GAP,LIKELY_PROVIDER_HISTORY_GAP,"Isolated small active-session gap, no recurring pattern.","2021-08-06 01:34:00 -> 2021-08-06 01:36:00: isolated 1-bar active-session gap; does not match weekend, session-break, or holiday patterns; below the empirically observed natural break in the missing-bar distribution (no residual gap observed between 9 and 214 missing bars).",LOW,True
gapf_211358_20210806_2357,2021-08-06 23:57:00,2021-08-09 01:00:00,2021-08-06 23:58:00,2021-08-09 00:59:00,2943.0,2942,Friday,Monday,23:57,01:00,2021,8,TRAIN,EXPECTED_WEEKEND,EXPECTED_WEEKEND,Recurring Friday-to-Monday/Tuesday weekend market closure.,"Friday 23:57 close -> Monday 01:00 reopen, delta=2943min; matches the dataset-wide weekend closure pattern observed on every trading week.",HIGH,False
gapf_211419_20210809_0200,2021-08-09 02:00:00,2021-08-09 02:03:00,2021-08-09 02:01:00,2021-08-09 02:02:00,3.0,2,Monday,Monday,02:00,02:03,2021,8,TRAIN,LIKELY_PROVIDER_HISTORY_GAP,LIKELY_PROVIDER_HISTORY_GAP,"Isolated small active-session gap, no recurring pattern.","2021-08-09 02:00:00 -> 2021-08-09 02:03:00: isolated 2-bar active-session gap; does not match weekend, session-break, or holiday patterns; below the empirically observed natural break in the missing-bar distribution (no residual gap observed between 9 and 214 missing bars).",LOW,True
gapf_212735_20210809_2358,2021-08-09 23:58:00,2021-08-10 01:00:00,2021-08-09 23:59:00,2021-08-10 00:59:00,62.0,61,Monday,Tuesday,23:58,01:00,2021,8,TRAIN,SUSPICIOUS_INTRASESSION,EXPECTED_DAILY_SESSION_BREAK,Recurring nightly broker maintenance/session break.,"2021-08-09 23:58:00 -> 2021-08-10 01:00:00: ~62min nightly pause, standard-time (hour 23->01) variant; this exact close/reopen-hour pair recurs on the vast majority of weeknights across all 6 dataset years, and the hour flips precisely on EU DST transition weekends.",MEDIUM,False
gapf_214114_20210810_2358,2021-08-10 23:58:00,2021-08-11 01:00:00,2021-08-10 23:59:00,2021-08-11 00:59:00,62.0,61,Tuesday,Wednesday,23:58,01:00,2021,8,TRAIN,SUSPICIOUS_INTRASESSION,EXPECTED_DAILY_SESSION_BREAK,Recurring nightly broker maintenance/session break.,"2021-08-10 23:58:00 -> 2021-08-11 01:00:00: ~62min nightly pause, standard-time (hour 23->01) variant; this exact close/reopen-hour pair recurs on the vast majority of weeknights across all 6 dataset years, and the hour flips precisely on EU DST transition weekends.",MEDIUM,False
gapf_215493_20210811_2358,2021-08-11 23:58:00,2021-08-12 01:00:00,2021-08-11 23:59:00,2021-08-12 00:59:00,62.0,61,Wednesday,Thursday,23:58,01:00,2021,8,TRAIN,SUSPICIOUS_INTRASESSION,EXPECTED_DAILY_SESSION_BREAK,Recurring nightly broker maintenance/session break.,"2021-08-11 23:58:00 -> 2021-08-12 01:00:00: ~62min nightly pause, standard-time (hour 23->01) variant; this exact close/reopen-hour pair recurs on the vast majority of weeknights across all 6 dataset years, and the hour flips precisely on EU DST transition weekends.",MEDIUM,False
gapf_216872_20210812_2358,2021-08-12 23:58:00,2021-08-13 01:00:00,2021-08-12 23:59:00,2021-08-13 00:59:00,62.0,61,Thursday,Friday,23:58,01:00,2021,8,TRAIN,SUSPICIOUS_INTRASESSION,EXPECTED_DAILY_SESSION_BREAK,Recurring nightly broker maintenance/session break.,"2021-08-12 23:58:00 -> 2021-08-13 01:00:00: ~62min nightly pause, standard-time (hour 23->01) variant; this exact close/reopen-hour pair recurs on the vast majority of weeknights across all 6 dataset years, and the hour flips precisely on EU DST transition weekends.",MEDIUM,False
gapf_218250_20210813_2357,2021-08-13 23:57:00,2021-08-16 01:00:00,2021-08-13 23:58:00,2021-08-16 00:59:00,2943.0,2942,Friday,Monday,23:57,01:00,2021,8,TRAIN,EXPECTED_WEEKEND,EXPECTED_WEEKEND,Recurring Friday-to-Monday/Tuesday weekend market closure.,"Friday 23:57 close -> Monday 01:00 reopen, delta=2943min; matches the dataset-wide weekend closure pattern observed on every trading week.",HIGH,False
gapf_219629_20210816_2358,2021-08-16 23:58:00,2021-08-17 01:00:00,2021-08-16 23:59:00,2021-08-17 00:59:00,62.0,61,Monday,Tuesday,23:58,01:00,2021,8,TRAIN,SUSPICIOUS_INTRASESSION,EXPECTED_DAILY_SESSION_BREAK,Recurring nightly broker maintenance/session break.,"2021-08-16 23:58:00 -> 2021-08-17 01:00:00: ~62min nightly pause, standard-time (hour 23->01) variant; this exact close/reopen-hour pair recurs on the vast majority of weeknights across all 6 dataset years, and the hour flips precisely on EU DST transition weekends.",MEDIUM,False
gapf_221008_20210817_2358,2021-08-17 23:58:00,2021-08-18 01:00:00,2021-08-17 23:59:00,2021-08-18 00:59:00,62.0,61,Tuesday,Wednesday,23:58,01:00,2021,8,TRAIN,SUSPICIOUS_INTRASESSION,EXPECTED_DAILY_SESSION_BREAK,Recurring nightly broker maintenance/session break.,"2021-08-17 23:58:00 -> 2021-08-18 01:00:00: ~62min nightly pause, standard-time (hour 23->01) variant; this exact close/reopen-hour pair recurs on the vast majority of weeknights across all 6 dataset years, and the hour flips precisely on EU DST transition weekends.",MEDIUM,False
gapf_222387_20210818_2358,2021-08-18 23:58:00,2021-08-19 01:00:00,2021-08-18 23:59:00,2021-08-19 00:59:00,62.0,61,Wednesday,Thursday,23:58,01:00,2021,8,TRAIN,SUSPICIOUS_INTRASESSION,EXPECTED_DAILY_SESSION_BREAK,Recurring nightly broker maintenance/session break.,"2021-08-18 23:58:00 -> 2021-08-19 01:00:00: ~62min nightly pause, standard-time (hour 23->01) variant; this exact close/reopen-hour pair recurs on the vast majority of weeknights across all 6 dataset years, and the hour flips precisely on EU DST transition weekends.",MEDIUM,False
gapf_223766_20210819_2358,2021-08-19 23:58:00,2021-08-20 01:00:00,2021-08-19 23:59:00,2021-08-20 00:59:00,62.0,61,Thursday,Friday,23:58,01:00,2021,8,TRAIN,SUSPICIOUS_INTRASESSION,EXPECTED_DAILY_SESSION_BREAK,Recurring nightly broker maintenance/session break.,"2021-08-19 23:58:00 -> 2021-08-20 01:00:00: ~62min nightly pause, standard-time (hour 23->01) variant; this exact close/reopen-hour pair recurs on the vast majority of weeknights across all 6 dataset years, and the hour flips precisely on EU DST transition weekends.",MEDIUM,False
gapf_225144_20210820_2357,2021-08-20 23:57:00,2021-08-23 01:00:00,2021-08-20 23:58:00,2021-08-23 00:59:00,2943.0,2942,Friday,Monday,23:57,01:00,2021,8,TRAIN,EXPECTED_WEEKEND,EXPECTED_WEEKEND,Recurring Friday-to-Monday/Tuesday weekend market closure.,"Friday 23:57 close -> Monday 01:00 reopen, delta=2943min; matches the dataset-wide weekend closure pattern observed on every trading week.",HIGH,False
gapf_226523_20210823_2358,2021-08-23 23:58:00,2021-08-24 01:00:00,2021-08-23 23:59:00,2021-08-24 00:59:00,62.0,61,Monday,Tuesday,23:58,01:00,2021,8,TRAIN,SUSPICIOUS_INTRASESSION,EXPECTED_DAILY_SESSION_BREAK,Recurring nightly broker maintenance/session break.,"2021-08-23 23:58:00 -> 2021-08-24 01:00:00: ~62min nightly pause, standard-time (hour 23->01) variant; this exact close/reopen-hour pair recurs on the vast majority of weeknights across all 6 dataset years, and the hour flips precisely on EU DST transition weekends.",MEDIUM,False
gapf_227902_20210824_2358,2021-08-24 23:58:00,2021-08-25 01:00:00,2021-08-24 23:59:00,2021-08-25 00:59:00,62.0,61,Tuesday,Wednesday,23:58,01:00,2021,8,TRAIN,SUSPICIOUS_INTRASESSION,EXPECTED_DAILY_SESSION_BREAK,Recurring nightly broker maintenance/session break.,"2021-08-24 23:58:00 -> 2021-08-25 01:00:00: ~62min nightly pause, standard-time (hour 23->01) variant; this exact close/reopen-hour pair recurs on the vast majority of weeknights across all 6 dataset years, and the hour flips precisely on EU DST transition weekends.",MEDIUM,False
gapf_227921_20210825_0118,2021-08-25 01:18:00,2021-08-25 01:20:00,2021-08-25 01:19:00,2021-08-25 01:19:00,2.0,1,Wednesday,Wednesday,01:18,01:20,2021,8,TRAIN,LIKELY_PROVIDER_HISTORY_GAP,LIKELY_PROVIDER_HISTORY_GAP,"Isolated small active-session gap, no recurring pattern.","2021-08-25 01:18:00 -> 2021-08-25 01:20:00: isolated 1-bar active-session gap; does not match weekend, session-break, or holiday patterns; below the empirically observed natural break in the missing-bar distribution (no residual gap observed between 9 and 214 missing bars).",LOW,True
gapf_229280_20210825_2358,2021-08-25 23:58:00,2021-08-26 01:00:00,2021-08-25 23:59:00,2021-08-26 00:59:00,62.0,61,Wednesday,Thursday,23:58,01:00,2021,8,TRAIN,SUSPICIOUS_INTRASESSION,EXPECTED_DAILY_SESSION_BREAK,Recurring nightly broker maintenance/session break.,"2021-08-25 23:58:00 -> 2021-08-26 01:00:00: ~62min nightly pause, standard-time (hour 23->01) variant; this exact close/reopen-hour pair recurs on the vast majority of weeknights across all 6 dataset years, and the hour flips precisely on EU DST transition weekends.",MEDIUM,False
gapf_230659_20210826_2358,2021-08-26 23:58:00,2021-08-27 01:00:00,2021-08-26 23:59:00,2021-08-27 00:59:00,62.0,61,Thursday,Friday,23:58,01:00,2021,8,TRAIN,SUSPICIOUS_INTRASESSION,EXPECTED_DAILY_SESSION_BREAK,Recurring nightly broker maintenance/session break.,"2021-08-26 23:58:00 -> 2021-08-27 01:00:00: ~62min nightly pause, standard-time (hour 23->01) variant; this exact close/reopen-hour pair recurs on the vast majority of weeknights across all 6 dataset years, and the hour flips precisely on EU DST transition weekends.",MEDIUM,False
gapf_232037_20210827_2357,2021-08-27 23:57:00,2021-08-30 01:00:00,2021-08-27 23:58:00,2021-08-30 00:59:00,2943.0,2942,Friday,Monday,23:57,01:00,2021,8,TRAIN,EXPECTED_WEEKEND,EXPECTED_WEEKEND,Recurring Friday-to-Monday/Tuesday weekend market closure.,"Friday 23:57 close -> Monday 01:00 reopen, delta=2943min; matches the dataset-wide weekend closure pattern observed on every trading week.",HIGH,False
gapf_233416_20210830_2358,2021-08-30 23:58:00,2021-08-31 01:00:00,2021-08-30 23:59:00,2021-08-31 00:59:00,62.0,61,Monday,Tuesday,23:58,01:00,2021,8,TRAIN,SUSPICIOUS_INTRASESSION,EXPECTED_DAILY_SESSION_BREAK,Recurring nightly broker maintenance/session break.,"2021-08-30 23:58:00 -> 2021-08-31 01:00:00: ~62min nightly pause, standard-time (hour 23->01) variant; this exact close/reopen-hour pair recurs on the vast majority of weeknights across all 6 dataset years, and the hour flips precisely on EU DST transition weekends.",MEDIUM,False
gapf_234795_20210831_2358,2021-08-31 23:58:00,2021-09-01 01:00:00,2021-08-31 23:59:00,2021-09-01 00:59:00,62.0,61,Tuesday,Wednesday,23:58,01:00,2021,8,TRAIN,SUSPICIOUS_INTRASESSION,EXPECTED_DAILY_SESSION_BREAK,Recurring nightly broker maintenance/session break.,"2021-08-31 23:58:00 -> 2021-09-01 01:00:00: ~62min nightly pause, standard-time (hour 23->01) variant; this exact close/reopen-hour pair recurs on the vast majority of weeknights across all 6 dataset years, and the hour flips precisely on EU DST transition weekends.",MEDIUM,False
gapf_236174_20210901_2358,2021-09-01 23:58:00,2021-09-02 01:00:00,2021-09-01 23:59:00,2021-09-02 00:59:00,62.0,61,Wednesday,Thursday,23:58,01:00,2021,9,TRAIN,SUSPICIOUS_INTRASESSION,EXPECTED_DAILY_SESSION_BREAK,Recurring nightly broker maintenance/session break.,"2021-09-01 23:58:00 -> 2021-09-02 01:00:00: ~62min nightly pause, standard-time (hour 23->01) variant; this exact close/reopen-hour pair recurs on the vast majority of weeknights across all 6 dataset years, and the hour flips precisely on EU DST transition weekends.",MEDIUM,False
gapf_237553_20210902_2358,2021-09-02 23:58:00,2021-09-03 01:00:00,2021-09-02 23:59:00,2021-09-03 00:59:00,62.0,61,Thursday,Friday,23:58,01:00,2021,9,TRAIN,SUSPICIOUS_INTRASESSION,EXPECTED_DAILY_SESSION_BREAK,Recurring nightly broker maintenance/session break.,"2021-09-02 23:58:00 -> 2021-09-03 01:00:00: ~62min nightly pause, standard-time (hour 23->01) variant; this exact close/reopen-hour pair recurs on the vast majority of weeknights across all 6 dataset years, and the hour flips precisely on EU DST transition weekends.",MEDIUM,False
gapf_238931_20210903_2357,2021-09-03 23:57:00,2021-09-06 01:00:00,2021-09-03 23:58:00,2021-09-06 00:59:00,2943.0,2942,Friday,Monday,23:57,01:00,2021,9,TRAIN,EXPECTED_WEEKEND,EXPECTED_WEEKEND,Recurring Friday-to-Monday/Tuesday weekend market closure.,"Friday 23:57 close -> Monday 01:00 reopen, delta=2943min; matches the dataset-wide weekend closure pattern observed on every trading week.",HIGH,False
gapf_240067_20210906_1955,2021-09-06 19:55:00,2021-09-07 01:00:00,2021-09-06 19:56:00,2021-09-07 00:59:00,305.0,304,Monday,Tuesday,19:55,01:00,2021,9,TRAIN,SUSPICIOUS_INTRASESSION,EXPECTED_HOLIDAY_OR_CLOSURE,US federal market holiday early close (LABOR_DAY).,"2021-09-06 19:55:00 matches computed US federal holiday date (LABOR_DAY); early close at 19:55 UTC, reopen 01:00 UTC next day; recurring pattern observed across multiple dataset years.",MEDIUM,False
gapf_241446_20210907_2358,2021-09-07 23:58:00,2021-09-08 01:00:00,2021-09-07 23:59:00,2021-09-08 00:59:00,62.0,61,Tuesday,Wednesday,23:58,01:00,2021,9,TRAIN,SUSPICIOUS_INTRASESSION,EXPECTED_DAILY_SESSION_BREAK,Recurring nightly broker maintenance/session break.,"2021-09-07 23:58:00 -> 2021-09-08 01:00:00: ~62min nightly pause, standard-time (hour 23->01) variant; this exact close/reopen-hour pair recurs on the vast majority of weeknights across all 6 dataset years, and the hour flips precisely on EU DST transition weekends.",MEDIUM,False
gapf_242825_20210908_2358,2021-09-08 23:58:00,2021-09-09 01:00:00,2021-09-08 23:59:00,2021-09-09 00:59:00,62.0,61,Wednesday,Thursday,23:58,01:00,2021,9,TRAIN,SUSPICIOUS_INTRASESSION,EXPECTED_DAILY_SESSION_BREAK,Recurring nightly broker maintenance/session break.,"2021-09-08 23:58:00 -> 2021-09-09 01:00:00: ~62min nightly pause, standard-time (hour 23->01) variant; this exact close/reopen-hour pair recurs on the vast majority of weeknights across all 6 dataset years, and the hour flips precisely on EU DST transition weekends.",MEDIUM,False
gapf_244204_20210909_2358,2021-09-09 23:58:00,2021-09-10 01:00:00,2021-09-09 23:59:00,2021-09-10 00:59:00,62.0,61,Thursday,Friday,23:58,01:00,2021,9,TRAIN,SUSPICIOUS_INTRASESSION,EXPECTED_DAILY_SESSION_BREAK,Recurring nightly broker maintenance/session break.,"2021-09-09 23:58:00 -> 2021-09-10 01:00:00: ~62min nightly pause, standard-time (hour 23->01) variant; this exact close/reopen-hour pair recurs on the vast majority of weeknights across all 6 dataset years, and the hour flips precisely on EU DST transition weekends.",MEDIUM,False
gapf_245582_20210910_2357,2021-09-10 23:57:00,2021-09-13 01:00:00,2021-09-10 23:58:00,2021-09-13 00:59:00,2943.0,2942,Friday,Monday,23:57,01:00,2021,9,TRAIN,EXPECTED_WEEKEND,EXPECTED_WEEKEND,Recurring Friday-to-Monday/Tuesday weekend market closure.,"Friday 23:57 close -> Monday 01:00 reopen, delta=2943min; matches the dataset-wide weekend closure pattern observed on every trading week.",HIGH,False
gapf_246961_20210913_2358,2021-09-13 23:58:00,2021-09-14 01:00:00,2021-09-13 23:59:00,2021-09-14 00:59:00,62.0,61,Monday,Tuesday,23:58,01:00,2021,9,TRAIN,SUSPICIOUS_INTRASESSION,EXPECTED_DAILY_SESSION_BREAK,Recurring nightly broker maintenance/session break.,"2021-09-13 23:58:00 -> 2021-09-14 01:00:00: ~62min nightly pause, standard-time (hour 23->01) variant; this exact close/reopen-hour pair recurs on the vast majority of weeknights across all 6 dataset years, and the hour flips precisely on EU DST transition weekends.",MEDIUM,False
gapf_248340_20210914_2358,2021-09-14 23:58:00,2021-09-15 01:00:00,2021-09-14 23:59:00,2021-09-15 00:59:00,62.0,61,Tuesday,Wednesday,23:58,01:00,2021,9,TRAIN,SUSPICIOUS_INTRASESSION,EXPECTED_DAILY_SESSION_BREAK,Recurring nightly broker maintenance/session break.,"2021-09-14 23:58:00 -> 2021-09-15 01:00:00: ~62min nightly pause, standard-time (hour 23->01) variant; this exact close/reopen-hour pair recurs on the vast majority of weeknights across all 6 dataset years, and the hour flips precisely on EU DST transition weekends.",MEDIUM,False
gapf_249719_20210915_2358,2021-09-15 23:58:00,2021-09-16 01:00:00,2021-09-15 23:59:00,2021-09-16 00:59:00,62.0,61,Wednesday,Thursday,23:58,01:00,2021,9,TRAIN,SUSPICIOUS_INTRASESSION,EXPECTED_DAILY_SESSION_BREAK,Recurring nightly broker maintenance/session break.,"2021-09-15 23:58:00 -> 2021-09-16 01:00:00: ~62min nightly pause, standard-time (hour 23->01) variant; this exact close/reopen-hour pair recurs on the vast majority of weeknights across all 6 dataset years, and the hour flips precisely on EU DST transition weekends.",MEDIUM,False
gapf_251098_20210916_2358,2021-09-16 23:58:00,2021-09-17 01:00:00,2021-09-16 23:59:00,2021-09-17 00:59:00,62.0,61,Thursday,Friday,23:58,01:00,2021,9,TRAIN,SUSPICIOUS_INTRASESSION,EXPECTED_DAILY_SESSION_BREAK,Recurring nightly broker maintenance/session break.,"2021-09-16 23:58:00 -> 2021-09-17 01:00:00: ~62min nightly pause, standard-time (hour 23->01) variant; this exact close/reopen-hour pair recurs on the vast majority of weeknights across all 6 dataset years, and the hour flips precisely on EU DST transition weekends.",MEDIUM,False
gapf_252476_20210917_2357,2021-09-17 23:57:00,2021-09-20 01:00:00,2021-09-17 23:58:00,2021-09-20 00:59:00,2943.0,2942,Friday,Monday,23:57,01:00,2021,9,TRAIN,EXPECTED_WEEKEND,EXPECTED_WEEKEND,Recurring Friday-to-Monday/Tuesday weekend market closure.,"Friday 23:57 close -> Monday 01:00 reopen, delta=2943min; matches the dataset-wide weekend closure pattern observed on every trading week.",HIGH,False
gapf_253855_20210920_2358,2021-09-20 23:58:00,2021-09-21 01:00:00,2021-09-20 23:59:00,2021-09-21 00:59:00,62.0,61,Monday,Tuesday,23:58,01:00,2021,9,TRAIN,SUSPICIOUS_INTRASESSION,EXPECTED_DAILY_SESSION_BREAK,Recurring nightly broker maintenance/session break.,"2021-09-20 23:58:00 -> 2021-09-21 01:00:00: ~62min nightly pause, standard-time (hour 23->01) variant; this exact close/reopen-hour pair recurs on the vast majority of weeknights across all 6 dataset years, and the hour flips precisely on EU DST transition weekends.",MEDIUM,False
gapf_255234_20210921_2358,2021-09-21 23:58:00,2021-09-22 01:00:00,2021-09-21 23:59:00,2021-09-22 00:59:00,62.0,61,Tuesday,Wednesday,23:58,01:00,2021,9,TRAIN,SUSPICIOUS_INTRASESSION,EXPECTED_DAILY_SESSION_BREAK,Recurring nightly broker maintenance/session break.,"2021-09-21 23:58:00 -> 2021-09-22 01:00:00: ~62min nightly pause, standard-time (hour 23->01) variant; this exact close/reopen-hour pair recurs on the vast majority of weeknights across all 6 dataset years, and the hour flips precisely on EU DST transition weekends.",MEDIUM,False
gapf_256613_20210922_2358,2021-09-22 23:58:00,2021-09-23 01:00:00,2021-09-22 23:59:00,2021-09-23 00:59:00,62.0,61,Wednesday,Thursday,23:58,01:00,2021,9,TRAIN,SUSPICIOUS_INTRASESSION,EXPECTED_DAILY_SESSION_BREAK,Recurring nightly broker maintenance/session break.,"2021-09-22 23:58:00 -> 2021-09-23 01:00:00: ~62min nightly pause, standard-time (hour 23->01) variant; this exact close/reopen-hour pair recurs on the vast majority of weeknights across all 6 dataset years, and the hour flips precisely on EU DST transition weekends.",MEDIUM,False
gapf_257992_20210923_2358,2021-09-23 23:58:00,2021-09-24 01:00:00,2021-09-23 23:59:00,2021-09-24 00:59:00,62.0,61,Thursday,Friday,23:58,01:00,2021,9,TRAIN,SUSPICIOUS_INTRASESSION,EXPECTED_DAILY_SESSION_BREAK,Recurring nightly broker maintenance/session break.,"2021-09-23 23:58:00 -> 2021-09-24 01:00:00: ~62min nightly pause, standard-time (hour 23->01) variant; this exact close/reopen-hour pair recurs on the vast majority of weeknights across all 6 dataset years, and the hour flips precisely on EU DST transition weekends.",MEDIUM,False
gapf_259370_20210924_2357,2021-09-24 23:57:00,2021-09-27 01:00:00,2021-09-24 23:58:00,2021-09-27 00:59:00,2943.0,2942,Friday,Monday,23:57,01:00,2021,9,TRAIN,EXPECTED_WEEKEND,EXPECTED_WEEKEND,Recurring Friday-to-Monday/Tuesday weekend market closure.,"Friday 23:57 close -> Monday 01:00 reopen, delta=2943min; matches the dataset-wide weekend closure pattern observed on every trading week.",HIGH,False
gapf_260749_20210927_2358,2021-09-27 23:58:00,2021-09-28 01:00:00,2021-09-27 23:59:00,2021-09-28 00:59:00,62.0,61,Monday,Tuesday,23:58,01:00,2021,9,TRAIN,SUSPICIOUS_INTRASESSION,EXPECTED_DAILY_SESSION_BREAK,Recurring nightly broker maintenance/session break.,"2021-09-27 23:58:00 -> 2021-09-28 01:00:00: ~62min nightly pause, standard-time (hour 23->01) variant; this exact close/reopen-hour pair recurs on the vast majority of weeknights across all 6 dataset years, and the hour flips precisely on EU DST transition weekends.",MEDIUM,False
gapf_262128_20210928_2358,2021-09-28 23:58:00,2021-09-29 01:00:00,2021-09-28 23:59:00,2021-09-29 00:59:00,62.0,61,Tuesday,Wednesday,23:58,01:00,2021,9,TRAIN,SUSPICIOUS_INTRASESSION,EXPECTED_DAILY_SESSION_BREAK,Recurring nightly broker maintenance/session break.,"2021-09-28 23:58:00 -> 2021-09-29 01:00:00: ~62min nightly pause, standard-time (hour 23->01) variant; this exact close/reopen-hour pair recurs on the vast majority of weeknights across all 6 dataset years, and the hour flips precisely on EU DST transition weekends.",MEDIUM,False
gapf_263507_20210929_2358,2021-09-29 23:58:00,2021-09-30 01:00:00,2021-09-29 23:59:00,2021-09-30 00:59:00,62.0,61,Wednesday,Thursday,23:58,01:00,2021,9,TRAIN,SUSPICIOUS_INTRASESSION,EXPECTED_DAILY_SESSION_BREAK,Recurring nightly broker maintenance/session break.,"2021-09-29 23:58:00 -> 2021-09-30 01:00:00: ~62min nightly pause, standard-time (hour 23->01) variant; this exact close/reopen-hour pair recurs on the vast majority of weeknights across all 6 dataset years, and the hour flips precisely on EU DST transition weekends.",MEDIUM,False
gapf_264886_20210930_2358,2021-09-30 23:58:00,2021-10-01 01:00:00,2021-09-30 23:59:00,2021-10-01 00:59:00,62.0,61,Thursday,Friday,23:58,01:00,2021,9,TRAIN,SUSPICIOUS_INTRASESSION,EXPECTED_DAILY_SESSION_BREAK,Recurring nightly broker maintenance/session break.,"2021-09-30 23:58:00 -> 2021-10-01 01:00:00: ~62min nightly pause, standard-time (hour 23->01) variant; this exact close/reopen-hour pair recurs on the vast majority of weeknights across all 6 dataset years, and the hour flips precisely on EU DST transition weekends.",MEDIUM,False
gapf_266264_20211001_2357,2021-10-01 23:57:00,2021-10-04 01:00:00,2021-10-01 23:58:00,2021-10-04 00:59:00,2943.0,2942,Friday,Monday,23:57,01:00,2021,10,TRAIN,EXPECTED_WEEKEND,EXPECTED_WEEKEND,Recurring Friday-to-Monday/Tuesday weekend market closure.,"Friday 23:57 close -> Monday 01:00 reopen, delta=2943min; matches the dataset-wide weekend closure pattern observed on every trading week.",HIGH,False
gapf_267631_20211004_2346,2021-10-04 23:46:00,2021-10-04 23:48:00,2021-10-04 23:47:00,2021-10-04 23:47:00,2.0,1,Monday,Monday,23:46,23:48,2021,10,TRAIN,LIKELY_PROVIDER_HISTORY_GAP,LIKELY_PROVIDER_HISTORY_GAP,"Isolated small active-session gap, no recurring pattern.","2021-10-04 23:46:00 -> 2021-10-04 23:48:00: isolated 1-bar active-session gap; does not match weekend, session-break, or holiday patterns; below the empirically observed natural break in the missing-bar distribution (no residual gap observed between 9 and 214 missing bars).",LOW,True
gapf_267642_20211004_2358,2021-10-04 23:58:00,2021-10-05 01:00:00,2021-10-04 23:59:00,2021-10-05 00:59:00,62.0,61,Monday,Tuesday,23:58,01:00,2021,10,TRAIN,SUSPICIOUS_INTRASESSION,EXPECTED_DAILY_SESSION_BREAK,Recurring nightly broker maintenance/session break.,"2021-10-04 23:58:00 -> 2021-10-05 01:00:00: ~62min nightly pause, standard-time (hour 23->01) variant; this exact close/reopen-hour pair recurs on the vast majority of weeknights across all 6 dataset years, and the hour flips precisely on EU DST transition weekends.",MEDIUM,False
gapf_269021_20211005_2358,2021-10-05 23:58:00,2021-10-06 01:00:00,2021-10-05 23:59:00,2021-10-06 00:59:00,62.0,61,Tuesday,Wednesday,23:58,01:00,2021,10,TRAIN,SUSPICIOUS_INTRASESSION,EXPECTED_DAILY_SESSION_BREAK,Recurring nightly broker maintenance/session break.,"2021-10-05 23:58:00 -> 2021-10-06 01:00:00: ~62min nightly pause, standard-time (hour 23->01) variant; this exact close/reopen-hour pair recurs on the vast majority of weeknights across all 6 dataset years, and the hour flips precisely on EU DST transition weekends.",MEDIUM,False
gapf_269047_20211006_0125,2021-10-06 01:25:00,2021-10-06 01:27:00,2021-10-06 01:26:00,2021-10-06 01:26:00,2.0,1,Wednesday,Wednesday,01:25,01:27,2021,10,TRAIN,LIKELY_PROVIDER_HISTORY_GAP,LIKELY_PROVIDER_HISTORY_GAP,"Isolated small active-session gap, no recurring pattern.","2021-10-06 01:25:00 -> 2021-10-06 01:27:00: isolated 1-bar active-session gap; does not match weekend, session-break, or holiday patterns; below the empirically observed natural break in the missing-bar distribution (no residual gap observed between 9 and 214 missing bars).",LOW,True
gapf_270399_20211006_2358,2021-10-06 23:58:00,2021-10-07 01:00:00,2021-10-06 23:59:00,2021-10-07 00:59:00,62.0,61,Wednesday,Thursday,23:58,01:00,2021,10,TRAIN,SUSPICIOUS_INTRASESSION,EXPECTED_DAILY_SESSION_BREAK,Recurring nightly broker maintenance/session break.,"2021-10-06 23:58:00 -> 2021-10-07 01:00:00: ~62min nightly pause, standard-time (hour 23->01) variant; this exact close/reopen-hour pair recurs on the vast majority of weeknights across all 6 dataset years, and the hour flips precisely on EU DST transition weekends.",MEDIUM,False
gapf_271778_20211007_2358,2021-10-07 23:58:00,2021-10-08 01:00:00,2021-10-07 23:59:00,2021-10-08 00:59:00,62.0,61,Thursday,Friday,23:58,01:00,2021,10,TRAIN,SUSPICIOUS_INTRASESSION,EXPECTED_DAILY_SESSION_BREAK,Recurring nightly broker maintenance/session break.,"2021-10-07 23:58:00 -> 2021-10-08 01:00:00: ~62min nightly pause, standard-time (hour 23->01) variant; this exact close/reopen-hour pair recurs on the vast majority of weeknights across all 6 dataset years, and the hour flips precisely on EU DST transition weekends.",MEDIUM,False
gapf_273156_20211008_2357,2021-10-08 23:57:00,2021-10-11 01:00:00,2021-10-08 23:58:00,2021-10-11 00:59:00,2943.0,2942,Friday,Monday,23:57,01:00,2021,10,TRAIN,EXPECTED_WEEKEND,EXPECTED_WEEKEND,Recurring Friday-to-Monday/Tuesday weekend market closure.,"Friday 23:57 close -> Monday 01:00 reopen, delta=2943min; matches the dataset-wide weekend closure pattern observed on every trading week.",HIGH,False
gapf_274535_20211011_2358,2021-10-11 23:58:00,2021-10-12 01:00:00,2021-10-11 23:59:00,2021-10-12 00:59:00,62.0,61,Monday,Tuesday,23:58,01:00,2021,10,TRAIN,SUSPICIOUS_INTRASESSION,EXPECTED_DAILY_SESSION_BREAK,Recurring nightly broker maintenance/session break.,"2021-10-11 23:58:00 -> 2021-10-12 01:00:00: ~62min nightly pause, standard-time (hour 23->01) variant; this exact close/reopen-hour pair recurs on the vast majority of weeknights across all 6 dataset years, and the hour flips precisely on EU DST transition weekends.",MEDIUM,False
gapf_275914_20211012_2358,2021-10-12 23:58:00,2021-10-13 01:00:00,2021-10-12 23:59:00,2021-10-13 00:59:00,62.0,61,Tuesday,Wednesday,23:58,01:00,2021,10,TRAIN,SUSPICIOUS_INTRASESSION,EXPECTED_DAILY_SESSION_BREAK,Recurring nightly broker maintenance/session break.,"2021-10-12 23:58:00 -> 2021-10-13 01:00:00: ~62min nightly pause, standard-time (hour 23->01) variant; this exact close/reopen-hour pair recurs on the vast majority of weeknights across all 6 dataset years, and the hour flips precisely on EU DST transition weekends.",MEDIUM,False
gapf_277293_20211013_2358,2021-10-13 23:58:00,2021-10-14 01:00:00,2021-10-13 23:59:00,2021-10-14 00:59:00,62.0,61,Wednesday,Thursday,23:58,01:00,2021,10,TRAIN,SUSPICIOUS_INTRASESSION,EXPECTED_DAILY_SESSION_BREAK,Recurring nightly broker maintenance/session break.,"2021-10-13 23:58:00 -> 2021-10-14 01:00:00: ~62min nightly pause, standard-time (hour 23->01) variant; this exact close/reopen-hour pair recurs on the vast majority of weeknights across all 6 dataset years, and the hour flips precisely on EU DST transition weekends.",MEDIUM,False
gapf_278672_20211014_2358,2021-10-14 23:58:00,2021-10-15 01:00:00,2021-10-14 23:59:00,2021-10-15 00:59:00,62.0,61,Thursday,Friday,23:58,01:00,2021,10,TRAIN,SUSPICIOUS_INTRASESSION,EXPECTED_DAILY_SESSION_BREAK,Recurring nightly broker maintenance/session break.,"2021-10-14 23:58:00 -> 2021-10-15 01:00:00: ~62min nightly pause, standard-time (hour 23->01) variant; this exact close/reopen-hour pair recurs on the vast majority of weeknights across all 6 dataset years, and the hour flips precisely on EU DST transition weekends.",MEDIUM,False
gapf_280050_20211015_2357,2021-10-15 23:57:00,2021-10-18 01:00:00,2021-10-15 23:58:00,2021-10-18 00:59:00,2943.0,2942,Friday,Monday,23:57,01:00,2021,10,TRAIN,EXPECTED_WEEKEND,EXPECTED_WEEKEND,Recurring Friday-to-Monday/Tuesday weekend market closure.,"Friday 23:57 close -> Monday 01:00 reopen, delta=2943min; matches the dataset-wide weekend closure pattern observed on every trading week.",HIGH,False
gapf_281429_20211018_2358,2021-10-18 23:58:00,2021-10-19 01:00:00,2021-10-18 23:59:00,2021-10-19 00:59:00,62.0,61,Monday,Tuesday,23:58,01:00,2021,10,TRAIN,SUSPICIOUS_INTRASESSION,EXPECTED_DAILY_SESSION_BREAK,Recurring nightly broker maintenance/session break.,"2021-10-18 23:58:00 -> 2021-10-19 01:00:00: ~62min nightly pause, standard-time (hour 23->01) variant; this exact close/reopen-hour pair recurs on the vast majority of weeknights across all 6 dataset years, and the hour flips precisely on EU DST transition weekends.",MEDIUM,False
gapf_282808_20211019_2358,2021-10-19 23:58:00,2021-10-20 01:00:00,2021-10-19 23:59:00,2021-10-20 00:59:00,62.0,61,Tuesday,Wednesday,23:58,01:00,2021,10,TRAIN,SUSPICIOUS_INTRASESSION,EXPECTED_DAILY_SESSION_BREAK,Recurring nightly broker maintenance/session break.,"2021-10-19 23:58:00 -> 2021-10-20 01:00:00: ~62min nightly pause, standard-time (hour 23->01) variant; this exact close/reopen-hour pair recurs on the vast majority of weeknights across all 6 dataset years, and the hour flips precisely on EU DST transition weekends.",MEDIUM,False
gapf_284187_20211020_2358,2021-10-20 23:58:00,2021-10-21 01:00:00,2021-10-20 23:59:00,2021-10-21 00:59:00,62.0,61,Wednesday,Thursday,23:58,01:00,2021,10,TRAIN,SUSPICIOUS_INTRASESSION,EXPECTED_DAILY_SESSION_BREAK,Recurring nightly broker maintenance/session break.,"2021-10-20 23:58:00 -> 2021-10-21 01:00:00: ~62min nightly pause, standard-time (hour 23->01) variant; this exact close/reopen-hour pair recurs on the vast majority of weeknights across all 6 dataset years, and the hour flips precisely on EU DST transition weekends.",MEDIUM,False
gapf_285566_20211021_2358,2021-10-21 23:58:00,2021-10-22 01:00:00,2021-10-21 23:59:00,2021-10-22 00:59:00,62.0,61,Thursday,Friday,23:58,01:00,2021,10,TRAIN,SUSPICIOUS_INTRASESSION,EXPECTED_DAILY_SESSION_BREAK,Recurring nightly broker maintenance/session break.,"2021-10-21 23:58:00 -> 2021-10-22 01:00:00: ~62min nightly pause, standard-time (hour 23->01) variant; this exact close/reopen-hour pair recurs on the vast majority of weeknights across all 6 dataset years, and the hour flips precisely on EU DST transition weekends.",MEDIUM,False
gapf_286944_20211022_2357,2021-10-22 23:57:00,2021-10-25 01:00:00,2021-10-22 23:58:00,2021-10-25 00:59:00,2943.0,2942,Friday,Monday,23:57,01:00,2021,10,TRAIN,EXPECTED_WEEKEND,EXPECTED_WEEKEND,Recurring Friday-to-Monday/Tuesday weekend market closure.,"Friday 23:57 close -> Monday 01:00 reopen, delta=2943min; matches the dataset-wide weekend closure pattern observed on every trading week.",HIGH,False
gapf_288323_20211025_2358,2021-10-25 23:58:00,2021-10-26 01:00:00,2021-10-25 23:59:00,2021-10-26 00:59:00,62.0,61,Monday,Tuesday,23:58,01:00,2021,10,TRAIN,SUSPICIOUS_INTRASESSION,EXPECTED_DAILY_SESSION_BREAK,Recurring nightly broker maintenance/session break.,"2021-10-25 23:58:00 -> 2021-10-26 01:00:00: ~62min nightly pause, standard-time (hour 23->01) variant; this exact close/reopen-hour pair recurs on the vast majority of weeknights across all 6 dataset years, and the hour flips precisely on EU DST transition weekends.",MEDIUM,False
gapf_289702_20211026_2358,2021-10-26 23:58:00,2021-10-27 01:00:00,2021-10-26 23:59:00,2021-10-27 00:59:00,62.0,61,Tuesday,Wednesday,23:58,01:00,2021,10,TRAIN,SUSPICIOUS_INTRASESSION,EXPECTED_DAILY_SESSION_BREAK,Recurring nightly broker maintenance/session break.,"2021-10-26 23:58:00 -> 2021-10-27 01:00:00: ~62min nightly pause, standard-time (hour 23->01) variant; this exact close/reopen-hour pair recurs on the vast majority of weeknights across all 6 dataset years, and the hour flips precisely on EU DST transition weekends.",MEDIUM,False
gapf_291081_20211027_2358,2021-10-27 23:58:00,2021-10-28 01:00:00,2021-10-27 23:59:00,2021-10-28 00:59:00,62.0,61,Wednesday,Thursday,23:58,01:00,2021,10,TRAIN,SUSPICIOUS_INTRASESSION,EXPECTED_DAILY_SESSION_BREAK,Recurring nightly broker maintenance/session break.,"2021-10-27 23:58:00 -> 2021-10-28 01:00:00: ~62min nightly pause, standard-time (hour 23->01) variant; this exact close/reopen-hour pair recurs on the vast majority of weeknights across all 6 dataset years, and the hour flips precisely on EU DST transition weekends.",MEDIUM,False
gapf_292460_20211028_2358,2021-10-28 23:58:00,2021-10-29 01:00:00,2021-10-28 23:59:00,2021-10-29 00:59:00,62.0,61,Thursday,Friday,23:58,01:00,2021,10,TRAIN,SUSPICIOUS_INTRASESSION,EXPECTED_DAILY_SESSION_BREAK,Recurring nightly broker maintenance/session break.,"2021-10-28 23:58:00 -> 2021-10-29 01:00:00: ~62min nightly pause, standard-time (hour 23->01) variant; this exact close/reopen-hour pair recurs on the vast majority of weeknights across all 6 dataset years, and the hour flips precisely on EU DST transition weekends.",MEDIUM,False
gapf_293838_20211029_2357,2021-10-29 23:57:00,2021-11-01 00:00:00,2021-10-29 23:58:00,2021-10-31 23:59:00,2883.0,2882,Friday,Monday,23:57,00:00,2021,10,TRAIN,EXPECTED_WEEKEND,EXPECTED_WEEKEND,Recurring Friday-to-Monday/Tuesday weekend market closure.,"Friday 23:57 close -> Monday 00:00 reopen, delta=2883min; matches the dataset-wide weekend closure pattern observed on every trading week.",HIGH,False
gapf_295217_20211101_2258,2021-11-01 22:58:00,2021-11-02 00:00:00,2021-11-01 22:59:00,2021-11-01 23:59:00,62.0,61,Monday,Tuesday,22:58,00:00,2021,11,TRAIN,EXPECTED_DAILY_SESSION_BREAK,EXPECTED_DAILY_SESSION_BREAK,Recurring nightly broker maintenance/session break.,"2021-11-01 22:58:00 -> 2021-11-02 00:00:00: ~62min nightly pause, EU-DST-shifted (hour 22->00) variant; this exact close/reopen-hour pair recurs on the vast majority of weeknights across all 6 dataset years, and the hour flips precisely on EU DST transition weekends.",MEDIUM,False
gapf_296596_20211102_2258,2021-11-02 22:58:00,2021-11-03 00:00:00,2021-11-02 22:59:00,2021-11-02 23:59:00,62.0,61,Tuesday,Wednesday,22:58,00:00,2021,11,TRAIN,EXPECTED_DAILY_SESSION_BREAK,EXPECTED_DAILY_SESSION_BREAK,Recurring nightly broker maintenance/session break.,"2021-11-02 22:58:00 -> 2021-11-03 00:00:00: ~62min nightly pause, EU-DST-shifted (hour 22->00) variant; this exact close/reopen-hour pair recurs on the vast majority of weeknights across all 6 dataset years, and the hour flips precisely on EU DST transition weekends.",MEDIUM,False
gapf_297975_20211103_2258,2021-11-03 22:58:00,2021-11-04 00:00:00,2021-11-03 22:59:00,2021-11-03 23:59:00,62.0,61,Wednesday,Thursday,22:58,00:00,2021,11,TRAIN,EXPECTED_DAILY_SESSION_BREAK,EXPECTED_DAILY_SESSION_BREAK,Recurring nightly broker maintenance/session break.,"2021-11-03 22:58:00 -> 2021-11-04 00:00:00: ~62min nightly pause, EU-DST-shifted (hour 22->00) variant; this exact close/reopen-hour pair recurs on the vast majority of weeknights across all 6 dataset years, and the hour flips precisely on EU DST transition weekends.",MEDIUM,False
gapf_299354_20211104_2258,2021-11-04 22:58:00,2021-11-05 00:00:00,2021-11-04 22:59:00,2021-11-04 23:59:00,62.0,61,Thursday,Friday,22:58,00:00,2021,11,TRAIN,EXPECTED_DAILY_SESSION_BREAK,EXPECTED_DAILY_SESSION_BREAK,Recurring nightly broker maintenance/session break.,"2021-11-04 22:58:00 -> 2021-11-05 00:00:00: ~62min nightly pause, EU-DST-shifted (hour 22->00) variant; this exact close/reopen-hour pair recurs on the vast majority of weeknights across all 6 dataset years, and the hour flips precisely on EU DST transition weekends.",MEDIUM,False
gapf_300732_20211105_2257,2021-11-05 22:57:00,2021-11-08 01:00:00,2021-11-05 22:58:00,2021-11-08 00:59:00,3003.0,3002,Friday,Monday,22:57,01:00,2021,11,TRAIN,EXPECTED_WEEKEND,EXPECTED_WEEKEND,Recurring Friday-to-Monday/Tuesday weekend market closure.,"Friday 22:57 close -> Monday 01:00 reopen, delta=3003min; matches the dataset-wide weekend closure pattern observed on every trading week.",HIGH,False
gapf_302111_20211108_2358,2021-11-08 23:58:00,2021-11-09 01:00:00,2021-11-08 23:59:00,2021-11-09 00:59:00,62.0,61,Monday,Tuesday,23:58,01:00,2021,11,TRAIN,SUSPICIOUS_INTRASESSION,EXPECTED_DAILY_SESSION_BREAK,Recurring nightly broker maintenance/session break.,"2021-11-08 23:58:00 -> 2021-11-09 01:00:00: ~62min nightly pause, standard-time (hour 23->01) variant; this exact close/reopen-hour pair recurs on the vast majority of weeknights across all 6 dataset years, and the hour flips precisely on EU DST transition weekends.",MEDIUM,False
gapf_303490_20211109_2358,2021-11-09 23:58:00,2021-11-10 01:00:00,2021-11-09 23:59:00,2021-11-10 00:59:00,62.0,61,Tuesday,Wednesday,23:58,01:00,2021,11,TRAIN,SUSPICIOUS_INTRASESSION,EXPECTED_DAILY_SESSION_BREAK,Recurring nightly broker maintenance/session break.,"2021-11-09 23:58:00 -> 2021-11-10 01:00:00: ~62min nightly pause, standard-time (hour 23->01) variant; this exact close/reopen-hour pair recurs on the vast majority of weeknights across all 6 dataset years, and the hour flips precisely on EU DST transition weekends.",MEDIUM,False
gapf_304869_20211110_2358,2021-11-10 23:58:00,2021-11-11 01:00:00,2021-11-10 23:59:00,2021-11-11 00:59:00,62.0,61,Wednesday,Thursday,23:58,01:00,2021,11,TRAIN,SUSPICIOUS_INTRASESSION,EXPECTED_DAILY_SESSION_BREAK,Recurring nightly broker maintenance/session break.,"2021-11-10 23:58:00 -> 2021-11-11 01:00:00: ~62min nightly pause, standard-time (hour 23->01) variant; this exact close/reopen-hour pair recurs on the vast majority of weeknights across all 6 dataset years, and the hour flips precisely on EU DST transition weekends.",MEDIUM,False
gapf_306241_20211111_2351,2021-11-11 23:51:00,2021-11-11 23:53:00,2021-11-11 23:52:00,2021-11-11 23:52:00,2.0,1,Thursday,Thursday,23:51,23:53,2021,11,TRAIN,LIKELY_PROVIDER_HISTORY_GAP,LIKELY_PROVIDER_HISTORY_GAP,"Isolated small active-session gap, no recurring pattern.","2021-11-11 23:51:00 -> 2021-11-11 23:53:00: isolated 1-bar active-session gap; does not match weekend, session-break, or holiday patterns; below the empirically observed natural break in the missing-bar distribution (no residual gap observed between 9 and 214 missing bars).",LOW,True
gapf_306247_20211111_2358,2021-11-11 23:58:00,2021-11-12 01:00:00,2021-11-11 23:59:00,2021-11-12 00:59:00,62.0,61,Thursday,Friday,23:58,01:00,2021,11,TRAIN,SUSPICIOUS_INTRASESSION,EXPECTED_DAILY_SESSION_BREAK,Recurring nightly broker maintenance/session break.,"2021-11-11 23:58:00 -> 2021-11-12 01:00:00: ~62min nightly pause, standard-time (hour 23->01) variant; this exact close/reopen-hour pair recurs on the vast majority of weeknights across all 6 dataset years, and the hour flips precisely on EU DST transition weekends.",MEDIUM,False
gapf_307625_20211112_2357,2021-11-12 23:57:00,2021-11-15 01:00:00,2021-11-12 23:58:00,2021-11-15 00:59:00,2943.0,2942,Friday,Monday,23:57,01:00,2021,11,TRAIN,EXPECTED_WEEKEND,EXPECTED_WEEKEND,Recurring Friday-to-Monday/Tuesday weekend market closure.,"Friday 23:57 close -> Monday 01:00 reopen, delta=2943min; matches the dataset-wide weekend closure pattern observed on every trading week.",HIGH,False
gapf_309004_20211115_2358,2021-11-15 23:58:00,2021-11-16 01:00:00,2021-11-15 23:59:00,2021-11-16 00:59:00,62.0,61,Monday,Tuesday,23:58,01:00,2021,11,TRAIN,SUSPICIOUS_INTRASESSION,EXPECTED_DAILY_SESSION_BREAK,Recurring nightly broker maintenance/session break.,"2021-11-15 23:58:00 -> 2021-11-16 01:00:00: ~62min nightly pause, standard-time (hour 23->01) variant; this exact close/reopen-hour pair recurs on the vast majority of weeknights across all 6 dataset years, and the hour flips precisely on EU DST transition weekends.",MEDIUM,False
gapf_310383_20211116_2358,2021-11-16 23:58:00,2021-11-17 01:00:00,2021-11-16 23:59:00,2021-11-17 00:59:00,62.0,61,Tuesday,Wednesday,23:58,01:00,2021,11,TRAIN,SUSPICIOUS_INTRASESSION,EXPECTED_DAILY_SESSION_BREAK,Recurring nightly broker maintenance/session break.,"2021-11-16 23:58:00 -> 2021-11-17 01:00:00: ~62min nightly pause, standard-time (hour 23->01) variant; this exact close/reopen-hour pair recurs on the vast majority of weeknights across all 6 dataset years, and the hour flips precisely on EU DST transition weekends.",MEDIUM,False
gapf_311762_20211117_2358,2021-11-17 23:58:00,2021-11-18 01:00:00,2021-11-17 23:59:00,2021-11-18 00:59:00,62.0,61,Wednesday,Thursday,23:58,01:00,2021,11,TRAIN,SUSPICIOUS_INTRASESSION,EXPECTED_DAILY_SESSION_BREAK,Recurring nightly broker maintenance/session break.,"2021-11-17 23:58:00 -> 2021-11-18 01:00:00: ~62min nightly pause, standard-time (hour 23->01) variant; this exact close/reopen-hour pair recurs on the vast majority of weeknights across all 6 dataset years, and the hour flips precisely on EU DST transition weekends.",MEDIUM,False
gapf_313141_20211118_2358,2021-11-18 23:58:00,2021-11-19 01:00:00,2021-11-18 23:59:00,2021-11-19 00:59:00,62.0,61,Thursday,Friday,23:58,01:00,2021,11,TRAIN,SUSPICIOUS_INTRASESSION,EXPECTED_DAILY_SESSION_BREAK,Recurring nightly broker maintenance/session break.,"2021-11-18 23:58:00 -> 2021-11-19 01:00:00: ~62min nightly pause, standard-time (hour 23->01) variant; this exact close/reopen-hour pair recurs on the vast majority of weeknights across all 6 dataset years, and the hour flips precisely on EU DST transition weekends.",MEDIUM,False
gapf_314519_20211119_2357,2021-11-19 23:57:00,2021-11-22 01:00:00,2021-11-19 23:58:00,2021-11-22 00:59:00,2943.0,2942,Friday,Monday,23:57,01:00,2021,11,TRAIN,EXPECTED_WEEKEND,EXPECTED_WEEKEND,Recurring Friday-to-Monday/Tuesday weekend market closure.,"Friday 23:57 close -> Monday 01:00 reopen, delta=2943min; matches the dataset-wide weekend closure pattern observed on every trading week.",HIGH,False
gapf_315898_20211122_2358,2021-11-22 23:58:00,2021-11-23 01:00:00,2021-11-22 23:59:00,2021-11-23 00:59:00,62.0,61,Monday,Tuesday,23:58,01:00,2021,11,TRAIN,SUSPICIOUS_INTRASESSION,EXPECTED_DAILY_SESSION_BREAK,Recurring nightly broker maintenance/session break.,"2021-11-22 23:58:00 -> 2021-11-23 01:00:00: ~62min nightly pause, standard-time (hour 23->01) variant; this exact close/reopen-hour pair recurs on the vast majority of weeknights across all 6 dataset years, and the hour flips precisely on EU DST transition weekends.",MEDIUM,False
gapf_317277_20211123_2358,2021-11-23 23:58:00,2021-11-24 01:00:00,2021-11-23 23:59:00,2021-11-24 00:59:00,62.0,61,Tuesday,Wednesday,23:58,01:00,2021,11,TRAIN,SUSPICIOUS_INTRASESSION,EXPECTED_DAILY_SESSION_BREAK,Recurring nightly broker maintenance/session break.,"2021-11-23 23:58:00 -> 2021-11-24 01:00:00: ~62min nightly pause, standard-time (hour 23->01) variant; this exact close/reopen-hour pair recurs on the vast majority of weeknights across all 6 dataset years, and the hour flips precisely on EU DST transition weekends.",MEDIUM,False
gapf_318656_20211124_2358,2021-11-24 23:58:00,2021-11-25 01:00:00,2021-11-24 23:59:00,2021-11-25 00:59:00,62.0,61,Wednesday,Thursday,23:58,01:00,2021,11,TRAIN,SUSPICIOUS_INTRASESSION,EXPECTED_DAILY_SESSION_BREAK,Recurring nightly broker maintenance/session break.,"2021-11-24 23:58:00 -> 2021-11-25 01:00:00: ~62min nightly pause, standard-time (hour 23->01) variant; this exact close/reopen-hour pair recurs on the vast majority of weeknights across all 6 dataset years, and the hour flips precisely on EU DST transition weekends.",MEDIUM,False
gapf_319792_20211125_1955,2021-11-25 19:55:00,2021-11-26 01:00:00,2021-11-25 19:56:00,2021-11-26 00:59:00,305.0,304,Thursday,Friday,19:55,01:00,2021,11,TRAIN,SUSPICIOUS_INTRASESSION,EXPECTED_HOLIDAY_OR_CLOSURE,US federal market holiday early close (THANKSGIVING).,"2021-11-25 19:55:00 matches computed US federal holiday date (THANKSGIVING); early close at 19:55 UTC, reopen 01:00 UTC next day; recurring pattern observed across multiple dataset years.",MEDIUM,False
gapf_320974_20211126_2041,2021-11-26 20:41:00,2021-11-29 01:00:00,2021-11-26 20:42:00,2021-11-29 00:59:00,3139.0,3138,Friday,Monday,20:41,01:00,2021,11,TRAIN,EXPECTED_WEEKEND,EXPECTED_WEEKEND,Recurring Friday-to-Monday/Tuesday weekend market closure.,"Friday 20:41 close -> Monday 01:00 reopen, delta=3139min; matches the dataset-wide weekend closure pattern observed on every trading week.",HIGH,False
gapf_322353_20211129_2358,2021-11-29 23:58:00,2021-11-30 01:00:00,2021-11-29 23:59:00,2021-11-30 00:59:00,62.0,61,Monday,Tuesday,23:58,01:00,2021,11,TRAIN,SUSPICIOUS_INTRASESSION,EXPECTED_DAILY_SESSION_BREAK,Recurring nightly broker maintenance/session break.,"2021-11-29 23:58:00 -> 2021-11-30 01:00:00: ~62min nightly pause, standard-time (hour 23->01) variant; this exact close/reopen-hour pair recurs on the vast majority of weeknights across all 6 dataset years, and the hour flips precisely on EU DST transition weekends.",MEDIUM,False
gapf_323732_20211130_2358,2021-11-30 23:58:00,2021-12-01 01:00:00,2021-11-30 23:59:00,2021-12-01 00:59:00,62.0,61,Tuesday,Wednesday,23:58,01:00,2021,11,TRAIN,SUSPICIOUS_INTRASESSION,EXPECTED_DAILY_SESSION_BREAK,Recurring nightly broker maintenance/session break.,"2021-11-30 23:58:00 -> 2021-12-01 01:00:00: ~62min nightly pause, standard-time (hour 23->01) variant; this exact close/reopen-hour pair recurs on the vast majority of weeknights across all 6 dataset years, and the hour flips precisely on EU DST transition weekends.",MEDIUM,False
gapf_325111_20211201_2358,2021-12-01 23:58:00,2021-12-02 01:00:00,2021-12-01 23:59:00,2021-12-02 00:59:00,62.0,61,Wednesday,Thursday,23:58,01:00,2021,12,TRAIN,SUSPICIOUS_INTRASESSION,EXPECTED_DAILY_SESSION_BREAK,Recurring nightly broker maintenance/session break.,"2021-12-01 23:58:00 -> 2021-12-02 01:00:00: ~62min nightly pause, standard-time (hour 23->01) variant; this exact close/reopen-hour pair recurs on the vast majority of weeknights across all 6 dataset years, and the hour flips precisely on EU DST transition weekends.",MEDIUM,False
gapf_326490_20211202_2358,2021-12-02 23:58:00,2021-12-03 01:00:00,2021-12-02 23:59:00,2021-12-03 00:59:00,62.0,61,Thursday,Friday,23:58,01:00,2021,12,TRAIN,SUSPICIOUS_INTRASESSION,EXPECTED_DAILY_SESSION_BREAK,Recurring nightly broker maintenance/session break.,"2021-12-02 23:58:00 -> 2021-12-03 01:00:00: ~62min nightly pause, standard-time (hour 23->01) variant; this exact close/reopen-hour pair recurs on the vast majority of weeknights across all 6 dataset years, and the hour flips precisely on EU DST transition weekends.",MEDIUM,False
gapf_327868_20211203_2357,2021-12-03 23:57:00,2021-12-06 01:00:00,2021-12-03 23:58:00,2021-12-06 00:59:00,2943.0,2942,Friday,Monday,23:57,01:00,2021,12,TRAIN,EXPECTED_WEEKEND,EXPECTED_WEEKEND,Recurring Friday-to-Monday/Tuesday weekend market closure.,"Friday 23:57 close -> Monday 01:00 reopen, delta=2943min; matches the dataset-wide weekend closure pattern observed on every trading week.",HIGH,False
gapf_329247_20211206_2358,2021-12-06 23:58:00,2021-12-07 01:00:00,2021-12-06 23:59:00,2021-12-07 00:59:00,62.0,61,Monday,Tuesday,23:58,01:00,2021,12,TRAIN,SUSPICIOUS_INTRASESSION,EXPECTED_DAILY_SESSION_BREAK,Recurring nightly broker maintenance/session break.,"2021-12-06 23:58:00 -> 2021-12-07 01:00:00: ~62min nightly pause, standard-time (hour 23->01) variant; this exact close/reopen-hour pair recurs on the vast majority of weeknights across all 6 dataset years, and the hour flips precisely on EU DST transition weekends.",MEDIUM,False
gapf_330626_20211207_2358,2021-12-07 23:58:00,2021-12-08 01:00:00,2021-12-07 23:59:00,2021-12-08 00:59:00,62.0,61,Tuesday,Wednesday,23:58,01:00,2021,12,TRAIN,SUSPICIOUS_INTRASESSION,EXPECTED_DAILY_SESSION_BREAK,Recurring nightly broker maintenance/session break.,"2021-12-07 23:58:00 -> 2021-12-08 01:00:00: ~62min nightly pause, standard-time (hour 23->01) variant; this exact close/reopen-hour pair recurs on the vast majority of weeknights across all 6 dataset years, and the hour flips precisely on EU DST transition weekends.",MEDIUM,False
gapf_332005_20211208_2358,2021-12-08 23:58:00,2021-12-09 01:00:00,2021-12-08 23:59:00,2021-12-09 00:59:00,62.0,61,Wednesday,Thursday,23:58,01:00,2021,12,TRAIN,SUSPICIOUS_INTRASESSION,EXPECTED_DAILY_SESSION_BREAK,Recurring nightly broker maintenance/session break.,"2021-12-08 23:58:00 -> 2021-12-09 01:00:00: ~62min nightly pause, standard-time (hour 23->01) variant; this exact close/reopen-hour pair recurs on the vast majority of weeknights across all 6 dataset years, and the hour flips precisely on EU DST transition weekends.",MEDIUM,False
gapf_333384_20211209_2358,2021-12-09 23:58:00,2021-12-10 01:00:00,2021-12-09 23:59:00,2021-12-10 00:59:00,62.0,61,Thursday,Friday,23:58,01:00,2021,12,TRAIN,SUSPICIOUS_INTRASESSION,EXPECTED_DAILY_SESSION_BREAK,Recurring nightly broker maintenance/session break.,"2021-12-09 23:58:00 -> 2021-12-10 01:00:00: ~62min nightly pause, standard-time (hour 23->01) variant; this exact close/reopen-hour pair recurs on the vast majority of weeknights across all 6 dataset years, and the hour flips precisely on EU DST transition weekends.",MEDIUM,False
gapf_334762_20211210_2357,2021-12-10 23:57:00,2021-12-13 01:00:00,2021-12-10 23:58:00,2021-12-13 00:59:00,2943.0,2942,Friday,Monday,23:57,01:00,2021,12,TRAIN,EXPECTED_WEEKEND,EXPECTED_WEEKEND,Recurring Friday-to-Monday/Tuesday weekend market closure.,"Friday 23:57 close -> Monday 01:00 reopen, delta=2943min; matches the dataset-wide weekend closure pattern observed on every trading week.",HIGH,False
gapf_336141_20211213_2358,2021-12-13 23:58:00,2021-12-14 01:00:00,2021-12-13 23:59:00,2021-12-14 00:59:00,62.0,61,Monday,Tuesday,23:58,01:00,2021,12,TRAIN,SUSPICIOUS_INTRASESSION,EXPECTED_DAILY_SESSION_BREAK,Recurring nightly broker maintenance/session break.,"2021-12-13 23:58:00 -> 2021-12-14 01:00:00: ~62min nightly pause, standard-time (hour 23->01) variant; this exact close/reopen-hour pair recurs on the vast majority of weeknights across all 6 dataset years, and the hour flips precisely on EU DST transition weekends.",MEDIUM,False
gapf_336830_20211214_1228,2021-12-14 12:28:00,2021-12-14 12:30:00,2021-12-14 12:29:00,2021-12-14 12:29:00,2.0,1,Tuesday,Tuesday,12:28,12:30,2021,12,TRAIN,LIKELY_PROVIDER_HISTORY_GAP,LIKELY_PROVIDER_HISTORY_GAP,"Isolated small active-session gap, no recurring pattern.","2021-12-14 12:28:00 -> 2021-12-14 12:30:00: isolated 1-bar active-session gap; does not match weekend, session-break, or holiday patterns; below the empirically observed natural break in the missing-bar distribution (no residual gap observed between 9 and 214 missing bars).",LOW,True
gapf_337519_20211214_2358,2021-12-14 23:58:00,2021-12-15 01:00:00,2021-12-14 23:59:00,2021-12-15 00:59:00,62.0,61,Tuesday,Wednesday,23:58,01:00,2021,12,TRAIN,SUSPICIOUS_INTRASESSION,EXPECTED_DAILY_SESSION_BREAK,Recurring nightly broker maintenance/session break.,"2021-12-14 23:58:00 -> 2021-12-15 01:00:00: ~62min nightly pause, standard-time (hour 23->01) variant; this exact close/reopen-hour pair recurs on the vast majority of weeknights across all 6 dataset years, and the hour flips precisely on EU DST transition weekends.",MEDIUM,False
gapf_338898_20211215_2358,2021-12-15 23:58:00,2021-12-16 01:00:00,2021-12-15 23:59:00,2021-12-16 00:59:00,62.0,61,Wednesday,Thursday,23:58,01:00,2021,12,TRAIN,SUSPICIOUS_INTRASESSION,EXPECTED_DAILY_SESSION_BREAK,Recurring nightly broker maintenance/session break.,"2021-12-15 23:58:00 -> 2021-12-16 01:00:00: ~62min nightly pause, standard-time (hour 23->01) variant; this exact close/reopen-hour pair recurs on the vast majority of weeknights across all 6 dataset years, and the hour flips precisely on EU DST transition weekends.",MEDIUM,False
gapf_340277_20211216_2358,2021-12-16 23:58:00,2021-12-17 01:00:00,2021-12-16 23:59:00,2021-12-17 00:59:00,62.0,61,Thursday,Friday,23:58,01:00,2021,12,TRAIN,SUSPICIOUS_INTRASESSION,EXPECTED_DAILY_SESSION_BREAK,Recurring nightly broker maintenance/session break.,"2021-12-16 23:58:00 -> 2021-12-17 01:00:00: ~62min nightly pause, standard-time (hour 23->01) variant; this exact close/reopen-hour pair recurs on the vast majority of weeknights across all 6 dataset years, and the hour flips precisely on EU DST transition weekends.",MEDIUM,False
gapf_341655_20211217_2357,2021-12-17 23:57:00,2021-12-20 01:00:00,2021-12-17 23:58:00,2021-12-20 00:59:00,2943.0,2942,Friday,Monday,23:57,01:00,2021,12,TRAIN,EXPECTED_WEEKEND,EXPECTED_WEEKEND,Recurring Friday-to-Monday/Tuesday weekend market closure.,"Friday 23:57 close -> Monday 01:00 reopen, delta=2943min; matches the dataset-wide weekend closure pattern observed on every trading week.",HIGH,False
gapf_343034_20211220_2358,2021-12-20 23:58:00,2021-12-21 01:00:00,2021-12-20 23:59:00,2021-12-21 00:59:00,62.0,61,Monday,Tuesday,23:58,01:00,2021,12,TRAIN,SUSPICIOUS_INTRASESSION,EXPECTED_DAILY_SESSION_BREAK,Recurring nightly broker maintenance/session break.,"2021-12-20 23:58:00 -> 2021-12-21 01:00:00: ~62min nightly pause, standard-time (hour 23->01) variant; this exact close/reopen-hour pair recurs on the vast majority of weeknights across all 6 dataset years, and the hour flips precisely on EU DST transition weekends.",MEDIUM,False
gapf_344413_20211221_2358,2021-12-21 23:58:00,2021-12-22 01:00:00,2021-12-21 23:59:00,2021-12-22 00:59:00,62.0,61,Tuesday,Wednesday,23:58,01:00,2021,12,TRAIN,SUSPICIOUS_INTRASESSION,EXPECTED_DAILY_SESSION_BREAK,Recurring nightly broker maintenance/session break.,"2021-12-21 23:58:00 -> 2021-12-22 01:00:00: ~62min nightly pause, standard-time (hour 23->01) variant; this exact close/reopen-hour pair recurs on the vast majority of weeknights across all 6 dataset years, and the hour flips precisely on EU DST transition weekends.",MEDIUM,False
gapf_345792_20211222_2358,2021-12-22 23:58:00,2021-12-23 01:00:00,2021-12-22 23:59:00,2021-12-23 00:59:00,62.0,61,Wednesday,Thursday,23:58,01:00,2021,12,TRAIN,SUSPICIOUS_INTRASESSION,EXPECTED_DAILY_SESSION_BREAK,Recurring nightly broker maintenance/session break.,"2021-12-22 23:58:00 -> 2021-12-23 01:00:00: ~62min nightly pause, standard-time (hour 23->01) variant; this exact close/reopen-hour pair recurs on the vast majority of weeknights across all 6 dataset years, and the hour flips precisely on EU DST transition weekends.",MEDIUM,False
gapf_347171_20211223_2358,2021-12-23 23:58:00,2021-12-27 01:00:00,2021-12-23 23:59:00,2021-12-27 00:59:00,4382.0,4381,Thursday,Monday,23:58,01:00,2021,12,TRAIN,EXPECTED_WEEKEND,EXPECTED_HOLIDAY_OR_CLOSURE,Holiday-extended closure (CHRISTMAS) starting before the weekend.,2021-12-23 23:58:00 (Thursday) -> 2021-12-27 01:00:00 (Monday): 4382min closure starting earlier than the ordinary weekend because it directly abuts the CHRISTMAS closure window.,MEDIUM,False
gapf_348550_20211227_2358,2021-12-27 23:58:00,2021-12-28 01:00:00,2021-12-27 23:59:00,2021-12-28 00:59:00,62.0,61,Monday,Tuesday,23:58,01:00,2021,12,TRAIN,SUSPICIOUS_INTRASESSION,EXPECTED_DAILY_SESSION_BREAK,Recurring nightly broker maintenance/session break.,"2021-12-27 23:58:00 -> 2021-12-28 01:00:00: ~62min nightly pause, standard-time (hour 23->01) variant; this exact close/reopen-hour pair recurs on the vast majority of weeknights across all 6 dataset years, and the hour flips precisely on EU DST transition weekends.",MEDIUM,False
gapf_349929_20211228_2358,2021-12-28 23:58:00,2021-12-29 01:00:00,2021-12-28 23:59:00,2021-12-29 00:59:00,62.0,61,Tuesday,Wednesday,23:58,01:00,2021,12,TRAIN,SUSPICIOUS_INTRASESSION,EXPECTED_DAILY_SESSION_BREAK,Recurring nightly broker maintenance/session break.,"2021-12-28 23:58:00 -> 2021-12-29 01:00:00: ~62min nightly pause, standard-time (hour 23->01) variant; this exact close/reopen-hour pair recurs on the vast majority of weeknights across all 6 dataset years, and the hour flips precisely on EU DST transition weekends.",MEDIUM,False
gapf_351308_20211229_2358,2021-12-29 23:58:00,2021-12-30 01:00:00,2021-12-29 23:59:00,2021-12-30 00:59:00,62.0,61,Wednesday,Thursday,23:58,01:00,2021,12,TRAIN,SUSPICIOUS_INTRASESSION,EXPECTED_DAILY_SESSION_BREAK,Recurring nightly broker maintenance/session break.,"2021-12-29 23:58:00 -> 2021-12-30 01:00:00: ~62min nightly pause, standard-time (hour 23->01) variant; this exact close/reopen-hour pair recurs on the vast majority of weeknights across all 6 dataset years, and the hour flips precisely on EU DST transition weekends.",MEDIUM,False
gapf_352684_20211230_2355,2021-12-30 23:55:00,2021-12-30 23:57:00,2021-12-30 23:56:00,2021-12-30 23:56:00,2.0,1,Thursday,Thursday,23:55,23:57,2021,12,TRAIN,LIKELY_PROVIDER_HISTORY_GAP,LIKELY_PROVIDER_HISTORY_GAP,"Isolated small active-session gap, no recurring pattern.","2021-12-30 23:55:00 -> 2021-12-30 23:57:00: isolated 1-bar active-session gap; does not match weekend, session-break, or holiday patterns; below the empirically observed natural break in the missing-bar distribution (no residual gap observed between 9 and 214 missing bars).",LOW,True
gapf_352686_20211230_2358,2021-12-30 23:58:00,2021-12-31 01:00:00,2021-12-30 23:59:00,2021-12-31 00:59:00,62.0,61,Thursday,Friday,23:58,01:00,2021,12,TRAIN,SUSPICIOUS_INTRASESSION,EXPECTED_DAILY_SESSION_BREAK,Recurring nightly broker maintenance/session break.,"2021-12-30 23:58:00 -> 2021-12-31 01:00:00: ~62min nightly pause, standard-time (hour 23->01) variant; this exact close/reopen-hour pair recurs on the vast majority of weeknights across all 6 dataset years, and the hour flips precisely on EU DST transition weekends.",MEDIUM,False
gapf_353757_20211231_1850,2021-12-31 18:50:00,2022-01-03 01:00:00,2021-12-31 18:51:00,2022-01-03 00:59:00,3250.0,3249,Friday,Monday,18:50,01:00,2021,12,TRAIN,EXPECTED_WEEKEND,EXPECTED_WEEKEND,Recurring Friday-to-Monday/Tuesday weekend market closure.,"Friday 18:50 close -> Monday 01:00 reopen, delta=3250min; matches the dataset-wide weekend closure pattern observed on every trading week.",HIGH,False
gapf_354463_20220103_1245,2022-01-03 12:45:00,2022-01-03 12:47:00,2022-01-03 12:46:00,2022-01-03 12:46:00,2.0,1,Monday,Monday,12:45,12:47,2022,1,TRAIN,LIKELY_PROVIDER_HISTORY_GAP,LIKELY_PROVIDER_HISTORY_GAP,"Isolated small active-session gap, no recurring pattern.","2022-01-03 12:45:00 -> 2022-01-03 12:47:00: isolated 1-bar active-session gap; does not match weekend, session-break, or holiday patterns; below the empirically observed natural break in the missing-bar distribution (no residual gap observed between 9 and 214 missing bars).",LOW,True
gapf_354466_20220103_1249,2022-01-03 12:49:00,2022-01-03 12:51:00,2022-01-03 12:50:00,2022-01-03 12:50:00,2.0,1,Monday,Monday,12:49,12:51,2022,1,TRAIN,LIKELY_PROVIDER_HISTORY_GAP,LIKELY_PROVIDER_HISTORY_GAP,"Isolated small active-session gap, no recurring pattern.","2022-01-03 12:49:00 -> 2022-01-03 12:51:00: isolated 1-bar active-session gap; does not match weekend, session-break, or holiday patterns; below the empirically observed natural break in the missing-bar distribution (no residual gap observed between 9 and 214 missing bars).",LOW,True
gapf_354471_20220103_1255,2022-01-03 12:55:00,2022-01-03 12:57:00,2022-01-03 12:56:00,2022-01-03 12:56:00,2.0,1,Monday,Monday,12:55,12:57,2022,1,TRAIN,LIKELY_PROVIDER_HISTORY_GAP,LIKELY_PROVIDER_HISTORY_GAP,"Isolated small active-session gap, no recurring pattern.","2022-01-03 12:55:00 -> 2022-01-03 12:57:00: isolated 1-bar active-session gap; does not match weekend, session-break, or holiday patterns; below the empirically observed natural break in the missing-bar distribution (no residual gap observed between 9 and 214 missing bars).",LOW,True
gapf_355133_20220103_2358,2022-01-03 23:58:00,2022-01-04 01:00:00,2022-01-03 23:59:00,2022-01-04 00:59:00,62.0,61,Monday,Tuesday,23:58,01:00,2022,1,TRAIN,SUSPICIOUS_INTRASESSION,EXPECTED_DAILY_SESSION_BREAK,Recurring nightly broker maintenance/session break.,"2022-01-03 23:58:00 -> 2022-01-04 01:00:00: ~62min nightly pause, standard-time (hour 23->01) variant; this exact close/reopen-hour pair recurs on the vast majority of weeknights across all 6 dataset years, and the hour flips precisely on EU DST transition weekends.",MEDIUM,False
gapf_356512_20220104_2358,2022-01-04 23:58:00,2022-01-05 01:00:00,2022-01-04 23:59:00,2022-01-05 00:59:00,62.0,61,Tuesday,Wednesday,23:58,01:00,2022,1,TRAIN,SUSPICIOUS_INTRASESSION,EXPECTED_DAILY_SESSION_BREAK,Recurring nightly broker maintenance/session break.,"2022-01-04 23:58:00 -> 2022-01-05 01:00:00: ~62min nightly pause, standard-time (hour 23->01) variant; this exact close/reopen-hour pair recurs on the vast majority of weeknights across all 6 dataset years, and the hour flips precisely on EU DST transition weekends.",MEDIUM,False
gapf_357891_20220105_2358,2022-01-05 23:58:00,2022-01-06 01:00:00,2022-01-05 23:59:00,2022-01-06 00:59:00,62.0,61,Wednesday,Thursday,23:58,01:00,2022,1,TRAIN,SUSPICIOUS_INTRASESSION,EXPECTED_DAILY_SESSION_BREAK,Recurring nightly broker maintenance/session break.,"2022-01-05 23:58:00 -> 2022-01-06 01:00:00: ~62min nightly pause, standard-time (hour 23->01) variant; this exact close/reopen-hour pair recurs on the vast majority of weeknights across all 6 dataset years, and the hour flips precisely on EU DST transition weekends.",MEDIUM,False
gapf_359270_20220106_2358,2022-01-06 23:58:00,2022-01-07 01:00:00,2022-01-06 23:59:00,2022-01-07 00:59:00,62.0,61,Thursday,Friday,23:58,01:00,2022,1,TRAIN,SUSPICIOUS_INTRASESSION,EXPECTED_DAILY_SESSION_BREAK,Recurring nightly broker maintenance/session break.,"2022-01-06 23:58:00 -> 2022-01-07 01:00:00: ~62min nightly pause, standard-time (hour 23->01) variant; this exact close/reopen-hour pair recurs on the vast majority of weeknights across all 6 dataset years, and the hour flips precisely on EU DST transition weekends.",MEDIUM,False
gapf_360648_20220107_2357,2022-01-07 23:57:00,2022-01-10 01:00:00,2022-01-07 23:58:00,2022-01-10 00:59:00,2943.0,2942,Friday,Monday,23:57,01:00,2022,1,TRAIN,EXPECTED_WEEKEND,EXPECTED_WEEKEND,Recurring Friday-to-Monday/Tuesday weekend market closure.,"Friday 23:57 close -> Monday 01:00 reopen, delta=2943min; matches the dataset-wide weekend closure pattern observed on every trading week.",HIGH,False
gapf_362027_20220110_2358,2022-01-10 23:58:00,2022-01-11 01:00:00,2022-01-10 23:59:00,2022-01-11 00:59:00,62.0,61,Monday,Tuesday,23:58,01:00,2022,1,TRAIN,SUSPICIOUS_INTRASESSION,EXPECTED_DAILY_SESSION_BREAK,Recurring nightly broker maintenance/session break.,"2022-01-10 23:58:00 -> 2022-01-11 01:00:00: ~62min nightly pause, standard-time (hour 23->01) variant; this exact close/reopen-hour pair recurs on the vast majority of weeknights across all 6 dataset years, and the hour flips precisely on EU DST transition weekends.",MEDIUM,False
gapf_363406_20220111_2358,2022-01-11 23:58:00,2022-01-12 01:00:00,2022-01-11 23:59:00,2022-01-12 00:59:00,62.0,61,Tuesday,Wednesday,23:58,01:00,2022,1,TRAIN,SUSPICIOUS_INTRASESSION,EXPECTED_DAILY_SESSION_BREAK,Recurring nightly broker maintenance/session break.,"2022-01-11 23:58:00 -> 2022-01-12 01:00:00: ~62min nightly pause, standard-time (hour 23->01) variant; this exact close/reopen-hour pair recurs on the vast majority of weeknights across all 6 dataset years, and the hour flips precisely on EU DST transition weekends.",MEDIUM,False
gapf_364785_20220112_2358,2022-01-12 23:58:00,2022-01-13 01:00:00,2022-01-12 23:59:00,2022-01-13 00:59:00,62.0,61,Wednesday,Thursday,23:58,01:00,2022,1,TRAIN,SUSPICIOUS_INTRASESSION,EXPECTED_DAILY_SESSION_BREAK,Recurring nightly broker maintenance/session break.,"2022-01-12 23:58:00 -> 2022-01-13 01:00:00: ~62min nightly pause, standard-time (hour 23->01) variant; this exact close/reopen-hour pair recurs on the vast majority of weeknights across all 6 dataset years, and the hour flips precisely on EU DST transition weekends.",MEDIUM,False
gapf_366164_20220113_2358,2022-01-13 23:58:00,2022-01-14 01:00:00,2022-01-13 23:59:00,2022-01-14 00:59:00,62.0,61,Thursday,Friday,23:58,01:00,2022,1,TRAIN,SUSPICIOUS_INTRASESSION,EXPECTED_DAILY_SESSION_BREAK,Recurring nightly broker maintenance/session break.,"2022-01-13 23:58:00 -> 2022-01-14 01:00:00: ~62min nightly pause, standard-time (hour 23->01) variant; this exact close/reopen-hour pair recurs on the vast majority of weeknights across all 6 dataset years, and the hour flips precisely on EU DST transition weekends.",MEDIUM,False
gapf_367542_20220114_2357,2022-01-14 23:57:00,2022-01-17 01:00:00,2022-01-14 23:58:00,2022-01-17 00:59:00,2943.0,2942,Friday,Monday,23:57,01:00,2022,1,TRAIN,EXPECTED_WEEKEND,EXPECTED_WEEKEND,Recurring Friday-to-Monday/Tuesday weekend market closure.,"Friday 23:57 close -> Monday 01:00 reopen, delta=2943min; matches the dataset-wide weekend closure pattern observed on every trading week.",HIGH,False
gapf_367930_20220117_0727,2022-01-17 07:27:00,2022-01-17 07:29:00,2022-01-17 07:28:00,2022-01-17 07:28:00,2.0,1,Monday,Monday,07:27,07:29,2022,1,TRAIN,LIKELY_PROVIDER_HISTORY_GAP,LIKELY_PROVIDER_HISTORY_GAP,"Isolated small active-session gap, no recurring pattern.","2022-01-17 07:27:00 -> 2022-01-17 07:29:00: isolated 1-bar active-session gap; does not match weekend, session-break, or holiday patterns; below the empirically observed natural break in the missing-bar distribution (no residual gap observed between 9 and 214 missing bars).",LOW,True
gapf_368767_20220117_2125,2022-01-17 21:25:00,2022-01-18 01:00:00,2022-01-17 21:26:00,2022-01-18 00:59:00,215.0,214,Monday,Tuesday,21:25,01:00,2022,1,TRAIN,SUSPICIOUS_INTRASESSION,EXPECTED_HOLIDAY_OR_CLOSURE,US federal market holiday early close (MLK_DAY).,"2022-01-17 21:25:00 matches computed US federal holiday date (MLK_DAY); early close at 21:25 UTC, reopen 01:00 UTC next day; recurring pattern observed across multiple dataset years.",MEDIUM,False
gapf_368783_20220118_0115,2022-01-18 01:15:00,2022-01-18 01:17:00,2022-01-18 01:16:00,2022-01-18 01:16:00,2.0,1,Tuesday,Tuesday,01:15,01:17,2022,1,TRAIN,LIKELY_PROVIDER_HISTORY_GAP,LIKELY_PROVIDER_HISTORY_GAP,"Isolated small active-session gap, no recurring pattern.","2022-01-18 01:15:00 -> 2022-01-18 01:17:00: isolated 1-bar active-session gap; does not match weekend, session-break, or holiday patterns; below the empirically observed natural break in the missing-bar distribution (no residual gap observed between 9 and 214 missing bars).",LOW,True
gapf_370145_20220118_2358,2022-01-18 23:58:00,2022-01-19 01:00:00,2022-01-18 23:59:00,2022-01-19 00:59:00,62.0,61,Tuesday,Wednesday,23:58,01:00,2022,1,TRAIN,SUSPICIOUS_INTRASESSION,EXPECTED_DAILY_SESSION_BREAK,Recurring nightly broker maintenance/session break.,"2022-01-18 23:58:00 -> 2022-01-19 01:00:00: ~62min nightly pause, standard-time (hour 23->01) variant; this exact close/reopen-hour pair recurs on the vast majority of weeknights across all 6 dataset years, and the hour flips precisely on EU DST transition weekends.",MEDIUM,False
gapf_371524_20220119_2358,2022-01-19 23:58:00,2022-01-20 01:00:00,2022-01-19 23:59:00,2022-01-20 00:59:00,62.0,61,Wednesday,Thursday,23:58,01:00,2022,1,TRAIN,SUSPICIOUS_INTRASESSION,EXPECTED_DAILY_SESSION_BREAK,Recurring nightly broker maintenance/session break.,"2022-01-19 23:58:00 -> 2022-01-20 01:00:00: ~62min nightly pause, standard-time (hour 23->01) variant; this exact close/reopen-hour pair recurs on the vast majority of weeknights across all 6 dataset years, and the hour flips precisely on EU DST transition weekends.",MEDIUM,False
gapf_372903_20220120_2358,2022-01-20 23:58:00,2022-01-21 01:00:00,2022-01-20 23:59:00,2022-01-21 00:59:00,62.0,61,Thursday,Friday,23:58,01:00,2022,1,TRAIN,SUSPICIOUS_INTRASESSION,EXPECTED_DAILY_SESSION_BREAK,Recurring nightly broker maintenance/session break.,"2022-01-20 23:58:00 -> 2022-01-21 01:00:00: ~62min nightly pause, standard-time (hour 23->01) variant; this exact close/reopen-hour pair recurs on the vast majority of weeknights across all 6 dataset years, and the hour flips precisely on EU DST transition weekends.",MEDIUM,False
gapf_374281_20220121_2357,2022-01-21 23:57:00,2022-01-24 01:00:00,2022-01-21 23:58:00,2022-01-24 00:59:00,2943.0,2942,Friday,Monday,23:57,01:00,2022,1,TRAIN,EXPECTED_WEEKEND,EXPECTED_WEEKEND,Recurring Friday-to-Monday/Tuesday weekend market closure.,"Friday 23:57 close -> Monday 01:00 reopen, delta=2943min; matches the dataset-wide weekend closure pattern observed on every trading week.",HIGH,False
gapf_375660_20220124_2358,2022-01-24 23:58:00,2022-01-25 01:00:00,2022-01-24 23:59:00,2022-01-25 00:59:00,62.0,61,Monday,Tuesday,23:58,01:00,2022,1,TRAIN,SUSPICIOUS_INTRASESSION,EXPECTED_DAILY_SESSION_BREAK,Recurring nightly broker maintenance/session break.,"2022-01-24 23:58:00 -> 2022-01-25 01:00:00: ~62min nightly pause, standard-time (hour 23->01) variant; this exact close/reopen-hour pair recurs on the vast majority of weeknights across all 6 dataset years, and the hour flips precisely on EU DST transition weekends.",MEDIUM,False
gapf_377039_20220125_2358,2022-01-25 23:58:00,2022-01-26 01:00:00,2022-01-25 23:59:00,2022-01-26 00:59:00,62.0,61,Tuesday,Wednesday,23:58,01:00,2022,1,TRAIN,SUSPICIOUS_INTRASESSION,EXPECTED_DAILY_SESSION_BREAK,Recurring nightly broker maintenance/session break.,"2022-01-25 23:58:00 -> 2022-01-26 01:00:00: ~62min nightly pause, standard-time (hour 23->01) variant; this exact close/reopen-hour pair recurs on the vast majority of weeknights across all 6 dataset years, and the hour flips precisely on EU DST transition weekends.",MEDIUM,False
gapf_378418_20220126_2358,2022-01-26 23:58:00,2022-01-27 01:00:00,2022-01-26 23:59:00,2022-01-27 00:59:00,62.0,61,Wednesday,Thursday,23:58,01:00,2022,1,TRAIN,SUSPICIOUS_INTRASESSION,EXPECTED_DAILY_SESSION_BREAK,Recurring nightly broker maintenance/session break.,"2022-01-26 23:58:00 -> 2022-01-27 01:00:00: ~62min nightly pause, standard-time (hour 23->01) variant; this exact close/reopen-hour pair recurs on the vast majority of weeknights across all 6 dataset years, and the hour flips precisely on EU DST transition weekends.",MEDIUM,False
gapf_379797_20220127_2358,2022-01-27 23:58:00,2022-01-28 01:00:00,2022-01-27 23:59:00,2022-01-28 00:59:00,62.0,61,Thursday,Friday,23:58,01:00,2022,1,TRAIN,SUSPICIOUS_INTRASESSION,EXPECTED_DAILY_SESSION_BREAK,Recurring nightly broker maintenance/session break.,"2022-01-27 23:58:00 -> 2022-01-28 01:00:00: ~62min nightly pause, standard-time (hour 23->01) variant; this exact close/reopen-hour pair recurs on the vast majority of weeknights across all 6 dataset years, and the hour flips precisely on EU DST transition weekends.",MEDIUM,False
gapf_381175_20220128_2357,2022-01-28 23:57:00,2022-01-31 01:00:00,2022-01-28 23:58:00,2022-01-31 00:59:00,2943.0,2942,Friday,Monday,23:57,01:00,2022,1,TRAIN,EXPECTED_WEEKEND,EXPECTED_WEEKEND,Recurring Friday-to-Monday/Tuesday weekend market closure.,"Friday 23:57 close -> Monday 01:00 reopen, delta=2943min; matches the dataset-wide weekend closure pattern observed on every trading week.",HIGH,False
gapf_382554_20220131_2358,2022-01-31 23:58:00,2022-02-01 01:00:00,2022-01-31 23:59:00,2022-02-01 00:59:00,62.0,61,Monday,Tuesday,23:58,01:00,2022,1,TRAIN,SUSPICIOUS_INTRASESSION,EXPECTED_DAILY_SESSION_BREAK,Recurring nightly broker maintenance/session break.,"2022-01-31 23:58:00 -> 2022-02-01 01:00:00: ~62min nightly pause, standard-time (hour 23->01) variant; this exact close/reopen-hour pair recurs on the vast majority of weeknights across all 6 dataset years, and the hour flips precisely on EU DST transition weekends.",MEDIUM,False
gapf_382603_20220201_0148,2022-02-01 01:48:00,2022-02-01 01:50:00,2022-02-01 01:49:00,2022-02-01 01:49:00,2.0,1,Tuesday,Tuesday,01:48,01:50,2022,2,TRAIN,LIKELY_PROVIDER_HISTORY_GAP,LIKELY_PROVIDER_HISTORY_GAP,"Isolated small active-session gap, no recurring pattern.","2022-02-01 01:48:00 -> 2022-02-01 01:50:00: isolated 1-bar active-session gap; does not match weekend, session-break, or holiday patterns; below the empirically observed natural break in the missing-bar distribution (no residual gap observed between 9 and 214 missing bars).",LOW,True
gapf_383932_20220201_2358,2022-02-01 23:58:00,2022-02-02 01:00:00,2022-02-01 23:59:00,2022-02-02 00:59:00,62.0,61,Tuesday,Wednesday,23:58,01:00,2022,2,TRAIN,SUSPICIOUS_INTRASESSION,EXPECTED_DAILY_SESSION_BREAK,Recurring nightly broker maintenance/session break.,"2022-02-01 23:58:00 -> 2022-02-02 01:00:00: ~62min nightly pause, standard-time (hour 23->01) variant; this exact close/reopen-hour pair recurs on the vast majority of weeknights across all 6 dataset years, and the hour flips precisely on EU DST transition weekends.",MEDIUM,False
gapf_384186_20220202_0513,2022-02-02 05:13:00,2022-02-02 05:15:00,2022-02-02 05:14:00,2022-02-02 05:14:00,2.0,1,Wednesday,Wednesday,05:13,05:15,2022,2,TRAIN,LIKELY_PROVIDER_HISTORY_GAP,LIKELY_PROVIDER_HISTORY_GAP,"Isolated small active-session gap, no recurring pattern.","2022-02-02 05:13:00 -> 2022-02-02 05:15:00: isolated 1-bar active-session gap; does not match weekend, session-break, or holiday patterns; below the empirically observed natural break in the missing-bar distribution (no residual gap observed between 9 and 214 missing bars).",LOW,True
gapf_385310_20220202_2358,2022-02-02 23:58:00,2022-02-03 01:00:00,2022-02-02 23:59:00,2022-02-03 00:59:00,62.0,61,Wednesday,Thursday,23:58,01:00,2022,2,TRAIN,SUSPICIOUS_INTRASESSION,EXPECTED_DAILY_SESSION_BREAK,Recurring nightly broker maintenance/session break.,"2022-02-02 23:58:00 -> 2022-02-03 01:00:00: ~62min nightly pause, standard-time (hour 23->01) variant; this exact close/reopen-hour pair recurs on the vast majority of weeknights across all 6 dataset years, and the hour flips precisely on EU DST transition weekends.",MEDIUM,False
gapf_386689_20220203_2358,2022-02-03 23:58:00,2022-02-04 01:00:00,2022-02-03 23:59:00,2022-02-04 00:59:00,62.0,61,Thursday,Friday,23:58,01:00,2022,2,TRAIN,SUSPICIOUS_INTRASESSION,EXPECTED_DAILY_SESSION_BREAK,Recurring nightly broker maintenance/session break.,"2022-02-03 23:58:00 -> 2022-02-04 01:00:00: ~62min nightly pause, standard-time (hour 23->01) variant; this exact close/reopen-hour pair recurs on the vast majority of weeknights across all 6 dataset years, and the hour flips precisely on EU DST transition weekends.",MEDIUM,False
gapf_388067_20220204_2357,2022-02-04 23:57:00,2022-02-07 01:00:00,2022-02-04 23:58:00,2022-02-07 00:59:00,2943.0,2942,Friday,Monday,23:57,01:00,2022,2,TRAIN,EXPECTED_WEEKEND,EXPECTED_WEEKEND,Recurring Friday-to-Monday/Tuesday weekend market closure.,"Friday 23:57 close -> Monday 01:00 reopen, delta=2943min; matches the dataset-wide weekend closure pattern observed on every trading week.",HIGH,False
gapf_389443_20220207_2355,2022-02-07 23:55:00,2022-02-07 23:57:00,2022-02-07 23:56:00,2022-02-07 23:56:00,2.0,1,Monday,Monday,23:55,23:57,2022,2,TRAIN,LIKELY_PROVIDER_HISTORY_GAP,LIKELY_PROVIDER_HISTORY_GAP,"Isolated small active-session gap, no recurring pattern.","2022-02-07 23:55:00 -> 2022-02-07 23:57:00: isolated 1-bar active-session gap; does not match weekend, session-break, or holiday patterns; below the empirically observed natural break in the missing-bar distribution (no residual gap observed between 9 and 214 missing bars).",LOW,True
gapf_389445_20220207_2358,2022-02-07 23:58:00,2022-02-08 01:00:00,2022-02-07 23:59:00,2022-02-08 00:59:00,62.0,61,Monday,Tuesday,23:58,01:00,2022,2,TRAIN,SUSPICIOUS_INTRASESSION,EXPECTED_DAILY_SESSION_BREAK,Recurring nightly broker maintenance/session break.,"2022-02-07 23:58:00 -> 2022-02-08 01:00:00: ~62min nightly pause, standard-time (hour 23->01) variant; this exact close/reopen-hour pair recurs on the vast majority of weeknights across all 6 dataset years, and the hour flips precisely on EU DST transition weekends.",MEDIUM,False
gapf_389546_20220208_0240,2022-02-08 02:40:00,2022-02-08 02:42:00,2022-02-08 02:41:00,2022-02-08 02:41:00,2.0,1,Tuesday,Tuesday,02:40,02:42,2022,2,TRAIN,LIKELY_PROVIDER_HISTORY_GAP,LIKELY_PROVIDER_HISTORY_GAP,"Isolated small active-session gap, no recurring pattern.","2022-02-08 02:40:00 -> 2022-02-08 02:42:00: isolated 1-bar active-session gap; does not match weekend, session-break, or holiday patterns; below the empirically observed natural break in the missing-bar distribution (no residual gap observed between 9 and 214 missing bars).",LOW,True
gapf_390823_20220208_2358,2022-02-08 23:58:00,2022-02-09 01:00:00,2022-02-08 23:59:00,2022-02-09 00:59:00,62.0,61,Tuesday,Wednesday,23:58,01:00,2022,2,TRAIN,SUSPICIOUS_INTRASESSION,EXPECTED_DAILY_SESSION_BREAK,Recurring nightly broker maintenance/session break.,"2022-02-08 23:58:00 -> 2022-02-09 01:00:00: ~62min nightly pause, standard-time (hour 23->01) variant; this exact close/reopen-hour pair recurs on the vast majority of weeknights across all 6 dataset years, and the hour flips precisely on EU DST transition weekends.",MEDIUM,False
gapf_392202_20220209_2358,2022-02-09 23:58:00,2022-02-10 01:00:00,2022-02-09 23:59:00,2022-02-10 00:59:00,62.0,61,Wednesday,Thursday,23:58,01:00,2022,2,TRAIN,SUSPICIOUS_INTRASESSION,EXPECTED_DAILY_SESSION_BREAK,Recurring nightly broker maintenance/session break.,"2022-02-09 23:58:00 -> 2022-02-10 01:00:00: ~62min nightly pause, standard-time (hour 23->01) variant; this exact close/reopen-hour pair recurs on the vast majority of weeknights across all 6 dataset years, and the hour flips precisely on EU DST transition weekends.",MEDIUM,False
gapf_393581_20220210_2358,2022-02-10 23:58:00,2022-02-11 01:00:00,2022-02-10 23:59:00,2022-02-11 00:59:00,62.0,61,Thursday,Friday,23:58,01:00,2022,2,TRAIN,SUSPICIOUS_INTRASESSION,EXPECTED_DAILY_SESSION_BREAK,Recurring nightly broker maintenance/session break.,"2022-02-10 23:58:00 -> 2022-02-11 01:00:00: ~62min nightly pause, standard-time (hour 23->01) variant; this exact close/reopen-hour pair recurs on the vast majority of weeknights across all 6 dataset years, and the hour flips precisely on EU DST transition weekends.",MEDIUM,False
gapf_394959_20220211_2357,2022-02-11 23:57:00,2022-02-14 01:00:00,2022-02-11 23:58:00,2022-02-14 00:59:00,2943.0,2942,Friday,Monday,23:57,01:00,2022,2,TRAIN,EXPECTED_WEEKEND,EXPECTED_WEEKEND,Recurring Friday-to-Monday/Tuesday weekend market closure.,"Friday 23:57 close -> Monday 01:00 reopen, delta=2943min; matches the dataset-wide weekend closure pattern observed on every trading week.",HIGH,False
gapf_396338_20220214_2358,2022-02-14 23:58:00,2022-02-15 01:00:00,2022-02-14 23:59:00,2022-02-15 00:59:00,62.0,61,Monday,Tuesday,23:58,01:00,2022,2,TRAIN,SUSPICIOUS_INTRASESSION,EXPECTED_DAILY_SESSION_BREAK,Recurring nightly broker maintenance/session break.,"2022-02-14 23:58:00 -> 2022-02-15 01:00:00: ~62min nightly pause, standard-time (hour 23->01) variant; this exact close/reopen-hour pair recurs on the vast majority of weeknights across all 6 dataset years, and the hour flips precisely on EU DST transition weekends.",MEDIUM,False
gapf_397717_20220215_2358,2022-02-15 23:58:00,2022-02-16 01:00:00,2022-02-15 23:59:00,2022-02-16 00:59:00,62.0,61,Tuesday,Wednesday,23:58,01:00,2022,2,TRAIN,SUSPICIOUS_INTRASESSION,EXPECTED_DAILY_SESSION_BREAK,Recurring nightly broker maintenance/session break.,"2022-02-15 23:58:00 -> 2022-02-16 01:00:00: ~62min nightly pause, standard-time (hour 23->01) variant; this exact close/reopen-hour pair recurs on the vast majority of weeknights across all 6 dataset years, and the hour flips precisely on EU DST transition weekends.",MEDIUM,False
gapf_399096_20220216_2358,2022-02-16 23:58:00,2022-02-17 01:00:00,2022-02-16 23:59:00,2022-02-17 00:59:00,62.0,61,Wednesday,Thursday,23:58,01:00,2022,2,TRAIN,SUSPICIOUS_INTRASESSION,EXPECTED_DAILY_SESSION_BREAK,Recurring nightly broker maintenance/session break.,"2022-02-16 23:58:00 -> 2022-02-17 01:00:00: ~62min nightly pause, standard-time (hour 23->01) variant; this exact close/reopen-hour pair recurs on the vast majority of weeknights across all 6 dataset years, and the hour flips precisely on EU DST transition weekends.",MEDIUM,False
gapf_400475_20220217_2358,2022-02-17 23:58:00,2022-02-18 01:00:00,2022-02-17 23:59:00,2022-02-18 00:59:00,62.0,61,Thursday,Friday,23:58,01:00,2022,2,TRAIN,SUSPICIOUS_INTRASESSION,EXPECTED_DAILY_SESSION_BREAK,Recurring nightly broker maintenance/session break.,"2022-02-17 23:58:00 -> 2022-02-18 01:00:00: ~62min nightly pause, standard-time (hour 23->01) variant; this exact close/reopen-hour pair recurs on the vast majority of weeknights across all 6 dataset years, and the hour flips precisely on EU DST transition weekends.",MEDIUM,False
gapf_401853_20220218_2357,2022-02-18 23:57:00,2022-02-21 01:00:00,2022-02-18 23:58:00,2022-02-21 00:59:00,2943.0,2942,Friday,Monday,23:57,01:00,2022,2,TRAIN,EXPECTED_WEEKEND,EXPECTED_WEEKEND,Recurring Friday-to-Monday/Tuesday weekend market closure.,"Friday 23:57 close -> Monday 01:00 reopen, delta=2943min; matches the dataset-wide weekend closure pattern observed on every trading week.",HIGH,False
gapf_403079_20220221_2125,2022-02-21 21:25:00,2022-02-22 01:00:00,2022-02-21 21:26:00,2022-02-22 00:59:00,215.0,214,Monday,Tuesday,21:25,01:00,2022,2,TRAIN,SUSPICIOUS_INTRASESSION,EXPECTED_HOLIDAY_OR_CLOSURE,US federal market holiday early close (PRESIDENTS_DAY).,"2022-02-21 21:25:00 matches computed US federal holiday date (PRESIDENTS_DAY); early close at 21:25 UTC, reopen 01:00 UTC next day; recurring pattern observed across multiple dataset years.",MEDIUM,False
gapf_404458_20220222_2358,2022-02-22 23:58:00,2022-02-23 01:00:00,2022-02-22 23:59:00,2022-02-23 00:59:00,62.0,61,Tuesday,Wednesday,23:58,01:00,2022,2,TRAIN,SUSPICIOUS_INTRASESSION,EXPECTED_DAILY_SESSION_BREAK,Recurring nightly broker maintenance/session break.,"2022-02-22 23:58:00 -> 2022-02-23 01:00:00: ~62min nightly pause, standard-time (hour 23->01) variant; this exact close/reopen-hour pair recurs on the vast majority of weeknights across all 6 dataset years, and the hour flips precisely on EU DST transition weekends.",MEDIUM,False
gapf_405837_20220223_2358,2022-02-23 23:58:00,2022-02-24 01:00:00,2022-02-23 23:59:00,2022-02-24 00:59:00,62.0,61,Wednesday,Thursday,23:58,01:00,2022,2,TRAIN,SUSPICIOUS_INTRASESSION,EXPECTED_DAILY_SESSION_BREAK,Recurring nightly broker maintenance/session break.,"2022-02-23 23:58:00 -> 2022-02-24 01:00:00: ~62min nightly pause, standard-time (hour 23->01) variant; this exact close/reopen-hour pair recurs on the vast majority of weeknights across all 6 dataset years, and the hour flips precisely on EU DST transition weekends.",MEDIUM,False
gapf_407216_20220224_2358,2022-02-24 23:58:00,2022-02-25 01:00:00,2022-02-24 23:59:00,2022-02-25 00:59:00,62.0,61,Thursday,Friday,23:58,01:00,2022,2,TRAIN,SUSPICIOUS_INTRASESSION,EXPECTED_DAILY_SESSION_BREAK,Recurring nightly broker maintenance/session break.,"2022-02-24 23:58:00 -> 2022-02-25 01:00:00: ~62min nightly pause, standard-time (hour 23->01) variant; this exact close/reopen-hour pair recurs on the vast majority of weeknights across all 6 dataset years, and the hour flips precisely on EU DST transition weekends.",MEDIUM,False
gapf_408594_20220225_2357,2022-02-25 23:57:00,2022-02-28 01:00:00,2022-02-25 23:58:00,2022-02-28 00:59:00,2943.0,2942,Friday,Monday,23:57,01:00,2022,2,TRAIN,EXPECTED_WEEKEND,EXPECTED_WEEKEND,Recurring Friday-to-Monday/Tuesday weekend market closure.,"Friday 23:57 close -> Monday 01:00 reopen, delta=2943min; matches the dataset-wide weekend closure pattern observed on every trading week.",HIGH,False
gapf_409973_20220228_2358,2022-02-28 23:58:00,2022-03-01 01:00:00,2022-02-28 23:59:00,2022-03-01 00:59:00,62.0,61,Monday,Tuesday,23:58,01:00,2022,2,TRAIN,SUSPICIOUS_INTRASESSION,EXPECTED_DAILY_SESSION_BREAK,Recurring nightly broker maintenance/session break.,"2022-02-28 23:58:00 -> 2022-03-01 01:00:00: ~62min nightly pause, standard-time (hour 23->01) variant; this exact close/reopen-hour pair recurs on the vast majority of weeknights across all 6 dataset years, and the hour flips precisely on EU DST transition weekends.",MEDIUM,False
gapf_411352_20220301_2358,2022-03-01 23:58:00,2022-03-02 01:00:00,2022-03-01 23:59:00,2022-03-02 00:59:00,62.0,61,Tuesday,Wednesday,23:58,01:00,2022,3,TRAIN,SUSPICIOUS_INTRASESSION,EXPECTED_DAILY_SESSION_BREAK,Recurring nightly broker maintenance/session break.,"2022-03-01 23:58:00 -> 2022-03-02 01:00:00: ~62min nightly pause, standard-time (hour 23->01) variant; this exact close/reopen-hour pair recurs on the vast majority of weeknights across all 6 dataset years, and the hour flips precisely on EU DST transition weekends.",MEDIUM,False
gapf_412731_20220302_2358,2022-03-02 23:58:00,2022-03-03 01:00:00,2022-03-02 23:59:00,2022-03-03 00:59:00,62.0,61,Wednesday,Thursday,23:58,01:00,2022,3,TRAIN,SUSPICIOUS_INTRASESSION,EXPECTED_DAILY_SESSION_BREAK,Recurring nightly broker maintenance/session break.,"2022-03-02 23:58:00 -> 2022-03-03 01:00:00: ~62min nightly pause, standard-time (hour 23->01) variant; this exact close/reopen-hour pair recurs on the vast majority of weeknights across all 6 dataset years, and the hour flips precisely on EU DST transition weekends.",MEDIUM,False
gapf_414110_20220303_2358,2022-03-03 23:58:00,2022-03-04 01:00:00,2022-03-03 23:59:00,2022-03-04 00:59:00,62.0,61,Thursday,Friday,23:58,01:00,2022,3,TRAIN,SUSPICIOUS_INTRASESSION,EXPECTED_DAILY_SESSION_BREAK,Recurring nightly broker maintenance/session break.,"2022-03-03 23:58:00 -> 2022-03-04 01:00:00: ~62min nightly pause, standard-time (hour 23->01) variant; this exact close/reopen-hour pair recurs on the vast majority of weeknights across all 6 dataset years, and the hour flips precisely on EU DST transition weekends.",MEDIUM,False
gapf_414711_20220304_1100,2022-03-04 11:00:00,2022-03-04 11:02:00,2022-03-04 11:01:00,2022-03-04 11:01:00,2.0,1,Friday,Friday,11:00,11:02,2022,3,TRAIN,LIKELY_PROVIDER_HISTORY_GAP,LIKELY_PROVIDER_HISTORY_GAP,"Isolated small active-session gap, no recurring pattern.","2022-03-04 11:00:00 -> 2022-03-04 11:02:00: isolated 1-bar active-session gap; does not match weekend, session-break, or holiday patterns; below the empirically observed natural break in the missing-bar distribution (no residual gap observed between 9 and 214 missing bars).",LOW,True
gapf_415487_20220304_2357,2022-03-04 23:57:00,2022-03-07 01:00:00,2022-03-04 23:58:00,2022-03-07 00:59:00,2943.0,2942,Friday,Monday,23:57,01:00,2022,3,TRAIN,EXPECTED_WEEKEND,EXPECTED_WEEKEND,Recurring Friday-to-Monday/Tuesday weekend market closure.,"Friday 23:57 close -> Monday 01:00 reopen, delta=2943min; matches the dataset-wide weekend closure pattern observed on every trading week.",HIGH,False
gapf_416866_20220307_2358,2022-03-07 23:58:00,2022-03-08 01:00:00,2022-03-07 23:59:00,2022-03-08 00:59:00,62.0,61,Monday,Tuesday,23:58,01:00,2022,3,TRAIN,SUSPICIOUS_INTRASESSION,EXPECTED_DAILY_SESSION_BREAK,Recurring nightly broker maintenance/session break.,"2022-03-07 23:58:00 -> 2022-03-08 01:00:00: ~62min nightly pause, standard-time (hour 23->01) variant; this exact close/reopen-hour pair recurs on the vast majority of weeknights across all 6 dataset years, and the hour flips precisely on EU DST transition weekends.",MEDIUM,False
gapf_418245_20220308_2358,2022-03-08 23:58:00,2022-03-09 01:00:00,2022-03-08 23:59:00,2022-03-09 00:59:00,62.0,61,Tuesday,Wednesday,23:58,01:00,2022,3,TRAIN,SUSPICIOUS_INTRASESSION,EXPECTED_DAILY_SESSION_BREAK,Recurring nightly broker maintenance/session break.,"2022-03-08 23:58:00 -> 2022-03-09 01:00:00: ~62min nightly pause, standard-time (hour 23->01) variant; this exact close/reopen-hour pair recurs on the vast majority of weeknights across all 6 dataset years, and the hour flips precisely on EU DST transition weekends.",MEDIUM,False
gapf_419624_20220309_2358,2022-03-09 23:58:00,2022-03-10 01:00:00,2022-03-09 23:59:00,2022-03-10 00:59:00,62.0,61,Wednesday,Thursday,23:58,01:00,2022,3,TRAIN,SUSPICIOUS_INTRASESSION,EXPECTED_DAILY_SESSION_BREAK,Recurring nightly broker maintenance/session break.,"2022-03-09 23:58:00 -> 2022-03-10 01:00:00: ~62min nightly pause, standard-time (hour 23->01) variant; this exact close/reopen-hour pair recurs on the vast majority of weeknights across all 6 dataset years, and the hour flips precisely on EU DST transition weekends.",MEDIUM,False
gapf_421003_20220310_2358,2022-03-10 23:58:00,2022-03-11 01:00:00,2022-03-10 23:59:00,2022-03-11 00:59:00,62.0,61,Thursday,Friday,23:58,01:00,2022,3,TRAIN,SUSPICIOUS_INTRASESSION,EXPECTED_DAILY_SESSION_BREAK,Recurring nightly broker maintenance/session break.,"2022-03-10 23:58:00 -> 2022-03-11 01:00:00: ~62min nightly pause, standard-time (hour 23->01) variant; this exact close/reopen-hour pair recurs on the vast majority of weeknights across all 6 dataset years, and the hour flips precisely on EU DST transition weekends.",MEDIUM,False
gapf_422381_20220311_2357,2022-03-11 23:57:00,2022-03-14 00:00:00,2022-03-11 23:58:00,2022-03-13 23:59:00,2883.0,2882,Friday,Monday,23:57,00:00,2022,3,TRAIN,EXPECTED_WEEKEND,EXPECTED_WEEKEND,Recurring Friday-to-Monday/Tuesday weekend market closure.,"Friday 23:57 close -> Monday 00:00 reopen, delta=2883min; matches the dataset-wide weekend closure pattern observed on every trading week.",HIGH,False
gapf_423760_20220314_2258,2022-03-14 22:58:00,2022-03-15 00:00:00,2022-03-14 22:59:00,2022-03-14 23:59:00,62.0,61,Monday,Tuesday,22:58,00:00,2022,3,TRAIN,EXPECTED_DAILY_SESSION_BREAK,EXPECTED_DAILY_SESSION_BREAK,Recurring nightly broker maintenance/session break.,"2022-03-14 22:58:00 -> 2022-03-15 00:00:00: ~62min nightly pause, EU-DST-shifted (hour 22->00) variant; this exact close/reopen-hour pair recurs on the vast majority of weeknights across all 6 dataset years, and the hour flips precisely on EU DST transition weekends.",MEDIUM,False
gapf_425139_20220315_2258,2022-03-15 22:58:00,2022-03-16 00:00:00,2022-03-15 22:59:00,2022-03-15 23:59:00,62.0,61,Tuesday,Wednesday,22:58,00:00,2022,3,TRAIN,EXPECTED_DAILY_SESSION_BREAK,EXPECTED_DAILY_SESSION_BREAK,Recurring nightly broker maintenance/session break.,"2022-03-15 22:58:00 -> 2022-03-16 00:00:00: ~62min nightly pause, EU-DST-shifted (hour 22->00) variant; this exact close/reopen-hour pair recurs on the vast majority of weeknights across all 6 dataset years, and the hour flips precisely on EU DST transition weekends.",MEDIUM,False
gapf_426518_20220316_2258,2022-03-16 22:58:00,2022-03-17 00:00:00,2022-03-16 22:59:00,2022-03-16 23:59:00,62.0,61,Wednesday,Thursday,22:58,00:00,2022,3,TRAIN,EXPECTED_DAILY_SESSION_BREAK,EXPECTED_DAILY_SESSION_BREAK,Recurring nightly broker maintenance/session break.,"2022-03-16 22:58:00 -> 2022-03-17 00:00:00: ~62min nightly pause, EU-DST-shifted (hour 22->00) variant; this exact close/reopen-hour pair recurs on the vast majority of weeknights across all 6 dataset years, and the hour flips precisely on EU DST transition weekends.",MEDIUM,False
gapf_427897_20220317_2258,2022-03-17 22:58:00,2022-03-18 00:00:00,2022-03-17 22:59:00,2022-03-17 23:59:00,62.0,61,Thursday,Friday,22:58,00:00,2022,3,TRAIN,EXPECTED_DAILY_SESSION_BREAK,EXPECTED_DAILY_SESSION_BREAK,Recurring nightly broker maintenance/session break.,"2022-03-17 22:58:00 -> 2022-03-18 00:00:00: ~62min nightly pause, EU-DST-shifted (hour 22->00) variant; this exact close/reopen-hour pair recurs on the vast majority of weeknights across all 6 dataset years, and the hour flips precisely on EU DST transition weekends.",MEDIUM,False
gapf_429275_20220318_2257,2022-03-18 22:57:00,2022-03-21 00:00:00,2022-03-18 22:58:00,2022-03-20 23:59:00,2943.0,2942,Friday,Monday,22:57,00:00,2022,3,TRAIN,EXPECTED_WEEKEND,EXPECTED_WEEKEND,Recurring Friday-to-Monday/Tuesday weekend market closure.,"Friday 22:57 close -> Monday 00:00 reopen, delta=2943min; matches the dataset-wide weekend closure pattern observed on every trading week.",HIGH,False
gapf_430654_20220321_2258,2022-03-21 22:58:00,2022-03-22 00:00:00,2022-03-21 22:59:00,2022-03-21 23:59:00,62.0,61,Monday,Tuesday,22:58,00:00,2022,3,TRAIN,EXPECTED_DAILY_SESSION_BREAK,EXPECTED_DAILY_SESSION_BREAK,Recurring nightly broker maintenance/session break.,"2022-03-21 22:58:00 -> 2022-03-22 00:00:00: ~62min nightly pause, EU-DST-shifted (hour 22->00) variant; this exact close/reopen-hour pair recurs on the vast majority of weeknights across all 6 dataset years, and the hour flips precisely on EU DST transition weekends.",MEDIUM,False
gapf_432033_20220322_2258,2022-03-22 22:58:00,2022-03-23 00:00:00,2022-03-22 22:59:00,2022-03-22 23:59:00,62.0,61,Tuesday,Wednesday,22:58,00:00,2022,3,TRAIN,EXPECTED_DAILY_SESSION_BREAK,EXPECTED_DAILY_SESSION_BREAK,Recurring nightly broker maintenance/session break.,"2022-03-22 22:58:00 -> 2022-03-23 00:00:00: ~62min nightly pause, EU-DST-shifted (hour 22->00) variant; this exact close/reopen-hour pair recurs on the vast majority of weeknights across all 6 dataset years, and the hour flips precisely on EU DST transition weekends.",MEDIUM,False
gapf_433412_20220323_2258,2022-03-23 22:58:00,2022-03-24 00:00:00,2022-03-23 22:59:00,2022-03-23 23:59:00,62.0,61,Wednesday,Thursday,22:58,00:00,2022,3,TRAIN,EXPECTED_DAILY_SESSION_BREAK,EXPECTED_DAILY_SESSION_BREAK,Recurring nightly broker maintenance/session break.,"2022-03-23 22:58:00 -> 2022-03-24 00:00:00: ~62min nightly pause, EU-DST-shifted (hour 22->00) variant; this exact close/reopen-hour pair recurs on the vast majority of weeknights across all 6 dataset years, and the hour flips precisely on EU DST transition weekends.",MEDIUM,False
gapf_434791_20220324_2258,2022-03-24 22:58:00,2022-03-25 00:00:00,2022-03-24 22:59:00,2022-03-24 23:59:00,62.0,61,Thursday,Friday,22:58,00:00,2022,3,TRAIN,EXPECTED_DAILY_SESSION_BREAK,EXPECTED_DAILY_SESSION_BREAK,Recurring nightly broker maintenance/session break.,"2022-03-24 22:58:00 -> 2022-03-25 00:00:00: ~62min nightly pause, EU-DST-shifted (hour 22->00) variant; this exact close/reopen-hour pair recurs on the vast majority of weeknights across all 6 dataset years, and the hour flips precisely on EU DST transition weekends.",MEDIUM,False
gapf_436169_20220325_2257,2022-03-25 22:57:00,2022-03-28 01:00:00,2022-03-25 22:58:00,2022-03-28 00:59:00,3003.0,3002,Friday,Monday,22:57,01:00,2022,3,TRAIN,EXPECTED_WEEKEND,EXPECTED_WEEKEND,Recurring Friday-to-Monday/Tuesday weekend market closure.,"Friday 22:57 close -> Monday 01:00 reopen, delta=3003min; matches the dataset-wide weekend closure pattern observed on every trading week.",HIGH,False
gapf_437548_20220328_2358,2022-03-28 23:58:00,2022-03-29 01:00:00,2022-03-28 23:59:00,2022-03-29 00:59:00,62.0,61,Monday,Tuesday,23:58,01:00,2022,3,TRAIN,SUSPICIOUS_INTRASESSION,EXPECTED_DAILY_SESSION_BREAK,Recurring nightly broker maintenance/session break.,"2022-03-28 23:58:00 -> 2022-03-29 01:00:00: ~62min nightly pause, standard-time (hour 23->01) variant; this exact close/reopen-hour pair recurs on the vast majority of weeknights across all 6 dataset years, and the hour flips precisely on EU DST transition weekends.",MEDIUM,False
gapf_438927_20220329_2358,2022-03-29 23:58:00,2022-03-30 01:00:00,2022-03-29 23:59:00,2022-03-30 00:59:00,62.0,61,Tuesday,Wednesday,23:58,01:00,2022,3,TRAIN,SUSPICIOUS_INTRASESSION,EXPECTED_DAILY_SESSION_BREAK,Recurring nightly broker maintenance/session break.,"2022-03-29 23:58:00 -> 2022-03-30 01:00:00: ~62min nightly pause, standard-time (hour 23->01) variant; this exact close/reopen-hour pair recurs on the vast majority of weeknights across all 6 dataset years, and the hour flips precisely on EU DST transition weekends.",MEDIUM,False
gapf_440306_20220330_2358,2022-03-30 23:58:00,2022-03-31 01:00:00,2022-03-30 23:59:00,2022-03-31 00:59:00,62.0,61,Wednesday,Thursday,23:58,01:00,2022,3,TRAIN,SUSPICIOUS_INTRASESSION,EXPECTED_DAILY_SESSION_BREAK,Recurring nightly broker maintenance/session break.,"2022-03-30 23:58:00 -> 2022-03-31 01:00:00: ~62min nightly pause, standard-time (hour 23->01) variant; this exact close/reopen-hour pair recurs on the vast majority of weeknights across all 6 dataset years, and the hour flips precisely on EU DST transition weekends.",MEDIUM,False
gapf_441685_20220331_2358,2022-03-31 23:58:00,2022-04-01 01:00:00,2022-03-31 23:59:00,2022-04-01 00:59:00,62.0,61,Thursday,Friday,23:58,01:00,2022,3,TRAIN,SUSPICIOUS_INTRASESSION,EXPECTED_DAILY_SESSION_BREAK,Recurring nightly broker maintenance/session break.,"2022-03-31 23:58:00 -> 2022-04-01 01:00:00: ~62min nightly pause, standard-time (hour 23->01) variant; this exact close/reopen-hour pair recurs on the vast majority of weeknights across all 6 dataset years, and the hour flips precisely on EU DST transition weekends.",MEDIUM,False
gapf_443063_20220401_2357,2022-04-01 23:57:00,2022-04-04 01:00:00,2022-04-01 23:58:00,2022-04-04 00:59:00,2943.0,2942,Friday,Monday,23:57,01:00,2022,4,TRAIN,EXPECTED_WEEKEND,EXPECTED_WEEKEND,Recurring Friday-to-Monday/Tuesday weekend market closure.,"Friday 23:57 close -> Monday 01:00 reopen, delta=2943min; matches the dataset-wide weekend closure pattern observed on every trading week.",HIGH,False
gapf_444442_20220404_2358,2022-04-04 23:58:00,2022-04-05 01:00:00,2022-04-04 23:59:00,2022-04-05 00:59:00,62.0,61,Monday,Tuesday,23:58,01:00,2022,4,TRAIN,SUSPICIOUS_INTRASESSION,EXPECTED_DAILY_SESSION_BREAK,Recurring nightly broker maintenance/session break.,"2022-04-04 23:58:00 -> 2022-04-05 01:00:00: ~62min nightly pause, standard-time (hour 23->01) variant; this exact close/reopen-hour pair recurs on the vast majority of weeknights across all 6 dataset years, and the hour flips precisely on EU DST transition weekends.",MEDIUM,False
gapf_445821_20220405_2358,2022-04-05 23:58:00,2022-04-06 01:00:00,2022-04-05 23:59:00,2022-04-06 00:59:00,62.0,61,Tuesday,Wednesday,23:58,01:00,2022,4,TRAIN,SUSPICIOUS_INTRASESSION,EXPECTED_DAILY_SESSION_BREAK,Recurring nightly broker maintenance/session break.,"2022-04-05 23:58:00 -> 2022-04-06 01:00:00: ~62min nightly pause, standard-time (hour 23->01) variant; this exact close/reopen-hour pair recurs on the vast majority of weeknights across all 6 dataset years, and the hour flips precisely on EU DST transition weekends.",MEDIUM,False
gapf_447200_20220406_2358,2022-04-06 23:58:00,2022-04-07 01:00:00,2022-04-06 23:59:00,2022-04-07 00:59:00,62.0,61,Wednesday,Thursday,23:58,01:00,2022,4,TRAIN,SUSPICIOUS_INTRASESSION,EXPECTED_DAILY_SESSION_BREAK,Recurring nightly broker maintenance/session break.,"2022-04-06 23:58:00 -> 2022-04-07 01:00:00: ~62min nightly pause, standard-time (hour 23->01) variant; this exact close/reopen-hour pair recurs on the vast majority of weeknights across all 6 dataset years, and the hour flips precisely on EU DST transition weekends.",MEDIUM,False
gapf_448579_20220407_2358,2022-04-07 23:58:00,2022-04-08 01:00:00,2022-04-07 23:59:00,2022-04-08 00:59:00,62.0,61,Thursday,Friday,23:58,01:00,2022,4,TRAIN,SUSPICIOUS_INTRASESSION,EXPECTED_DAILY_SESSION_BREAK,Recurring nightly broker maintenance/session break.,"2022-04-07 23:58:00 -> 2022-04-08 01:00:00: ~62min nightly pause, standard-time (hour 23->01) variant; this exact close/reopen-hour pair recurs on the vast majority of weeknights across all 6 dataset years, and the hour flips precisely on EU DST transition weekends.",MEDIUM,False
gapf_449957_20220408_2357,2022-04-08 23:57:00,2022-04-11 01:00:00,2022-04-08 23:58:00,2022-04-11 00:59:00,2943.0,2942,Friday,Monday,23:57,01:00,2022,4,TRAIN,EXPECTED_WEEKEND,EXPECTED_WEEKEND,Recurring Friday-to-Monday/Tuesday weekend market closure.,"Friday 23:57 close -> Monday 01:00 reopen, delta=2943min; matches the dataset-wide weekend closure pattern observed on every trading week.",HIGH,False
gapf_451336_20220411_2358,2022-04-11 23:58:00,2022-04-12 01:00:00,2022-04-11 23:59:00,2022-04-12 00:59:00,62.0,61,Monday,Tuesday,23:58,01:00,2022,4,TRAIN,SUSPICIOUS_INTRASESSION,EXPECTED_DAILY_SESSION_BREAK,Recurring nightly broker maintenance/session break.,"2022-04-11 23:58:00 -> 2022-04-12 01:00:00: ~62min nightly pause, standard-time (hour 23->01) variant; this exact close/reopen-hour pair recurs on the vast majority of weeknights across all 6 dataset years, and the hour flips precisely on EU DST transition weekends.",MEDIUM,False
gapf_452715_20220412_2358,2022-04-12 23:58:00,2022-04-13 01:00:00,2022-04-12 23:59:00,2022-04-13 00:59:00,62.0,61,Tuesday,Wednesday,23:58,01:00,2022,4,TRAIN,SUSPICIOUS_INTRASESSION,EXPECTED_DAILY_SESSION_BREAK,Recurring nightly broker maintenance/session break.,"2022-04-12 23:58:00 -> 2022-04-13 01:00:00: ~62min nightly pause, standard-time (hour 23->01) variant; this exact close/reopen-hour pair recurs on the vast majority of weeknights across all 6 dataset years, and the hour flips precisely on EU DST transition weekends.",MEDIUM,False
gapf_454094_20220413_2358,2022-04-13 23:58:00,2022-04-14 01:00:00,2022-04-13 23:59:00,2022-04-14 00:59:00,62.0,61,Wednesday,Thursday,23:58,01:00,2022,4,TRAIN,SUSPICIOUS_INTRASESSION,EXPECTED_DAILY_SESSION_BREAK,Recurring nightly broker maintenance/session break.,"2022-04-13 23:58:00 -> 2022-04-14 01:00:00: ~62min nightly pause, standard-time (hour 23->01) variant; this exact close/reopen-hour pair recurs on the vast majority of weeknights across all 6 dataset years, and the hour flips precisely on EU DST transition weekends.",MEDIUM,False
gapf_455473_20220414_2358,2022-04-14 23:58:00,2022-04-18 01:00:00,2022-04-14 23:59:00,2022-04-18 00:59:00,4382.0,4381,Thursday,Monday,23:58,01:00,2022,4,TRAIN,EXPECTED_WEEKEND,EXPECTED_HOLIDAY_OR_CLOSURE,Good Friday / Easter closure.,2022-04-14 23:58:00 falls within the computed Good-Friday/Easter window for 2022 (Easter Sunday 2022-04-17); ~73.0h closure. Only weakly recurring in this specific broker history (not every observed Good Friday produced a distinct extra gap beyond the ordinary weekend).,LOW,True
gapf_456852_20220418_2358,2022-04-18 23:58:00,2022-04-19 01:00:00,2022-04-18 23:59:00,2022-04-19 00:59:00,62.0,61,Monday,Tuesday,23:58,01:00,2022,4,TRAIN,SUSPICIOUS_INTRASESSION,EXPECTED_DAILY_SESSION_BREAK,Recurring nightly broker maintenance/session break.,"2022-04-18 23:58:00 -> 2022-04-19 01:00:00: ~62min nightly pause, standard-time (hour 23->01) variant; this exact close/reopen-hour pair recurs on the vast majority of weeknights across all 6 dataset years, and the hour flips precisely on EU DST transition weekends.",MEDIUM,False
gapf_458231_20220419_2358,2022-04-19 23:58:00,2022-04-20 01:00:00,2022-04-19 23:59:00,2022-04-20 00:59:00,62.0,61,Tuesday,Wednesday,23:58,01:00,2022,4,TRAIN,SUSPICIOUS_INTRASESSION,EXPECTED_DAILY_SESSION_BREAK,Recurring nightly broker maintenance/session break.,"2022-04-19 23:58:00 -> 2022-04-20 01:00:00: ~62min nightly pause, standard-time (hour 23->01) variant; this exact close/reopen-hour pair recurs on the vast majority of weeknights across all 6 dataset years, and the hour flips precisely on EU DST transition weekends.",MEDIUM,False
gapf_459610_20220420_2358,2022-04-20 23:58:00,2022-04-21 01:00:00,2022-04-20 23:59:00,2022-04-21 00:59:00,62.0,61,Wednesday,Thursday,23:58,01:00,2022,4,TRAIN,SUSPICIOUS_INTRASESSION,EXPECTED_DAILY_SESSION_BREAK,Recurring nightly broker maintenance/session break.,"2022-04-20 23:58:00 -> 2022-04-21 01:00:00: ~62min nightly pause, standard-time (hour 23->01) variant; this exact close/reopen-hour pair recurs on the vast majority of weeknights across all 6 dataset years, and the hour flips precisely on EU DST transition weekends.",MEDIUM,False
gapf_460989_20220421_2358,2022-04-21 23:58:00,2022-04-22 01:00:00,2022-04-21 23:59:00,2022-04-22 00:59:00,62.0,61,Thursday,Friday,23:58,01:00,2022,4,TRAIN,SUSPICIOUS_INTRASESSION,EXPECTED_DAILY_SESSION_BREAK,Recurring nightly broker maintenance/session break.,"2022-04-21 23:58:00 -> 2022-04-22 01:00:00: ~62min nightly pause, standard-time (hour 23->01) variant; this exact close/reopen-hour pair recurs on the vast majority of weeknights across all 6 dataset years, and the hour flips precisely on EU DST transition weekends.",MEDIUM,False
gapf_462367_20220422_2357,2022-04-22 23:57:00,2022-04-25 01:00:00,2022-04-22 23:58:00,2022-04-25 00:59:00,2943.0,2942,Friday,Monday,23:57,01:00,2022,4,TRAIN,EXPECTED_WEEKEND,EXPECTED_WEEKEND,Recurring Friday-to-Monday/Tuesday weekend market closure.,"Friday 23:57 close -> Monday 01:00 reopen, delta=2943min; matches the dataset-wide weekend closure pattern observed on every trading week.",HIGH,False
gapf_463746_20220425_2358,2022-04-25 23:58:00,2022-04-26 01:00:00,2022-04-25 23:59:00,2022-04-26 00:59:00,62.0,61,Monday,Tuesday,23:58,01:00,2022,4,TRAIN,SUSPICIOUS_INTRASESSION,EXPECTED_DAILY_SESSION_BREAK,Recurring nightly broker maintenance/session break.,"2022-04-25 23:58:00 -> 2022-04-26 01:00:00: ~62min nightly pause, standard-time (hour 23->01) variant; this exact close/reopen-hour pair recurs on the vast majority of weeknights across all 6 dataset years, and the hour flips precisely on EU DST transition weekends.",MEDIUM,False
gapf_465125_20220426_2358,2022-04-26 23:58:00,2022-04-27 01:00:00,2022-04-26 23:59:00,2022-04-27 00:59:00,62.0,61,Tuesday,Wednesday,23:58,01:00,2022,4,TRAIN,SUSPICIOUS_INTRASESSION,EXPECTED_DAILY_SESSION_BREAK,Recurring nightly broker maintenance/session break.,"2022-04-26 23:58:00 -> 2022-04-27 01:00:00: ~62min nightly pause, standard-time (hour 23->01) variant; this exact close/reopen-hour pair recurs on the vast majority of weeknights across all 6 dataset years, and the hour flips precisely on EU DST transition weekends.",MEDIUM,False
gapf_466504_20220427_2358,2022-04-27 23:58:00,2022-04-28 01:00:00,2022-04-27 23:59:00,2022-04-28 00:59:00,62.0,61,Wednesday,Thursday,23:58,01:00,2022,4,TRAIN,SUSPICIOUS_INTRASESSION,EXPECTED_DAILY_SESSION_BREAK,Recurring nightly broker maintenance/session break.,"2022-04-27 23:58:00 -> 2022-04-28 01:00:00: ~62min nightly pause, standard-time (hour 23->01) variant; this exact close/reopen-hour pair recurs on the vast majority of weeknights across all 6 dataset years, and the hour flips precisely on EU DST transition weekends.",MEDIUM,False
gapf_467883_20220428_2358,2022-04-28 23:58:00,2022-04-29 01:00:00,2022-04-28 23:59:00,2022-04-29 00:59:00,62.0,61,Thursday,Friday,23:58,01:00,2022,4,TRAIN,SUSPICIOUS_INTRASESSION,EXPECTED_DAILY_SESSION_BREAK,Recurring nightly broker maintenance/session break.,"2022-04-28 23:58:00 -> 2022-04-29 01:00:00: ~62min nightly pause, standard-time (hour 23->01) variant; this exact close/reopen-hour pair recurs on the vast majority of weeknights across all 6 dataset years, and the hour flips precisely on EU DST transition weekends.",MEDIUM,False
gapf_469261_20220429_2357,2022-04-29 23:57:00,2022-05-02 01:00:00,2022-04-29 23:58:00,2022-05-02 00:59:00,2943.0,2942,Friday,Monday,23:57,01:00,2022,4,TRAIN,EXPECTED_WEEKEND,EXPECTED_WEEKEND,Recurring Friday-to-Monday/Tuesday weekend market closure.,"Friday 23:57 close -> Monday 01:00 reopen, delta=2943min; matches the dataset-wide weekend closure pattern observed on every trading week.",HIGH,False
gapf_470640_20220502_2358,2022-05-02 23:58:00,2022-05-03 01:00:00,2022-05-02 23:59:00,2022-05-03 00:59:00,62.0,61,Monday,Tuesday,23:58,01:00,2022,5,TRAIN,SUSPICIOUS_INTRASESSION,EXPECTED_DAILY_SESSION_BREAK,Recurring nightly broker maintenance/session break.,"2022-05-02 23:58:00 -> 2022-05-03 01:00:00: ~62min nightly pause, standard-time (hour 23->01) variant; this exact close/reopen-hour pair recurs on the vast majority of weeknights across all 6 dataset years, and the hour flips precisely on EU DST transition weekends.",MEDIUM,False
gapf_472019_20220503_2358,2022-05-03 23:58:00,2022-05-04 01:00:00,2022-05-03 23:59:00,2022-05-04 00:59:00,62.0,61,Tuesday,Wednesday,23:58,01:00,2022,5,TRAIN,SUSPICIOUS_INTRASESSION,EXPECTED_DAILY_SESSION_BREAK,Recurring nightly broker maintenance/session break.,"2022-05-03 23:58:00 -> 2022-05-04 01:00:00: ~62min nightly pause, standard-time (hour 23->01) variant; this exact close/reopen-hour pair recurs on the vast majority of weeknights across all 6 dataset years, and the hour flips precisely on EU DST transition weekends.",MEDIUM,False
gapf_473398_20220504_2358,2022-05-04 23:58:00,2022-05-05 01:00:00,2022-05-04 23:59:00,2022-05-05 00:59:00,62.0,61,Wednesday,Thursday,23:58,01:00,2022,5,TRAIN,SUSPICIOUS_INTRASESSION,EXPECTED_DAILY_SESSION_BREAK,Recurring nightly broker maintenance/session break.,"2022-05-04 23:58:00 -> 2022-05-05 01:00:00: ~62min nightly pause, standard-time (hour 23->01) variant; this exact close/reopen-hour pair recurs on the vast majority of weeknights across all 6 dataset years, and the hour flips precisely on EU DST transition weekends.",MEDIUM,False
gapf_474777_20220505_2358,2022-05-05 23:58:00,2022-05-06 01:00:00,2022-05-05 23:59:00,2022-05-06 00:59:00,62.0,61,Thursday,Friday,23:58,01:00,2022,5,TRAIN,SUSPICIOUS_INTRASESSION,EXPECTED_DAILY_SESSION_BREAK,Recurring nightly broker maintenance/session break.,"2022-05-05 23:58:00 -> 2022-05-06 01:00:00: ~62min nightly pause, standard-time (hour 23->01) variant; this exact close/reopen-hour pair recurs on the vast majority of weeknights across all 6 dataset years, and the hour flips precisely on EU DST transition weekends.",MEDIUM,False
gapf_476155_20220506_2357,2022-05-06 23:57:00,2022-05-09 01:00:00,2022-05-06 23:58:00,2022-05-09 00:59:00,2943.0,2942,Friday,Monday,23:57,01:00,2022,5,TRAIN,EXPECTED_WEEKEND,EXPECTED_WEEKEND,Recurring Friday-to-Monday/Tuesday weekend market closure.,"Friday 23:57 close -> Monday 01:00 reopen, delta=2943min; matches the dataset-wide weekend closure pattern observed on every trading week.",HIGH,False
gapf_477534_20220509_2358,2022-05-09 23:58:00,2022-05-10 01:00:00,2022-05-09 23:59:00,2022-05-10 00:59:00,62.0,61,Monday,Tuesday,23:58,01:00,2022,5,TRAIN,SUSPICIOUS_INTRASESSION,EXPECTED_DAILY_SESSION_BREAK,Recurring nightly broker maintenance/session break.,"2022-05-09 23:58:00 -> 2022-05-10 01:00:00: ~62min nightly pause, standard-time (hour 23->01) variant; this exact close/reopen-hour pair recurs on the vast majority of weeknights across all 6 dataset years, and the hour flips precisely on EU DST transition weekends.",MEDIUM,False
gapf_478913_20220510_2358,2022-05-10 23:58:00,2022-05-11 01:00:00,2022-05-10 23:59:00,2022-05-11 00:59:00,62.0,61,Tuesday,Wednesday,23:58,01:00,2022,5,TRAIN,SUSPICIOUS_INTRASESSION,EXPECTED_DAILY_SESSION_BREAK,Recurring nightly broker maintenance/session break.,"2022-05-10 23:58:00 -> 2022-05-11 01:00:00: ~62min nightly pause, standard-time (hour 23->01) variant; this exact close/reopen-hour pair recurs on the vast majority of weeknights across all 6 dataset years, and the hour flips precisely on EU DST transition weekends.",MEDIUM,False
gapf_480292_20220511_2358,2022-05-11 23:58:00,2022-05-12 01:00:00,2022-05-11 23:59:00,2022-05-12 00:59:00,62.0,61,Wednesday,Thursday,23:58,01:00,2022,5,TRAIN,SUSPICIOUS_INTRASESSION,EXPECTED_DAILY_SESSION_BREAK,Recurring nightly broker maintenance/session break.,"2022-05-11 23:58:00 -> 2022-05-12 01:00:00: ~62min nightly pause, standard-time (hour 23->01) variant; this exact close/reopen-hour pair recurs on the vast majority of weeknights across all 6 dataset years, and the hour flips precisely on EU DST transition weekends.",MEDIUM,False
gapf_481671_20220512_2358,2022-05-12 23:58:00,2022-05-13 01:00:00,2022-05-12 23:59:00,2022-05-13 00:59:00,62.0,61,Thursday,Friday,23:58,01:00,2022,5,TRAIN,SUSPICIOUS_INTRASESSION,EXPECTED_DAILY_SESSION_BREAK,Recurring nightly broker maintenance/session break.,"2022-05-12 23:58:00 -> 2022-05-13 01:00:00: ~62min nightly pause, standard-time (hour 23->01) variant; this exact close/reopen-hour pair recurs on the vast majority of weeknights across all 6 dataset years, and the hour flips precisely on EU DST transition weekends.",MEDIUM,False
gapf_483049_20220513_2357,2022-05-13 23:57:00,2022-05-16 01:00:00,2022-05-13 23:58:00,2022-05-16 00:59:00,2943.0,2942,Friday,Monday,23:57,01:00,2022,5,TRAIN,EXPECTED_WEEKEND,EXPECTED_WEEKEND,Recurring Friday-to-Monday/Tuesday weekend market closure.,"Friday 23:57 close -> Monday 01:00 reopen, delta=2943min; matches the dataset-wide weekend closure pattern observed on every trading week.",HIGH,False
gapf_484428_20220516_2358,2022-05-16 23:58:00,2022-05-17 01:00:00,2022-05-16 23:59:00,2022-05-17 00:59:00,62.0,61,Monday,Tuesday,23:58,01:00,2022,5,TRAIN,SUSPICIOUS_INTRASESSION,EXPECTED_DAILY_SESSION_BREAK,Recurring nightly broker maintenance/session break.,"2022-05-16 23:58:00 -> 2022-05-17 01:00:00: ~62min nightly pause, standard-time (hour 23->01) variant; this exact close/reopen-hour pair recurs on the vast majority of weeknights across all 6 dataset years, and the hour flips precisely on EU DST transition weekends.",MEDIUM,False
gapf_485807_20220517_2358,2022-05-17 23:58:00,2022-05-18 01:00:00,2022-05-17 23:59:00,2022-05-18 00:59:00,62.0,61,Tuesday,Wednesday,23:58,01:00,2022,5,TRAIN,SUSPICIOUS_INTRASESSION,EXPECTED_DAILY_SESSION_BREAK,Recurring nightly broker maintenance/session break.,"2022-05-17 23:58:00 -> 2022-05-18 01:00:00: ~62min nightly pause, standard-time (hour 23->01) variant; this exact close/reopen-hour pair recurs on the vast majority of weeknights across all 6 dataset years, and the hour flips precisely on EU DST transition weekends.",MEDIUM,False
gapf_487186_20220518_2358,2022-05-18 23:58:00,2022-05-19 01:00:00,2022-05-18 23:59:00,2022-05-19 00:59:00,62.0,61,Wednesday,Thursday,23:58,01:00,2022,5,TRAIN,SUSPICIOUS_INTRASESSION,EXPECTED_DAILY_SESSION_BREAK,Recurring nightly broker maintenance/session break.,"2022-05-18 23:58:00 -> 2022-05-19 01:00:00: ~62min nightly pause, standard-time (hour 23->01) variant; this exact close/reopen-hour pair recurs on the vast majority of weeknights across all 6 dataset years, and the hour flips precisely on EU DST transition weekends.",MEDIUM,False
gapf_488565_20220519_2358,2022-05-19 23:58:00,2022-05-20 01:00:00,2022-05-19 23:59:00,2022-05-20 00:59:00,62.0,61,Thursday,Friday,23:58,01:00,2022,5,TRAIN,SUSPICIOUS_INTRASESSION,EXPECTED_DAILY_SESSION_BREAK,Recurring nightly broker maintenance/session break.,"2022-05-19 23:58:00 -> 2022-05-20 01:00:00: ~62min nightly pause, standard-time (hour 23->01) variant; this exact close/reopen-hour pair recurs on the vast majority of weeknights across all 6 dataset years, and the hour flips precisely on EU DST transition weekends.",MEDIUM,False
gapf_489943_20220520_2357,2022-05-20 23:57:00,2022-05-23 01:00:00,2022-05-20 23:58:00,2022-05-23 00:59:00,2943.0,2942,Friday,Monday,23:57,01:00,2022,5,TRAIN,EXPECTED_WEEKEND,EXPECTED_WEEKEND,Recurring Friday-to-Monday/Tuesday weekend market closure.,"Friday 23:57 close -> Monday 01:00 reopen, delta=2943min; matches the dataset-wide weekend closure pattern observed on every trading week.",HIGH,False
gapf_491322_20220523_2358,2022-05-23 23:58:00,2022-05-24 01:00:00,2022-05-23 23:59:00,2022-05-24 00:59:00,62.0,61,Monday,Tuesday,23:58,01:00,2022,5,TRAIN,SUSPICIOUS_INTRASESSION,EXPECTED_DAILY_SESSION_BREAK,Recurring nightly broker maintenance/session break.,"2022-05-23 23:58:00 -> 2022-05-24 01:00:00: ~62min nightly pause, standard-time (hour 23->01) variant; this exact close/reopen-hour pair recurs on the vast majority of weeknights across all 6 dataset years, and the hour flips precisely on EU DST transition weekends.",MEDIUM,False
gapf_492701_20220524_2358,2022-05-24 23:58:00,2022-05-25 01:00:00,2022-05-24 23:59:00,2022-05-25 00:59:00,62.0,61,Tuesday,Wednesday,23:58,01:00,2022,5,TRAIN,SUSPICIOUS_INTRASESSION,EXPECTED_DAILY_SESSION_BREAK,Recurring nightly broker maintenance/session break.,"2022-05-24 23:58:00 -> 2022-05-25 01:00:00: ~62min nightly pause, standard-time (hour 23->01) variant; this exact close/reopen-hour pair recurs on the vast majority of weeknights across all 6 dataset years, and the hour flips precisely on EU DST transition weekends.",MEDIUM,False
gapf_494080_20220525_2358,2022-05-25 23:58:00,2022-05-26 01:00:00,2022-05-25 23:59:00,2022-05-26 00:59:00,62.0,61,Wednesday,Thursday,23:58,01:00,2022,5,TRAIN,SUSPICIOUS_INTRASESSION,EXPECTED_DAILY_SESSION_BREAK,Recurring nightly broker maintenance/session break.,"2022-05-25 23:58:00 -> 2022-05-26 01:00:00: ~62min nightly pause, standard-time (hour 23->01) variant; this exact close/reopen-hour pair recurs on the vast majority of weeknights across all 6 dataset years, and the hour flips precisely on EU DST transition weekends.",MEDIUM,False
gapf_495459_20220526_2358,2022-05-26 23:58:00,2022-05-27 01:00:00,2022-05-26 23:59:00,2022-05-27 00:59:00,62.0,61,Thursday,Friday,23:58,01:00,2022,5,TRAIN,SUSPICIOUS_INTRASESSION,EXPECTED_DAILY_SESSION_BREAK,Recurring nightly broker maintenance/session break.,"2022-05-26 23:58:00 -> 2022-05-27 01:00:00: ~62min nightly pause, standard-time (hour 23->01) variant; this exact close/reopen-hour pair recurs on the vast majority of weeknights across all 6 dataset years, and the hour flips precisely on EU DST transition weekends.",MEDIUM,False
gapf_496837_20220527_2357,2022-05-27 23:57:00,2022-05-30 01:00:00,2022-05-27 23:58:00,2022-05-30 00:59:00,2943.0,2942,Friday,Monday,23:57,01:00,2022,5,TRAIN,EXPECTED_WEEKEND,EXPECTED_WEEKEND,Recurring Friday-to-Monday/Tuesday weekend market closure.,"Friday 23:57 close -> Monday 01:00 reopen, delta=2943min; matches the dataset-wide weekend closure pattern observed on every trading week.",HIGH,False
gapf_498063_20220530_2125,2022-05-30 21:25:00,2022-05-31 01:00:00,2022-05-30 21:26:00,2022-05-31 00:59:00,215.0,214,Monday,Tuesday,21:25,01:00,2022,5,TRAIN,SUSPICIOUS_INTRASESSION,EXPECTED_HOLIDAY_OR_CLOSURE,US federal market holiday early close (MEMORIAL_DAY).,"2022-05-30 21:25:00 matches computed US federal holiday date (MEMORIAL_DAY); early close at 21:25 UTC, reopen 01:00 UTC next day; recurring pattern observed across multiple dataset years.",MEDIUM,False
gapf_499442_20220531_2358,2022-05-31 23:58:00,2022-06-01 01:00:00,2022-05-31 23:59:00,2022-06-01 00:59:00,62.0,61,Tuesday,Wednesday,23:58,01:00,2022,5,TRAIN,SUSPICIOUS_INTRASESSION,EXPECTED_DAILY_SESSION_BREAK,Recurring nightly broker maintenance/session break.,"2022-05-31 23:58:00 -> 2022-06-01 01:00:00: ~62min nightly pause, standard-time (hour 23->01) variant; this exact close/reopen-hour pair recurs on the vast majority of weeknights across all 6 dataset years, and the hour flips precisely on EU DST transition weekends.",MEDIUM,False
gapf_500821_20220601_2358,2022-06-01 23:58:00,2022-06-02 01:00:00,2022-06-01 23:59:00,2022-06-02 00:59:00,62.0,61,Wednesday,Thursday,23:58,01:00,2022,6,TRAIN,SUSPICIOUS_INTRASESSION,EXPECTED_DAILY_SESSION_BREAK,Recurring nightly broker maintenance/session break.,"2022-06-01 23:58:00 -> 2022-06-02 01:00:00: ~62min nightly pause, standard-time (hour 23->01) variant; this exact close/reopen-hour pair recurs on the vast majority of weeknights across all 6 dataset years, and the hour flips precisely on EU DST transition weekends.",MEDIUM,False
gapf_502200_20220602_2358,2022-06-02 23:58:00,2022-06-03 01:00:00,2022-06-02 23:59:00,2022-06-03 00:59:00,62.0,61,Thursday,Friday,23:58,01:00,2022,6,TRAIN,SUSPICIOUS_INTRASESSION,EXPECTED_DAILY_SESSION_BREAK,Recurring nightly broker maintenance/session break.,"2022-06-02 23:58:00 -> 2022-06-03 01:00:00: ~62min nightly pause, standard-time (hour 23->01) variant; this exact close/reopen-hour pair recurs on the vast majority of weeknights across all 6 dataset years, and the hour flips precisely on EU DST transition weekends.",MEDIUM,False
gapf_502206_20220603_0105,2022-06-03 01:05:00,2022-06-03 01:07:00,2022-06-03 01:06:00,2022-06-03 01:06:00,2.0,1,Friday,Friday,01:05,01:07,2022,6,TRAIN,LIKELY_PROVIDER_HISTORY_GAP,LIKELY_PROVIDER_HISTORY_GAP,"Isolated small active-session gap, no recurring pattern.","2022-06-03 01:05:00 -> 2022-06-03 01:07:00: isolated 1-bar active-session gap; does not match weekend, session-break, or holiday patterns; below the empirically observed natural break in the missing-bar distribution (no residual gap observed between 9 and 214 missing bars).",LOW,True
gapf_502234_20220603_0134,2022-06-03 01:34:00,2022-06-03 01:36:00,2022-06-03 01:35:00,2022-06-03 01:35:00,2.0,1,Friday,Friday,01:34,01:36,2022,6,TRAIN,LIKELY_PROVIDER_HISTORY_GAP,LIKELY_PROVIDER_HISTORY_GAP,"Isolated small active-session gap, no recurring pattern.","2022-06-03 01:34:00 -> 2022-06-03 01:36:00: isolated 1-bar active-session gap; does not match weekend, session-break, or holiday patterns; below the empirically observed natural break in the missing-bar distribution (no residual gap observed between 9 and 214 missing bars).",LOW,True
gapf_503576_20220603_2357,2022-06-03 23:57:00,2022-06-06 01:00:00,2022-06-03 23:58:00,2022-06-06 00:59:00,2943.0,2942,Friday,Monday,23:57,01:00,2022,6,TRAIN,EXPECTED_WEEKEND,EXPECTED_WEEKEND,Recurring Friday-to-Monday/Tuesday weekend market closure.,"Friday 23:57 close -> Monday 01:00 reopen, delta=2943min; matches the dataset-wide weekend closure pattern observed on every trading week.",HIGH,False
gapf_504955_20220606_2358,2022-06-06 23:58:00,2022-06-07 01:00:00,2022-06-06 23:59:00,2022-06-07 00:59:00,62.0,61,Monday,Tuesday,23:58,01:00,2022,6,TRAIN,SUSPICIOUS_INTRASESSION,EXPECTED_DAILY_SESSION_BREAK,Recurring nightly broker maintenance/session break.,"2022-06-06 23:58:00 -> 2022-06-07 01:00:00: ~62min nightly pause, standard-time (hour 23->01) variant; this exact close/reopen-hour pair recurs on the vast majority of weeknights across all 6 dataset years, and the hour flips precisely on EU DST transition weekends.",MEDIUM,False
gapf_506334_20220607_2358,2022-06-07 23:58:00,2022-06-08 01:00:00,2022-06-07 23:59:00,2022-06-08 00:59:00,62.0,61,Tuesday,Wednesday,23:58,01:00,2022,6,TRAIN,SUSPICIOUS_INTRASESSION,EXPECTED_DAILY_SESSION_BREAK,Recurring nightly broker maintenance/session break.,"2022-06-07 23:58:00 -> 2022-06-08 01:00:00: ~62min nightly pause, standard-time (hour 23->01) variant; this exact close/reopen-hour pair recurs on the vast majority of weeknights across all 6 dataset years, and the hour flips precisely on EU DST transition weekends.",MEDIUM,False
gapf_507713_20220608_2358,2022-06-08 23:58:00,2022-06-09 01:00:00,2022-06-08 23:59:00,2022-06-09 00:59:00,62.0,61,Wednesday,Thursday,23:58,01:00,2022,6,TRAIN,SUSPICIOUS_INTRASESSION,EXPECTED_DAILY_SESSION_BREAK,Recurring nightly broker maintenance/session break.,"2022-06-08 23:58:00 -> 2022-06-09 01:00:00: ~62min nightly pause, standard-time (hour 23->01) variant; this exact close/reopen-hour pair recurs on the vast majority of weeknights across all 6 dataset years, and the hour flips precisely on EU DST transition weekends.",MEDIUM,False
gapf_509092_20220609_2358,2022-06-09 23:58:00,2022-06-10 01:00:00,2022-06-09 23:59:00,2022-06-10 00:59:00,62.0,61,Thursday,Friday,23:58,01:00,2022,6,TRAIN,SUSPICIOUS_INTRASESSION,EXPECTED_DAILY_SESSION_BREAK,Recurring nightly broker maintenance/session break.,"2022-06-09 23:58:00 -> 2022-06-10 01:00:00: ~62min nightly pause, standard-time (hour 23->01) variant; this exact close/reopen-hour pair recurs on the vast majority of weeknights across all 6 dataset years, and the hour flips precisely on EU DST transition weekends.",MEDIUM,False
gapf_509102_20220610_0109,2022-06-10 01:09:00,2022-06-10 01:11:00,2022-06-10 01:10:00,2022-06-10 01:10:00,2.0,1,Friday,Friday,01:09,01:11,2022,6,TRAIN,LIKELY_PROVIDER_HISTORY_GAP,LIKELY_PROVIDER_HISTORY_GAP,"Isolated small active-session gap, no recurring pattern.","2022-06-10 01:09:00 -> 2022-06-10 01:11:00: isolated 1-bar active-session gap; does not match weekend, session-break, or holiday patterns; below the empirically observed natural break in the missing-bar distribution (no residual gap observed between 9 and 214 missing bars).",LOW,True
gapf_510469_20220610_2357,2022-06-10 23:57:00,2022-06-13 01:00:00,2022-06-10 23:58:00,2022-06-13 00:59:00,2943.0,2942,Friday,Monday,23:57,01:00,2022,6,TRAIN,EXPECTED_WEEKEND,EXPECTED_WEEKEND,Recurring Friday-to-Monday/Tuesday weekend market closure.,"Friday 23:57 close -> Monday 01:00 reopen, delta=2943min; matches the dataset-wide weekend closure pattern observed on every trading week.",HIGH,False
gapf_511848_20220613_2358,2022-06-13 23:58:00,2022-06-14 01:00:00,2022-06-13 23:59:00,2022-06-14 00:59:00,62.0,61,Monday,Tuesday,23:58,01:00,2022,6,TRAIN,SUSPICIOUS_INTRASESSION,EXPECTED_DAILY_SESSION_BREAK,Recurring nightly broker maintenance/session break.,"2022-06-13 23:58:00 -> 2022-06-14 01:00:00: ~62min nightly pause, standard-time (hour 23->01) variant; this exact close/reopen-hour pair recurs on the vast majority of weeknights across all 6 dataset years, and the hour flips precisely on EU DST transition weekends.",MEDIUM,False
gapf_513227_20220614_2358,2022-06-14 23:58:00,2022-06-15 01:00:00,2022-06-14 23:59:00,2022-06-15 00:59:00,62.0,61,Tuesday,Wednesday,23:58,01:00,2022,6,TRAIN,SUSPICIOUS_INTRASESSION,EXPECTED_DAILY_SESSION_BREAK,Recurring nightly broker maintenance/session break.,"2022-06-14 23:58:00 -> 2022-06-15 01:00:00: ~62min nightly pause, standard-time (hour 23->01) variant; this exact close/reopen-hour pair recurs on the vast majority of weeknights across all 6 dataset years, and the hour flips precisely on EU DST transition weekends.",MEDIUM,False
gapf_514606_20220615_2358,2022-06-15 23:58:00,2022-06-16 01:00:00,2022-06-15 23:59:00,2022-06-16 00:59:00,62.0,61,Wednesday,Thursday,23:58,01:00,2022,6,TRAIN,SUSPICIOUS_INTRASESSION,EXPECTED_DAILY_SESSION_BREAK,Recurring nightly broker maintenance/session break.,"2022-06-15 23:58:00 -> 2022-06-16 01:00:00: ~62min nightly pause, standard-time (hour 23->01) variant; this exact close/reopen-hour pair recurs on the vast majority of weeknights across all 6 dataset years, and the hour flips precisely on EU DST transition weekends.",MEDIUM,False
gapf_515985_20220616_2358,2022-06-16 23:58:00,2022-06-17 01:00:00,2022-06-16 23:59:00,2022-06-17 00:59:00,62.0,61,Thursday,Friday,23:58,01:00,2022,6,TRAIN,SUSPICIOUS_INTRASESSION,EXPECTED_DAILY_SESSION_BREAK,Recurring nightly broker maintenance/session break.,"2022-06-16 23:58:00 -> 2022-06-17 01:00:00: ~62min nightly pause, standard-time (hour 23->01) variant; this exact close/reopen-hour pair recurs on the vast majority of weeknights across all 6 dataset years, and the hour flips precisely on EU DST transition weekends.",MEDIUM,False
gapf_517363_20220617_2357,2022-06-17 23:57:00,2022-06-20 01:00:00,2022-06-17 23:58:00,2022-06-20 00:59:00,2943.0,2942,Friday,Monday,23:57,01:00,2022,6,TRAIN,EXPECTED_WEEKEND,EXPECTED_WEEKEND,Recurring Friday-to-Monday/Tuesday weekend market closure.,"Friday 23:57 close -> Monday 01:00 reopen, delta=2943min; matches the dataset-wide weekend closure pattern observed on every trading week.",HIGH,False
gapf_518589_20220620_2125,2022-06-20 21:25:00,2022-06-21 01:00:00,2022-06-20 21:26:00,2022-06-21 00:59:00,215.0,214,Monday,Tuesday,21:25,01:00,2022,6,TRAIN,SUSPICIOUS_INTRASESSION,EXPECTED_HOLIDAY_OR_CLOSURE,US federal market holiday early close (JUNETEENTH).,"2022-06-20 21:25:00 matches computed US federal holiday date (JUNETEENTH); early close at 21:25 UTC, reopen 01:00 UTC next day; recurring pattern observed across multiple dataset years.",MEDIUM,False
gapf_519968_20220621_2358,2022-06-21 23:58:00,2022-06-22 01:00:00,2022-06-21 23:59:00,2022-06-22 00:59:00,62.0,61,Tuesday,Wednesday,23:58,01:00,2022,6,TRAIN,SUSPICIOUS_INTRASESSION,EXPECTED_DAILY_SESSION_BREAK,Recurring nightly broker maintenance/session break.,"2022-06-21 23:58:00 -> 2022-06-22 01:00:00: ~62min nightly pause, standard-time (hour 23->01) variant; this exact close/reopen-hour pair recurs on the vast majority of weeknights across all 6 dataset years, and the hour flips precisely on EU DST transition weekends.",MEDIUM,False
gapf_521347_20220622_2358,2022-06-22 23:58:00,2022-06-23 01:00:00,2022-06-22 23:59:00,2022-06-23 00:59:00,62.0,61,Wednesday,Thursday,23:58,01:00,2022,6,TRAIN,SUSPICIOUS_INTRASESSION,EXPECTED_DAILY_SESSION_BREAK,Recurring nightly broker maintenance/session break.,"2022-06-22 23:58:00 -> 2022-06-23 01:00:00: ~62min nightly pause, standard-time (hour 23->01) variant; this exact close/reopen-hour pair recurs on the vast majority of weeknights across all 6 dataset years, and the hour flips precisely on EU DST transition weekends.",MEDIUM,False
gapf_521369_20220623_0121,2022-06-23 01:21:00,2022-06-23 01:23:00,2022-06-23 01:22:00,2022-06-23 01:22:00,2.0,1,Thursday,Thursday,01:21,01:23,2022,6,TRAIN,LIKELY_PROVIDER_HISTORY_GAP,LIKELY_PROVIDER_HISTORY_GAP,"Isolated small active-session gap, no recurring pattern.","2022-06-23 01:21:00 -> 2022-06-23 01:23:00: isolated 1-bar active-session gap; does not match weekend, session-break, or holiday patterns; below the empirically observed natural break in the missing-bar distribution (no residual gap observed between 9 and 214 missing bars).",LOW,True
gapf_521371_20220623_0124,2022-06-23 01:24:00,2022-06-23 01:26:00,2022-06-23 01:25:00,2022-06-23 01:25:00,2.0,1,Thursday,Thursday,01:24,01:26,2022,6,TRAIN,LIKELY_PROVIDER_HISTORY_GAP,LIKELY_PROVIDER_HISTORY_GAP,"Isolated small active-session gap, no recurring pattern.","2022-06-23 01:24:00 -> 2022-06-23 01:26:00: isolated 1-bar active-session gap; does not match weekend, session-break, or holiday patterns; below the empirically observed natural break in the missing-bar distribution (no residual gap observed between 9 and 214 missing bars).",LOW,True
gapf_522724_20220623_2358,2022-06-23 23:58:00,2022-06-24 01:00:00,2022-06-23 23:59:00,2022-06-24 00:59:00,62.0,61,Thursday,Friday,23:58,01:00,2022,6,TRAIN,SUSPICIOUS_INTRASESSION,EXPECTED_DAILY_SESSION_BREAK,Recurring nightly broker maintenance/session break.,"2022-06-23 23:58:00 -> 2022-06-24 01:00:00: ~62min nightly pause, standard-time (hour 23->01) variant; this exact close/reopen-hour pair recurs on the vast majority of weeknights across all 6 dataset years, and the hour flips precisely on EU DST transition weekends.",MEDIUM,False
gapf_524102_20220624_2357,2022-06-24 23:57:00,2022-06-27 01:00:00,2022-06-24 23:58:00,2022-06-27 00:59:00,2943.0,2942,Friday,Monday,23:57,01:00,2022,6,TRAIN,EXPECTED_WEEKEND,EXPECTED_WEEKEND,Recurring Friday-to-Monday/Tuesday weekend market closure.,"Friday 23:57 close -> Monday 01:00 reopen, delta=2943min; matches the dataset-wide weekend closure pattern observed on every trading week.",HIGH,False
gapf_525481_20220627_2358,2022-06-27 23:58:00,2022-06-28 01:00:00,2022-06-27 23:59:00,2022-06-28 00:59:00,62.0,61,Monday,Tuesday,23:58,01:00,2022,6,TRAIN,SUSPICIOUS_INTRASESSION,EXPECTED_DAILY_SESSION_BREAK,Recurring nightly broker maintenance/session break.,"2022-06-27 23:58:00 -> 2022-06-28 01:00:00: ~62min nightly pause, standard-time (hour 23->01) variant; this exact close/reopen-hour pair recurs on the vast majority of weeknights across all 6 dataset years, and the hour flips precisely on EU DST transition weekends.",MEDIUM,False
gapf_526860_20220628_2358,2022-06-28 23:58:00,2022-06-29 01:00:00,2022-06-28 23:59:00,2022-06-29 00:59:00,62.0,61,Tuesday,Wednesday,23:58,01:00,2022,6,TRAIN,SUSPICIOUS_INTRASESSION,EXPECTED_DAILY_SESSION_BREAK,Recurring nightly broker maintenance/session break.,"2022-06-28 23:58:00 -> 2022-06-29 01:00:00: ~62min nightly pause, standard-time (hour 23->01) variant; this exact close/reopen-hour pair recurs on the vast majority of weeknights across all 6 dataset years, and the hour flips precisely on EU DST transition weekends.",MEDIUM,False
gapf_528239_20220629_2358,2022-06-29 23:58:00,2022-06-30 01:00:00,2022-06-29 23:59:00,2022-06-30 00:59:00,62.0,61,Wednesday,Thursday,23:58,01:00,2022,6,TRAIN,SUSPICIOUS_INTRASESSION,EXPECTED_DAILY_SESSION_BREAK,Recurring nightly broker maintenance/session break.,"2022-06-29 23:58:00 -> 2022-06-30 01:00:00: ~62min nightly pause, standard-time (hour 23->01) variant; this exact close/reopen-hour pair recurs on the vast majority of weeknights across all 6 dataset years, and the hour flips precisely on EU DST transition weekends.",MEDIUM,False
gapf_529618_20220630_2358,2022-06-30 23:58:00,2022-07-01 01:00:00,2022-06-30 23:59:00,2022-07-01 00:59:00,62.0,61,Thursday,Friday,23:58,01:00,2022,6,TRAIN,SUSPICIOUS_INTRASESSION,EXPECTED_DAILY_SESSION_BREAK,Recurring nightly broker maintenance/session break.,"2022-06-30 23:58:00 -> 2022-07-01 01:00:00: ~62min nightly pause, standard-time (hour 23->01) variant; this exact close/reopen-hour pair recurs on the vast majority of weeknights across all 6 dataset years, and the hour flips precisely on EU DST transition weekends.",MEDIUM,False
gapf_530996_20220701_2357,2022-07-01 23:57:00,2022-07-04 01:00:00,2022-07-01 23:58:00,2022-07-04 00:59:00,2943.0,2942,Friday,Monday,23:57,01:00,2022,7,TRAIN,EXPECTED_WEEKEND,EXPECTED_WEEKEND,Recurring Friday-to-Monday/Tuesday weekend market closure.,"Friday 23:57 close -> Monday 01:00 reopen, delta=2943min; matches the dataset-wide weekend closure pattern observed on every trading week.",HIGH,False
gapf_532183_20220704_2046,2022-07-04 20:46:00,2022-07-04 20:48:00,2022-07-04 20:47:00,2022-07-04 20:47:00,2.0,1,Monday,Monday,20:46,20:48,2022,7,TRAIN,LIKELY_PROVIDER_HISTORY_GAP,LIKELY_PROVIDER_HISTORY_GAP,"Isolated small active-session gap, no recurring pattern.","2022-07-04 20:46:00 -> 2022-07-04 20:48:00: isolated 1-bar active-session gap; does not match weekend, session-break, or holiday patterns; below the empirically observed natural break in the missing-bar distribution (no residual gap observed between 9 and 214 missing bars).",LOW,True
gapf_532221_20220704_2125,2022-07-04 21:25:00,2022-07-05 01:00:00,2022-07-04 21:26:00,2022-07-05 00:59:00,215.0,214,Monday,Tuesday,21:25,01:00,2022,7,TRAIN,SUSPICIOUS_INTRASESSION,EXPECTED_HOLIDAY_OR_CLOSURE,US federal market holiday early close (INDEPENDENCE_DAY).,"2022-07-04 21:25:00 matches computed US federal holiday date (INDEPENDENCE_DAY); early close at 21:25 UTC, reopen 01:00 UTC next day; recurring pattern observed across multiple dataset years.",MEDIUM,False
gapf_533600_20220705_2358,2022-07-05 23:58:00,2022-07-06 01:00:00,2022-07-05 23:59:00,2022-07-06 00:59:00,62.0,61,Tuesday,Wednesday,23:58,01:00,2022,7,TRAIN,SUSPICIOUS_INTRASESSION,EXPECTED_DAILY_SESSION_BREAK,Recurring nightly broker maintenance/session break.,"2022-07-05 23:58:00 -> 2022-07-06 01:00:00: ~62min nightly pause, standard-time (hour 23->01) variant; this exact close/reopen-hour pair recurs on the vast majority of weeknights across all 6 dataset years, and the hour flips precisely on EU DST transition weekends.",MEDIUM,False
gapf_534979_20220706_2358,2022-07-06 23:58:00,2022-07-07 01:00:00,2022-07-06 23:59:00,2022-07-07 00:59:00,62.0,61,Wednesday,Thursday,23:58,01:00,2022,7,TRAIN,SUSPICIOUS_INTRASESSION,EXPECTED_DAILY_SESSION_BREAK,Recurring nightly broker maintenance/session break.,"2022-07-06 23:58:00 -> 2022-07-07 01:00:00: ~62min nightly pause, standard-time (hour 23->01) variant; this exact close/reopen-hour pair recurs on the vast majority of weeknights across all 6 dataset years, and the hour flips precisely on EU DST transition weekends.",MEDIUM,False
gapf_536358_20220707_2358,2022-07-07 23:58:00,2022-07-08 01:00:00,2022-07-07 23:59:00,2022-07-08 00:59:00,62.0,61,Thursday,Friday,23:58,01:00,2022,7,TRAIN,SUSPICIOUS_INTRASESSION,EXPECTED_DAILY_SESSION_BREAK,Recurring nightly broker maintenance/session break.,"2022-07-07 23:58:00 -> 2022-07-08 01:00:00: ~62min nightly pause, standard-time (hour 23->01) variant; this exact close/reopen-hour pair recurs on the vast majority of weeknights across all 6 dataset years, and the hour flips precisely on EU DST transition weekends.",MEDIUM,False
gapf_537736_20220708_2357,2022-07-08 23:57:00,2022-07-11 01:00:00,2022-07-08 23:58:00,2022-07-11 00:59:00,2943.0,2942,Friday,Monday,23:57,01:00,2022,7,TRAIN,EXPECTED_WEEKEND,EXPECTED_WEEKEND,Recurring Friday-to-Monday/Tuesday weekend market closure.,"Friday 23:57 close -> Monday 01:00 reopen, delta=2943min; matches the dataset-wide weekend closure pattern observed on every trading week.",HIGH,False
gapf_539115_20220711_2358,2022-07-11 23:58:00,2022-07-12 01:00:00,2022-07-11 23:59:00,2022-07-12 00:59:00,62.0,61,Monday,Tuesday,23:58,01:00,2022,7,TRAIN,SUSPICIOUS_INTRASESSION,EXPECTED_DAILY_SESSION_BREAK,Recurring nightly broker maintenance/session break.,"2022-07-11 23:58:00 -> 2022-07-12 01:00:00: ~62min nightly pause, standard-time (hour 23->01) variant; this exact close/reopen-hour pair recurs on the vast majority of weeknights across all 6 dataset years, and the hour flips precisely on EU DST transition weekends.",MEDIUM,False
gapf_539171_20220712_0155,2022-07-12 01:55:00,2022-07-12 01:57:00,2022-07-12 01:56:00,2022-07-12 01:56:00,2.0,1,Tuesday,Tuesday,01:55,01:57,2022,7,TRAIN,LIKELY_PROVIDER_HISTORY_GAP,LIKELY_PROVIDER_HISTORY_GAP,"Isolated small active-session gap, no recurring pattern.","2022-07-12 01:55:00 -> 2022-07-12 01:57:00: isolated 1-bar active-session gap; does not match weekend, session-break, or holiday patterns; below the empirically observed natural break in the missing-bar distribution (no residual gap observed between 9 and 214 missing bars).",LOW,True
gapf_540478_20220712_2343,2022-07-12 23:43:00,2022-07-12 23:45:00,2022-07-12 23:44:00,2022-07-12 23:44:00,2.0,1,Tuesday,Tuesday,23:43,23:45,2022,7,TRAIN,LIKELY_PROVIDER_HISTORY_GAP,LIKELY_PROVIDER_HISTORY_GAP,"Isolated small active-session gap, no recurring pattern.","2022-07-12 23:43:00 -> 2022-07-12 23:45:00: isolated 1-bar active-session gap; does not match weekend, session-break, or holiday patterns; below the empirically observed natural break in the missing-bar distribution (no residual gap observed between 9 and 214 missing bars).",LOW,True
gapf_540492_20220712_2358,2022-07-12 23:58:00,2022-07-13 01:00:00,2022-07-12 23:59:00,2022-07-13 00:59:00,62.0,61,Tuesday,Wednesday,23:58,01:00,2022,7,TRAIN,SUSPICIOUS_INTRASESSION,EXPECTED_DAILY_SESSION_BREAK,Recurring nightly broker maintenance/session break.,"2022-07-12 23:58:00 -> 2022-07-13 01:00:00: ~62min nightly pause, standard-time (hour 23->01) variant; this exact close/reopen-hour pair recurs on the vast majority of weeknights across all 6 dataset years, and the hour flips precisely on EU DST transition weekends.",MEDIUM,False
gapf_541871_20220713_2358,2022-07-13 23:58:00,2022-07-14 01:00:00,2022-07-13 23:59:00,2022-07-14 00:59:00,62.0,61,Wednesday,Thursday,23:58,01:00,2022,7,TRAIN,SUSPICIOUS_INTRASESSION,EXPECTED_DAILY_SESSION_BREAK,Recurring nightly broker maintenance/session break.,"2022-07-13 23:58:00 -> 2022-07-14 01:00:00: ~62min nightly pause, standard-time (hour 23->01) variant; this exact close/reopen-hour pair recurs on the vast majority of weeknights across all 6 dataset years, and the hour flips precisely on EU DST transition weekends.",MEDIUM,False
gapf_543250_20220714_2358,2022-07-14 23:58:00,2022-07-15 01:00:00,2022-07-14 23:59:00,2022-07-15 00:59:00,62.0,61,Thursday,Friday,23:58,01:00,2022,7,TRAIN,SUSPICIOUS_INTRASESSION,EXPECTED_DAILY_SESSION_BREAK,Recurring nightly broker maintenance/session break.,"2022-07-14 23:58:00 -> 2022-07-15 01:00:00: ~62min nightly pause, standard-time (hour 23->01) variant; this exact close/reopen-hour pair recurs on the vast majority of weeknights across all 6 dataset years, and the hour flips precisely on EU DST transition weekends.",MEDIUM,False
gapf_544628_20220715_2357,2022-07-15 23:57:00,2022-07-18 01:00:00,2022-07-15 23:58:00,2022-07-18 00:59:00,2943.0,2942,Friday,Monday,23:57,01:00,2022,7,TRAIN,EXPECTED_WEEKEND,EXPECTED_WEEKEND,Recurring Friday-to-Monday/Tuesday weekend market closure.,"Friday 23:57 close -> Monday 01:00 reopen, delta=2943min; matches the dataset-wide weekend closure pattern observed on every trading week.",HIGH,False
gapf_546007_20220718_2358,2022-07-18 23:58:00,2022-07-19 01:00:00,2022-07-18 23:59:00,2022-07-19 00:59:00,62.0,61,Monday,Tuesday,23:58,01:00,2022,7,TRAIN,SUSPICIOUS_INTRASESSION,EXPECTED_DAILY_SESSION_BREAK,Recurring nightly broker maintenance/session break.,"2022-07-18 23:58:00 -> 2022-07-19 01:00:00: ~62min nightly pause, standard-time (hour 23->01) variant; this exact close/reopen-hour pair recurs on the vast majority of weeknights across all 6 dataset years, and the hour flips precisely on EU DST transition weekends.",MEDIUM,False
gapf_547386_20220719_2358,2022-07-19 23:58:00,2022-07-20 01:00:00,2022-07-19 23:59:00,2022-07-20 00:59:00,62.0,61,Tuesday,Wednesday,23:58,01:00,2022,7,TRAIN,SUSPICIOUS_INTRASESSION,EXPECTED_DAILY_SESSION_BREAK,Recurring nightly broker maintenance/session break.,"2022-07-19 23:58:00 -> 2022-07-20 01:00:00: ~62min nightly pause, standard-time (hour 23->01) variant; this exact close/reopen-hour pair recurs on the vast majority of weeknights across all 6 dataset years, and the hour flips precisely on EU DST transition weekends.",MEDIUM,False
gapf_547441_20220720_0154,2022-07-20 01:54:00,2022-07-20 01:56:00,2022-07-20 01:55:00,2022-07-20 01:55:00,2.0,1,Wednesday,Wednesday,01:54,01:56,2022,7,TRAIN,LIKELY_PROVIDER_HISTORY_GAP,LIKELY_PROVIDER_HISTORY_GAP,"Isolated small active-session gap, no recurring pattern.","2022-07-20 01:54:00 -> 2022-07-20 01:56:00: isolated 1-bar active-session gap; does not match weekend, session-break, or holiday patterns; below the empirically observed natural break in the missing-bar distribution (no residual gap observed between 9 and 214 missing bars).",LOW,True
gapf_548764_20220720_2358,2022-07-20 23:58:00,2022-07-21 01:00:00,2022-07-20 23:59:00,2022-07-21 00:59:00,62.0,61,Wednesday,Thursday,23:58,01:00,2022,7,TRAIN,SUSPICIOUS_INTRASESSION,EXPECTED_DAILY_SESSION_BREAK,Recurring nightly broker maintenance/session break.,"2022-07-20 23:58:00 -> 2022-07-21 01:00:00: ~62min nightly pause, standard-time (hour 23->01) variant; this exact close/reopen-hour pair recurs on the vast majority of weeknights across all 6 dataset years, and the hour flips precisely on EU DST transition weekends.",MEDIUM,False
gapf_550143_20220721_2358,2022-07-21 23:58:00,2022-07-22 01:00:00,2022-07-21 23:59:00,2022-07-22 00:59:00,62.0,61,Thursday,Friday,23:58,01:00,2022,7,TRAIN,SUSPICIOUS_INTRASESSION,EXPECTED_DAILY_SESSION_BREAK,Recurring nightly broker maintenance/session break.,"2022-07-21 23:58:00 -> 2022-07-22 01:00:00: ~62min nightly pause, standard-time (hour 23->01) variant; this exact close/reopen-hour pair recurs on the vast majority of weeknights across all 6 dataset years, and the hour flips precisely on EU DST transition weekends.",MEDIUM,False
gapf_551521_20220722_2357,2022-07-22 23:57:00,2022-07-25 01:00:00,2022-07-22 23:58:00,2022-07-25 00:59:00,2943.0,2942,Friday,Monday,23:57,01:00,2022,7,TRAIN,EXPECTED_WEEKEND,EXPECTED_WEEKEND,Recurring Friday-to-Monday/Tuesday weekend market closure.,"Friday 23:57 close -> Monday 01:00 reopen, delta=2943min; matches the dataset-wide weekend closure pattern observed on every trading week.",HIGH,False
gapf_552900_20220725_2358,2022-07-25 23:58:00,2022-07-26 01:00:00,2022-07-25 23:59:00,2022-07-26 00:59:00,62.0,61,Monday,Tuesday,23:58,01:00,2022,7,TRAIN,SUSPICIOUS_INTRASESSION,EXPECTED_DAILY_SESSION_BREAK,Recurring nightly broker maintenance/session break.,"2022-07-25 23:58:00 -> 2022-07-26 01:00:00: ~62min nightly pause, standard-time (hour 23->01) variant; this exact close/reopen-hour pair recurs on the vast majority of weeknights across all 6 dataset years, and the hour flips precisely on EU DST transition weekends.",MEDIUM,False
gapf_553308_20220726_0747,2022-07-26 07:47:00,2022-07-26 07:49:00,2022-07-26 07:48:00,2022-07-26 07:48:00,2.0,1,Tuesday,Tuesday,07:47,07:49,2022,7,TRAIN,LIKELY_PROVIDER_HISTORY_GAP,LIKELY_PROVIDER_HISTORY_GAP,"Isolated small active-session gap, no recurring pattern.","2022-07-26 07:47:00 -> 2022-07-26 07:49:00: isolated 1-bar active-session gap; does not match weekend, session-break, or holiday patterns; below the empirically observed natural break in the missing-bar distribution (no residual gap observed between 9 and 214 missing bars).",LOW,True
gapf_554278_20220726_2358,2022-07-26 23:58:00,2022-07-27 01:00:00,2022-07-26 23:59:00,2022-07-27 00:59:00,62.0,61,Tuesday,Wednesday,23:58,01:00,2022,7,TRAIN,SUSPICIOUS_INTRASESSION,EXPECTED_DAILY_SESSION_BREAK,Recurring nightly broker maintenance/session break.,"2022-07-26 23:58:00 -> 2022-07-27 01:00:00: ~62min nightly pause, standard-time (hour 23->01) variant; this exact close/reopen-hour pair recurs on the vast majority of weeknights across all 6 dataset years, and the hour flips precisely on EU DST transition weekends.",MEDIUM,False
gapf_555657_20220727_2358,2022-07-27 23:58:00,2022-07-28 01:00:00,2022-07-27 23:59:00,2022-07-28 00:59:00,62.0,61,Wednesday,Thursday,23:58,01:00,2022,7,TRAIN,SUSPICIOUS_INTRASESSION,EXPECTED_DAILY_SESSION_BREAK,Recurring nightly broker maintenance/session break.,"2022-07-27 23:58:00 -> 2022-07-28 01:00:00: ~62min nightly pause, standard-time (hour 23->01) variant; this exact close/reopen-hour pair recurs on the vast majority of weeknights across all 6 dataset years, and the hour flips precisely on EU DST transition weekends.",MEDIUM,False
gapf_557036_20220728_2358,2022-07-28 23:58:00,2022-07-29 01:00:00,2022-07-28 23:59:00,2022-07-29 00:59:00,62.0,61,Thursday,Friday,23:58,01:00,2022,7,TRAIN,SUSPICIOUS_INTRASESSION,EXPECTED_DAILY_SESSION_BREAK,Recurring nightly broker maintenance/session break.,"2022-07-28 23:58:00 -> 2022-07-29 01:00:00: ~62min nightly pause, standard-time (hour 23->01) variant; this exact close/reopen-hour pair recurs on the vast majority of weeknights across all 6 dataset years, and the hour flips precisely on EU DST transition weekends.",MEDIUM,False
gapf_558414_20220729_2357,2022-07-29 23:57:00,2022-08-01 01:00:00,2022-07-29 23:58:00,2022-08-01 00:59:00,2943.0,2942,Friday,Monday,23:57,01:00,2022,7,TRAIN,EXPECTED_WEEKEND,EXPECTED_WEEKEND,Recurring Friday-to-Monday/Tuesday weekend market closure.,"Friday 23:57 close -> Monday 01:00 reopen, delta=2943min; matches the dataset-wide weekend closure pattern observed on every trading week.",HIGH,False
gapf_559793_20220801_2358,2022-08-01 23:58:00,2022-08-02 01:00:00,2022-08-01 23:59:00,2022-08-02 00:59:00,62.0,61,Monday,Tuesday,23:58,01:00,2022,8,TRAIN,SUSPICIOUS_INTRASESSION,EXPECTED_DAILY_SESSION_BREAK,Recurring nightly broker maintenance/session break.,"2022-08-01 23:58:00 -> 2022-08-02 01:00:00: ~62min nightly pause, standard-time (hour 23->01) variant; this exact close/reopen-hour pair recurs on the vast majority of weeknights across all 6 dataset years, and the hour flips precisely on EU DST transition weekends.",MEDIUM,False
gapf_561172_20220802_2358,2022-08-02 23:58:00,2022-08-03 01:00:00,2022-08-02 23:59:00,2022-08-03 00:59:00,62.0,61,Tuesday,Wednesday,23:58,01:00,2022,8,TRAIN,SUSPICIOUS_INTRASESSION,EXPECTED_DAILY_SESSION_BREAK,Recurring nightly broker maintenance/session break.,"2022-08-02 23:58:00 -> 2022-08-03 01:00:00: ~62min nightly pause, standard-time (hour 23->01) variant; this exact close/reopen-hour pair recurs on the vast majority of weeknights across all 6 dataset years, and the hour flips precisely on EU DST transition weekends.",MEDIUM,False
gapf_562551_20220803_2358,2022-08-03 23:58:00,2022-08-04 01:00:00,2022-08-03 23:59:00,2022-08-04 00:59:00,62.0,61,Wednesday,Thursday,23:58,01:00,2022,8,TRAIN,SUSPICIOUS_INTRASESSION,EXPECTED_DAILY_SESSION_BREAK,Recurring nightly broker maintenance/session break.,"2022-08-03 23:58:00 -> 2022-08-04 01:00:00: ~62min nightly pause, standard-time (hour 23->01) variant; this exact close/reopen-hour pair recurs on the vast majority of weeknights across all 6 dataset years, and the hour flips precisely on EU DST transition weekends.",MEDIUM,False
gapf_563930_20220804_2358,2022-08-04 23:58:00,2022-08-05 01:00:00,2022-08-04 23:59:00,2022-08-05 00:59:00,62.0,61,Thursday,Friday,23:58,01:00,2022,8,TRAIN,SUSPICIOUS_INTRASESSION,EXPECTED_DAILY_SESSION_BREAK,Recurring nightly broker maintenance/session break.,"2022-08-04 23:58:00 -> 2022-08-05 01:00:00: ~62min nightly pause, standard-time (hour 23->01) variant; this exact close/reopen-hour pair recurs on the vast majority of weeknights across all 6 dataset years, and the hour flips precisely on EU DST transition weekends.",MEDIUM,False
gapf_565308_20220805_2357,2022-08-05 23:57:00,2022-08-08 01:00:00,2022-08-05 23:58:00,2022-08-08 00:59:00,2943.0,2942,Friday,Monday,23:57,01:00,2022,8,TRAIN,EXPECTED_WEEKEND,EXPECTED_WEEKEND,Recurring Friday-to-Monday/Tuesday weekend market closure.,"Friday 23:57 close -> Monday 01:00 reopen, delta=2943min; matches the dataset-wide weekend closure pattern observed on every trading week.",HIGH,False
gapf_566687_20220808_2358,2022-08-08 23:58:00,2022-08-09 01:00:00,2022-08-08 23:59:00,2022-08-09 00:59:00,62.0,61,Monday,Tuesday,23:58,01:00,2022,8,TRAIN,SUSPICIOUS_INTRASESSION,EXPECTED_DAILY_SESSION_BREAK,Recurring nightly broker maintenance/session break.,"2022-08-08 23:58:00 -> 2022-08-09 01:00:00: ~62min nightly pause, standard-time (hour 23->01) variant; this exact close/reopen-hour pair recurs on the vast majority of weeknights across all 6 dataset years, and the hour flips precisely on EU DST transition weekends.",MEDIUM,False
gapf_568066_20220809_2358,2022-08-09 23:58:00,2022-08-10 01:00:00,2022-08-09 23:59:00,2022-08-10 00:59:00,62.0,61,Tuesday,Wednesday,23:58,01:00,2022,8,TRAIN,SUSPICIOUS_INTRASESSION,EXPECTED_DAILY_SESSION_BREAK,Recurring nightly broker maintenance/session break.,"2022-08-09 23:58:00 -> 2022-08-10 01:00:00: ~62min nightly pause, standard-time (hour 23->01) variant; this exact close/reopen-hour pair recurs on the vast majority of weeknights across all 6 dataset years, and the hour flips precisely on EU DST transition weekends.",MEDIUM,False
gapf_569445_20220810_2358,2022-08-10 23:58:00,2022-08-11 01:00:00,2022-08-10 23:59:00,2022-08-11 00:59:00,62.0,61,Wednesday,Thursday,23:58,01:00,2022,8,TRAIN,SUSPICIOUS_INTRASESSION,EXPECTED_DAILY_SESSION_BREAK,Recurring nightly broker maintenance/session break.,"2022-08-10 23:58:00 -> 2022-08-11 01:00:00: ~62min nightly pause, standard-time (hour 23->01) variant; this exact close/reopen-hour pair recurs on the vast majority of weeknights across all 6 dataset years, and the hour flips precisely on EU DST transition weekends.",MEDIUM,False
gapf_570824_20220811_2358,2022-08-11 23:58:00,2022-08-12 01:00:00,2022-08-11 23:59:00,2022-08-12 00:59:00,62.0,61,Thursday,Friday,23:58,01:00,2022,8,TRAIN,SUSPICIOUS_INTRASESSION,EXPECTED_DAILY_SESSION_BREAK,Recurring nightly broker maintenance/session break.,"2022-08-11 23:58:00 -> 2022-08-12 01:00:00: ~62min nightly pause, standard-time (hour 23->01) variant; this exact close/reopen-hour pair recurs on the vast majority of weeknights across all 6 dataset years, and the hour flips precisely on EU DST transition weekends.",MEDIUM,False
gapf_572202_20220812_2357,2022-08-12 23:57:00,2022-08-15 01:00:00,2022-08-12 23:58:00,2022-08-15 00:59:00,2943.0,2942,Friday,Monday,23:57,01:00,2022,8,TRAIN,EXPECTED_WEEKEND,EXPECTED_WEEKEND,Recurring Friday-to-Monday/Tuesday weekend market closure.,"Friday 23:57 close -> Monday 01:00 reopen, delta=2943min; matches the dataset-wide weekend closure pattern observed on every trading week.",HIGH,False
gapf_572299_20220815_0236,2022-08-15 02:36:00,2022-08-15 02:38:00,2022-08-15 02:37:00,2022-08-15 02:37:00,2.0,1,Monday,Monday,02:36,02:38,2022,8,TRAIN,LIKELY_PROVIDER_HISTORY_GAP,LIKELY_PROVIDER_HISTORY_GAP,"Isolated small active-session gap, no recurring pattern.","2022-08-15 02:36:00 -> 2022-08-15 02:38:00: isolated 1-bar active-session gap; does not match weekend, session-break, or holiday patterns; below the empirically observed natural break in the missing-bar distribution (no residual gap observed between 9 and 214 missing bars).",LOW,True
gapf_573580_20220815_2358,2022-08-15 23:58:00,2022-08-16 01:00:00,2022-08-15 23:59:00,2022-08-16 00:59:00,62.0,61,Monday,Tuesday,23:58,01:00,2022,8,TRAIN,SUSPICIOUS_INTRASESSION,EXPECTED_DAILY_SESSION_BREAK,Recurring nightly broker maintenance/session break.,"2022-08-15 23:58:00 -> 2022-08-16 01:00:00: ~62min nightly pause, standard-time (hour 23->01) variant; this exact close/reopen-hour pair recurs on the vast majority of weeknights across all 6 dataset years, and the hour flips precisely on EU DST transition weekends.",MEDIUM,False
gapf_574959_20220816_2358,2022-08-16 23:58:00,2022-08-17 01:00:00,2022-08-16 23:59:00,2022-08-17 00:59:00,62.0,61,Tuesday,Wednesday,23:58,01:00,2022,8,TRAIN,SUSPICIOUS_INTRASESSION,EXPECTED_DAILY_SESSION_BREAK,Recurring nightly broker maintenance/session break.,"2022-08-16 23:58:00 -> 2022-08-17 01:00:00: ~62min nightly pause, standard-time (hour 23->01) variant; this exact close/reopen-hour pair recurs on the vast majority of weeknights across all 6 dataset years, and the hour flips precisely on EU DST transition weekends.",MEDIUM,False
gapf_576338_20220817_2358,2022-08-17 23:58:00,2022-08-18 01:00:00,2022-08-17 23:59:00,2022-08-18 00:59:00,62.0,61,Wednesday,Thursday,23:58,01:00,2022,8,TRAIN,SUSPICIOUS_INTRASESSION,EXPECTED_DAILY_SESSION_BREAK,Recurring nightly broker maintenance/session break.,"2022-08-17 23:58:00 -> 2022-08-18 01:00:00: ~62min nightly pause, standard-time (hour 23->01) variant; this exact close/reopen-hour pair recurs on the vast majority of weeknights across all 6 dataset years, and the hour flips precisely on EU DST transition weekends.",MEDIUM,False
gapf_577717_20220818_2358,2022-08-18 23:58:00,2022-08-19 01:00:00,2022-08-18 23:59:00,2022-08-19 00:59:00,62.0,61,Thursday,Friday,23:58,01:00,2022,8,TRAIN,SUSPICIOUS_INTRASESSION,EXPECTED_DAILY_SESSION_BREAK,Recurring nightly broker maintenance/session break.,"2022-08-18 23:58:00 -> 2022-08-19 01:00:00: ~62min nightly pause, standard-time (hour 23->01) variant; this exact close/reopen-hour pair recurs on the vast majority of weeknights across all 6 dataset years, and the hour flips precisely on EU DST transition weekends.",MEDIUM,False
gapf_579095_20220819_2357,2022-08-19 23:57:00,2022-08-22 01:00:00,2022-08-19 23:58:00,2022-08-22 00:59:00,2943.0,2942,Friday,Monday,23:57,01:00,2022,8,TRAIN,EXPECTED_WEEKEND,EXPECTED_WEEKEND,Recurring Friday-to-Monday/Tuesday weekend market closure.,"Friday 23:57 close -> Monday 01:00 reopen, delta=2943min; matches the dataset-wide weekend closure pattern observed on every trading week.",HIGH,False
gapf_580474_20220822_2358,2022-08-22 23:58:00,2022-08-23 01:00:00,2022-08-22 23:59:00,2022-08-23 00:59:00,62.0,61,Monday,Tuesday,23:58,01:00,2022,8,TRAIN,SUSPICIOUS_INTRASESSION,EXPECTED_DAILY_SESSION_BREAK,Recurring nightly broker maintenance/session break.,"2022-08-22 23:58:00 -> 2022-08-23 01:00:00: ~62min nightly pause, standard-time (hour 23->01) variant; this exact close/reopen-hour pair recurs on the vast majority of weeknights across all 6 dataset years, and the hour flips precisely on EU DST transition weekends.",MEDIUM,False
gapf_581853_20220823_2358,2022-08-23 23:58:00,2022-08-24 01:00:00,2022-08-23 23:59:00,2022-08-24 00:59:00,62.0,61,Tuesday,Wednesday,23:58,01:00,2022,8,TRAIN,SUSPICIOUS_INTRASESSION,EXPECTED_DAILY_SESSION_BREAK,Recurring nightly broker maintenance/session break.,"2022-08-23 23:58:00 -> 2022-08-24 01:00:00: ~62min nightly pause, standard-time (hour 23->01) variant; this exact close/reopen-hour pair recurs on the vast majority of weeknights across all 6 dataset years, and the hour flips precisely on EU DST transition weekends.",MEDIUM,False
gapf_583232_20220824_2358,2022-08-24 23:58:00,2022-08-25 01:00:00,2022-08-24 23:59:00,2022-08-25 00:59:00,62.0,61,Wednesday,Thursday,23:58,01:00,2022,8,TRAIN,SUSPICIOUS_INTRASESSION,EXPECTED_DAILY_SESSION_BREAK,Recurring nightly broker maintenance/session break.,"2022-08-24 23:58:00 -> 2022-08-25 01:00:00: ~62min nightly pause, standard-time (hour 23->01) variant; this exact close/reopen-hour pair recurs on the vast majority of weeknights across all 6 dataset years, and the hour flips precisely on EU DST transition weekends.",MEDIUM,False
gapf_584611_20220825_2358,2022-08-25 23:58:00,2022-08-26 01:00:00,2022-08-25 23:59:00,2022-08-26 00:59:00,62.0,61,Thursday,Friday,23:58,01:00,2022,8,TRAIN,SUSPICIOUS_INTRASESSION,EXPECTED_DAILY_SESSION_BREAK,Recurring nightly broker maintenance/session break.,"2022-08-25 23:58:00 -> 2022-08-26 01:00:00: ~62min nightly pause, standard-time (hour 23->01) variant; this exact close/reopen-hour pair recurs on the vast majority of weeknights across all 6 dataset years, and the hour flips precisely on EU DST transition weekends.",MEDIUM,False
gapf_585989_20220826_2357,2022-08-26 23:57:00,2022-08-29 01:00:00,2022-08-26 23:58:00,2022-08-29 00:59:00,2943.0,2942,Friday,Monday,23:57,01:00,2022,8,TRAIN,EXPECTED_WEEKEND,EXPECTED_WEEKEND,Recurring Friday-to-Monday/Tuesday weekend market closure.,"Friday 23:57 close -> Monday 01:00 reopen, delta=2943min; matches the dataset-wide weekend closure pattern observed on every trading week.",HIGH,False
gapf_587368_20220829_2358,2022-08-29 23:58:00,2022-08-30 01:00:00,2022-08-29 23:59:00,2022-08-30 00:59:00,62.0,61,Monday,Tuesday,23:58,01:00,2022,8,TRAIN,SUSPICIOUS_INTRASESSION,EXPECTED_DAILY_SESSION_BREAK,Recurring nightly broker maintenance/session break.,"2022-08-29 23:58:00 -> 2022-08-30 01:00:00: ~62min nightly pause, standard-time (hour 23->01) variant; this exact close/reopen-hour pair recurs on the vast majority of weeknights across all 6 dataset years, and the hour flips precisely on EU DST transition weekends.",MEDIUM,False
gapf_588747_20220830_2358,2022-08-30 23:58:00,2022-08-31 01:00:00,2022-08-30 23:59:00,2022-08-31 00:59:00,62.0,61,Tuesday,Wednesday,23:58,01:00,2022,8,TRAIN,SUSPICIOUS_INTRASESSION,EXPECTED_DAILY_SESSION_BREAK,Recurring nightly broker maintenance/session break.,"2022-08-30 23:58:00 -> 2022-08-31 01:00:00: ~62min nightly pause, standard-time (hour 23->01) variant; this exact close/reopen-hour pair recurs on the vast majority of weeknights across all 6 dataset years, and the hour flips precisely on EU DST transition weekends.",MEDIUM,False
gapf_590126_20220831_2358,2022-08-31 23:58:00,2022-09-01 01:00:00,2022-08-31 23:59:00,2022-09-01 00:59:00,62.0,61,Wednesday,Thursday,23:58,01:00,2022,8,TRAIN,SUSPICIOUS_INTRASESSION,EXPECTED_DAILY_SESSION_BREAK,Recurring nightly broker maintenance/session break.,"2022-08-31 23:58:00 -> 2022-09-01 01:00:00: ~62min nightly pause, standard-time (hour 23->01) variant; this exact close/reopen-hour pair recurs on the vast majority of weeknights across all 6 dataset years, and the hour flips precisely on EU DST transition weekends.",MEDIUM,False
gapf_591505_20220901_2358,2022-09-01 23:58:00,2022-09-02 01:00:00,2022-09-01 23:59:00,2022-09-02 00:59:00,62.0,61,Thursday,Friday,23:58,01:00,2022,9,TRAIN,SUSPICIOUS_INTRASESSION,EXPECTED_DAILY_SESSION_BREAK,Recurring nightly broker maintenance/session break.,"2022-09-01 23:58:00 -> 2022-09-02 01:00:00: ~62min nightly pause, standard-time (hour 23->01) variant; this exact close/reopen-hour pair recurs on the vast majority of weeknights across all 6 dataset years, and the hour flips precisely on EU DST transition weekends.",MEDIUM,False
gapf_592883_20220902_2357,2022-09-02 23:57:00,2022-09-05 01:00:00,2022-09-02 23:58:00,2022-09-05 00:59:00,2943.0,2942,Friday,Monday,23:57,01:00,2022,9,TRAIN,EXPECTED_WEEKEND,EXPECTED_WEEKEND,Recurring Friday-to-Monday/Tuesday weekend market closure.,"Friday 23:57 close -> Monday 01:00 reopen, delta=2943min; matches the dataset-wide weekend closure pattern observed on every trading week.",HIGH,False
gapf_594109_20220905_2125,2022-09-05 21:25:00,2022-09-06 01:00:00,2022-09-05 21:26:00,2022-09-06 00:59:00,215.0,214,Monday,Tuesday,21:25,01:00,2022,9,TRAIN,SUSPICIOUS_INTRASESSION,EXPECTED_HOLIDAY_OR_CLOSURE,US federal market holiday early close (LABOR_DAY).,"2022-09-05 21:25:00 matches computed US federal holiday date (LABOR_DAY); early close at 21:25 UTC, reopen 01:00 UTC next day; recurring pattern observed across multiple dataset years.",MEDIUM,False
gapf_595488_20220906_2358,2022-09-06 23:58:00,2022-09-07 01:00:00,2022-09-06 23:59:00,2022-09-07 00:59:00,62.0,61,Tuesday,Wednesday,23:58,01:00,2022,9,TRAIN,SUSPICIOUS_INTRASESSION,EXPECTED_DAILY_SESSION_BREAK,Recurring nightly broker maintenance/session break.,"2022-09-06 23:58:00 -> 2022-09-07 01:00:00: ~62min nightly pause, standard-time (hour 23->01) variant; this exact close/reopen-hour pair recurs on the vast majority of weeknights across all 6 dataset years, and the hour flips precisely on EU DST transition weekends.",MEDIUM,False
gapf_596867_20220907_2358,2022-09-07 23:58:00,2022-09-08 01:00:00,2022-09-07 23:59:00,2022-09-08 00:59:00,62.0,61,Wednesday,Thursday,23:58,01:00,2022,9,TRAIN,SUSPICIOUS_INTRASESSION,EXPECTED_DAILY_SESSION_BREAK,Recurring nightly broker maintenance/session break.,"2022-09-07 23:58:00 -> 2022-09-08 01:00:00: ~62min nightly pause, standard-time (hour 23->01) variant; this exact close/reopen-hour pair recurs on the vast majority of weeknights across all 6 dataset years, and the hour flips precisely on EU DST transition weekends.",MEDIUM,False
gapf_598246_20220908_2358,2022-09-08 23:58:00,2022-09-09 01:00:00,2022-09-08 23:59:00,2022-09-09 00:59:00,62.0,61,Thursday,Friday,23:58,01:00,2022,9,TRAIN,SUSPICIOUS_INTRASESSION,EXPECTED_DAILY_SESSION_BREAK,Recurring nightly broker maintenance/session break.,"2022-09-08 23:58:00 -> 2022-09-09 01:00:00: ~62min nightly pause, standard-time (hour 23->01) variant; this exact close/reopen-hour pair recurs on the vast majority of weeknights across all 6 dataset years, and the hour flips precisely on EU DST transition weekends.",MEDIUM,False
gapf_599624_20220909_2357,2022-09-09 23:57:00,2022-09-12 01:00:00,2022-09-09 23:58:00,2022-09-12 00:59:00,2943.0,2942,Friday,Monday,23:57,01:00,2022,9,TRAIN,EXPECTED_WEEKEND,EXPECTED_WEEKEND,Recurring Friday-to-Monday/Tuesday weekend market closure.,"Friday 23:57 close -> Monday 01:00 reopen, delta=2943min; matches the dataset-wide weekend closure pattern observed on every trading week.",HIGH,False
gapf_601003_20220912_2358,2022-09-12 23:58:00,2022-09-13 01:00:00,2022-09-12 23:59:00,2022-09-13 00:59:00,62.0,61,Monday,Tuesday,23:58,01:00,2022,9,TRAIN,SUSPICIOUS_INTRASESSION,EXPECTED_DAILY_SESSION_BREAK,Recurring nightly broker maintenance/session break.,"2022-09-12 23:58:00 -> 2022-09-13 01:00:00: ~62min nightly pause, standard-time (hour 23->01) variant; this exact close/reopen-hour pair recurs on the vast majority of weeknights across all 6 dataset years, and the hour flips precisely on EU DST transition weekends.",MEDIUM,False
gapf_602382_20220913_2358,2022-09-13 23:58:00,2022-09-14 01:00:00,2022-09-13 23:59:00,2022-09-14 00:59:00,62.0,61,Tuesday,Wednesday,23:58,01:00,2022,9,TRAIN,SUSPICIOUS_INTRASESSION,EXPECTED_DAILY_SESSION_BREAK,Recurring nightly broker maintenance/session break.,"2022-09-13 23:58:00 -> 2022-09-14 01:00:00: ~62min nightly pause, standard-time (hour 23->01) variant; this exact close/reopen-hour pair recurs on the vast majority of weeknights across all 6 dataset years, and the hour flips precisely on EU DST transition weekends.",MEDIUM,False
gapf_603761_20220914_2358,2022-09-14 23:58:00,2022-09-15 01:00:00,2022-09-14 23:59:00,2022-09-15 00:59:00,62.0,61,Wednesday,Thursday,23:58,01:00,2022,9,TRAIN,SUSPICIOUS_INTRASESSION,EXPECTED_DAILY_SESSION_BREAK,Recurring nightly broker maintenance/session break.,"2022-09-14 23:58:00 -> 2022-09-15 01:00:00: ~62min nightly pause, standard-time (hour 23->01) variant; this exact close/reopen-hour pair recurs on the vast majority of weeknights across all 6 dataset years, and the hour flips precisely on EU DST transition weekends.",MEDIUM,False
gapf_605140_20220915_2358,2022-09-15 23:58:00,2022-09-16 01:00:00,2022-09-15 23:59:00,2022-09-16 00:59:00,62.0,61,Thursday,Friday,23:58,01:00,2022,9,TRAIN,SUSPICIOUS_INTRASESSION,EXPECTED_DAILY_SESSION_BREAK,Recurring nightly broker maintenance/session break.,"2022-09-15 23:58:00 -> 2022-09-16 01:00:00: ~62min nightly pause, standard-time (hour 23->01) variant; this exact close/reopen-hour pair recurs on the vast majority of weeknights across all 6 dataset years, and the hour flips precisely on EU DST transition weekends.",MEDIUM,False
gapf_606518_20220916_2357,2022-09-16 23:57:00,2022-09-19 01:00:00,2022-09-16 23:58:00,2022-09-19 00:59:00,2943.0,2942,Friday,Monday,23:57,01:00,2022,9,TRAIN,EXPECTED_WEEKEND,EXPECTED_WEEKEND,Recurring Friday-to-Monday/Tuesday weekend market closure.,"Friday 23:57 close -> Monday 01:00 reopen, delta=2943min; matches the dataset-wide weekend closure pattern observed on every trading week.",HIGH,False
gapf_607897_20220919_2358,2022-09-19 23:58:00,2022-09-20 01:00:00,2022-09-19 23:59:00,2022-09-20 00:59:00,62.0,61,Monday,Tuesday,23:58,01:00,2022,9,TRAIN,SUSPICIOUS_INTRASESSION,EXPECTED_DAILY_SESSION_BREAK,Recurring nightly broker maintenance/session break.,"2022-09-19 23:58:00 -> 2022-09-20 01:00:00: ~62min nightly pause, standard-time (hour 23->01) variant; this exact close/reopen-hour pair recurs on the vast majority of weeknights across all 6 dataset years, and the hour flips precisely on EU DST transition weekends.",MEDIUM,False
gapf_609276_20220920_2358,2022-09-20 23:58:00,2022-09-21 01:00:00,2022-09-20 23:59:00,2022-09-21 00:59:00,62.0,61,Tuesday,Wednesday,23:58,01:00,2022,9,TRAIN,SUSPICIOUS_INTRASESSION,EXPECTED_DAILY_SESSION_BREAK,Recurring nightly broker maintenance/session break.,"2022-09-20 23:58:00 -> 2022-09-21 01:00:00: ~62min nightly pause, standard-time (hour 23->01) variant; this exact close/reopen-hour pair recurs on the vast majority of weeknights across all 6 dataset years, and the hour flips precisely on EU DST transition weekends.",MEDIUM,False
gapf_610655_20220921_2358,2022-09-21 23:58:00,2022-09-22 01:00:00,2022-09-21 23:59:00,2022-09-22 00:59:00,62.0,61,Wednesday,Thursday,23:58,01:00,2022,9,TRAIN,SUSPICIOUS_INTRASESSION,EXPECTED_DAILY_SESSION_BREAK,Recurring nightly broker maintenance/session break.,"2022-09-21 23:58:00 -> 2022-09-22 01:00:00: ~62min nightly pause, standard-time (hour 23->01) variant; this exact close/reopen-hour pair recurs on the vast majority of weeknights across all 6 dataset years, and the hour flips precisely on EU DST transition weekends.",MEDIUM,False
gapf_612034_20220922_2358,2022-09-22 23:58:00,2022-09-23 01:00:00,2022-09-22 23:59:00,2022-09-23 00:59:00,62.0,61,Thursday,Friday,23:58,01:00,2022,9,TRAIN,SUSPICIOUS_INTRASESSION,EXPECTED_DAILY_SESSION_BREAK,Recurring nightly broker maintenance/session break.,"2022-09-22 23:58:00 -> 2022-09-23 01:00:00: ~62min nightly pause, standard-time (hour 23->01) variant; this exact close/reopen-hour pair recurs on the vast majority of weeknights across all 6 dataset years, and the hour flips precisely on EU DST transition weekends.",MEDIUM,False
gapf_613412_20220923_2357,2022-09-23 23:57:00,2022-09-26 01:00:00,2022-09-23 23:58:00,2022-09-26 00:59:00,2943.0,2942,Friday,Monday,23:57,01:00,2022,9,TRAIN,EXPECTED_WEEKEND,EXPECTED_WEEKEND,Recurring Friday-to-Monday/Tuesday weekend market closure.,"Friday 23:57 close -> Monday 01:00 reopen, delta=2943min; matches the dataset-wide weekend closure pattern observed on every trading week.",HIGH,False
gapf_614791_20220926_2358,2022-09-26 23:58:00,2022-09-27 01:00:00,2022-09-26 23:59:00,2022-09-27 00:59:00,62.0,61,Monday,Tuesday,23:58,01:00,2022,9,TRAIN,SUSPICIOUS_INTRASESSION,EXPECTED_DAILY_SESSION_BREAK,Recurring nightly broker maintenance/session break.,"2022-09-26 23:58:00 -> 2022-09-27 01:00:00: ~62min nightly pause, standard-time (hour 23->01) variant; this exact close/reopen-hour pair recurs on the vast majority of weeknights across all 6 dataset years, and the hour flips precisely on EU DST transition weekends.",MEDIUM,False
gapf_616170_20220927_2358,2022-09-27 23:58:00,2022-09-28 01:00:00,2022-09-27 23:59:00,2022-09-28 00:59:00,62.0,61,Tuesday,Wednesday,23:58,01:00,2022,9,TRAIN,SUSPICIOUS_INTRASESSION,EXPECTED_DAILY_SESSION_BREAK,Recurring nightly broker maintenance/session break.,"2022-09-27 23:58:00 -> 2022-09-28 01:00:00: ~62min nightly pause, standard-time (hour 23->01) variant; this exact close/reopen-hour pair recurs on the vast majority of weeknights across all 6 dataset years, and the hour flips precisely on EU DST transition weekends.",MEDIUM,False
gapf_617549_20220928_2358,2022-09-28 23:58:00,2022-09-29 01:00:00,2022-09-28 23:59:00,2022-09-29 00:59:00,62.0,61,Wednesday,Thursday,23:58,01:00,2022,9,TRAIN,SUSPICIOUS_INTRASESSION,EXPECTED_DAILY_SESSION_BREAK,Recurring nightly broker maintenance/session break.,"2022-09-28 23:58:00 -> 2022-09-29 01:00:00: ~62min nightly pause, standard-time (hour 23->01) variant; this exact close/reopen-hour pair recurs on the vast majority of weeknights across all 6 dataset years, and the hour flips precisely on EU DST transition weekends.",MEDIUM,False
gapf_618928_20220929_2358,2022-09-29 23:58:00,2022-09-30 01:00:00,2022-09-29 23:59:00,2022-09-30 00:59:00,62.0,61,Thursday,Friday,23:58,01:00,2022,9,TRAIN,SUSPICIOUS_INTRASESSION,EXPECTED_DAILY_SESSION_BREAK,Recurring nightly broker maintenance/session break.,"2022-09-29 23:58:00 -> 2022-09-30 01:00:00: ~62min nightly pause, standard-time (hour 23->01) variant; this exact close/reopen-hour pair recurs on the vast majority of weeknights across all 6 dataset years, and the hour flips precisely on EU DST transition weekends.",MEDIUM,False
gapf_620306_20220930_2357,2022-09-30 23:57:00,2022-10-03 01:00:00,2022-09-30 23:58:00,2022-10-03 00:59:00,2943.0,2942,Friday,Monday,23:57,01:00,2022,9,TRAIN,EXPECTED_WEEKEND,EXPECTED_WEEKEND,Recurring Friday-to-Monday/Tuesday weekend market closure.,"Friday 23:57 close -> Monday 01:00 reopen, delta=2943min; matches the dataset-wide weekend closure pattern observed on every trading week.",HIGH,False
gapf_621685_20221003_2358,2022-10-03 23:58:00,2022-10-04 01:00:00,2022-10-03 23:59:00,2022-10-04 00:59:00,62.0,61,Monday,Tuesday,23:58,01:00,2022,10,TRAIN,SUSPICIOUS_INTRASESSION,EXPECTED_DAILY_SESSION_BREAK,Recurring nightly broker maintenance/session break.,"2022-10-03 23:58:00 -> 2022-10-04 01:00:00: ~62min nightly pause, standard-time (hour 23->01) variant; this exact close/reopen-hour pair recurs on the vast majority of weeknights across all 6 dataset years, and the hour flips precisely on EU DST transition weekends.",MEDIUM,False
gapf_623064_20221004_2358,2022-10-04 23:58:00,2022-10-05 01:00:00,2022-10-04 23:59:00,2022-10-05 00:59:00,62.0,61,Tuesday,Wednesday,23:58,01:00,2022,10,TRAIN,SUSPICIOUS_INTRASESSION,EXPECTED_DAILY_SESSION_BREAK,Recurring nightly broker maintenance/session break.,"2022-10-04 23:58:00 -> 2022-10-05 01:00:00: ~62min nightly pause, standard-time (hour 23->01) variant; this exact close/reopen-hour pair recurs on the vast majority of weeknights across all 6 dataset years, and the hour flips precisely on EU DST transition weekends.",MEDIUM,False
gapf_624443_20221005_2358,2022-10-05 23:58:00,2022-10-06 01:00:00,2022-10-05 23:59:00,2022-10-06 00:59:00,62.0,61,Wednesday,Thursday,23:58,01:00,2022,10,TRAIN,SUSPICIOUS_INTRASESSION,EXPECTED_DAILY_SESSION_BREAK,Recurring nightly broker maintenance/session break.,"2022-10-05 23:58:00 -> 2022-10-06 01:00:00: ~62min nightly pause, standard-time (hour 23->01) variant; this exact close/reopen-hour pair recurs on the vast majority of weeknights across all 6 dataset years, and the hour flips precisely on EU DST transition weekends.",MEDIUM,False
gapf_625822_20221006_2358,2022-10-06 23:58:00,2022-10-07 01:00:00,2022-10-06 23:59:00,2022-10-07 00:59:00,62.0,61,Thursday,Friday,23:58,01:00,2022,10,TRAIN,SUSPICIOUS_INTRASESSION,EXPECTED_DAILY_SESSION_BREAK,Recurring nightly broker maintenance/session break.,"2022-10-06 23:58:00 -> 2022-10-07 01:00:00: ~62min nightly pause, standard-time (hour 23->01) variant; this exact close/reopen-hour pair recurs on the vast majority of weeknights across all 6 dataset years, and the hour flips precisely on EU DST transition weekends.",MEDIUM,False
gapf_627200_20221007_2357,2022-10-07 23:57:00,2022-10-10 01:00:00,2022-10-07 23:58:00,2022-10-10 00:59:00,2943.0,2942,Friday,Monday,23:57,01:00,2022,10,TRAIN,EXPECTED_WEEKEND,EXPECTED_WEEKEND,Recurring Friday-to-Monday/Tuesday weekend market closure.,"Friday 23:57 close -> Monday 01:00 reopen, delta=2943min; matches the dataset-wide weekend closure pattern observed on every trading week.",HIGH,False
gapf_628579_20221010_2358,2022-10-10 23:58:00,2022-10-11 01:00:00,2022-10-10 23:59:00,2022-10-11 00:59:00,62.0,61,Monday,Tuesday,23:58,01:00,2022,10,TRAIN,SUSPICIOUS_INTRASESSION,EXPECTED_DAILY_SESSION_BREAK,Recurring nightly broker maintenance/session break.,"2022-10-10 23:58:00 -> 2022-10-11 01:00:00: ~62min nightly pause, standard-time (hour 23->01) variant; this exact close/reopen-hour pair recurs on the vast majority of weeknights across all 6 dataset years, and the hour flips precisely on EU DST transition weekends.",MEDIUM,False
gapf_629958_20221011_2358,2022-10-11 23:58:00,2022-10-12 01:00:00,2022-10-11 23:59:00,2022-10-12 00:59:00,62.0,61,Tuesday,Wednesday,23:58,01:00,2022,10,TRAIN,SUSPICIOUS_INTRASESSION,EXPECTED_DAILY_SESSION_BREAK,Recurring nightly broker maintenance/session break.,"2022-10-11 23:58:00 -> 2022-10-12 01:00:00: ~62min nightly pause, standard-time (hour 23->01) variant; this exact close/reopen-hour pair recurs on the vast majority of weeknights across all 6 dataset years, and the hour flips precisely on EU DST transition weekends.",MEDIUM,False
gapf_631337_20221012_2358,2022-10-12 23:58:00,2022-10-13 01:00:00,2022-10-12 23:59:00,2022-10-13 00:59:00,62.0,61,Wednesday,Thursday,23:58,01:00,2022,10,TRAIN,SUSPICIOUS_INTRASESSION,EXPECTED_DAILY_SESSION_BREAK,Recurring nightly broker maintenance/session break.,"2022-10-12 23:58:00 -> 2022-10-13 01:00:00: ~62min nightly pause, standard-time (hour 23->01) variant; this exact close/reopen-hour pair recurs on the vast majority of weeknights across all 6 dataset years, and the hour flips precisely on EU DST transition weekends.",MEDIUM,False
gapf_632716_20221013_2358,2022-10-13 23:58:00,2022-10-14 01:00:00,2022-10-13 23:59:00,2022-10-14 00:59:00,62.0,61,Thursday,Friday,23:58,01:00,2022,10,TRAIN,SUSPICIOUS_INTRASESSION,EXPECTED_DAILY_SESSION_BREAK,Recurring nightly broker maintenance/session break.,"2022-10-13 23:58:00 -> 2022-10-14 01:00:00: ~62min nightly pause, standard-time (hour 23->01) variant; this exact close/reopen-hour pair recurs on the vast majority of weeknights across all 6 dataset years, and the hour flips precisely on EU DST transition weekends.",MEDIUM,False
gapf_634094_20221014_2357,2022-10-14 23:57:00,2022-10-17 01:00:00,2022-10-14 23:58:00,2022-10-17 00:59:00,2943.0,2942,Friday,Monday,23:57,01:00,2022,10,TRAIN,EXPECTED_WEEKEND,EXPECTED_WEEKEND,Recurring Friday-to-Monday/Tuesday weekend market closure.,"Friday 23:57 close -> Monday 01:00 reopen, delta=2943min; matches the dataset-wide weekend closure pattern observed on every trading week.",HIGH,False
gapf_635473_20221017_2358,2022-10-17 23:58:00,2022-10-18 01:00:00,2022-10-17 23:59:00,2022-10-18 00:59:00,62.0,61,Monday,Tuesday,23:58,01:00,2022,10,TRAIN,SUSPICIOUS_INTRASESSION,EXPECTED_DAILY_SESSION_BREAK,Recurring nightly broker maintenance/session break.,"2022-10-17 23:58:00 -> 2022-10-18 01:00:00: ~62min nightly pause, standard-time (hour 23->01) variant; this exact close/reopen-hour pair recurs on the vast majority of weeknights across all 6 dataset years, and the hour flips precisely on EU DST transition weekends.",MEDIUM,False
gapf_636852_20221018_2358,2022-10-18 23:58:00,2022-10-19 01:00:00,2022-10-18 23:59:00,2022-10-19 00:59:00,62.0,61,Tuesday,Wednesday,23:58,01:00,2022,10,TRAIN,SUSPICIOUS_INTRASESSION,EXPECTED_DAILY_SESSION_BREAK,Recurring nightly broker maintenance/session break.,"2022-10-18 23:58:00 -> 2022-10-19 01:00:00: ~62min nightly pause, standard-time (hour 23->01) variant; this exact close/reopen-hour pair recurs on the vast majority of weeknights across all 6 dataset years, and the hour flips precisely on EU DST transition weekends.",MEDIUM,False
gapf_638231_20221019_2358,2022-10-19 23:58:00,2022-10-20 01:00:00,2022-10-19 23:59:00,2022-10-20 00:59:00,62.0,61,Wednesday,Thursday,23:58,01:00,2022,10,TRAIN,SUSPICIOUS_INTRASESSION,EXPECTED_DAILY_SESSION_BREAK,Recurring nightly broker maintenance/session break.,"2022-10-19 23:58:00 -> 2022-10-20 01:00:00: ~62min nightly pause, standard-time (hour 23->01) variant; this exact close/reopen-hour pair recurs on the vast majority of weeknights across all 6 dataset years, and the hour flips precisely on EU DST transition weekends.",MEDIUM,False
gapf_639610_20221020_2358,2022-10-20 23:58:00,2022-10-21 01:00:00,2022-10-20 23:59:00,2022-10-21 00:59:00,62.0,61,Thursday,Friday,23:58,01:00,2022,10,TRAIN,SUSPICIOUS_INTRASESSION,EXPECTED_DAILY_SESSION_BREAK,Recurring nightly broker maintenance/session break.,"2022-10-20 23:58:00 -> 2022-10-21 01:00:00: ~62min nightly pause, standard-time (hour 23->01) variant; this exact close/reopen-hour pair recurs on the vast majority of weeknights across all 6 dataset years, and the hour flips precisely on EU DST transition weekends.",MEDIUM,False
gapf_640988_20221021_2357,2022-10-21 23:57:00,2022-10-24 01:00:00,2022-10-21 23:58:00,2022-10-24 00:59:00,2943.0,2942,Friday,Monday,23:57,01:00,2022,10,TRAIN,EXPECTED_WEEKEND,EXPECTED_WEEKEND,Recurring Friday-to-Monday/Tuesday weekend market closure.,"Friday 23:57 close -> Monday 01:00 reopen, delta=2943min; matches the dataset-wide weekend closure pattern observed on every trading week.",HIGH,False
gapf_642367_20221024_2358,2022-10-24 23:58:00,2022-10-25 01:00:00,2022-10-24 23:59:00,2022-10-25 00:59:00,62.0,61,Monday,Tuesday,23:58,01:00,2022,10,TRAIN,SUSPICIOUS_INTRASESSION,EXPECTED_DAILY_SESSION_BREAK,Recurring nightly broker maintenance/session break.,"2022-10-24 23:58:00 -> 2022-10-25 01:00:00: ~62min nightly pause, standard-time (hour 23->01) variant; this exact close/reopen-hour pair recurs on the vast majority of weeknights across all 6 dataset years, and the hour flips precisely on EU DST transition weekends.",MEDIUM,False
gapf_643746_20221025_2358,2022-10-25 23:58:00,2022-10-26 01:00:00,2022-10-25 23:59:00,2022-10-26 00:59:00,62.0,61,Tuesday,Wednesday,23:58,01:00,2022,10,TRAIN,SUSPICIOUS_INTRASESSION,EXPECTED_DAILY_SESSION_BREAK,Recurring nightly broker maintenance/session break.,"2022-10-25 23:58:00 -> 2022-10-26 01:00:00: ~62min nightly pause, standard-time (hour 23->01) variant; this exact close/reopen-hour pair recurs on the vast majority of weeknights across all 6 dataset years, and the hour flips precisely on EU DST transition weekends.",MEDIUM,False
gapf_645125_20221026_2358,2022-10-26 23:58:00,2022-10-27 01:00:00,2022-10-26 23:59:00,2022-10-27 00:59:00,62.0,61,Wednesday,Thursday,23:58,01:00,2022,10,TRAIN,SUSPICIOUS_INTRASESSION,EXPECTED_DAILY_SESSION_BREAK,Recurring nightly broker maintenance/session break.,"2022-10-26 23:58:00 -> 2022-10-27 01:00:00: ~62min nightly pause, standard-time (hour 23->01) variant; this exact close/reopen-hour pair recurs on the vast majority of weeknights across all 6 dataset years, and the hour flips precisely on EU DST transition weekends.",MEDIUM,False
gapf_646504_20221027_2358,2022-10-27 23:58:00,2022-10-28 01:00:00,2022-10-27 23:59:00,2022-10-28 00:59:00,62.0,61,Thursday,Friday,23:58,01:00,2022,10,TRAIN,SUSPICIOUS_INTRASESSION,EXPECTED_DAILY_SESSION_BREAK,Recurring nightly broker maintenance/session break.,"2022-10-27 23:58:00 -> 2022-10-28 01:00:00: ~62min nightly pause, standard-time (hour 23->01) variant; this exact close/reopen-hour pair recurs on the vast majority of weeknights across all 6 dataset years, and the hour flips precisely on EU DST transition weekends.",MEDIUM,False
gapf_647882_20221028_2357,2022-10-28 23:57:00,2022-10-31 00:00:00,2022-10-28 23:58:00,2022-10-30 23:59:00,2883.0,2882,Friday,Monday,23:57,00:00,2022,10,TRAIN,EXPECTED_WEEKEND,EXPECTED_WEEKEND,Recurring Friday-to-Monday/Tuesday weekend market closure.,"Friday 23:57 close -> Monday 00:00 reopen, delta=2883min; matches the dataset-wide weekend closure pattern observed on every trading week.",HIGH,False
gapf_649261_20221031_2258,2022-10-31 22:58:00,2022-11-01 00:00:00,2022-10-31 22:59:00,2022-10-31 23:59:00,62.0,61,Monday,Tuesday,22:58,00:00,2022,10,TRAIN,EXPECTED_DAILY_SESSION_BREAK,EXPECTED_DAILY_SESSION_BREAK,Recurring nightly broker maintenance/session break.,"2022-10-31 22:58:00 -> 2022-11-01 00:00:00: ~62min nightly pause, EU-DST-shifted (hour 22->00) variant; this exact close/reopen-hour pair recurs on the vast majority of weeknights across all 6 dataset years, and the hour flips precisely on EU DST transition weekends.",MEDIUM,False
gapf_650640_20221101_2258,2022-11-01 22:58:00,2022-11-02 00:00:00,2022-11-01 22:59:00,2022-11-01 23:59:00,62.0,61,Tuesday,Wednesday,22:58,00:00,2022,11,TRAIN,EXPECTED_DAILY_SESSION_BREAK,EXPECTED_DAILY_SESSION_BREAK,Recurring nightly broker maintenance/session break.,"2022-11-01 22:58:00 -> 2022-11-02 00:00:00: ~62min nightly pause, EU-DST-shifted (hour 22->00) variant; this exact close/reopen-hour pair recurs on the vast majority of weeknights across all 6 dataset years, and the hour flips precisely on EU DST transition weekends.",MEDIUM,False
gapf_652019_20221102_2258,2022-11-02 22:58:00,2022-11-03 00:00:00,2022-11-02 22:59:00,2022-11-02 23:59:00,62.0,61,Wednesday,Thursday,22:58,00:00,2022,11,TRAIN,EXPECTED_DAILY_SESSION_BREAK,EXPECTED_DAILY_SESSION_BREAK,Recurring nightly broker maintenance/session break.,"2022-11-02 22:58:00 -> 2022-11-03 00:00:00: ~62min nightly pause, EU-DST-shifted (hour 22->00) variant; this exact close/reopen-hour pair recurs on the vast majority of weeknights across all 6 dataset years, and the hour flips precisely on EU DST transition weekends.",MEDIUM,False
gapf_653398_20221103_2258,2022-11-03 22:58:00,2022-11-04 00:00:00,2022-11-03 22:59:00,2022-11-03 23:59:00,62.0,61,Thursday,Friday,22:58,00:00,2022,11,TRAIN,EXPECTED_DAILY_SESSION_BREAK,EXPECTED_DAILY_SESSION_BREAK,Recurring nightly broker maintenance/session break.,"2022-11-03 22:58:00 -> 2022-11-04 00:00:00: ~62min nightly pause, EU-DST-shifted (hour 22->00) variant; this exact close/reopen-hour pair recurs on the vast majority of weeknights across all 6 dataset years, and the hour flips precisely on EU DST transition weekends.",MEDIUM,False
gapf_654776_20221104_2257,2022-11-04 22:57:00,2022-11-07 01:00:00,2022-11-04 22:58:00,2022-11-07 00:59:00,3003.0,3002,Friday,Monday,22:57,01:00,2022,11,TRAIN,EXPECTED_WEEKEND,EXPECTED_WEEKEND,Recurring Friday-to-Monday/Tuesday weekend market closure.,"Friday 22:57 close -> Monday 01:00 reopen, delta=3003min; matches the dataset-wide weekend closure pattern observed on every trading week.",HIGH,False
gapf_656155_20221107_2358,2022-11-07 23:58:00,2022-11-08 01:00:00,2022-11-07 23:59:00,2022-11-08 00:59:00,62.0,61,Monday,Tuesday,23:58,01:00,2022,11,TRAIN,SUSPICIOUS_INTRASESSION,EXPECTED_DAILY_SESSION_BREAK,Recurring nightly broker maintenance/session break.,"2022-11-07 23:58:00 -> 2022-11-08 01:00:00: ~62min nightly pause, standard-time (hour 23->01) variant; this exact close/reopen-hour pair recurs on the vast majority of weeknights across all 6 dataset years, and the hour flips precisely on EU DST transition weekends.",MEDIUM,False
gapf_657534_20221108_2358,2022-11-08 23:58:00,2022-11-09 01:00:00,2022-11-08 23:59:00,2022-11-09 00:59:00,62.0,61,Tuesday,Wednesday,23:58,01:00,2022,11,TRAIN,SUSPICIOUS_INTRASESSION,EXPECTED_DAILY_SESSION_BREAK,Recurring nightly broker maintenance/session break.,"2022-11-08 23:58:00 -> 2022-11-09 01:00:00: ~62min nightly pause, standard-time (hour 23->01) variant; this exact close/reopen-hour pair recurs on the vast majority of weeknights across all 6 dataset years, and the hour flips precisely on EU DST transition weekends.",MEDIUM,False
gapf_658913_20221109_2358,2022-11-09 23:58:00,2022-11-10 01:00:00,2022-11-09 23:59:00,2022-11-10 00:59:00,62.0,61,Wednesday,Thursday,23:58,01:00,2022,11,TRAIN,SUSPICIOUS_INTRASESSION,EXPECTED_DAILY_SESSION_BREAK,Recurring nightly broker maintenance/session break.,"2022-11-09 23:58:00 -> 2022-11-10 01:00:00: ~62min nightly pause, standard-time (hour 23->01) variant; this exact close/reopen-hour pair recurs on the vast majority of weeknights across all 6 dataset years, and the hour flips precisely on EU DST transition weekends.",MEDIUM,False
gapf_660292_20221110_2358,2022-11-10 23:58:00,2022-11-11 01:00:00,2022-11-10 23:59:00,2022-11-11 00:59:00,62.0,61,Thursday,Friday,23:58,01:00,2022,11,TRAIN,SUSPICIOUS_INTRASESSION,EXPECTED_DAILY_SESSION_BREAK,Recurring nightly broker maintenance/session break.,"2022-11-10 23:58:00 -> 2022-11-11 01:00:00: ~62min nightly pause, standard-time (hour 23->01) variant; this exact close/reopen-hour pair recurs on the vast majority of weeknights across all 6 dataset years, and the hour flips precisely on EU DST transition weekends.",MEDIUM,False
gapf_661670_20221111_2357,2022-11-11 23:57:00,2022-11-14 01:00:00,2022-11-11 23:58:00,2022-11-14 00:59:00,2943.0,2942,Friday,Monday,23:57,01:00,2022,11,TRAIN,EXPECTED_WEEKEND,EXPECTED_WEEKEND,Recurring Friday-to-Monday/Tuesday weekend market closure.,"Friday 23:57 close -> Monday 01:00 reopen, delta=2943min; matches the dataset-wide weekend closure pattern observed on every trading week.",HIGH,False
gapf_663049_20221114_2358,2022-11-14 23:58:00,2022-11-15 01:00:00,2022-11-14 23:59:00,2022-11-15 00:59:00,62.0,61,Monday,Tuesday,23:58,01:00,2022,11,TRAIN,SUSPICIOUS_INTRASESSION,EXPECTED_DAILY_SESSION_BREAK,Recurring nightly broker maintenance/session break.,"2022-11-14 23:58:00 -> 2022-11-15 01:00:00: ~62min nightly pause, standard-time (hour 23->01) variant; this exact close/reopen-hour pair recurs on the vast majority of weeknights across all 6 dataset years, and the hour flips precisely on EU DST transition weekends.",MEDIUM,False
gapf_664428_20221115_2358,2022-11-15 23:58:00,2022-11-16 01:00:00,2022-11-15 23:59:00,2022-11-16 00:59:00,62.0,61,Tuesday,Wednesday,23:58,01:00,2022,11,TRAIN,SUSPICIOUS_INTRASESSION,EXPECTED_DAILY_SESSION_BREAK,Recurring nightly broker maintenance/session break.,"2022-11-15 23:58:00 -> 2022-11-16 01:00:00: ~62min nightly pause, standard-time (hour 23->01) variant; this exact close/reopen-hour pair recurs on the vast majority of weeknights across all 6 dataset years, and the hour flips precisely on EU DST transition weekends.",MEDIUM,False
gapf_665807_20221116_2358,2022-11-16 23:58:00,2022-11-17 01:00:00,2022-11-16 23:59:00,2022-11-17 00:59:00,62.0,61,Wednesday,Thursday,23:58,01:00,2022,11,TRAIN,SUSPICIOUS_INTRASESSION,EXPECTED_DAILY_SESSION_BREAK,Recurring nightly broker maintenance/session break.,"2022-11-16 23:58:00 -> 2022-11-17 01:00:00: ~62min nightly pause, standard-time (hour 23->01) variant; this exact close/reopen-hour pair recurs on the vast majority of weeknights across all 6 dataset years, and the hour flips precisely on EU DST transition weekends.",MEDIUM,False
gapf_667186_20221117_2358,2022-11-17 23:58:00,2022-11-18 01:00:00,2022-11-17 23:59:00,2022-11-18 00:59:00,62.0,61,Thursday,Friday,23:58,01:00,2022,11,TRAIN,SUSPICIOUS_INTRASESSION,EXPECTED_DAILY_SESSION_BREAK,Recurring nightly broker maintenance/session break.,"2022-11-17 23:58:00 -> 2022-11-18 01:00:00: ~62min nightly pause, standard-time (hour 23->01) variant; this exact close/reopen-hour pair recurs on the vast majority of weeknights across all 6 dataset years, and the hour flips precisely on EU DST transition weekends.",MEDIUM,False
gapf_668564_20221118_2357,2022-11-18 23:57:00,2022-11-21 01:00:00,2022-11-18 23:58:00,2022-11-21 00:59:00,2943.0,2942,Friday,Monday,23:57,01:00,2022,11,TRAIN,EXPECTED_WEEKEND,EXPECTED_WEEKEND,Recurring Friday-to-Monday/Tuesday weekend market closure.,"Friday 23:57 close -> Monday 01:00 reopen, delta=2943min; matches the dataset-wide weekend closure pattern observed on every trading week.",HIGH,False
gapf_669943_20221121_2358,2022-11-21 23:58:00,2022-11-22 01:00:00,2022-11-21 23:59:00,2022-11-22 00:59:00,62.0,61,Monday,Tuesday,23:58,01:00,2022,11,TRAIN,SUSPICIOUS_INTRASESSION,EXPECTED_DAILY_SESSION_BREAK,Recurring nightly broker maintenance/session break.,"2022-11-21 23:58:00 -> 2022-11-22 01:00:00: ~62min nightly pause, standard-time (hour 23->01) variant; this exact close/reopen-hour pair recurs on the vast majority of weeknights across all 6 dataset years, and the hour flips precisely on EU DST transition weekends.",MEDIUM,False
gapf_671322_20221122_2358,2022-11-22 23:58:00,2022-11-23 01:00:00,2022-11-22 23:59:00,2022-11-23 00:59:00,62.0,61,Tuesday,Wednesday,23:58,01:00,2022,11,TRAIN,SUSPICIOUS_INTRASESSION,EXPECTED_DAILY_SESSION_BREAK,Recurring nightly broker maintenance/session break.,"2022-11-22 23:58:00 -> 2022-11-23 01:00:00: ~62min nightly pause, standard-time (hour 23->01) variant; this exact close/reopen-hour pair recurs on the vast majority of weeknights across all 6 dataset years, and the hour flips precisely on EU DST transition weekends.",MEDIUM,False
gapf_672701_20221123_2358,2022-11-23 23:58:00,2022-11-24 01:00:00,2022-11-23 23:59:00,2022-11-24 00:59:00,62.0,61,Wednesday,Thursday,23:58,01:00,2022,11,TRAIN,SUSPICIOUS_INTRASESSION,EXPECTED_DAILY_SESSION_BREAK,Recurring nightly broker maintenance/session break.,"2022-11-23 23:58:00 -> 2022-11-24 01:00:00: ~62min nightly pause, standard-time (hour 23->01) variant; this exact close/reopen-hour pair recurs on the vast majority of weeknights across all 6 dataset years, and the hour flips precisely on EU DST transition weekends.",MEDIUM,False
gapf_673927_20221124_2125,2022-11-24 21:25:00,2022-11-25 01:00:00,2022-11-24 21:26:00,2022-11-25 00:59:00,215.0,214,Thursday,Friday,21:25,01:00,2022,11,TRAIN,SUSPICIOUS_INTRASESSION,EXPECTED_HOLIDAY_OR_CLOSURE,US federal market holiday early close (THANKSGIVING).,"2022-11-24 21:25:00 matches computed US federal holiday date (THANKSGIVING); early close at 21:25 UTC, reopen 01:00 UTC next day; recurring pattern observed across multiple dataset years.",MEDIUM,False
gapf_675108_20221125_2040,2022-11-25 20:40:00,2022-11-28 01:00:00,2022-11-25 20:41:00,2022-11-28 00:59:00,3140.0,3139,Friday,Monday,20:40,01:00,2022,11,TRAIN,EXPECTED_WEEKEND,EXPECTED_WEEKEND,Recurring Friday-to-Monday/Tuesday weekend market closure.,"Friday 20:40 close -> Monday 01:00 reopen, delta=3140min; matches the dataset-wide weekend closure pattern observed on every trading week.",HIGH,False
gapf_676487_20221128_2358,2022-11-28 23:58:00,2022-11-29 01:00:00,2022-11-28 23:59:00,2022-11-29 00:59:00,62.0,61,Monday,Tuesday,23:58,01:00,2022,11,TRAIN,SUSPICIOUS_INTRASESSION,EXPECTED_DAILY_SESSION_BREAK,Recurring nightly broker maintenance/session break.,"2022-11-28 23:58:00 -> 2022-11-29 01:00:00: ~62min nightly pause, standard-time (hour 23->01) variant; this exact close/reopen-hour pair recurs on the vast majority of weeknights across all 6 dataset years, and the hour flips precisely on EU DST transition weekends.",MEDIUM,False
gapf_677866_20221129_2358,2022-11-29 23:58:00,2022-11-30 01:00:00,2022-11-29 23:59:00,2022-11-30 00:59:00,62.0,61,Tuesday,Wednesday,23:58,01:00,2022,11,TRAIN,SUSPICIOUS_INTRASESSION,EXPECTED_DAILY_SESSION_BREAK,Recurring nightly broker maintenance/session break.,"2022-11-29 23:58:00 -> 2022-11-30 01:00:00: ~62min nightly pause, standard-time (hour 23->01) variant; this exact close/reopen-hour pair recurs on the vast majority of weeknights across all 6 dataset years, and the hour flips precisely on EU DST transition weekends.",MEDIUM,False
gapf_679245_20221130_2358,2022-11-30 23:58:00,2022-12-01 01:00:00,2022-11-30 23:59:00,2022-12-01 00:59:00,62.0,61,Wednesday,Thursday,23:58,01:00,2022,11,TRAIN,SUSPICIOUS_INTRASESSION,EXPECTED_DAILY_SESSION_BREAK,Recurring nightly broker maintenance/session break.,"2022-11-30 23:58:00 -> 2022-12-01 01:00:00: ~62min nightly pause, standard-time (hour 23->01) variant; this exact close/reopen-hour pair recurs on the vast majority of weeknights across all 6 dataset years, and the hour flips precisely on EU DST transition weekends.",MEDIUM,False
gapf_680624_20221201_2358,2022-12-01 23:58:00,2022-12-02 01:00:00,2022-12-01 23:59:00,2022-12-02 00:59:00,62.0,61,Thursday,Friday,23:58,01:00,2022,12,TRAIN,SUSPICIOUS_INTRASESSION,EXPECTED_DAILY_SESSION_BREAK,Recurring nightly broker maintenance/session break.,"2022-12-01 23:58:00 -> 2022-12-02 01:00:00: ~62min nightly pause, standard-time (hour 23->01) variant; this exact close/reopen-hour pair recurs on the vast majority of weeknights across all 6 dataset years, and the hour flips precisely on EU DST transition weekends.",MEDIUM,False
gapf_682002_20221202_2357,2022-12-02 23:57:00,2022-12-05 01:00:00,2022-12-02 23:58:00,2022-12-05 00:59:00,2943.0,2942,Friday,Monday,23:57,01:00,2022,12,TRAIN,EXPECTED_WEEKEND,EXPECTED_WEEKEND,Recurring Friday-to-Monday/Tuesday weekend market closure.,"Friday 23:57 close -> Monday 01:00 reopen, delta=2943min; matches the dataset-wide weekend closure pattern observed on every trading week.",HIGH,False
gapf_683381_20221205_2358,2022-12-05 23:58:00,2022-12-06 01:00:00,2022-12-05 23:59:00,2022-12-06 00:59:00,62.0,61,Monday,Tuesday,23:58,01:00,2022,12,TRAIN,SUSPICIOUS_INTRASESSION,EXPECTED_DAILY_SESSION_BREAK,Recurring nightly broker maintenance/session break.,"2022-12-05 23:58:00 -> 2022-12-06 01:00:00: ~62min nightly pause, standard-time (hour 23->01) variant; this exact close/reopen-hour pair recurs on the vast majority of weeknights across all 6 dataset years, and the hour flips precisely on EU DST transition weekends.",MEDIUM,False
gapf_684760_20221206_2358,2022-12-06 23:58:00,2022-12-07 01:00:00,2022-12-06 23:59:00,2022-12-07 00:59:00,62.0,61,Tuesday,Wednesday,23:58,01:00,2022,12,TRAIN,SUSPICIOUS_INTRASESSION,EXPECTED_DAILY_SESSION_BREAK,Recurring nightly broker maintenance/session break.,"2022-12-06 23:58:00 -> 2022-12-07 01:00:00: ~62min nightly pause, standard-time (hour 23->01) variant; this exact close/reopen-hour pair recurs on the vast majority of weeknights across all 6 dataset years, and the hour flips precisely on EU DST transition weekends.",MEDIUM,False
gapf_686139_20221207_2358,2022-12-07 23:58:00,2022-12-08 01:00:00,2022-12-07 23:59:00,2022-12-08 00:59:00,62.0,61,Wednesday,Thursday,23:58,01:00,2022,12,TRAIN,SUSPICIOUS_INTRASESSION,EXPECTED_DAILY_SESSION_BREAK,Recurring nightly broker maintenance/session break.,"2022-12-07 23:58:00 -> 2022-12-08 01:00:00: ~62min nightly pause, standard-time (hour 23->01) variant; this exact close/reopen-hour pair recurs on the vast majority of weeknights across all 6 dataset years, and the hour flips precisely on EU DST transition weekends.",MEDIUM,False
gapf_687518_20221208_2358,2022-12-08 23:58:00,2022-12-09 01:00:00,2022-12-08 23:59:00,2022-12-09 00:59:00,62.0,61,Thursday,Friday,23:58,01:00,2022,12,TRAIN,SUSPICIOUS_INTRASESSION,EXPECTED_DAILY_SESSION_BREAK,Recurring nightly broker maintenance/session break.,"2022-12-08 23:58:00 -> 2022-12-09 01:00:00: ~62min nightly pause, standard-time (hour 23->01) variant; this exact close/reopen-hour pair recurs on the vast majority of weeknights across all 6 dataset years, and the hour flips precisely on EU DST transition weekends.",MEDIUM,False
gapf_688896_20221209_2357,2022-12-09 23:57:00,2022-12-12 01:00:00,2022-12-09 23:58:00,2022-12-12 00:59:00,2943.0,2942,Friday,Monday,23:57,01:00,2022,12,TRAIN,EXPECTED_WEEKEND,EXPECTED_WEEKEND,Recurring Friday-to-Monday/Tuesday weekend market closure.,"Friday 23:57 close -> Monday 01:00 reopen, delta=2943min; matches the dataset-wide weekend closure pattern observed on every trading week.",HIGH,False
gapf_690275_20221212_2358,2022-12-12 23:58:00,2022-12-13 01:00:00,2022-12-12 23:59:00,2022-12-13 00:59:00,62.0,61,Monday,Tuesday,23:58,01:00,2022,12,TRAIN,SUSPICIOUS_INTRASESSION,EXPECTED_DAILY_SESSION_BREAK,Recurring nightly broker maintenance/session break.,"2022-12-12 23:58:00 -> 2022-12-13 01:00:00: ~62min nightly pause, standard-time (hour 23->01) variant; this exact close/reopen-hour pair recurs on the vast majority of weeknights across all 6 dataset years, and the hour flips precisely on EU DST transition weekends.",MEDIUM,False
gapf_691654_20221213_2358,2022-12-13 23:58:00,2022-12-14 01:00:00,2022-12-13 23:59:00,2022-12-14 00:59:00,62.0,61,Tuesday,Wednesday,23:58,01:00,2022,12,TRAIN,SUSPICIOUS_INTRASESSION,EXPECTED_DAILY_SESSION_BREAK,Recurring nightly broker maintenance/session break.,"2022-12-13 23:58:00 -> 2022-12-14 01:00:00: ~62min nightly pause, standard-time (hour 23->01) variant; this exact close/reopen-hour pair recurs on the vast majority of weeknights across all 6 dataset years, and the hour flips precisely on EU DST transition weekends.",MEDIUM,False
gapf_693033_20221214_2358,2022-12-14 23:58:00,2022-12-15 01:00:00,2022-12-14 23:59:00,2022-12-15 00:59:00,62.0,61,Wednesday,Thursday,23:58,01:00,2022,12,TRAIN,SUSPICIOUS_INTRASESSION,EXPECTED_DAILY_SESSION_BREAK,Recurring nightly broker maintenance/session break.,"2022-12-14 23:58:00 -> 2022-12-15 01:00:00: ~62min nightly pause, standard-time (hour 23->01) variant; this exact close/reopen-hour pair recurs on the vast majority of weeknights across all 6 dataset years, and the hour flips precisely on EU DST transition weekends.",MEDIUM,False
gapf_694412_20221215_2358,2022-12-15 23:58:00,2022-12-16 01:00:00,2022-12-15 23:59:00,2022-12-16 00:59:00,62.0,61,Thursday,Friday,23:58,01:00,2022,12,TRAIN,SUSPICIOUS_INTRASESSION,EXPECTED_DAILY_SESSION_BREAK,Recurring nightly broker maintenance/session break.,"2022-12-15 23:58:00 -> 2022-12-16 01:00:00: ~62min nightly pause, standard-time (hour 23->01) variant; this exact close/reopen-hour pair recurs on the vast majority of weeknights across all 6 dataset years, and the hour flips precisely on EU DST transition weekends.",MEDIUM,False
gapf_695790_20221216_2357,2022-12-16 23:57:00,2022-12-19 01:00:00,2022-12-16 23:58:00,2022-12-19 00:59:00,2943.0,2942,Friday,Monday,23:57,01:00,2022,12,TRAIN,EXPECTED_WEEKEND,EXPECTED_WEEKEND,Recurring Friday-to-Monday/Tuesday weekend market closure.,"Friday 23:57 close -> Monday 01:00 reopen, delta=2943min; matches the dataset-wide weekend closure pattern observed on every trading week.",HIGH,False
gapf_697169_20221219_2358,2022-12-19 23:58:00,2022-12-20 01:00:00,2022-12-19 23:59:00,2022-12-20 00:59:00,62.0,61,Monday,Tuesday,23:58,01:00,2022,12,TRAIN,SUSPICIOUS_INTRASESSION,EXPECTED_DAILY_SESSION_BREAK,Recurring nightly broker maintenance/session break.,"2022-12-19 23:58:00 -> 2022-12-20 01:00:00: ~62min nightly pause, standard-time (hour 23->01) variant; this exact close/reopen-hour pair recurs on the vast majority of weeknights across all 6 dataset years, and the hour flips precisely on EU DST transition weekends.",MEDIUM,False
gapf_698548_20221220_2358,2022-12-20 23:58:00,2022-12-21 01:00:00,2022-12-20 23:59:00,2022-12-21 00:59:00,62.0,61,Tuesday,Wednesday,23:58,01:00,2022,12,TRAIN,SUSPICIOUS_INTRASESSION,EXPECTED_DAILY_SESSION_BREAK,Recurring nightly broker maintenance/session break.,"2022-12-20 23:58:00 -> 2022-12-21 01:00:00: ~62min nightly pause, standard-time (hour 23->01) variant; this exact close/reopen-hour pair recurs on the vast majority of weeknights across all 6 dataset years, and the hour flips precisely on EU DST transition weekends.",MEDIUM,False
gapf_699927_20221221_2358,2022-12-21 23:58:00,2022-12-22 01:00:00,2022-12-21 23:59:00,2022-12-22 00:59:00,62.0,61,Wednesday,Thursday,23:58,01:00,2022,12,TRAIN,SUSPICIOUS_INTRASESSION,EXPECTED_DAILY_SESSION_BREAK,Recurring nightly broker maintenance/session break.,"2022-12-21 23:58:00 -> 2022-12-22 01:00:00: ~62min nightly pause, standard-time (hour 23->01) variant; this exact close/reopen-hour pair recurs on the vast majority of weeknights across all 6 dataset years, and the hour flips precisely on EU DST transition weekends.",MEDIUM,False
gapf_701306_20221222_2358,2022-12-22 23:58:00,2022-12-23 01:00:00,2022-12-22 23:59:00,2022-12-23 00:59:00,62.0,61,Thursday,Friday,23:58,01:00,2022,12,TRAIN,SUSPICIOUS_INTRASESSION,EXPECTED_DAILY_SESSION_BREAK,Recurring nightly broker maintenance/session break.,"2022-12-22 23:58:00 -> 2022-12-23 01:00:00: ~62min nightly pause, standard-time (hour 23->01) variant; this exact close/reopen-hour pair recurs on the vast majority of weeknights across all 6 dataset years, and the hour flips precisely on EU DST transition weekends.",MEDIUM,False
gapf_702684_20221223_2357,2022-12-23 23:57:00,2022-12-27 01:00:00,2022-12-23 23:58:00,2022-12-27 00:59:00,4383.0,4382,Friday,Tuesday,23:57,01:00,2022,12,TRAIN,EXPECTED_WEEKEND,EXPECTED_WEEKEND,Recurring Friday-to-Monday/Tuesday weekend market closure.,"Friday 23:57 close -> Tuesday 01:00 reopen, delta=4383min; matches the dataset-wide weekend closure pattern observed on every trading week.",HIGH,False
gapf_704063_20221227_2358,2022-12-27 23:58:00,2022-12-28 01:00:00,2022-12-27 23:59:00,2022-12-28 00:59:00,62.0,61,Tuesday,Wednesday,23:58,01:00,2022,12,TRAIN,SUSPICIOUS_INTRASESSION,EXPECTED_DAILY_SESSION_BREAK,Recurring nightly broker maintenance/session break.,"2022-12-27 23:58:00 -> 2022-12-28 01:00:00: ~62min nightly pause, standard-time (hour 23->01) variant; this exact close/reopen-hour pair recurs on the vast majority of weeknights across all 6 dataset years, and the hour flips precisely on EU DST transition weekends.",MEDIUM,False
gapf_704071_20221228_0107,2022-12-28 01:07:00,2022-12-28 01:09:00,2022-12-28 01:08:00,2022-12-28 01:08:00,2.0,1,Wednesday,Wednesday,01:07,01:09,2022,12,TRAIN,LIKELY_PROVIDER_HISTORY_GAP,LIKELY_PROVIDER_HISTORY_GAP,"Isolated small active-session gap, no recurring pattern.","2022-12-28 01:07:00 -> 2022-12-28 01:09:00: isolated 1-bar active-session gap; does not match weekend, session-break, or holiday patterns; below the empirically observed natural break in the missing-bar distribution (no residual gap observed between 9 and 214 missing bars).",LOW,True
gapf_705441_20221228_2358,2022-12-28 23:58:00,2022-12-29 01:00:00,2022-12-28 23:59:00,2022-12-29 00:59:00,62.0,61,Wednesday,Thursday,23:58,01:00,2022,12,TRAIN,SUSPICIOUS_INTRASESSION,EXPECTED_DAILY_SESSION_BREAK,Recurring nightly broker maintenance/session break.,"2022-12-28 23:58:00 -> 2022-12-29 01:00:00: ~62min nightly pause, standard-time (hour 23->01) variant; this exact close/reopen-hour pair recurs on the vast majority of weeknights across all 6 dataset years, and the hour flips precisely on EU DST transition weekends.",MEDIUM,False
gapf_706820_20221229_2358,2022-12-29 23:58:00,2022-12-30 01:00:00,2022-12-29 23:59:00,2022-12-30 00:59:00,62.0,61,Thursday,Friday,23:58,01:00,2022,12,TRAIN,SUSPICIOUS_INTRASESSION,EXPECTED_DAILY_SESSION_BREAK,Recurring nightly broker maintenance/session break.,"2022-12-29 23:58:00 -> 2022-12-30 01:00:00: ~62min nightly pause, standard-time (hour 23->01) variant; this exact close/reopen-hour pair recurs on the vast majority of weeknights across all 6 dataset years, and the hour flips precisely on EU DST transition weekends.",MEDIUM,False
gapf_708198_20221230_2357,2022-12-30 23:57:00,2023-01-03 01:00:00,2022-12-30 23:58:00,2023-01-03 00:59:00,4383.0,4382,Friday,Tuesday,23:57,01:00,2022,12,TRAIN,EXPECTED_WEEKEND,EXPECTED_WEEKEND,Recurring Friday-to-Monday/Tuesday weekend market closure.,"Friday 23:57 close -> Tuesday 01:00 reopen, delta=4383min; matches the dataset-wide weekend closure pattern observed on every trading week.",HIGH,False
gapf_709577_20230103_2358,2023-01-03 23:58:00,2023-01-04 01:00:00,2023-01-03 23:59:00,2023-01-04 00:59:00,62.0,61,Tuesday,Wednesday,23:58,01:00,2023,1,TRAIN,SUSPICIOUS_INTRASESSION,EXPECTED_DAILY_SESSION_BREAK,Recurring nightly broker maintenance/session break.,"2023-01-03 23:58:00 -> 2023-01-04 01:00:00: ~62min nightly pause, standard-time (hour 23->01) variant; this exact close/reopen-hour pair recurs on the vast majority of weeknights across all 6 dataset years, and the hour flips precisely on EU DST transition weekends.",MEDIUM,False
gapf_710956_20230104_2358,2023-01-04 23:58:00,2023-01-05 01:00:00,2023-01-04 23:59:00,2023-01-05 00:59:00,62.0,61,Wednesday,Thursday,23:58,01:00,2023,1,TRAIN,SUSPICIOUS_INTRASESSION,EXPECTED_DAILY_SESSION_BREAK,Recurring nightly broker maintenance/session break.,"2023-01-04 23:58:00 -> 2023-01-05 01:00:00: ~62min nightly pause, standard-time (hour 23->01) variant; this exact close/reopen-hour pair recurs on the vast majority of weeknights across all 6 dataset years, and the hour flips precisely on EU DST transition weekends.",MEDIUM,False
gapf_712335_20230105_2358,2023-01-05 23:58:00,2023-01-06 01:00:00,2023-01-05 23:59:00,2023-01-06 00:59:00,62.0,61,Thursday,Friday,23:58,01:00,2023,1,TRAIN,SUSPICIOUS_INTRASESSION,EXPECTED_DAILY_SESSION_BREAK,Recurring nightly broker maintenance/session break.,"2023-01-05 23:58:00 -> 2023-01-06 01:00:00: ~62min nightly pause, standard-time (hour 23->01) variant; this exact close/reopen-hour pair recurs on the vast majority of weeknights across all 6 dataset years, and the hour flips precisely on EU DST transition weekends.",MEDIUM,False
gapf_713713_20230106_2357,2023-01-06 23:57:00,2023-01-09 01:00:00,2023-01-06 23:58:00,2023-01-09 00:59:00,2943.0,2942,Friday,Monday,23:57,01:00,2023,1,TRAIN,EXPECTED_WEEKEND,EXPECTED_WEEKEND,Recurring Friday-to-Monday/Tuesday weekend market closure.,"Friday 23:57 close -> Monday 01:00 reopen, delta=2943min; matches the dataset-wide weekend closure pattern observed on every trading week.",HIGH,False
gapf_715092_20230109_2358,2023-01-09 23:58:00,2023-01-10 01:00:00,2023-01-09 23:59:00,2023-01-10 00:59:00,62.0,61,Monday,Tuesday,23:58,01:00,2023,1,TRAIN,SUSPICIOUS_INTRASESSION,EXPECTED_DAILY_SESSION_BREAK,Recurring nightly broker maintenance/session break.,"2023-01-09 23:58:00 -> 2023-01-10 01:00:00: ~62min nightly pause, standard-time (hour 23->01) variant; this exact close/reopen-hour pair recurs on the vast majority of weeknights across all 6 dataset years, and the hour flips precisely on EU DST transition weekends.",MEDIUM,False
gapf_716471_20230110_2358,2023-01-10 23:58:00,2023-01-11 01:00:00,2023-01-10 23:59:00,2023-01-11 00:59:00,62.0,61,Tuesday,Wednesday,23:58,01:00,2023,1,TRAIN,SUSPICIOUS_INTRASESSION,EXPECTED_DAILY_SESSION_BREAK,Recurring nightly broker maintenance/session break.,"2023-01-10 23:58:00 -> 2023-01-11 01:00:00: ~62min nightly pause, standard-time (hour 23->01) variant; this exact close/reopen-hour pair recurs on the vast majority of weeknights across all 6 dataset years, and the hour flips precisely on EU DST transition weekends.",MEDIUM,False
gapf_717850_20230111_2358,2023-01-11 23:58:00,2023-01-12 01:00:00,2023-01-11 23:59:00,2023-01-12 00:59:00,62.0,61,Wednesday,Thursday,23:58,01:00,2023,1,TRAIN,SUSPICIOUS_INTRASESSION,EXPECTED_DAILY_SESSION_BREAK,Recurring nightly broker maintenance/session break.,"2023-01-11 23:58:00 -> 2023-01-12 01:00:00: ~62min nightly pause, standard-time (hour 23->01) variant; this exact close/reopen-hour pair recurs on the vast majority of weeknights across all 6 dataset years, and the hour flips precisely on EU DST transition weekends.",MEDIUM,False
gapf_719229_20230112_2358,2023-01-12 23:58:00,2023-01-13 01:00:00,2023-01-12 23:59:00,2023-01-13 00:59:00,62.0,61,Thursday,Friday,23:58,01:00,2023,1,TRAIN,SUSPICIOUS_INTRASESSION,EXPECTED_DAILY_SESSION_BREAK,Recurring nightly broker maintenance/session break.,"2023-01-12 23:58:00 -> 2023-01-13 01:00:00: ~62min nightly pause, standard-time (hour 23->01) variant; this exact close/reopen-hour pair recurs on the vast majority of weeknights across all 6 dataset years, and the hour flips precisely on EU DST transition weekends.",MEDIUM,False
gapf_720607_20230113_2357,2023-01-13 23:57:00,2023-01-16 01:00:00,2023-01-13 23:58:00,2023-01-16 00:59:00,2943.0,2942,Friday,Monday,23:57,01:00,2023,1,TRAIN,EXPECTED_WEEKEND,EXPECTED_WEEKEND,Recurring Friday-to-Monday/Tuesday weekend market closure.,"Friday 23:57 close -> Monday 01:00 reopen, delta=2943min; matches the dataset-wide weekend closure pattern observed on every trading week.",HIGH,False
gapf_721833_20230116_2125,2023-01-16 21:25:00,2023-01-17 01:00:00,2023-01-16 21:26:00,2023-01-17 00:59:00,215.0,214,Monday,Tuesday,21:25,01:00,2023,1,TRAIN,SUSPICIOUS_INTRASESSION,EXPECTED_HOLIDAY_OR_CLOSURE,US federal market holiday early close (MLK_DAY).,"2023-01-16 21:25:00 matches computed US federal holiday date (MLK_DAY); early close at 21:25 UTC, reopen 01:00 UTC next day; recurring pattern observed across multiple dataset years.",MEDIUM,False
gapf_723212_20230117_2358,2023-01-17 23:58:00,2023-01-18 01:00:00,2023-01-17 23:59:00,2023-01-18 00:59:00,62.0,61,Tuesday,Wednesday,23:58,01:00,2023,1,TRAIN,SUSPICIOUS_INTRASESSION,EXPECTED_DAILY_SESSION_BREAK,Recurring nightly broker maintenance/session break.,"2023-01-17 23:58:00 -> 2023-01-18 01:00:00: ~62min nightly pause, standard-time (hour 23->01) variant; this exact close/reopen-hour pair recurs on the vast majority of weeknights across all 6 dataset years, and the hour flips precisely on EU DST transition weekends.",MEDIUM,False
gapf_724591_20230118_2358,2023-01-18 23:58:00,2023-01-19 01:00:00,2023-01-18 23:59:00,2023-01-19 00:59:00,62.0,61,Wednesday,Thursday,23:58,01:00,2023,1,TRAIN,SUSPICIOUS_INTRASESSION,EXPECTED_DAILY_SESSION_BREAK,Recurring nightly broker maintenance/session break.,"2023-01-18 23:58:00 -> 2023-01-19 01:00:00: ~62min nightly pause, standard-time (hour 23->01) variant; this exact close/reopen-hour pair recurs on the vast majority of weeknights across all 6 dataset years, and the hour flips precisely on EU DST transition weekends.",MEDIUM,False
gapf_725970_20230119_2358,2023-01-19 23:58:00,2023-01-20 01:00:00,2023-01-19 23:59:00,2023-01-20 00:59:00,62.0,61,Thursday,Friday,23:58,01:00,2023,1,TRAIN,SUSPICIOUS_INTRASESSION,EXPECTED_DAILY_SESSION_BREAK,Recurring nightly broker maintenance/session break.,"2023-01-19 23:58:00 -> 2023-01-20 01:00:00: ~62min nightly pause, standard-time (hour 23->01) variant; this exact close/reopen-hour pair recurs on the vast majority of weeknights across all 6 dataset years, and the hour flips precisely on EU DST transition weekends.",MEDIUM,False
gapf_727348_20230120_2357,2023-01-20 23:57:00,2023-01-23 01:00:00,2023-01-20 23:58:00,2023-01-23 00:59:00,2943.0,2942,Friday,Monday,23:57,01:00,2023,1,TRAIN,EXPECTED_WEEKEND,EXPECTED_WEEKEND,Recurring Friday-to-Monday/Tuesday weekend market closure.,"Friday 23:57 close -> Monday 01:00 reopen, delta=2943min; matches the dataset-wide weekend closure pattern observed on every trading week.",HIGH,False
gapf_728727_20230123_2358,2023-01-23 23:58:00,2023-01-24 01:00:00,2023-01-23 23:59:00,2023-01-24 00:59:00,62.0,61,Monday,Tuesday,23:58,01:00,2023,1,TRAIN,SUSPICIOUS_INTRASESSION,EXPECTED_DAILY_SESSION_BREAK,Recurring nightly broker maintenance/session break.,"2023-01-23 23:58:00 -> 2023-01-24 01:00:00: ~62min nightly pause, standard-time (hour 23->01) variant; this exact close/reopen-hour pair recurs on the vast majority of weeknights across all 6 dataset years, and the hour flips precisely on EU DST transition weekends.",MEDIUM,False
gapf_730106_20230124_2358,2023-01-24 23:58:00,2023-01-25 01:00:00,2023-01-24 23:59:00,2023-01-25 00:59:00,62.0,61,Tuesday,Wednesday,23:58,01:00,2023,1,TRAIN,SUSPICIOUS_INTRASESSION,EXPECTED_DAILY_SESSION_BREAK,Recurring nightly broker maintenance/session break.,"2023-01-24 23:58:00 -> 2023-01-25 01:00:00: ~62min nightly pause, standard-time (hour 23->01) variant; this exact close/reopen-hour pair recurs on the vast majority of weeknights across all 6 dataset years, and the hour flips precisely on EU DST transition weekends.",MEDIUM,False
gapf_731485_20230125_2358,2023-01-25 23:58:00,2023-01-26 01:00:00,2023-01-25 23:59:00,2023-01-26 00:59:00,62.0,61,Wednesday,Thursday,23:58,01:00,2023,1,TRAIN,SUSPICIOUS_INTRASESSION,EXPECTED_DAILY_SESSION_BREAK,Recurring nightly broker maintenance/session break.,"2023-01-25 23:58:00 -> 2023-01-26 01:00:00: ~62min nightly pause, standard-time (hour 23->01) variant; this exact close/reopen-hour pair recurs on the vast majority of weeknights across all 6 dataset years, and the hour flips precisely on EU DST transition weekends.",MEDIUM,False
gapf_732864_20230126_2358,2023-01-26 23:58:00,2023-01-27 01:00:00,2023-01-26 23:59:00,2023-01-27 00:59:00,62.0,61,Thursday,Friday,23:58,01:00,2023,1,TRAIN,SUSPICIOUS_INTRASESSION,EXPECTED_DAILY_SESSION_BREAK,Recurring nightly broker maintenance/session break.,"2023-01-26 23:58:00 -> 2023-01-27 01:00:00: ~62min nightly pause, standard-time (hour 23->01) variant; this exact close/reopen-hour pair recurs on the vast majority of weeknights across all 6 dataset years, and the hour flips precisely on EU DST transition weekends.",MEDIUM,False
gapf_734242_20230127_2357,2023-01-27 23:57:00,2023-01-30 01:00:00,2023-01-27 23:58:00,2023-01-30 00:59:00,2943.0,2942,Friday,Monday,23:57,01:00,2023,1,TRAIN,EXPECTED_WEEKEND,EXPECTED_WEEKEND,Recurring Friday-to-Monday/Tuesday weekend market closure.,"Friday 23:57 close -> Monday 01:00 reopen, delta=2943min; matches the dataset-wide weekend closure pattern observed on every trading week.",HIGH,False
gapf_735621_20230130_2358,2023-01-30 23:58:00,2023-01-31 01:00:00,2023-01-30 23:59:00,2023-01-31 00:59:00,62.0,61,Monday,Tuesday,23:58,01:00,2023,1,TRAIN,SUSPICIOUS_INTRASESSION,EXPECTED_DAILY_SESSION_BREAK,Recurring nightly broker maintenance/session break.,"2023-01-30 23:58:00 -> 2023-01-31 01:00:00: ~62min nightly pause, standard-time (hour 23->01) variant; this exact close/reopen-hour pair recurs on the vast majority of weeknights across all 6 dataset years, and the hour flips precisely on EU DST transition weekends.",MEDIUM,False
gapf_737000_20230131_2358,2023-01-31 23:58:00,2023-02-01 01:00:00,2023-01-31 23:59:00,2023-02-01 00:59:00,62.0,61,Tuesday,Wednesday,23:58,01:00,2023,1,TRAIN,SUSPICIOUS_INTRASESSION,EXPECTED_DAILY_SESSION_BREAK,Recurring nightly broker maintenance/session break.,"2023-01-31 23:58:00 -> 2023-02-01 01:00:00: ~62min nightly pause, standard-time (hour 23->01) variant; this exact close/reopen-hour pair recurs on the vast majority of weeknights across all 6 dataset years, and the hour flips precisely on EU DST transition weekends.",MEDIUM,False
gapf_738379_20230201_2358,2023-02-01 23:58:00,2023-02-02 01:00:00,2023-02-01 23:59:00,2023-02-02 00:59:00,62.0,61,Wednesday,Thursday,23:58,01:00,2023,2,TRAIN,SUSPICIOUS_INTRASESSION,EXPECTED_DAILY_SESSION_BREAK,Recurring nightly broker maintenance/session break.,"2023-02-01 23:58:00 -> 2023-02-02 01:00:00: ~62min nightly pause, standard-time (hour 23->01) variant; this exact close/reopen-hour pair recurs on the vast majority of weeknights across all 6 dataset years, and the hour flips precisely on EU DST transition weekends.",MEDIUM,False
gapf_739758_20230202_2358,2023-02-02 23:58:00,2023-02-03 01:00:00,2023-02-02 23:59:00,2023-02-03 00:59:00,62.0,61,Thursday,Friday,23:58,01:00,2023,2,TRAIN,SUSPICIOUS_INTRASESSION,EXPECTED_DAILY_SESSION_BREAK,Recurring nightly broker maintenance/session break.,"2023-02-02 23:58:00 -> 2023-02-03 01:00:00: ~62min nightly pause, standard-time (hour 23->01) variant; this exact close/reopen-hour pair recurs on the vast majority of weeknights across all 6 dataset years, and the hour flips precisely on EU DST transition weekends.",MEDIUM,False
gapf_741136_20230203_2357,2023-02-03 23:57:00,2023-02-06 01:00:00,2023-02-03 23:58:00,2023-02-06 00:59:00,2943.0,2942,Friday,Monday,23:57,01:00,2023,2,TRAIN,EXPECTED_WEEKEND,EXPECTED_WEEKEND,Recurring Friday-to-Monday/Tuesday weekend market closure.,"Friday 23:57 close -> Monday 01:00 reopen, delta=2943min; matches the dataset-wide weekend closure pattern observed on every trading week.",HIGH,False
gapf_742515_20230206_2358,2023-02-06 23:58:00,2023-02-07 01:00:00,2023-02-06 23:59:00,2023-02-07 00:59:00,62.0,61,Monday,Tuesday,23:58,01:00,2023,2,TRAIN,SUSPICIOUS_INTRASESSION,EXPECTED_DAILY_SESSION_BREAK,Recurring nightly broker maintenance/session break.,"2023-02-06 23:58:00 -> 2023-02-07 01:00:00: ~62min nightly pause, standard-time (hour 23->01) variant; this exact close/reopen-hour pair recurs on the vast majority of weeknights across all 6 dataset years, and the hour flips precisely on EU DST transition weekends.",MEDIUM,False
gapf_743894_20230207_2358,2023-02-07 23:58:00,2023-02-08 01:00:00,2023-02-07 23:59:00,2023-02-08 00:59:00,62.0,61,Tuesday,Wednesday,23:58,01:00,2023,2,TRAIN,SUSPICIOUS_INTRASESSION,EXPECTED_DAILY_SESSION_BREAK,Recurring nightly broker maintenance/session break.,"2023-02-07 23:58:00 -> 2023-02-08 01:00:00: ~62min nightly pause, standard-time (hour 23->01) variant; this exact close/reopen-hour pair recurs on the vast majority of weeknights across all 6 dataset years, and the hour flips precisely on EU DST transition weekends.",MEDIUM,False
gapf_745273_20230208_2358,2023-02-08 23:58:00,2023-02-09 01:00:00,2023-02-08 23:59:00,2023-02-09 00:59:00,62.0,61,Wednesday,Thursday,23:58,01:00,2023,2,TRAIN,SUSPICIOUS_INTRASESSION,EXPECTED_DAILY_SESSION_BREAK,Recurring nightly broker maintenance/session break.,"2023-02-08 23:58:00 -> 2023-02-09 01:00:00: ~62min nightly pause, standard-time (hour 23->01) variant; this exact close/reopen-hour pair recurs on the vast majority of weeknights across all 6 dataset years, and the hour flips precisely on EU DST transition weekends.",MEDIUM,False
gapf_746652_20230209_2358,2023-02-09 23:58:00,2023-02-10 01:00:00,2023-02-09 23:59:00,2023-02-10 00:59:00,62.0,61,Thursday,Friday,23:58,01:00,2023,2,TRAIN,SUSPICIOUS_INTRASESSION,EXPECTED_DAILY_SESSION_BREAK,Recurring nightly broker maintenance/session break.,"2023-02-09 23:58:00 -> 2023-02-10 01:00:00: ~62min nightly pause, standard-time (hour 23->01) variant; this exact close/reopen-hour pair recurs on the vast majority of weeknights across all 6 dataset years, and the hour flips precisely on EU DST transition weekends.",MEDIUM,False
gapf_748030_20230210_2357,2023-02-10 23:57:00,2023-02-13 01:00:00,2023-02-10 23:58:00,2023-02-13 00:59:00,2943.0,2942,Friday,Monday,23:57,01:00,2023,2,TRAIN,EXPECTED_WEEKEND,EXPECTED_WEEKEND,Recurring Friday-to-Monday/Tuesday weekend market closure.,"Friday 23:57 close -> Monday 01:00 reopen, delta=2943min; matches the dataset-wide weekend closure pattern observed on every trading week.",HIGH,False
gapf_749409_20230213_2358,2023-02-13 23:58:00,2023-02-14 01:00:00,2023-02-13 23:59:00,2023-02-14 00:59:00,62.0,61,Monday,Tuesday,23:58,01:00,2023,2,TRAIN,SUSPICIOUS_INTRASESSION,EXPECTED_DAILY_SESSION_BREAK,Recurring nightly broker maintenance/session break.,"2023-02-13 23:58:00 -> 2023-02-14 01:00:00: ~62min nightly pause, standard-time (hour 23->01) variant; this exact close/reopen-hour pair recurs on the vast majority of weeknights across all 6 dataset years, and the hour flips precisely on EU DST transition weekends.",MEDIUM,False
gapf_750788_20230214_2358,2023-02-14 23:58:00,2023-02-15 01:00:00,2023-02-14 23:59:00,2023-02-15 00:59:00,62.0,61,Tuesday,Wednesday,23:58,01:00,2023,2,TRAIN,SUSPICIOUS_INTRASESSION,EXPECTED_DAILY_SESSION_BREAK,Recurring nightly broker maintenance/session break.,"2023-02-14 23:58:00 -> 2023-02-15 01:00:00: ~62min nightly pause, standard-time (hour 23->01) variant; this exact close/reopen-hour pair recurs on the vast majority of weeknights across all 6 dataset years, and the hour flips precisely on EU DST transition weekends.",MEDIUM,False
gapf_752167_20230215_2358,2023-02-15 23:58:00,2023-02-16 01:00:00,2023-02-15 23:59:00,2023-02-16 00:59:00,62.0,61,Wednesday,Thursday,23:58,01:00,2023,2,TRAIN,SUSPICIOUS_INTRASESSION,EXPECTED_DAILY_SESSION_BREAK,Recurring nightly broker maintenance/session break.,"2023-02-15 23:58:00 -> 2023-02-16 01:00:00: ~62min nightly pause, standard-time (hour 23->01) variant; this exact close/reopen-hour pair recurs on the vast majority of weeknights across all 6 dataset years, and the hour flips precisely on EU DST transition weekends.",MEDIUM,False
gapf_753546_20230216_2358,2023-02-16 23:58:00,2023-02-17 01:00:00,2023-02-16 23:59:00,2023-02-17 00:59:00,62.0,61,Thursday,Friday,23:58,01:00,2023,2,TRAIN,SUSPICIOUS_INTRASESSION,EXPECTED_DAILY_SESSION_BREAK,Recurring nightly broker maintenance/session break.,"2023-02-16 23:58:00 -> 2023-02-17 01:00:00: ~62min nightly pause, standard-time (hour 23->01) variant; this exact close/reopen-hour pair recurs on the vast majority of weeknights across all 6 dataset years, and the hour flips precisely on EU DST transition weekends.",MEDIUM,False
gapf_754924_20230217_2357,2023-02-17 23:57:00,2023-02-20 01:00:00,2023-02-17 23:58:00,2023-02-20 00:59:00,2943.0,2942,Friday,Monday,23:57,01:00,2023,2,TRAIN,EXPECTED_WEEKEND,EXPECTED_WEEKEND,Recurring Friday-to-Monday/Tuesday weekend market closure.,"Friday 23:57 close -> Monday 01:00 reopen, delta=2943min; matches the dataset-wide weekend closure pattern observed on every trading week.",HIGH,False
gapf_756150_20230220_2125,2023-02-20 21:25:00,2023-02-21 01:00:00,2023-02-20 21:26:00,2023-02-21 00:59:00,215.0,214,Monday,Tuesday,21:25,01:00,2023,2,TRAIN,SUSPICIOUS_INTRASESSION,EXPECTED_HOLIDAY_OR_CLOSURE,US federal market holiday early close (PRESIDENTS_DAY).,"2023-02-20 21:25:00 matches computed US federal holiday date (PRESIDENTS_DAY); early close at 21:25 UTC, reopen 01:00 UTC next day; recurring pattern observed across multiple dataset years.",MEDIUM,False
gapf_757529_20230221_2358,2023-02-21 23:58:00,2023-02-22 01:00:00,2023-02-21 23:59:00,2023-02-22 00:59:00,62.0,61,Tuesday,Wednesday,23:58,01:00,2023,2,TRAIN,SUSPICIOUS_INTRASESSION,EXPECTED_DAILY_SESSION_BREAK,Recurring nightly broker maintenance/session break.,"2023-02-21 23:58:00 -> 2023-02-22 01:00:00: ~62min nightly pause, standard-time (hour 23->01) variant; this exact close/reopen-hour pair recurs on the vast majority of weeknights across all 6 dataset years, and the hour flips precisely on EU DST transition weekends.",MEDIUM,False
gapf_758908_20230222_2358,2023-02-22 23:58:00,2023-02-23 01:00:00,2023-02-22 23:59:00,2023-02-23 00:59:00,62.0,61,Wednesday,Thursday,23:58,01:00,2023,2,TRAIN,SUSPICIOUS_INTRASESSION,EXPECTED_DAILY_SESSION_BREAK,Recurring nightly broker maintenance/session break.,"2023-02-22 23:58:00 -> 2023-02-23 01:00:00: ~62min nightly pause, standard-time (hour 23->01) variant; this exact close/reopen-hour pair recurs on the vast majority of weeknights across all 6 dataset years, and the hour flips precisely on EU DST transition weekends.",MEDIUM,False
gapf_760287_20230223_2358,2023-02-23 23:58:00,2023-02-24 01:00:00,2023-02-23 23:59:00,2023-02-24 00:59:00,62.0,61,Thursday,Friday,23:58,01:00,2023,2,TRAIN,SUSPICIOUS_INTRASESSION,EXPECTED_DAILY_SESSION_BREAK,Recurring nightly broker maintenance/session break.,"2023-02-23 23:58:00 -> 2023-02-24 01:00:00: ~62min nightly pause, standard-time (hour 23->01) variant; this exact close/reopen-hour pair recurs on the vast majority of weeknights across all 6 dataset years, and the hour flips precisely on EU DST transition weekends.",MEDIUM,False
gapf_761665_20230224_2357,2023-02-24 23:57:00,2023-02-27 01:00:00,2023-02-24 23:58:00,2023-02-27 00:59:00,2943.0,2942,Friday,Monday,23:57,01:00,2023,2,TRAIN,EXPECTED_WEEKEND,EXPECTED_WEEKEND,Recurring Friday-to-Monday/Tuesday weekend market closure.,"Friday 23:57 close -> Monday 01:00 reopen, delta=2943min; matches the dataset-wide weekend closure pattern observed on every trading week.",HIGH,False
gapf_763044_20230227_2358,2023-02-27 23:58:00,2023-02-28 01:00:00,2023-02-27 23:59:00,2023-02-28 00:59:00,62.0,61,Monday,Tuesday,23:58,01:00,2023,2,TRAIN,SUSPICIOUS_INTRASESSION,EXPECTED_DAILY_SESSION_BREAK,Recurring nightly broker maintenance/session break.,"2023-02-27 23:58:00 -> 2023-02-28 01:00:00: ~62min nightly pause, standard-time (hour 23->01) variant; this exact close/reopen-hour pair recurs on the vast majority of weeknights across all 6 dataset years, and the hour flips precisely on EU DST transition weekends.",MEDIUM,False
gapf_764423_20230228_2358,2023-02-28 23:58:00,2023-03-01 01:00:00,2023-02-28 23:59:00,2023-03-01 00:59:00,62.0,61,Tuesday,Wednesday,23:58,01:00,2023,2,TRAIN,SUSPICIOUS_INTRASESSION,EXPECTED_DAILY_SESSION_BREAK,Recurring nightly broker maintenance/session break.,"2023-02-28 23:58:00 -> 2023-03-01 01:00:00: ~62min nightly pause, standard-time (hour 23->01) variant; this exact close/reopen-hour pair recurs on the vast majority of weeknights across all 6 dataset years, and the hour flips precisely on EU DST transition weekends.",MEDIUM,False
gapf_765802_20230301_2358,2023-03-01 23:58:00,2023-03-02 01:00:00,2023-03-01 23:59:00,2023-03-02 00:59:00,62.0,61,Wednesday,Thursday,23:58,01:00,2023,3,TRAIN,SUSPICIOUS_INTRASESSION,EXPECTED_DAILY_SESSION_BREAK,Recurring nightly broker maintenance/session break.,"2023-03-01 23:58:00 -> 2023-03-02 01:00:00: ~62min nightly pause, standard-time (hour 23->01) variant; this exact close/reopen-hour pair recurs on the vast majority of weeknights across all 6 dataset years, and the hour flips precisely on EU DST transition weekends.",MEDIUM,False
gapf_767181_20230302_2358,2023-03-02 23:58:00,2023-03-03 01:00:00,2023-03-02 23:59:00,2023-03-03 00:59:00,62.0,61,Thursday,Friday,23:58,01:00,2023,3,TRAIN,SUSPICIOUS_INTRASESSION,EXPECTED_DAILY_SESSION_BREAK,Recurring nightly broker maintenance/session break.,"2023-03-02 23:58:00 -> 2023-03-03 01:00:00: ~62min nightly pause, standard-time (hour 23->01) variant; this exact close/reopen-hour pair recurs on the vast majority of weeknights across all 6 dataset years, and the hour flips precisely on EU DST transition weekends.",MEDIUM,False
gapf_768559_20230303_2357,2023-03-03 23:57:00,2023-03-06 01:00:00,2023-03-03 23:58:00,2023-03-06 00:59:00,2943.0,2942,Friday,Monday,23:57,01:00,2023,3,TRAIN,EXPECTED_WEEKEND,EXPECTED_WEEKEND,Recurring Friday-to-Monday/Tuesday weekend market closure.,"Friday 23:57 close -> Monday 01:00 reopen, delta=2943min; matches the dataset-wide weekend closure pattern observed on every trading week.",HIGH,False
gapf_769938_20230306_2358,2023-03-06 23:58:00,2023-03-07 01:00:00,2023-03-06 23:59:00,2023-03-07 00:59:00,62.0,61,Monday,Tuesday,23:58,01:00,2023,3,TRAIN,SUSPICIOUS_INTRASESSION,EXPECTED_DAILY_SESSION_BREAK,Recurring nightly broker maintenance/session break.,"2023-03-06 23:58:00 -> 2023-03-07 01:00:00: ~62min nightly pause, standard-time (hour 23->01) variant; this exact close/reopen-hour pair recurs on the vast majority of weeknights across all 6 dataset years, and the hour flips precisely on EU DST transition weekends.",MEDIUM,False
gapf_771317_20230307_2358,2023-03-07 23:58:00,2023-03-08 01:00:00,2023-03-07 23:59:00,2023-03-08 00:59:00,62.0,61,Tuesday,Wednesday,23:58,01:00,2023,3,TRAIN,SUSPICIOUS_INTRASESSION,EXPECTED_DAILY_SESSION_BREAK,Recurring nightly broker maintenance/session break.,"2023-03-07 23:58:00 -> 2023-03-08 01:00:00: ~62min nightly pause, standard-time (hour 23->01) variant; this exact close/reopen-hour pair recurs on the vast majority of weeknights across all 6 dataset years, and the hour flips precisely on EU DST transition weekends.",MEDIUM,False
gapf_772696_20230308_2358,2023-03-08 23:58:00,2023-03-09 01:00:00,2023-03-08 23:59:00,2023-03-09 00:59:00,62.0,61,Wednesday,Thursday,23:58,01:00,2023,3,TRAIN,SUSPICIOUS_INTRASESSION,EXPECTED_DAILY_SESSION_BREAK,Recurring nightly broker maintenance/session break.,"2023-03-08 23:58:00 -> 2023-03-09 01:00:00: ~62min nightly pause, standard-time (hour 23->01) variant; this exact close/reopen-hour pair recurs on the vast majority of weeknights across all 6 dataset years, and the hour flips precisely on EU DST transition weekends.",MEDIUM,False
gapf_774075_20230309_2358,2023-03-09 23:58:00,2023-03-10 01:00:00,2023-03-09 23:59:00,2023-03-10 00:59:00,62.0,61,Thursday,Friday,23:58,01:00,2023,3,TRAIN,SUSPICIOUS_INTRASESSION,EXPECTED_DAILY_SESSION_BREAK,Recurring nightly broker maintenance/session break.,"2023-03-09 23:58:00 -> 2023-03-10 01:00:00: ~62min nightly pause, standard-time (hour 23->01) variant; this exact close/reopen-hour pair recurs on the vast majority of weeknights across all 6 dataset years, and the hour flips precisely on EU DST transition weekends.",MEDIUM,False
gapf_775453_20230310_2357,2023-03-10 23:57:00,2023-03-13 00:00:00,2023-03-10 23:58:00,2023-03-12 23:59:00,2883.0,2882,Friday,Monday,23:57,00:00,2023,3,TRAIN,EXPECTED_WEEKEND,EXPECTED_WEEKEND,Recurring Friday-to-Monday/Tuesday weekend market closure.,"Friday 23:57 close -> Monday 00:00 reopen, delta=2883min; matches the dataset-wide weekend closure pattern observed on every trading week.",HIGH,False
gapf_776832_20230313_2258,2023-03-13 22:58:00,2023-03-14 00:00:00,2023-03-13 22:59:00,2023-03-13 23:59:00,62.0,61,Monday,Tuesday,22:58,00:00,2023,3,TRAIN,EXPECTED_DAILY_SESSION_BREAK,EXPECTED_DAILY_SESSION_BREAK,Recurring nightly broker maintenance/session break.,"2023-03-13 22:58:00 -> 2023-03-14 00:00:00: ~62min nightly pause, EU-DST-shifted (hour 22->00) variant; this exact close/reopen-hour pair recurs on the vast majority of weeknights across all 6 dataset years, and the hour flips precisely on EU DST transition weekends.",MEDIUM,False
gapf_778211_20230314_2258,2023-03-14 22:58:00,2023-03-15 00:00:00,2023-03-14 22:59:00,2023-03-14 23:59:00,62.0,61,Tuesday,Wednesday,22:58,00:00,2023,3,TRAIN,EXPECTED_DAILY_SESSION_BREAK,EXPECTED_DAILY_SESSION_BREAK,Recurring nightly broker maintenance/session break.,"2023-03-14 22:58:00 -> 2023-03-15 00:00:00: ~62min nightly pause, EU-DST-shifted (hour 22->00) variant; this exact close/reopen-hour pair recurs on the vast majority of weeknights across all 6 dataset years, and the hour flips precisely on EU DST transition weekends.",MEDIUM,False
gapf_779590_20230315_2258,2023-03-15 22:58:00,2023-03-16 00:00:00,2023-03-15 22:59:00,2023-03-15 23:59:00,62.0,61,Wednesday,Thursday,22:58,00:00,2023,3,TRAIN,EXPECTED_DAILY_SESSION_BREAK,EXPECTED_DAILY_SESSION_BREAK,Recurring nightly broker maintenance/session break.,"2023-03-15 22:58:00 -> 2023-03-16 00:00:00: ~62min nightly pause, EU-DST-shifted (hour 22->00) variant; this exact close/reopen-hour pair recurs on the vast majority of weeknights across all 6 dataset years, and the hour flips precisely on EU DST transition weekends.",MEDIUM,False
gapf_780969_20230316_2258,2023-03-16 22:58:00,2023-03-17 00:00:00,2023-03-16 22:59:00,2023-03-16 23:59:00,62.0,61,Thursday,Friday,22:58,00:00,2023,3,TRAIN,EXPECTED_DAILY_SESSION_BREAK,EXPECTED_DAILY_SESSION_BREAK,Recurring nightly broker maintenance/session break.,"2023-03-16 22:58:00 -> 2023-03-17 00:00:00: ~62min nightly pause, EU-DST-shifted (hour 22->00) variant; this exact close/reopen-hour pair recurs on the vast majority of weeknights across all 6 dataset years, and the hour flips precisely on EU DST transition weekends.",MEDIUM,False
gapf_782340_20230317_2250,2023-03-17 22:50:00,2023-03-20 00:00:00,2023-03-17 22:51:00,2023-03-19 23:59:00,2950.0,2949,Friday,Monday,22:50,00:00,2023,3,TRAIN,EXPECTED_WEEKEND,EXPECTED_WEEKEND,Recurring Friday-to-Monday/Tuesday weekend market closure.,"Friday 22:50 close -> Monday 00:00 reopen, delta=2950min; matches the dataset-wide weekend closure pattern observed on every trading week.",HIGH,False
gapf_783719_20230320_2258,2023-03-20 22:58:00,2023-03-21 00:00:00,2023-03-20 22:59:00,2023-03-20 23:59:00,62.0,61,Monday,Tuesday,22:58,00:00,2023,3,TRAIN,EXPECTED_DAILY_SESSION_BREAK,EXPECTED_DAILY_SESSION_BREAK,Recurring nightly broker maintenance/session break.,"2023-03-20 22:58:00 -> 2023-03-21 00:00:00: ~62min nightly pause, EU-DST-shifted (hour 22->00) variant; this exact close/reopen-hour pair recurs on the vast majority of weeknights across all 6 dataset years, and the hour flips precisely on EU DST transition weekends.",MEDIUM,False
gapf_785098_20230321_2258,2023-03-21 22:58:00,2023-03-22 00:00:00,2023-03-21 22:59:00,2023-03-21 23:59:00,62.0,61,Tuesday,Wednesday,22:58,00:00,2023,3,TRAIN,EXPECTED_DAILY_SESSION_BREAK,EXPECTED_DAILY_SESSION_BREAK,Recurring nightly broker maintenance/session break.,"2023-03-21 22:58:00 -> 2023-03-22 00:00:00: ~62min nightly pause, EU-DST-shifted (hour 22->00) variant; this exact close/reopen-hour pair recurs on the vast majority of weeknights across all 6 dataset years, and the hour flips precisely on EU DST transition weekends.",MEDIUM,False
gapf_786477_20230322_2258,2023-03-22 22:58:00,2023-03-23 00:00:00,2023-03-22 22:59:00,2023-03-22 23:59:00,62.0,61,Wednesday,Thursday,22:58,00:00,2023,3,TRAIN,EXPECTED_DAILY_SESSION_BREAK,EXPECTED_DAILY_SESSION_BREAK,Recurring nightly broker maintenance/session break.,"2023-03-22 22:58:00 -> 2023-03-23 00:00:00: ~62min nightly pause, EU-DST-shifted (hour 22->00) variant; this exact close/reopen-hour pair recurs on the vast majority of weeknights across all 6 dataset years, and the hour flips precisely on EU DST transition weekends.",MEDIUM,False
gapf_787856_20230323_2258,2023-03-23 22:58:00,2023-03-24 00:00:00,2023-03-23 22:59:00,2023-03-23 23:59:00,62.0,61,Thursday,Friday,22:58,00:00,2023,3,TRAIN,EXPECTED_DAILY_SESSION_BREAK,EXPECTED_DAILY_SESSION_BREAK,Recurring nightly broker maintenance/session break.,"2023-03-23 22:58:00 -> 2023-03-24 00:00:00: ~62min nightly pause, EU-DST-shifted (hour 22->00) variant; this exact close/reopen-hour pair recurs on the vast majority of weeknights across all 6 dataset years, and the hour flips precisely on EU DST transition weekends.",MEDIUM,False
gapf_789234_20230324_2257,2023-03-24 22:57:00,2023-03-27 01:00:00,2023-03-24 22:58:00,2023-03-27 00:59:00,3003.0,3002,Friday,Monday,22:57,01:00,2023,3,TRAIN,EXPECTED_WEEKEND,EXPECTED_WEEKEND,Recurring Friday-to-Monday/Tuesday weekend market closure.,"Friday 22:57 close -> Monday 01:00 reopen, delta=3003min; matches the dataset-wide weekend closure pattern observed on every trading week.",HIGH,False
gapf_790613_20230327_2358,2023-03-27 23:58:00,2023-03-28 01:00:00,2023-03-27 23:59:00,2023-03-28 00:59:00,62.0,61,Monday,Tuesday,23:58,01:00,2023,3,TRAIN,SUSPICIOUS_INTRASESSION,EXPECTED_DAILY_SESSION_BREAK,Recurring nightly broker maintenance/session break.,"2023-03-27 23:58:00 -> 2023-03-28 01:00:00: ~62min nightly pause, standard-time (hour 23->01) variant; this exact close/reopen-hour pair recurs on the vast majority of weeknights across all 6 dataset years, and the hour flips precisely on EU DST transition weekends.",MEDIUM,False
gapf_791992_20230328_2358,2023-03-28 23:58:00,2023-03-29 01:00:00,2023-03-28 23:59:00,2023-03-29 00:59:00,62.0,61,Tuesday,Wednesday,23:58,01:00,2023,3,TRAIN,SUSPICIOUS_INTRASESSION,EXPECTED_DAILY_SESSION_BREAK,Recurring nightly broker maintenance/session break.,"2023-03-28 23:58:00 -> 2023-03-29 01:00:00: ~62min nightly pause, standard-time (hour 23->01) variant; this exact close/reopen-hour pair recurs on the vast majority of weeknights across all 6 dataset years, and the hour flips precisely on EU DST transition weekends.",MEDIUM,False
gapf_793371_20230329_2358,2023-03-29 23:58:00,2023-03-30 01:00:00,2023-03-29 23:59:00,2023-03-30 00:59:00,62.0,61,Wednesday,Thursday,23:58,01:00,2023,3,TRAIN,SUSPICIOUS_INTRASESSION,EXPECTED_DAILY_SESSION_BREAK,Recurring nightly broker maintenance/session break.,"2023-03-29 23:58:00 -> 2023-03-30 01:00:00: ~62min nightly pause, standard-time (hour 23->01) variant; this exact close/reopen-hour pair recurs on the vast majority of weeknights across all 6 dataset years, and the hour flips precisely on EU DST transition weekends.",MEDIUM,False
gapf_794750_20230330_2358,2023-03-30 23:58:00,2023-03-31 01:00:00,2023-03-30 23:59:00,2023-03-31 00:59:00,62.0,61,Thursday,Friday,23:58,01:00,2023,3,TRAIN,SUSPICIOUS_INTRASESSION,EXPECTED_DAILY_SESSION_BREAK,Recurring nightly broker maintenance/session break.,"2023-03-30 23:58:00 -> 2023-03-31 01:00:00: ~62min nightly pause, standard-time (hour 23->01) variant; this exact close/reopen-hour pair recurs on the vast majority of weeknights across all 6 dataset years, and the hour flips precisely on EU DST transition weekends.",MEDIUM,False
gapf_796128_20230331_2357,2023-03-31 23:57:00,2023-04-03 01:00:00,2023-03-31 23:58:00,2023-04-03 00:59:00,2943.0,2942,Friday,Monday,23:57,01:00,2023,3,TRAIN,EXPECTED_WEEKEND,EXPECTED_WEEKEND,Recurring Friday-to-Monday/Tuesday weekend market closure.,"Friday 23:57 close -> Monday 01:00 reopen, delta=2943min; matches the dataset-wide weekend closure pattern observed on every trading week.",HIGH,False
gapf_797507_20230403_2358,2023-04-03 23:58:00,2023-04-04 01:00:00,2023-04-03 23:59:00,2023-04-04 00:59:00,62.0,61,Monday,Tuesday,23:58,01:00,2023,4,TRAIN,SUSPICIOUS_INTRASESSION,EXPECTED_DAILY_SESSION_BREAK,Recurring nightly broker maintenance/session break.,"2023-04-03 23:58:00 -> 2023-04-04 01:00:00: ~62min nightly pause, standard-time (hour 23->01) variant; this exact close/reopen-hour pair recurs on the vast majority of weeknights across all 6 dataset years, and the hour flips precisely on EU DST transition weekends.",MEDIUM,False
gapf_798886_20230404_2358,2023-04-04 23:58:00,2023-04-05 01:00:00,2023-04-04 23:59:00,2023-04-05 00:59:00,62.0,61,Tuesday,Wednesday,23:58,01:00,2023,4,TRAIN,SUSPICIOUS_INTRASESSION,EXPECTED_DAILY_SESSION_BREAK,Recurring nightly broker maintenance/session break.,"2023-04-04 23:58:00 -> 2023-04-05 01:00:00: ~62min nightly pause, standard-time (hour 23->01) variant; this exact close/reopen-hour pair recurs on the vast majority of weeknights across all 6 dataset years, and the hour flips precisely on EU DST transition weekends.",MEDIUM,False
gapf_800265_20230405_2358,2023-04-05 23:58:00,2023-04-06 01:00:00,2023-04-05 23:59:00,2023-04-06 00:59:00,62.0,61,Wednesday,Thursday,23:58,01:00,2023,4,TRAIN,SUSPICIOUS_INTRASESSION,EXPECTED_DAILY_SESSION_BREAK,Recurring nightly broker maintenance/session break.,"2023-04-05 23:58:00 -> 2023-04-06 01:00:00: ~62min nightly pause, standard-time (hour 23->01) variant; this exact close/reopen-hour pair recurs on the vast majority of weeknights across all 6 dataset years, and the hour flips precisely on EU DST transition weekends.",MEDIUM,False
gapf_801644_20230406_2358,2023-04-06 23:58:00,2023-04-10 01:00:00,2023-04-06 23:59:00,2023-04-10 00:59:00,4382.0,4381,Thursday,Monday,23:58,01:00,2023,4,TRAIN,EXPECTED_WEEKEND,EXPECTED_HOLIDAY_OR_CLOSURE,Good Friday / Easter closure.,2023-04-06 23:58:00 falls within the computed Good-Friday/Easter window for 2023 (Easter Sunday 2023-04-09); ~73.0h closure. Only weakly recurring in this specific broker history (not every observed Good Friday produced a distinct extra gap beyond the ordinary weekend).,LOW,True
gapf_801646_20230410_0101,2023-04-10 01:01:00,2023-04-10 01:03:00,2023-04-10 01:02:00,2023-04-10 01:02:00,2.0,1,Monday,Monday,01:01,01:03,2023,4,TRAIN,LIKELY_PROVIDER_HISTORY_GAP,LIKELY_PROVIDER_HISTORY_GAP,"Isolated small active-session gap, no recurring pattern.","2023-04-10 01:01:00 -> 2023-04-10 01:03:00: isolated 1-bar active-session gap; does not match weekend, session-break, or holiday patterns; below the empirically observed natural break in the missing-bar distribution (no residual gap observed between 9 and 214 missing bars).",LOW,True
gapf_803022_20230410_2358,2023-04-10 23:58:00,2023-04-11 01:00:00,2023-04-10 23:59:00,2023-04-11 00:59:00,62.0,61,Monday,Tuesday,23:58,01:00,2023,4,TRAIN,SUSPICIOUS_INTRASESSION,EXPECTED_DAILY_SESSION_BREAK,Recurring nightly broker maintenance/session break.,"2023-04-10 23:58:00 -> 2023-04-11 01:00:00: ~62min nightly pause, standard-time (hour 23->01) variant; this exact close/reopen-hour pair recurs on the vast majority of weeknights across all 6 dataset years, and the hour flips precisely on EU DST transition weekends.",MEDIUM,False
gapf_804401_20230411_2358,2023-04-11 23:58:00,2023-04-12 01:00:00,2023-04-11 23:59:00,2023-04-12 00:59:00,62.0,61,Tuesday,Wednesday,23:58,01:00,2023,4,TRAIN,SUSPICIOUS_INTRASESSION,EXPECTED_DAILY_SESSION_BREAK,Recurring nightly broker maintenance/session break.,"2023-04-11 23:58:00 -> 2023-04-12 01:00:00: ~62min nightly pause, standard-time (hour 23->01) variant; this exact close/reopen-hour pair recurs on the vast majority of weeknights across all 6 dataset years, and the hour flips precisely on EU DST transition weekends.",MEDIUM,False
gapf_805780_20230412_2358,2023-04-12 23:58:00,2023-04-13 01:00:00,2023-04-12 23:59:00,2023-04-13 00:59:00,62.0,61,Wednesday,Thursday,23:58,01:00,2023,4,TRAIN,SUSPICIOUS_INTRASESSION,EXPECTED_DAILY_SESSION_BREAK,Recurring nightly broker maintenance/session break.,"2023-04-12 23:58:00 -> 2023-04-13 01:00:00: ~62min nightly pause, standard-time (hour 23->01) variant; this exact close/reopen-hour pair recurs on the vast majority of weeknights across all 6 dataset years, and the hour flips precisely on EU DST transition weekends.",MEDIUM,False
gapf_807159_20230413_2358,2023-04-13 23:58:00,2023-04-14 01:00:00,2023-04-13 23:59:00,2023-04-14 00:59:00,62.0,61,Thursday,Friday,23:58,01:00,2023,4,TRAIN,SUSPICIOUS_INTRASESSION,EXPECTED_DAILY_SESSION_BREAK,Recurring nightly broker maintenance/session break.,"2023-04-13 23:58:00 -> 2023-04-14 01:00:00: ~62min nightly pause, standard-time (hour 23->01) variant; this exact close/reopen-hour pair recurs on the vast majority of weeknights across all 6 dataset years, and the hour flips precisely on EU DST transition weekends.",MEDIUM,False
gapf_808537_20230414_2357,2023-04-14 23:57:00,2023-04-17 01:00:00,2023-04-14 23:58:00,2023-04-17 00:59:00,2943.0,2942,Friday,Monday,23:57,01:00,2023,4,TRAIN,EXPECTED_WEEKEND,EXPECTED_WEEKEND,Recurring Friday-to-Monday/Tuesday weekend market closure.,"Friday 23:57 close -> Monday 01:00 reopen, delta=2943min; matches the dataset-wide weekend closure pattern observed on every trading week.",HIGH,False
gapf_809916_20230417_2358,2023-04-17 23:58:00,2023-04-18 01:00:00,2023-04-17 23:59:00,2023-04-18 00:59:00,62.0,61,Monday,Tuesday,23:58,01:00,2023,4,TRAIN,SUSPICIOUS_INTRASESSION,EXPECTED_DAILY_SESSION_BREAK,Recurring nightly broker maintenance/session break.,"2023-04-17 23:58:00 -> 2023-04-18 01:00:00: ~62min nightly pause, standard-time (hour 23->01) variant; this exact close/reopen-hour pair recurs on the vast majority of weeknights across all 6 dataset years, and the hour flips precisely on EU DST transition weekends.",MEDIUM,False
gapf_811295_20230418_2358,2023-04-18 23:58:00,2023-04-19 01:00:00,2023-04-18 23:59:00,2023-04-19 00:59:00,62.0,61,Tuesday,Wednesday,23:58,01:00,2023,4,TRAIN,SUSPICIOUS_INTRASESSION,EXPECTED_DAILY_SESSION_BREAK,Recurring nightly broker maintenance/session break.,"2023-04-18 23:58:00 -> 2023-04-19 01:00:00: ~62min nightly pause, standard-time (hour 23->01) variant; this exact close/reopen-hour pair recurs on the vast majority of weeknights across all 6 dataset years, and the hour flips precisely on EU DST transition weekends.",MEDIUM,False
gapf_812674_20230419_2358,2023-04-19 23:58:00,2023-04-20 01:00:00,2023-04-19 23:59:00,2023-04-20 00:59:00,62.0,61,Wednesday,Thursday,23:58,01:00,2023,4,TRAIN,SUSPICIOUS_INTRASESSION,EXPECTED_DAILY_SESSION_BREAK,Recurring nightly broker maintenance/session break.,"2023-04-19 23:58:00 -> 2023-04-20 01:00:00: ~62min nightly pause, standard-time (hour 23->01) variant; this exact close/reopen-hour pair recurs on the vast majority of weeknights across all 6 dataset years, and the hour flips precisely on EU DST transition weekends.",MEDIUM,False
gapf_814053_20230420_2358,2023-04-20 23:58:00,2023-04-21 01:00:00,2023-04-20 23:59:00,2023-04-21 00:59:00,62.0,61,Thursday,Friday,23:58,01:00,2023,4,TRAIN,SUSPICIOUS_INTRASESSION,EXPECTED_DAILY_SESSION_BREAK,Recurring nightly broker maintenance/session break.,"2023-04-20 23:58:00 -> 2023-04-21 01:00:00: ~62min nightly pause, standard-time (hour 23->01) variant; this exact close/reopen-hour pair recurs on the vast majority of weeknights across all 6 dataset years, and the hour flips precisely on EU DST transition weekends.",MEDIUM,False
gapf_815431_20230421_2357,2023-04-21 23:57:00,2023-04-24 01:00:00,2023-04-21 23:58:00,2023-04-24 00:59:00,2943.0,2942,Friday,Monday,23:57,01:00,2023,4,TRAIN,EXPECTED_WEEKEND,EXPECTED_WEEKEND,Recurring Friday-to-Monday/Tuesday weekend market closure.,"Friday 23:57 close -> Monday 01:00 reopen, delta=2943min; matches the dataset-wide weekend closure pattern observed on every trading week.",HIGH,False
gapf_816810_20230424_2358,2023-04-24 23:58:00,2023-04-25 01:00:00,2023-04-24 23:59:00,2023-04-25 00:59:00,62.0,61,Monday,Tuesday,23:58,01:00,2023,4,TRAIN,SUSPICIOUS_INTRASESSION,EXPECTED_DAILY_SESSION_BREAK,Recurring nightly broker maintenance/session break.,"2023-04-24 23:58:00 -> 2023-04-25 01:00:00: ~62min nightly pause, standard-time (hour 23->01) variant; this exact close/reopen-hour pair recurs on the vast majority of weeknights across all 6 dataset years, and the hour flips precisely on EU DST transition weekends.",MEDIUM,False
gapf_818189_20230425_2358,2023-04-25 23:58:00,2023-04-26 01:00:00,2023-04-25 23:59:00,2023-04-26 00:59:00,62.0,61,Tuesday,Wednesday,23:58,01:00,2023,4,TRAIN,SUSPICIOUS_INTRASESSION,EXPECTED_DAILY_SESSION_BREAK,Recurring nightly broker maintenance/session break.,"2023-04-25 23:58:00 -> 2023-04-26 01:00:00: ~62min nightly pause, standard-time (hour 23->01) variant; this exact close/reopen-hour pair recurs on the vast majority of weeknights across all 6 dataset years, and the hour flips precisely on EU DST transition weekends.",MEDIUM,False
gapf_819568_20230426_2358,2023-04-26 23:58:00,2023-04-27 01:00:00,2023-04-26 23:59:00,2023-04-27 00:59:00,62.0,61,Wednesday,Thursday,23:58,01:00,2023,4,TRAIN,SUSPICIOUS_INTRASESSION,EXPECTED_DAILY_SESSION_BREAK,Recurring nightly broker maintenance/session break.,"2023-04-26 23:58:00 -> 2023-04-27 01:00:00: ~62min nightly pause, standard-time (hour 23->01) variant; this exact close/reopen-hour pair recurs on the vast majority of weeknights across all 6 dataset years, and the hour flips precisely on EU DST transition weekends.",MEDIUM,False
gapf_820947_20230427_2358,2023-04-27 23:58:00,2023-04-28 01:00:00,2023-04-27 23:59:00,2023-04-28 00:59:00,62.0,61,Thursday,Friday,23:58,01:00,2023,4,TRAIN,SUSPICIOUS_INTRASESSION,EXPECTED_DAILY_SESSION_BREAK,Recurring nightly broker maintenance/session break.,"2023-04-27 23:58:00 -> 2023-04-28 01:00:00: ~62min nightly pause, standard-time (hour 23->01) variant; this exact close/reopen-hour pair recurs on the vast majority of weeknights across all 6 dataset years, and the hour flips precisely on EU DST transition weekends.",MEDIUM,False
gapf_822325_20230428_2357,2023-04-28 23:57:00,2023-05-01 01:00:00,2023-04-28 23:58:00,2023-05-01 00:59:00,2943.0,2942,Friday,Monday,23:57,01:00,2023,4,TRAIN,EXPECTED_WEEKEND,EXPECTED_WEEKEND,Recurring Friday-to-Monday/Tuesday weekend market closure.,"Friday 23:57 close -> Monday 01:00 reopen, delta=2943min; matches the dataset-wide weekend closure pattern observed on every trading week.",HIGH,False
gapf_823704_20230501_2358,2023-05-01 23:58:00,2023-05-02 01:00:00,2023-05-01 23:59:00,2023-05-02 00:59:00,62.0,61,Monday,Tuesday,23:58,01:00,2023,5,TRAIN,SUSPICIOUS_INTRASESSION,EXPECTED_DAILY_SESSION_BREAK,Recurring nightly broker maintenance/session break.,"2023-05-01 23:58:00 -> 2023-05-02 01:00:00: ~62min nightly pause, standard-time (hour 23->01) variant; this exact close/reopen-hour pair recurs on the vast majority of weeknights across all 6 dataset years, and the hour flips precisely on EU DST transition weekends.",MEDIUM,False
gapf_825083_20230502_2358,2023-05-02 23:58:00,2023-05-03 01:00:00,2023-05-02 23:59:00,2023-05-03 00:59:00,62.0,61,Tuesday,Wednesday,23:58,01:00,2023,5,TRAIN,SUSPICIOUS_INTRASESSION,EXPECTED_DAILY_SESSION_BREAK,Recurring nightly broker maintenance/session break.,"2023-05-02 23:58:00 -> 2023-05-03 01:00:00: ~62min nightly pause, standard-time (hour 23->01) variant; this exact close/reopen-hour pair recurs on the vast majority of weeknights across all 6 dataset years, and the hour flips precisely on EU DST transition weekends.",MEDIUM,False
gapf_826462_20230503_2358,2023-05-03 23:58:00,2023-05-04 01:00:00,2023-05-03 23:59:00,2023-05-04 00:59:00,62.0,61,Wednesday,Thursday,23:58,01:00,2023,5,TRAIN,SUSPICIOUS_INTRASESSION,EXPECTED_DAILY_SESSION_BREAK,Recurring nightly broker maintenance/session break.,"2023-05-03 23:58:00 -> 2023-05-04 01:00:00: ~62min nightly pause, standard-time (hour 23->01) variant; this exact close/reopen-hour pair recurs on the vast majority of weeknights across all 6 dataset years, and the hour flips precisely on EU DST transition weekends.",MEDIUM,False
gapf_827841_20230504_2358,2023-05-04 23:58:00,2023-05-05 01:00:00,2023-05-04 23:59:00,2023-05-05 00:59:00,62.0,61,Thursday,Friday,23:58,01:00,2023,5,TRAIN,SUSPICIOUS_INTRASESSION,EXPECTED_DAILY_SESSION_BREAK,Recurring nightly broker maintenance/session break.,"2023-05-04 23:58:00 -> 2023-05-05 01:00:00: ~62min nightly pause, standard-time (hour 23->01) variant; this exact close/reopen-hour pair recurs on the vast majority of weeknights across all 6 dataset years, and the hour flips precisely on EU DST transition weekends.",MEDIUM,False
gapf_829219_20230505_2357,2023-05-05 23:57:00,2023-05-08 01:00:00,2023-05-05 23:58:00,2023-05-08 00:59:00,2943.0,2942,Friday,Monday,23:57,01:00,2023,5,TRAIN,EXPECTED_WEEKEND,EXPECTED_WEEKEND,Recurring Friday-to-Monday/Tuesday weekend market closure.,"Friday 23:57 close -> Monday 01:00 reopen, delta=2943min; matches the dataset-wide weekend closure pattern observed on every trading week.",HIGH,False
gapf_830598_20230508_2358,2023-05-08 23:58:00,2023-05-09 01:00:00,2023-05-08 23:59:00,2023-05-09 00:59:00,62.0,61,Monday,Tuesday,23:58,01:00,2023,5,TRAIN,SUSPICIOUS_INTRASESSION,EXPECTED_DAILY_SESSION_BREAK,Recurring nightly broker maintenance/session break.,"2023-05-08 23:58:00 -> 2023-05-09 01:00:00: ~62min nightly pause, standard-time (hour 23->01) variant; this exact close/reopen-hour pair recurs on the vast majority of weeknights across all 6 dataset years, and the hour flips precisely on EU DST transition weekends.",MEDIUM,False
gapf_831977_20230509_2358,2023-05-09 23:58:00,2023-05-10 01:00:00,2023-05-09 23:59:00,2023-05-10 00:59:00,62.0,61,Tuesday,Wednesday,23:58,01:00,2023,5,TRAIN,SUSPICIOUS_INTRASESSION,EXPECTED_DAILY_SESSION_BREAK,Recurring nightly broker maintenance/session break.,"2023-05-09 23:58:00 -> 2023-05-10 01:00:00: ~62min nightly pause, standard-time (hour 23->01) variant; this exact close/reopen-hour pair recurs on the vast majority of weeknights across all 6 dataset years, and the hour flips precisely on EU DST transition weekends.",MEDIUM,False
gapf_833356_20230510_2358,2023-05-10 23:58:00,2023-05-11 01:00:00,2023-05-10 23:59:00,2023-05-11 00:59:00,62.0,61,Wednesday,Thursday,23:58,01:00,2023,5,TRAIN,SUSPICIOUS_INTRASESSION,EXPECTED_DAILY_SESSION_BREAK,Recurring nightly broker maintenance/session break.,"2023-05-10 23:58:00 -> 2023-05-11 01:00:00: ~62min nightly pause, standard-time (hour 23->01) variant; this exact close/reopen-hour pair recurs on the vast majority of weeknights across all 6 dataset years, and the hour flips precisely on EU DST transition weekends.",MEDIUM,False
gapf_834735_20230511_2358,2023-05-11 23:58:00,2023-05-12 01:00:00,2023-05-11 23:59:00,2023-05-12 00:59:00,62.0,61,Thursday,Friday,23:58,01:00,2023,5,TRAIN,SUSPICIOUS_INTRASESSION,EXPECTED_DAILY_SESSION_BREAK,Recurring nightly broker maintenance/session break.,"2023-05-11 23:58:00 -> 2023-05-12 01:00:00: ~62min nightly pause, standard-time (hour 23->01) variant; this exact close/reopen-hour pair recurs on the vast majority of weeknights across all 6 dataset years, and the hour flips precisely on EU DST transition weekends.",MEDIUM,False
gapf_836113_20230512_2357,2023-05-12 23:57:00,2023-05-15 01:00:00,2023-05-12 23:58:00,2023-05-15 00:59:00,2943.0,2942,Friday,Monday,23:57,01:00,2023,5,TRAIN,EXPECTED_WEEKEND,EXPECTED_WEEKEND,Recurring Friday-to-Monday/Tuesday weekend market closure.,"Friday 23:57 close -> Monday 01:00 reopen, delta=2943min; matches the dataset-wide weekend closure pattern observed on every trading week.",HIGH,False
gapf_837492_20230515_2358,2023-05-15 23:58:00,2023-05-16 01:00:00,2023-05-15 23:59:00,2023-05-16 00:59:00,62.0,61,Monday,Tuesday,23:58,01:00,2023,5,TRAIN,SUSPICIOUS_INTRASESSION,EXPECTED_DAILY_SESSION_BREAK,Recurring nightly broker maintenance/session break.,"2023-05-15 23:58:00 -> 2023-05-16 01:00:00: ~62min nightly pause, standard-time (hour 23->01) variant; this exact close/reopen-hour pair recurs on the vast majority of weeknights across all 6 dataset years, and the hour flips precisely on EU DST transition weekends.",MEDIUM,False
gapf_838871_20230516_2358,2023-05-16 23:58:00,2023-05-17 01:00:00,2023-05-16 23:59:00,2023-05-17 00:59:00,62.0,61,Tuesday,Wednesday,23:58,01:00,2023,5,TRAIN,SUSPICIOUS_INTRASESSION,EXPECTED_DAILY_SESSION_BREAK,Recurring nightly broker maintenance/session break.,"2023-05-16 23:58:00 -> 2023-05-17 01:00:00: ~62min nightly pause, standard-time (hour 23->01) variant; this exact close/reopen-hour pair recurs on the vast majority of weeknights across all 6 dataset years, and the hour flips precisely on EU DST transition weekends.",MEDIUM,False
gapf_840250_20230517_2358,2023-05-17 23:58:00,2023-05-18 01:00:00,2023-05-17 23:59:00,2023-05-18 00:59:00,62.0,61,Wednesday,Thursday,23:58,01:00,2023,5,TRAIN,SUSPICIOUS_INTRASESSION,EXPECTED_DAILY_SESSION_BREAK,Recurring nightly broker maintenance/session break.,"2023-05-17 23:58:00 -> 2023-05-18 01:00:00: ~62min nightly pause, standard-time (hour 23->01) variant; this exact close/reopen-hour pair recurs on the vast majority of weeknights across all 6 dataset years, and the hour flips precisely on EU DST transition weekends.",MEDIUM,False
gapf_841629_20230518_2358,2023-05-18 23:58:00,2023-05-19 01:00:00,2023-05-18 23:59:00,2023-05-19 00:59:00,62.0,61,Thursday,Friday,23:58,01:00,2023,5,TRAIN,SUSPICIOUS_INTRASESSION,EXPECTED_DAILY_SESSION_BREAK,Recurring nightly broker maintenance/session break.,"2023-05-18 23:58:00 -> 2023-05-19 01:00:00: ~62min nightly pause, standard-time (hour 23->01) variant; this exact close/reopen-hour pair recurs on the vast majority of weeknights across all 6 dataset years, and the hour flips precisely on EU DST transition weekends.",MEDIUM,False
gapf_843007_20230519_2357,2023-05-19 23:57:00,2023-05-22 01:00:00,2023-05-19 23:58:00,2023-05-22 00:59:00,2943.0,2942,Friday,Monday,23:57,01:00,2023,5,TRAIN,EXPECTED_WEEKEND,EXPECTED_WEEKEND,Recurring Friday-to-Monday/Tuesday weekend market closure.,"Friday 23:57 close -> Monday 01:00 reopen, delta=2943min; matches the dataset-wide weekend closure pattern observed on every trading week.",HIGH,False
gapf_844386_20230522_2358,2023-05-22 23:58:00,2023-05-23 01:00:00,2023-05-22 23:59:00,2023-05-23 00:59:00,62.0,61,Monday,Tuesday,23:58,01:00,2023,5,TRAIN,SUSPICIOUS_INTRASESSION,EXPECTED_DAILY_SESSION_BREAK,Recurring nightly broker maintenance/session break.,"2023-05-22 23:58:00 -> 2023-05-23 01:00:00: ~62min nightly pause, standard-time (hour 23->01) variant; this exact close/reopen-hour pair recurs on the vast majority of weeknights across all 6 dataset years, and the hour flips precisely on EU DST transition weekends.",MEDIUM,False
gapf_845658_20230523_2211,2023-05-23 22:11:00,2023-05-23 22:18:00,2023-05-23 22:12:00,2023-05-23 22:17:00,7.0,6,Tuesday,Tuesday,22:11,22:18,2023,5,TRAIN,LIKELY_PROVIDER_HISTORY_GAP,LIKELY_PROVIDER_HISTORY_GAP,"Isolated small active-session gap, no recurring pattern.","2023-05-23 22:11:00 -> 2023-05-23 22:18:00: isolated 6-bar active-session gap; does not match weekend, session-break, or holiday patterns; below the empirically observed natural break in the missing-bar distribution (no residual gap observed between 9 and 214 missing bars).",LOW,True
gapf_845759_20230523_2358,2023-05-23 23:58:00,2023-05-24 01:00:00,2023-05-23 23:59:00,2023-05-24 00:59:00,62.0,61,Tuesday,Wednesday,23:58,01:00,2023,5,TRAIN,SUSPICIOUS_INTRASESSION,EXPECTED_DAILY_SESSION_BREAK,Recurring nightly broker maintenance/session break.,"2023-05-23 23:58:00 -> 2023-05-24 01:00:00: ~62min nightly pause, standard-time (hour 23->01) variant; this exact close/reopen-hour pair recurs on the vast majority of weeknights across all 6 dataset years, and the hour flips precisely on EU DST transition weekends.",MEDIUM,False
gapf_847138_20230524_2358,2023-05-24 23:58:00,2023-05-25 01:00:00,2023-05-24 23:59:00,2023-05-25 00:59:00,62.0,61,Wednesday,Thursday,23:58,01:00,2023,5,TRAIN,SUSPICIOUS_INTRASESSION,EXPECTED_DAILY_SESSION_BREAK,Recurring nightly broker maintenance/session break.,"2023-05-24 23:58:00 -> 2023-05-25 01:00:00: ~62min nightly pause, standard-time (hour 23->01) variant; this exact close/reopen-hour pair recurs on the vast majority of weeknights across all 6 dataset years, and the hour flips precisely on EU DST transition weekends.",MEDIUM,False
gapf_848517_20230525_2358,2023-05-25 23:58:00,2023-05-26 01:00:00,2023-05-25 23:59:00,2023-05-26 00:59:00,62.0,61,Thursday,Friday,23:58,01:00,2023,5,TRAIN,SUSPICIOUS_INTRASESSION,EXPECTED_DAILY_SESSION_BREAK,Recurring nightly broker maintenance/session break.,"2023-05-25 23:58:00 -> 2023-05-26 01:00:00: ~62min nightly pause, standard-time (hour 23->01) variant; this exact close/reopen-hour pair recurs on the vast majority of weeknights across all 6 dataset years, and the hour flips precisely on EU DST transition weekends.",MEDIUM,False
gapf_849895_20230526_2357,2023-05-26 23:57:00,2023-05-29 01:00:00,2023-05-26 23:58:00,2023-05-29 00:59:00,2943.0,2942,Friday,Monday,23:57,01:00,2023,5,TRAIN,EXPECTED_WEEKEND,EXPECTED_WEEKEND,Recurring Friday-to-Monday/Tuesday weekend market closure.,"Friday 23:57 close -> Monday 01:00 reopen, delta=2943min; matches the dataset-wide weekend closure pattern observed on every trading week.",HIGH,False
gapf_851121_20230529_2125,2023-05-29 21:25:00,2023-05-30 01:00:00,2023-05-29 21:26:00,2023-05-30 00:59:00,215.0,214,Monday,Tuesday,21:25,01:00,2023,5,TRAIN,SUSPICIOUS_INTRASESSION,EXPECTED_HOLIDAY_OR_CLOSURE,US federal market holiday early close (MEMORIAL_DAY).,"2023-05-29 21:25:00 matches computed US federal holiday date (MEMORIAL_DAY); early close at 21:25 UTC, reopen 01:00 UTC next day; recurring pattern observed across multiple dataset years.",MEDIUM,False
gapf_852500_20230530_2358,2023-05-30 23:58:00,2023-05-31 01:00:00,2023-05-30 23:59:00,2023-05-31 00:59:00,62.0,61,Tuesday,Wednesday,23:58,01:00,2023,5,TRAIN,SUSPICIOUS_INTRASESSION,EXPECTED_DAILY_SESSION_BREAK,Recurring nightly broker maintenance/session break.,"2023-05-30 23:58:00 -> 2023-05-31 01:00:00: ~62min nightly pause, standard-time (hour 23->01) variant; this exact close/reopen-hour pair recurs on the vast majority of weeknights across all 6 dataset years, and the hour flips precisely on EU DST transition weekends.",MEDIUM,False
gapf_853879_20230531_2358,2023-05-31 23:58:00,2023-06-01 01:00:00,2023-05-31 23:59:00,2023-06-01 00:59:00,62.0,61,Wednesday,Thursday,23:58,01:00,2023,5,TRAIN,SUSPICIOUS_INTRASESSION,EXPECTED_DAILY_SESSION_BREAK,Recurring nightly broker maintenance/session break.,"2023-05-31 23:58:00 -> 2023-06-01 01:00:00: ~62min nightly pause, standard-time (hour 23->01) variant; this exact close/reopen-hour pair recurs on the vast majority of weeknights across all 6 dataset years, and the hour flips precisely on EU DST transition weekends.",MEDIUM,False
gapf_855258_20230601_2358,2023-06-01 23:58:00,2023-06-02 01:00:00,2023-06-01 23:59:00,2023-06-02 00:59:00,62.0,61,Thursday,Friday,23:58,01:00,2023,6,TRAIN,SUSPICIOUS_INTRASESSION,EXPECTED_DAILY_SESSION_BREAK,Recurring nightly broker maintenance/session break.,"2023-06-01 23:58:00 -> 2023-06-02 01:00:00: ~62min nightly pause, standard-time (hour 23->01) variant; this exact close/reopen-hour pair recurs on the vast majority of weeknights across all 6 dataset years, and the hour flips precisely on EU DST transition weekends.",MEDIUM,False
gapf_856636_20230602_2357,2023-06-02 23:57:00,2023-06-05 01:00:00,2023-06-02 23:58:00,2023-06-05 00:59:00,2943.0,2942,Friday,Monday,23:57,01:00,2023,6,TRAIN,EXPECTED_WEEKEND,EXPECTED_WEEKEND,Recurring Friday-to-Monday/Tuesday weekend market closure.,"Friday 23:57 close -> Monday 01:00 reopen, delta=2943min; matches the dataset-wide weekend closure pattern observed on every trading week.",HIGH,False
gapf_858015_20230605_2358,2023-06-05 23:58:00,2023-06-06 01:00:00,2023-06-05 23:59:00,2023-06-06 00:59:00,62.0,61,Monday,Tuesday,23:58,01:00,2023,6,TRAIN,SUSPICIOUS_INTRASESSION,EXPECTED_DAILY_SESSION_BREAK,Recurring nightly broker maintenance/session break.,"2023-06-05 23:58:00 -> 2023-06-06 01:00:00: ~62min nightly pause, standard-time (hour 23->01) variant; this exact close/reopen-hour pair recurs on the vast majority of weeknights across all 6 dataset years, and the hour flips precisely on EU DST transition weekends.",MEDIUM,False
gapf_859394_20230606_2358,2023-06-06 23:58:00,2023-06-07 01:00:00,2023-06-06 23:59:00,2023-06-07 00:59:00,62.0,61,Tuesday,Wednesday,23:58,01:00,2023,6,TRAIN,SUSPICIOUS_INTRASESSION,EXPECTED_DAILY_SESSION_BREAK,Recurring nightly broker maintenance/session break.,"2023-06-06 23:58:00 -> 2023-06-07 01:00:00: ~62min nightly pause, standard-time (hour 23->01) variant; this exact close/reopen-hour pair recurs on the vast majority of weeknights across all 6 dataset years, and the hour flips precisely on EU DST transition weekends.",MEDIUM,False
gapf_860773_20230607_2358,2023-06-07 23:58:00,2023-06-08 01:00:00,2023-06-07 23:59:00,2023-06-08 00:59:00,62.0,61,Wednesday,Thursday,23:58,01:00,2023,6,TRAIN,SUSPICIOUS_INTRASESSION,EXPECTED_DAILY_SESSION_BREAK,Recurring nightly broker maintenance/session break.,"2023-06-07 23:58:00 -> 2023-06-08 01:00:00: ~62min nightly pause, standard-time (hour 23->01) variant; this exact close/reopen-hour pair recurs on the vast majority of weeknights across all 6 dataset years, and the hour flips precisely on EU DST transition weekends.",MEDIUM,False
gapf_862152_20230608_2358,2023-06-08 23:58:00,2023-06-09 01:00:00,2023-06-08 23:59:00,2023-06-09 00:59:00,62.0,61,Thursday,Friday,23:58,01:00,2023,6,TRAIN,SUSPICIOUS_INTRASESSION,EXPECTED_DAILY_SESSION_BREAK,Recurring nightly broker maintenance/session break.,"2023-06-08 23:58:00 -> 2023-06-09 01:00:00: ~62min nightly pause, standard-time (hour 23->01) variant; this exact close/reopen-hour pair recurs on the vast majority of weeknights across all 6 dataset years, and the hour flips precisely on EU DST transition weekends.",MEDIUM,False
gapf_863530_20230609_2357,2023-06-09 23:57:00,2023-06-12 01:00:00,2023-06-09 23:58:00,2023-06-12 00:59:00,2943.0,2942,Friday,Monday,23:57,01:00,2023,6,TRAIN,EXPECTED_WEEKEND,EXPECTED_WEEKEND,Recurring Friday-to-Monday/Tuesday weekend market closure.,"Friday 23:57 close -> Monday 01:00 reopen, delta=2943min; matches the dataset-wide weekend closure pattern observed on every trading week.",HIGH,False
gapf_864909_20230612_2358,2023-06-12 23:58:00,2023-06-13 01:00:00,2023-06-12 23:59:00,2023-06-13 00:59:00,62.0,61,Monday,Tuesday,23:58,01:00,2023,6,TRAIN,SUSPICIOUS_INTRASESSION,EXPECTED_DAILY_SESSION_BREAK,Recurring nightly broker maintenance/session break.,"2023-06-12 23:58:00 -> 2023-06-13 01:00:00: ~62min nightly pause, standard-time (hour 23->01) variant; this exact close/reopen-hour pair recurs on the vast majority of weeknights across all 6 dataset years, and the hour flips precisely on EU DST transition weekends.",MEDIUM,False
gapf_866288_20230613_2358,2023-06-13 23:58:00,2023-06-14 01:00:00,2023-06-13 23:59:00,2023-06-14 00:59:00,62.0,61,Tuesday,Wednesday,23:58,01:00,2023,6,TRAIN,SUSPICIOUS_INTRASESSION,EXPECTED_DAILY_SESSION_BREAK,Recurring nightly broker maintenance/session break.,"2023-06-13 23:58:00 -> 2023-06-14 01:00:00: ~62min nightly pause, standard-time (hour 23->01) variant; this exact close/reopen-hour pair recurs on the vast majority of weeknights across all 6 dataset years, and the hour flips precisely on EU DST transition weekends.",MEDIUM,False
gapf_867667_20230614_2358,2023-06-14 23:58:00,2023-06-15 01:00:00,2023-06-14 23:59:00,2023-06-15 00:59:00,62.0,61,Wednesday,Thursday,23:58,01:00,2023,6,TRAIN,SUSPICIOUS_INTRASESSION,EXPECTED_DAILY_SESSION_BREAK,Recurring nightly broker maintenance/session break.,"2023-06-14 23:58:00 -> 2023-06-15 01:00:00: ~62min nightly pause, standard-time (hour 23->01) variant; this exact close/reopen-hour pair recurs on the vast majority of weeknights across all 6 dataset years, and the hour flips precisely on EU DST transition weekends.",MEDIUM,False
gapf_869046_20230615_2358,2023-06-15 23:58:00,2023-06-16 01:00:00,2023-06-15 23:59:00,2023-06-16 00:59:00,62.0,61,Thursday,Friday,23:58,01:00,2023,6,TRAIN,SUSPICIOUS_INTRASESSION,EXPECTED_DAILY_SESSION_BREAK,Recurring nightly broker maintenance/session break.,"2023-06-15 23:58:00 -> 2023-06-16 01:00:00: ~62min nightly pause, standard-time (hour 23->01) variant; this exact close/reopen-hour pair recurs on the vast majority of weeknights across all 6 dataset years, and the hour flips precisely on EU DST transition weekends.",MEDIUM,False
gapf_870424_20230616_2357,2023-06-16 23:57:00,2023-06-19 01:00:00,2023-06-16 23:58:00,2023-06-19 00:59:00,2943.0,2942,Friday,Monday,23:57,01:00,2023,6,TRAIN,EXPECTED_WEEKEND,EXPECTED_WEEKEND,Recurring Friday-to-Monday/Tuesday weekend market closure.,"Friday 23:57 close -> Monday 01:00 reopen, delta=2943min; matches the dataset-wide weekend closure pattern observed on every trading week.",HIGH,False
gapf_871650_20230619_2125,2023-06-19 21:25:00,2023-06-20 01:00:00,2023-06-19 21:26:00,2023-06-20 00:59:00,215.0,214,Monday,Tuesday,21:25,01:00,2023,6,TRAIN,SUSPICIOUS_INTRASESSION,EXPECTED_HOLIDAY_OR_CLOSURE,US federal market holiday early close (JUNETEENTH).,"2023-06-19 21:25:00 matches computed US federal holiday date (JUNETEENTH); early close at 21:25 UTC, reopen 01:00 UTC next day; recurring pattern observed across multiple dataset years.",MEDIUM,False
gapf_873029_20230620_2358,2023-06-20 23:58:00,2023-06-21 01:00:00,2023-06-20 23:59:00,2023-06-21 00:59:00,62.0,61,Tuesday,Wednesday,23:58,01:00,2023,6,TRAIN,SUSPICIOUS_INTRASESSION,EXPECTED_DAILY_SESSION_BREAK,Recurring nightly broker maintenance/session break.,"2023-06-20 23:58:00 -> 2023-06-21 01:00:00: ~62min nightly pause, standard-time (hour 23->01) variant; this exact close/reopen-hour pair recurs on the vast majority of weeknights across all 6 dataset years, and the hour flips precisely on EU DST transition weekends.",MEDIUM,False
gapf_874408_20230621_2358,2023-06-21 23:58:00,2023-06-22 01:00:00,2023-06-21 23:59:00,2023-06-22 00:59:00,62.0,61,Wednesday,Thursday,23:58,01:00,2023,6,TRAIN,SUSPICIOUS_INTRASESSION,EXPECTED_DAILY_SESSION_BREAK,Recurring nightly broker maintenance/session break.,"2023-06-21 23:58:00 -> 2023-06-22 01:00:00: ~62min nightly pause, standard-time (hour 23->01) variant; this exact close/reopen-hour pair recurs on the vast majority of weeknights across all 6 dataset years, and the hour flips precisely on EU DST transition weekends.",MEDIUM,False
gapf_875787_20230622_2358,2023-06-22 23:58:00,2023-06-23 01:00:00,2023-06-22 23:59:00,2023-06-23 00:59:00,62.0,61,Thursday,Friday,23:58,01:00,2023,6,TRAIN,SUSPICIOUS_INTRASESSION,EXPECTED_DAILY_SESSION_BREAK,Recurring nightly broker maintenance/session break.,"2023-06-22 23:58:00 -> 2023-06-23 01:00:00: ~62min nightly pause, standard-time (hour 23->01) variant; this exact close/reopen-hour pair recurs on the vast majority of weeknights across all 6 dataset years, and the hour flips precisely on EU DST transition weekends.",MEDIUM,False
gapf_877165_20230623_2357,2023-06-23 23:57:00,2023-06-26 01:00:00,2023-06-23 23:58:00,2023-06-26 00:59:00,2943.0,2942,Friday,Monday,23:57,01:00,2023,6,TRAIN,EXPECTED_WEEKEND,EXPECTED_WEEKEND,Recurring Friday-to-Monday/Tuesday weekend market closure.,"Friday 23:57 close -> Monday 01:00 reopen, delta=2943min; matches the dataset-wide weekend closure pattern observed on every trading week.",HIGH,False
gapf_878544_20230626_2358,2023-06-26 23:58:00,2023-06-27 01:00:00,2023-06-26 23:59:00,2023-06-27 00:59:00,62.0,61,Monday,Tuesday,23:58,01:00,2023,6,TRAIN,SUSPICIOUS_INTRASESSION,EXPECTED_DAILY_SESSION_BREAK,Recurring nightly broker maintenance/session break.,"2023-06-26 23:58:00 -> 2023-06-27 01:00:00: ~62min nightly pause, standard-time (hour 23->01) variant; this exact close/reopen-hour pair recurs on the vast majority of weeknights across all 6 dataset years, and the hour flips precisely on EU DST transition weekends.",MEDIUM,False
gapf_879923_20230627_2358,2023-06-27 23:58:00,2023-06-28 01:00:00,2023-06-27 23:59:00,2023-06-28 00:59:00,62.0,61,Tuesday,Wednesday,23:58,01:00,2023,6,TRAIN,SUSPICIOUS_INTRASESSION,EXPECTED_DAILY_SESSION_BREAK,Recurring nightly broker maintenance/session break.,"2023-06-27 23:58:00 -> 2023-06-28 01:00:00: ~62min nightly pause, standard-time (hour 23->01) variant; this exact close/reopen-hour pair recurs on the vast majority of weeknights across all 6 dataset years, and the hour flips precisely on EU DST transition weekends.",MEDIUM,False
gapf_881302_20230628_2358,2023-06-28 23:58:00,2023-06-29 01:00:00,2023-06-28 23:59:00,2023-06-29 00:59:00,62.0,61,Wednesday,Thursday,23:58,01:00,2023,6,TRAIN,SUSPICIOUS_INTRASESSION,EXPECTED_DAILY_SESSION_BREAK,Recurring nightly broker maintenance/session break.,"2023-06-28 23:58:00 -> 2023-06-29 01:00:00: ~62min nightly pause, standard-time (hour 23->01) variant; this exact close/reopen-hour pair recurs on the vast majority of weeknights across all 6 dataset years, and the hour flips precisely on EU DST transition weekends.",MEDIUM,False
gapf_882681_20230629_2358,2023-06-29 23:58:00,2023-06-30 01:00:00,2023-06-29 23:59:00,2023-06-30 00:59:00,62.0,61,Thursday,Friday,23:58,01:00,2023,6,TRAIN,SUSPICIOUS_INTRASESSION,EXPECTED_DAILY_SESSION_BREAK,Recurring nightly broker maintenance/session break.,"2023-06-29 23:58:00 -> 2023-06-30 01:00:00: ~62min nightly pause, standard-time (hour 23->01) variant; this exact close/reopen-hour pair recurs on the vast majority of weeknights across all 6 dataset years, and the hour flips precisely on EU DST transition weekends.",MEDIUM,False
gapf_884059_20230630_2357,2023-06-30 23:57:00,2023-07-03 01:00:00,2023-06-30 23:58:00,2023-07-03 00:59:00,2943.0,2942,Friday,Monday,23:57,01:00,2023,6,TRAIN,EXPECTED_WEEKEND,EXPECTED_WEEKEND,Recurring Friday-to-Monday/Tuesday weekend market closure.,"Friday 23:57 close -> Monday 01:00 reopen, delta=2943min; matches the dataset-wide weekend closure pattern observed on every trading week.",HIGH,False
gapf_885428_20230703_2348,2023-07-03 23:48:00,2023-07-03 23:50:00,2023-07-03 23:49:00,2023-07-03 23:49:00,2.0,1,Monday,Monday,23:48,23:50,2023,7,TRAIN,LIKELY_PROVIDER_HISTORY_GAP,LIKELY_PROVIDER_HISTORY_GAP,"Isolated small active-session gap, no recurring pattern.","2023-07-03 23:48:00 -> 2023-07-03 23:50:00: isolated 1-bar active-session gap; does not match weekend, session-break, or holiday patterns; below the empirically observed natural break in the missing-bar distribution (no residual gap observed between 9 and 214 missing bars).",LOW,True
gapf_885437_20230703_2358,2023-07-03 23:58:00,2023-07-04 01:00:00,2023-07-03 23:59:00,2023-07-04 00:59:00,62.0,61,Monday,Tuesday,23:58,01:00,2023,7,TRAIN,SUSPICIOUS_INTRASESSION,EXPECTED_DAILY_SESSION_BREAK,Recurring nightly broker maintenance/session break.,"2023-07-03 23:58:00 -> 2023-07-04 01:00:00: ~62min nightly pause, standard-time (hour 23->01) variant; this exact close/reopen-hour pair recurs on the vast majority of weeknights across all 6 dataset years, and the hour flips precisely on EU DST transition weekends.",MEDIUM,False
gapf_886663_20230704_2125,2023-07-04 21:25:00,2023-07-05 01:00:00,2023-07-04 21:26:00,2023-07-05 00:59:00,215.0,214,Tuesday,Wednesday,21:25,01:00,2023,7,TRAIN,SUSPICIOUS_INTRASESSION,EXPECTED_HOLIDAY_OR_CLOSURE,US federal market holiday early close (INDEPENDENCE_DAY).,"2023-07-04 21:25:00 matches computed US federal holiday date (INDEPENDENCE_DAY); early close at 21:25 UTC, reopen 01:00 UTC next day; recurring pattern observed across multiple dataset years.",MEDIUM,False
gapf_888042_20230705_2358,2023-07-05 23:58:00,2023-07-06 01:00:00,2023-07-05 23:59:00,2023-07-06 00:59:00,62.0,61,Wednesday,Thursday,23:58,01:00,2023,7,TRAIN,SUSPICIOUS_INTRASESSION,EXPECTED_DAILY_SESSION_BREAK,Recurring nightly broker maintenance/session break.,"2023-07-05 23:58:00 -> 2023-07-06 01:00:00: ~62min nightly pause, standard-time (hour 23->01) variant; this exact close/reopen-hour pair recurs on the vast majority of weeknights across all 6 dataset years, and the hour flips precisely on EU DST transition weekends.",MEDIUM,False
gapf_889421_20230706_2358,2023-07-06 23:58:00,2023-07-07 01:00:00,2023-07-06 23:59:00,2023-07-07 00:59:00,62.0,61,Thursday,Friday,23:58,01:00,2023,7,TRAIN,SUSPICIOUS_INTRASESSION,EXPECTED_DAILY_SESSION_BREAK,Recurring nightly broker maintenance/session break.,"2023-07-06 23:58:00 -> 2023-07-07 01:00:00: ~62min nightly pause, standard-time (hour 23->01) variant; this exact close/reopen-hour pair recurs on the vast majority of weeknights across all 6 dataset years, and the hour flips precisely on EU DST transition weekends.",MEDIUM,False
gapf_890799_20230707_2357,2023-07-07 23:57:00,2023-07-10 01:00:00,2023-07-07 23:58:00,2023-07-10 00:59:00,2943.0,2942,Friday,Monday,23:57,01:00,2023,7,TRAIN,EXPECTED_WEEKEND,EXPECTED_WEEKEND,Recurring Friday-to-Monday/Tuesday weekend market closure.,"Friday 23:57 close -> Monday 01:00 reopen, delta=2943min; matches the dataset-wide weekend closure pattern observed on every trading week.",HIGH,False
gapf_892178_20230710_2358,2023-07-10 23:58:00,2023-07-11 01:00:00,2023-07-10 23:59:00,2023-07-11 00:59:00,62.0,61,Monday,Tuesday,23:58,01:00,2023,7,TRAIN,SUSPICIOUS_INTRASESSION,EXPECTED_DAILY_SESSION_BREAK,Recurring nightly broker maintenance/session break.,"2023-07-10 23:58:00 -> 2023-07-11 01:00:00: ~62min nightly pause, standard-time (hour 23->01) variant; this exact close/reopen-hour pair recurs on the vast majority of weeknights across all 6 dataset years, and the hour flips precisely on EU DST transition weekends.",MEDIUM,False
gapf_893557_20230711_2358,2023-07-11 23:58:00,2023-07-12 01:00:00,2023-07-11 23:59:00,2023-07-12 00:59:00,62.0,61,Tuesday,Wednesday,23:58,01:00,2023,7,TRAIN,SUSPICIOUS_INTRASESSION,EXPECTED_DAILY_SESSION_BREAK,Recurring nightly broker maintenance/session break.,"2023-07-11 23:58:00 -> 2023-07-12 01:00:00: ~62min nightly pause, standard-time (hour 23->01) variant; this exact close/reopen-hour pair recurs on the vast majority of weeknights across all 6 dataset years, and the hour flips precisely on EU DST transition weekends.",MEDIUM,False
gapf_894936_20230712_2358,2023-07-12 23:58:00,2023-07-13 01:00:00,2023-07-12 23:59:00,2023-07-13 00:59:00,62.0,61,Wednesday,Thursday,23:58,01:00,2023,7,TRAIN,SUSPICIOUS_INTRASESSION,EXPECTED_DAILY_SESSION_BREAK,Recurring nightly broker maintenance/session break.,"2023-07-12 23:58:00 -> 2023-07-13 01:00:00: ~62min nightly pause, standard-time (hour 23->01) variant; this exact close/reopen-hour pair recurs on the vast majority of weeknights across all 6 dataset years, and the hour flips precisely on EU DST transition weekends.",MEDIUM,False
gapf_896315_20230713_2358,2023-07-13 23:58:00,2023-07-14 01:00:00,2023-07-13 23:59:00,2023-07-14 00:59:00,62.0,61,Thursday,Friday,23:58,01:00,2023,7,TRAIN,SUSPICIOUS_INTRASESSION,EXPECTED_DAILY_SESSION_BREAK,Recurring nightly broker maintenance/session break.,"2023-07-13 23:58:00 -> 2023-07-14 01:00:00: ~62min nightly pause, standard-time (hour 23->01) variant; this exact close/reopen-hour pair recurs on the vast majority of weeknights across all 6 dataset years, and the hour flips precisely on EU DST transition weekends.",MEDIUM,False
gapf_897693_20230714_2357,2023-07-14 23:57:00,2023-07-17 01:00:00,2023-07-14 23:58:00,2023-07-17 00:59:00,2943.0,2942,Friday,Monday,23:57,01:00,2023,7,TRAIN,EXPECTED_WEEKEND,EXPECTED_WEEKEND,Recurring Friday-to-Monday/Tuesday weekend market closure.,"Friday 23:57 close -> Monday 01:00 reopen, delta=2943min; matches the dataset-wide weekend closure pattern observed on every trading week.",HIGH,False
gapf_899072_20230717_2358,2023-07-17 23:58:00,2023-07-18 01:00:00,2023-07-17 23:59:00,2023-07-18 00:59:00,62.0,61,Monday,Tuesday,23:58,01:00,2023,7,TRAIN,SUSPICIOUS_INTRASESSION,EXPECTED_DAILY_SESSION_BREAK,Recurring nightly broker maintenance/session break.,"2023-07-17 23:58:00 -> 2023-07-18 01:00:00: ~62min nightly pause, standard-time (hour 23->01) variant; this exact close/reopen-hour pair recurs on the vast majority of weeknights across all 6 dataset years, and the hour flips precisely on EU DST transition weekends.",MEDIUM,False
gapf_900066_20230718_1733,2023-07-18 17:33:00,2023-07-18 17:35:00,2023-07-18 17:34:00,2023-07-18 17:34:00,2.0,1,Tuesday,Tuesday,17:33,17:35,2023,7,TRAIN,LIKELY_PROVIDER_HISTORY_GAP,LIKELY_PROVIDER_HISTORY_GAP,"Isolated small active-session gap, no recurring pattern.","2023-07-18 17:33:00 -> 2023-07-18 17:35:00: isolated 1-bar active-session gap; does not match weekend, session-break, or holiday patterns; below the empirically observed natural break in the missing-bar distribution (no residual gap observed between 9 and 214 missing bars).",LOW,True
gapf_900450_20230718_2358,2023-07-18 23:58:00,2023-07-19 01:00:00,2023-07-18 23:59:00,2023-07-19 00:59:00,62.0,61,Tuesday,Wednesday,23:58,01:00,2023,7,TRAIN,SUSPICIOUS_INTRASESSION,EXPECTED_DAILY_SESSION_BREAK,Recurring nightly broker maintenance/session break.,"2023-07-18 23:58:00 -> 2023-07-19 01:00:00: ~62min nightly pause, standard-time (hour 23->01) variant; this exact close/reopen-hour pair recurs on the vast majority of weeknights across all 6 dataset years, and the hour flips precisely on EU DST transition weekends.",MEDIUM,False
gapf_900469_20230719_0118,2023-07-19 01:18:00,2023-07-19 01:20:00,2023-07-19 01:19:00,2023-07-19 01:19:00,2.0,1,Wednesday,Wednesday,01:18,01:20,2023,7,TRAIN,LIKELY_PROVIDER_HISTORY_GAP,LIKELY_PROVIDER_HISTORY_GAP,"Isolated small active-session gap, no recurring pattern.","2023-07-19 01:18:00 -> 2023-07-19 01:20:00: isolated 1-bar active-session gap; does not match weekend, session-break, or holiday patterns; below the empirically observed natural break in the missing-bar distribution (no residual gap observed between 9 and 214 missing bars).",LOW,True
gapf_901828_20230719_2358,2023-07-19 23:58:00,2023-07-20 01:00:00,2023-07-19 23:59:00,2023-07-20 00:59:00,62.0,61,Wednesday,Thursday,23:58,01:00,2023,7,TRAIN,SUSPICIOUS_INTRASESSION,EXPECTED_DAILY_SESSION_BREAK,Recurring nightly broker maintenance/session break.,"2023-07-19 23:58:00 -> 2023-07-20 01:00:00: ~62min nightly pause, standard-time (hour 23->01) variant; this exact close/reopen-hour pair recurs on the vast majority of weeknights across all 6 dataset years, and the hour flips precisely on EU DST transition weekends.",MEDIUM,False
gapf_903207_20230720_2358,2023-07-20 23:58:00,2023-07-21 01:00:00,2023-07-20 23:59:00,2023-07-21 00:59:00,62.0,61,Thursday,Friday,23:58,01:00,2023,7,TRAIN,SUSPICIOUS_INTRASESSION,EXPECTED_DAILY_SESSION_BREAK,Recurring nightly broker maintenance/session break.,"2023-07-20 23:58:00 -> 2023-07-21 01:00:00: ~62min nightly pause, standard-time (hour 23->01) variant; this exact close/reopen-hour pair recurs on the vast majority of weeknights across all 6 dataset years, and the hour flips precisely on EU DST transition weekends.",MEDIUM,False
gapf_904585_20230721_2357,2023-07-21 23:57:00,2023-07-24 01:00:00,2023-07-21 23:58:00,2023-07-24 00:59:00,2943.0,2942,Friday,Monday,23:57,01:00,2023,7,TRAIN,EXPECTED_WEEKEND,EXPECTED_WEEKEND,Recurring Friday-to-Monday/Tuesday weekend market closure.,"Friday 23:57 close -> Monday 01:00 reopen, delta=2943min; matches the dataset-wide weekend closure pattern observed on every trading week.",HIGH,False
gapf_905964_20230724_2358,2023-07-24 23:58:00,2023-07-25 01:00:00,2023-07-24 23:59:00,2023-07-25 00:59:00,62.0,61,Monday,Tuesday,23:58,01:00,2023,7,TRAIN,SUSPICIOUS_INTRASESSION,EXPECTED_DAILY_SESSION_BREAK,Recurring nightly broker maintenance/session break.,"2023-07-24 23:58:00 -> 2023-07-25 01:00:00: ~62min nightly pause, standard-time (hour 23->01) variant; this exact close/reopen-hour pair recurs on the vast majority of weeknights across all 6 dataset years, and the hour flips precisely on EU DST transition weekends.",MEDIUM,False
gapf_907343_20230725_2358,2023-07-25 23:58:00,2023-07-26 01:00:00,2023-07-25 23:59:00,2023-07-26 00:59:00,62.0,61,Tuesday,Wednesday,23:58,01:00,2023,7,TRAIN,SUSPICIOUS_INTRASESSION,EXPECTED_DAILY_SESSION_BREAK,Recurring nightly broker maintenance/session break.,"2023-07-25 23:58:00 -> 2023-07-26 01:00:00: ~62min nightly pause, standard-time (hour 23->01) variant; this exact close/reopen-hour pair recurs on the vast majority of weeknights across all 6 dataset years, and the hour flips precisely on EU DST transition weekends.",MEDIUM,False
gapf_908722_20230726_2358,2023-07-26 23:58:00,2023-07-27 01:00:00,2023-07-26 23:59:00,2023-07-27 00:59:00,62.0,61,Wednesday,Thursday,23:58,01:00,2023,7,TRAIN,SUSPICIOUS_INTRASESSION,EXPECTED_DAILY_SESSION_BREAK,Recurring nightly broker maintenance/session break.,"2023-07-26 23:58:00 -> 2023-07-27 01:00:00: ~62min nightly pause, standard-time (hour 23->01) variant; this exact close/reopen-hour pair recurs on the vast majority of weeknights across all 6 dataset years, and the hour flips precisely on EU DST transition weekends.",MEDIUM,False
gapf_910101_20230727_2358,2023-07-27 23:58:00,2023-07-28 01:00:00,2023-07-27 23:59:00,2023-07-28 00:59:00,62.0,61,Thursday,Friday,23:58,01:00,2023,7,TRAIN,SUSPICIOUS_INTRASESSION,EXPECTED_DAILY_SESSION_BREAK,Recurring nightly broker maintenance/session break.,"2023-07-27 23:58:00 -> 2023-07-28 01:00:00: ~62min nightly pause, standard-time (hour 23->01) variant; this exact close/reopen-hour pair recurs on the vast majority of weeknights across all 6 dataset years, and the hour flips precisely on EU DST transition weekends.",MEDIUM,False
gapf_911479_20230728_2357,2023-07-28 23:57:00,2023-07-31 01:00:00,2023-07-28 23:58:00,2023-07-31 00:59:00,2943.0,2942,Friday,Monday,23:57,01:00,2023,7,TRAIN,EXPECTED_WEEKEND,EXPECTED_WEEKEND,Recurring Friday-to-Monday/Tuesday weekend market closure.,"Friday 23:57 close -> Monday 01:00 reopen, delta=2943min; matches the dataset-wide weekend closure pattern observed on every trading week.",HIGH,False
gapf_912858_20230731_2358,2023-07-31 23:58:00,2023-08-01 01:00:00,2023-07-31 23:59:00,2023-08-01 00:59:00,62.0,61,Monday,Tuesday,23:58,01:00,2023,7,TRAIN,SUSPICIOUS_INTRASESSION,EXPECTED_DAILY_SESSION_BREAK,Recurring nightly broker maintenance/session break.,"2023-07-31 23:58:00 -> 2023-08-01 01:00:00: ~62min nightly pause, standard-time (hour 23->01) variant; this exact close/reopen-hour pair recurs on the vast majority of weeknights across all 6 dataset years, and the hour flips precisely on EU DST transition weekends.",MEDIUM,False
gapf_914237_20230801_2358,2023-08-01 23:58:00,2023-08-02 01:00:00,2023-08-01 23:59:00,2023-08-02 00:59:00,62.0,61,Tuesday,Wednesday,23:58,01:00,2023,8,TRAIN,SUSPICIOUS_INTRASESSION,EXPECTED_DAILY_SESSION_BREAK,Recurring nightly broker maintenance/session break.,"2023-08-01 23:58:00 -> 2023-08-02 01:00:00: ~62min nightly pause, standard-time (hour 23->01) variant; this exact close/reopen-hour pair recurs on the vast majority of weeknights across all 6 dataset years, and the hour flips precisely on EU DST transition weekends.",MEDIUM,False
gapf_915616_20230802_2358,2023-08-02 23:58:00,2023-08-03 01:00:00,2023-08-02 23:59:00,2023-08-03 00:59:00,62.0,61,Wednesday,Thursday,23:58,01:00,2023,8,TRAIN,SUSPICIOUS_INTRASESSION,EXPECTED_DAILY_SESSION_BREAK,Recurring nightly broker maintenance/session break.,"2023-08-02 23:58:00 -> 2023-08-03 01:00:00: ~62min nightly pause, standard-time (hour 23->01) variant; this exact close/reopen-hour pair recurs on the vast majority of weeknights across all 6 dataset years, and the hour flips precisely on EU DST transition weekends.",MEDIUM,False
gapf_916995_20230803_2358,2023-08-03 23:58:00,2023-08-04 01:00:00,2023-08-03 23:59:00,2023-08-04 00:59:00,62.0,61,Thursday,Friday,23:58,01:00,2023,8,TRAIN,SUSPICIOUS_INTRASESSION,EXPECTED_DAILY_SESSION_BREAK,Recurring nightly broker maintenance/session break.,"2023-08-03 23:58:00 -> 2023-08-04 01:00:00: ~62min nightly pause, standard-time (hour 23->01) variant; this exact close/reopen-hour pair recurs on the vast majority of weeknights across all 6 dataset years, and the hour flips precisely on EU DST transition weekends.",MEDIUM,False
gapf_918373_20230804_2357,2023-08-04 23:57:00,2023-08-07 01:00:00,2023-08-04 23:58:00,2023-08-07 00:59:00,2943.0,2942,Friday,Monday,23:57,01:00,2023,8,TRAIN,EXPECTED_WEEKEND,EXPECTED_WEEKEND,Recurring Friday-to-Monday/Tuesday weekend market closure.,"Friday 23:57 close -> Monday 01:00 reopen, delta=2943min; matches the dataset-wide weekend closure pattern observed on every trading week.",HIGH,False
gapf_919752_20230807_2358,2023-08-07 23:58:00,2023-08-08 01:00:00,2023-08-07 23:59:00,2023-08-08 00:59:00,62.0,61,Monday,Tuesday,23:58,01:00,2023,8,TRAIN,SUSPICIOUS_INTRASESSION,EXPECTED_DAILY_SESSION_BREAK,Recurring nightly broker maintenance/session break.,"2023-08-07 23:58:00 -> 2023-08-08 01:00:00: ~62min nightly pause, standard-time (hour 23->01) variant; this exact close/reopen-hour pair recurs on the vast majority of weeknights across all 6 dataset years, and the hour flips precisely on EU DST transition weekends.",MEDIUM,False
gapf_921098_20230808_2325,2023-08-08 23:25:00,2023-08-08 23:27:00,2023-08-08 23:26:00,2023-08-08 23:26:00,2.0,1,Tuesday,Tuesday,23:25,23:27,2023,8,TRAIN,LIKELY_PROVIDER_HISTORY_GAP,LIKELY_PROVIDER_HISTORY_GAP,"Isolated small active-session gap, no recurring pattern.","2023-08-08 23:25:00 -> 2023-08-08 23:27:00: isolated 1-bar active-session gap; does not match weekend, session-break, or holiday patterns; below the empirically observed natural break in the missing-bar distribution (no residual gap observed between 9 and 214 missing bars).",LOW,True
gapf_921130_20230808_2358,2023-08-08 23:58:00,2023-08-09 01:00:00,2023-08-08 23:59:00,2023-08-09 00:59:00,62.0,61,Tuesday,Wednesday,23:58,01:00,2023,8,TRAIN,SUSPICIOUS_INTRASESSION,EXPECTED_DAILY_SESSION_BREAK,Recurring nightly broker maintenance/session break.,"2023-08-08 23:58:00 -> 2023-08-09 01:00:00: ~62min nightly pause, standard-time (hour 23->01) variant; this exact close/reopen-hour pair recurs on the vast majority of weeknights across all 6 dataset years, and the hour flips precisely on EU DST transition weekends.",MEDIUM,False
gapf_922198_20230809_1847,2023-08-09 18:47:00,2023-08-09 18:54:00,2023-08-09 18:48:00,2023-08-09 18:53:00,7.0,6,Wednesday,Wednesday,18:47,18:54,2023,8,TRAIN,LIKELY_PROVIDER_HISTORY_GAP,LIKELY_PROVIDER_HISTORY_GAP,"Isolated small active-session gap, no recurring pattern.","2023-08-09 18:47:00 -> 2023-08-09 18:54:00: isolated 6-bar active-session gap; does not match weekend, session-break, or holiday patterns; below the empirically observed natural break in the missing-bar distribution (no residual gap observed between 9 and 214 missing bars).",LOW,True
gapf_922289_20230809_2024,2023-08-09 20:24:00,2023-08-09 20:32:00,2023-08-09 20:25:00,2023-08-09 20:31:00,8.0,7,Wednesday,Wednesday,20:24,20:32,2023,8,TRAIN,LIKELY_PROVIDER_HISTORY_GAP,LIKELY_PROVIDER_HISTORY_GAP,"Isolated small active-session gap, no recurring pattern.","2023-08-09 20:24:00 -> 2023-08-09 20:32:00: isolated 7-bar active-session gap; does not match weekend, session-break, or holiday patterns; below the empirically observed natural break in the missing-bar distribution (no residual gap observed between 9 and 214 missing bars).",LOW,True
gapf_922496_20230809_2358,2023-08-09 23:58:00,2023-08-10 01:00:00,2023-08-09 23:59:00,2023-08-10 00:59:00,62.0,61,Wednesday,Thursday,23:58,01:00,2023,8,TRAIN,SUSPICIOUS_INTRASESSION,EXPECTED_DAILY_SESSION_BREAK,Recurring nightly broker maintenance/session break.,"2023-08-09 23:58:00 -> 2023-08-10 01:00:00: ~62min nightly pause, standard-time (hour 23->01) variant; this exact close/reopen-hour pair recurs on the vast majority of weeknights across all 6 dataset years, and the hour flips precisely on EU DST transition weekends.",MEDIUM,False
gapf_923875_20230810_2358,2023-08-10 23:58:00,2023-08-11 01:00:00,2023-08-10 23:59:00,2023-08-11 00:59:00,62.0,61,Thursday,Friday,23:58,01:00,2023,8,TRAIN,SUSPICIOUS_INTRASESSION,EXPECTED_DAILY_SESSION_BREAK,Recurring nightly broker maintenance/session break.,"2023-08-10 23:58:00 -> 2023-08-11 01:00:00: ~62min nightly pause, standard-time (hour 23->01) variant; this exact close/reopen-hour pair recurs on the vast majority of weeknights across all 6 dataset years, and the hour flips precisely on EU DST transition weekends.",MEDIUM,False
gapf_923984_20230811_0248,2023-08-11 02:48:00,2023-08-11 02:50:00,2023-08-11 02:49:00,2023-08-11 02:49:00,2.0,1,Friday,Friday,02:48,02:50,2023,8,TRAIN,LIKELY_PROVIDER_HISTORY_GAP,LIKELY_PROVIDER_HISTORY_GAP,"Isolated small active-session gap, no recurring pattern.","2023-08-11 02:48:00 -> 2023-08-11 02:50:00: isolated 1-bar active-session gap; does not match weekend, session-break, or holiday patterns; below the empirically observed natural break in the missing-bar distribution (no residual gap observed between 9 and 214 missing bars).",LOW,True
gapf_925252_20230811_2357,2023-08-11 23:57:00,2023-08-14 01:00:00,2023-08-11 23:58:00,2023-08-14 00:59:00,2943.0,2942,Friday,Monday,23:57,01:00,2023,8,TRAIN,EXPECTED_WEEKEND,EXPECTED_WEEKEND,Recurring Friday-to-Monday/Tuesday weekend market closure.,"Friday 23:57 close -> Monday 01:00 reopen, delta=2943min; matches the dataset-wide weekend closure pattern observed on every trading week.",HIGH,False
gapf_926631_20230814_2358,2023-08-14 23:58:00,2023-08-15 01:00:00,2023-08-14 23:59:00,2023-08-15 00:59:00,62.0,61,Monday,Tuesday,23:58,01:00,2023,8,TRAIN,SUSPICIOUS_INTRASESSION,EXPECTED_DAILY_SESSION_BREAK,Recurring nightly broker maintenance/session break.,"2023-08-14 23:58:00 -> 2023-08-15 01:00:00: ~62min nightly pause, standard-time (hour 23->01) variant; this exact close/reopen-hour pair recurs on the vast majority of weeknights across all 6 dataset years, and the hour flips precisely on EU DST transition weekends.",MEDIUM,False
gapf_928010_20230815_2358,2023-08-15 23:58:00,2023-08-16 01:00:00,2023-08-15 23:59:00,2023-08-16 00:59:00,62.0,61,Tuesday,Wednesday,23:58,01:00,2023,8,TRAIN,SUSPICIOUS_INTRASESSION,EXPECTED_DAILY_SESSION_BREAK,Recurring nightly broker maintenance/session break.,"2023-08-15 23:58:00 -> 2023-08-16 01:00:00: ~62min nightly pause, standard-time (hour 23->01) variant; this exact close/reopen-hour pair recurs on the vast majority of weeknights across all 6 dataset years, and the hour flips precisely on EU DST transition weekends.",MEDIUM,False
gapf_928023_20230816_0112,2023-08-16 01:12:00,2023-08-16 01:14:00,2023-08-16 01:13:00,2023-08-16 01:13:00,2.0,1,Wednesday,Wednesday,01:12,01:14,2023,8,TRAIN,LIKELY_PROVIDER_HISTORY_GAP,LIKELY_PROVIDER_HISTORY_GAP,"Isolated small active-session gap, no recurring pattern.","2023-08-16 01:12:00 -> 2023-08-16 01:14:00: isolated 1-bar active-session gap; does not match weekend, session-break, or holiday patterns; below the empirically observed natural break in the missing-bar distribution (no residual gap observed between 9 and 214 missing bars).",LOW,True
gapf_929388_20230816_2358,2023-08-16 23:58:00,2023-08-17 01:00:00,2023-08-16 23:59:00,2023-08-17 00:59:00,62.0,61,Wednesday,Thursday,23:58,01:00,2023,8,TRAIN,SUSPICIOUS_INTRASESSION,EXPECTED_DAILY_SESSION_BREAK,Recurring nightly broker maintenance/session break.,"2023-08-16 23:58:00 -> 2023-08-17 01:00:00: ~62min nightly pause, standard-time (hour 23->01) variant; this exact close/reopen-hour pair recurs on the vast majority of weeknights across all 6 dataset years, and the hour flips precisely on EU DST transition weekends.",MEDIUM,False
gapf_930767_20230817_2358,2023-08-17 23:58:00,2023-08-18 01:00:00,2023-08-17 23:59:00,2023-08-18 00:59:00,62.0,61,Thursday,Friday,23:58,01:00,2023,8,TRAIN,SUSPICIOUS_INTRASESSION,EXPECTED_DAILY_SESSION_BREAK,Recurring nightly broker maintenance/session break.,"2023-08-17 23:58:00 -> 2023-08-18 01:00:00: ~62min nightly pause, standard-time (hour 23->01) variant; this exact close/reopen-hour pair recurs on the vast majority of weeknights across all 6 dataset years, and the hour flips precisely on EU DST transition weekends.",MEDIUM,False
gapf_932145_20230818_2357,2023-08-18 23:57:00,2023-08-21 01:00:00,2023-08-18 23:58:00,2023-08-21 00:59:00,2943.0,2942,Friday,Monday,23:57,01:00,2023,8,TRAIN,EXPECTED_WEEKEND,EXPECTED_WEEKEND,Recurring Friday-to-Monday/Tuesday weekend market closure.,"Friday 23:57 close -> Monday 01:00 reopen, delta=2943min; matches the dataset-wide weekend closure pattern observed on every trading week.",HIGH,False
gapf_933524_20230821_2358,2023-08-21 23:58:00,2023-08-22 01:00:00,2023-08-21 23:59:00,2023-08-22 00:59:00,62.0,61,Monday,Tuesday,23:58,01:00,2023,8,TRAIN,SUSPICIOUS_INTRASESSION,EXPECTED_DAILY_SESSION_BREAK,Recurring nightly broker maintenance/session break.,"2023-08-21 23:58:00 -> 2023-08-22 01:00:00: ~62min nightly pause, standard-time (hour 23->01) variant; this exact close/reopen-hour pair recurs on the vast majority of weeknights across all 6 dataset years, and the hour flips precisely on EU DST transition weekends.",MEDIUM,False
gapf_933546_20230822_0121,2023-08-22 01:21:00,2023-08-22 01:23:00,2023-08-22 01:22:00,2023-08-22 01:22:00,2.0,1,Tuesday,Tuesday,01:21,01:23,2023,8,TRAIN,LIKELY_PROVIDER_HISTORY_GAP,LIKELY_PROVIDER_HISTORY_GAP,"Isolated small active-session gap, no recurring pattern.","2023-08-22 01:21:00 -> 2023-08-22 01:23:00: isolated 1-bar active-session gap; does not match weekend, session-break, or holiday patterns; below the empirically observed natural break in the missing-bar distribution (no residual gap observed between 9 and 214 missing bars).",LOW,True
gapf_934902_20230822_2358,2023-08-22 23:58:00,2023-08-23 01:00:00,2023-08-22 23:59:00,2023-08-23 00:59:00,62.0,61,Tuesday,Wednesday,23:58,01:00,2023,8,TRAIN,SUSPICIOUS_INTRASESSION,EXPECTED_DAILY_SESSION_BREAK,Recurring nightly broker maintenance/session break.,"2023-08-22 23:58:00 -> 2023-08-23 01:00:00: ~62min nightly pause, standard-time (hour 23->01) variant; this exact close/reopen-hour pair recurs on the vast majority of weeknights across all 6 dataset years, and the hour flips precisely on EU DST transition weekends.",MEDIUM,False
gapf_934956_20230823_0153,2023-08-23 01:53:00,2023-08-23 01:55:00,2023-08-23 01:54:00,2023-08-23 01:54:00,2.0,1,Wednesday,Wednesday,01:53,01:55,2023,8,TRAIN,LIKELY_PROVIDER_HISTORY_GAP,LIKELY_PROVIDER_HISTORY_GAP,"Isolated small active-session gap, no recurring pattern.","2023-08-23 01:53:00 -> 2023-08-23 01:55:00: isolated 1-bar active-session gap; does not match weekend, session-break, or holiday patterns; below the empirically observed natural break in the missing-bar distribution (no residual gap observed between 9 and 214 missing bars).",LOW,True
gapf_934984_20230823_0222,2023-08-23 02:22:00,2023-08-23 02:24:00,2023-08-23 02:23:00,2023-08-23 02:23:00,2.0,1,Wednesday,Wednesday,02:22,02:24,2023,8,TRAIN,LIKELY_PROVIDER_HISTORY_GAP,LIKELY_PROVIDER_HISTORY_GAP,"Isolated small active-session gap, no recurring pattern.","2023-08-23 02:22:00 -> 2023-08-23 02:24:00: isolated 1-bar active-session gap; does not match weekend, session-break, or holiday patterns; below the empirically observed natural break in the missing-bar distribution (no residual gap observed between 9 and 214 missing bars).",LOW,True
gapf_936279_20230823_2358,2023-08-23 23:58:00,2023-08-24 01:00:00,2023-08-23 23:59:00,2023-08-24 00:59:00,62.0,61,Wednesday,Thursday,23:58,01:00,2023,8,TRAIN,SUSPICIOUS_INTRASESSION,EXPECTED_DAILY_SESSION_BREAK,Recurring nightly broker maintenance/session break.,"2023-08-23 23:58:00 -> 2023-08-24 01:00:00: ~62min nightly pause, standard-time (hour 23->01) variant; this exact close/reopen-hour pair recurs on the vast majority of weeknights across all 6 dataset years, and the hour flips precisely on EU DST transition weekends.",MEDIUM,False
gapf_937658_20230824_2358,2023-08-24 23:58:00,2023-08-25 01:00:00,2023-08-24 23:59:00,2023-08-25 00:59:00,62.0,61,Thursday,Friday,23:58,01:00,2023,8,TRAIN,SUSPICIOUS_INTRASESSION,EXPECTED_DAILY_SESSION_BREAK,Recurring nightly broker maintenance/session break.,"2023-08-24 23:58:00 -> 2023-08-25 01:00:00: ~62min nightly pause, standard-time (hour 23->01) variant; this exact close/reopen-hour pair recurs on the vast majority of weeknights across all 6 dataset years, and the hour flips precisely on EU DST transition weekends.",MEDIUM,False
gapf_937680_20230825_0121,2023-08-25 01:21:00,2023-08-25 01:23:00,2023-08-25 01:22:00,2023-08-25 01:22:00,2.0,1,Friday,Friday,01:21,01:23,2023,8,TRAIN,LIKELY_PROVIDER_HISTORY_GAP,LIKELY_PROVIDER_HISTORY_GAP,"Isolated small active-session gap, no recurring pattern.","2023-08-25 01:21:00 -> 2023-08-25 01:23:00: isolated 1-bar active-session gap; does not match weekend, session-break, or holiday patterns; below the empirically observed natural break in the missing-bar distribution (no residual gap observed between 9 and 214 missing bars).",LOW,True
gapf_937686_20230825_0128,2023-08-25 01:28:00,2023-08-25 01:30:00,2023-08-25 01:29:00,2023-08-25 01:29:00,2.0,1,Friday,Friday,01:28,01:30,2023,8,TRAIN,LIKELY_PROVIDER_HISTORY_GAP,LIKELY_PROVIDER_HISTORY_GAP,"Isolated small active-session gap, no recurring pattern.","2023-08-25 01:28:00 -> 2023-08-25 01:30:00: isolated 1-bar active-session gap; does not match weekend, session-break, or holiday patterns; below the empirically observed natural break in the missing-bar distribution (no residual gap observed between 9 and 214 missing bars).",LOW,True
gapf_939034_20230825_2357,2023-08-25 23:57:00,2023-08-28 01:00:00,2023-08-25 23:58:00,2023-08-28 00:59:00,2943.0,2942,Friday,Monday,23:57,01:00,2023,8,TRAIN,EXPECTED_WEEKEND,EXPECTED_WEEKEND,Recurring Friday-to-Monday/Tuesday weekend market closure.,"Friday 23:57 close -> Monday 01:00 reopen, delta=2943min; matches the dataset-wide weekend closure pattern observed on every trading week.",HIGH,False
gapf_940413_20230828_2358,2023-08-28 23:58:00,2023-08-29 01:00:00,2023-08-28 23:59:00,2023-08-29 00:59:00,62.0,61,Monday,Tuesday,23:58,01:00,2023,8,TRAIN,SUSPICIOUS_INTRASESSION,EXPECTED_DAILY_SESSION_BREAK,Recurring nightly broker maintenance/session break.,"2023-08-28 23:58:00 -> 2023-08-29 01:00:00: ~62min nightly pause, standard-time (hour 23->01) variant; this exact close/reopen-hour pair recurs on the vast majority of weeknights across all 6 dataset years, and the hour flips precisely on EU DST transition weekends.",MEDIUM,False
gapf_941792_20230829_2358,2023-08-29 23:58:00,2023-08-30 01:00:00,2023-08-29 23:59:00,2023-08-30 00:59:00,62.0,61,Tuesday,Wednesday,23:58,01:00,2023,8,TRAIN,SUSPICIOUS_INTRASESSION,EXPECTED_DAILY_SESSION_BREAK,Recurring nightly broker maintenance/session break.,"2023-08-29 23:58:00 -> 2023-08-30 01:00:00: ~62min nightly pause, standard-time (hour 23->01) variant; this exact close/reopen-hour pair recurs on the vast majority of weeknights across all 6 dataset years, and the hour flips precisely on EU DST transition weekends.",MEDIUM,False
gapf_941822_20230830_0129,2023-08-30 01:29:00,2023-08-30 01:31:00,2023-08-30 01:30:00,2023-08-30 01:30:00,2.0,1,Wednesday,Wednesday,01:29,01:31,2023,8,TRAIN,LIKELY_PROVIDER_HISTORY_GAP,LIKELY_PROVIDER_HISTORY_GAP,"Isolated small active-session gap, no recurring pattern.","2023-08-30 01:29:00 -> 2023-08-30 01:31:00: isolated 1-bar active-session gap; does not match weekend, session-break, or holiday patterns; below the empirically observed natural break in the missing-bar distribution (no residual gap observed between 9 and 214 missing bars).",LOW,True
gapf_943170_20230830_2358,2023-08-30 23:58:00,2023-08-31 01:00:00,2023-08-30 23:59:00,2023-08-31 00:59:00,62.0,61,Wednesday,Thursday,23:58,01:00,2023,8,TRAIN,SUSPICIOUS_INTRASESSION,EXPECTED_DAILY_SESSION_BREAK,Recurring nightly broker maintenance/session break.,"2023-08-30 23:58:00 -> 2023-08-31 01:00:00: ~62min nightly pause, standard-time (hour 23->01) variant; this exact close/reopen-hour pair recurs on the vast majority of weeknights across all 6 dataset years, and the hour flips precisely on EU DST transition weekends.",MEDIUM,False
gapf_944549_20230831_2358,2023-08-31 23:58:00,2023-09-01 01:00:00,2023-08-31 23:59:00,2023-09-01 00:59:00,62.0,61,Thursday,Friday,23:58,01:00,2023,8,TRAIN,SUSPICIOUS_INTRASESSION,EXPECTED_DAILY_SESSION_BREAK,Recurring nightly broker maintenance/session break.,"2023-08-31 23:58:00 -> 2023-09-01 01:00:00: ~62min nightly pause, standard-time (hour 23->01) variant; this exact close/reopen-hour pair recurs on the vast majority of weeknights across all 6 dataset years, and the hour flips precisely on EU DST transition weekends.",MEDIUM,False
gapf_945927_20230901_2357,2023-09-01 23:57:00,2023-09-04 01:00:00,2023-09-01 23:58:00,2023-09-04 00:59:00,2943.0,2942,Friday,Monday,23:57,01:00,2023,9,TRAIN,EXPECTED_WEEKEND,EXPECTED_WEEKEND,Recurring Friday-to-Monday/Tuesday weekend market closure.,"Friday 23:57 close -> Monday 01:00 reopen, delta=2943min; matches the dataset-wide weekend closure pattern observed on every trading week.",HIGH,False
gapf_947153_20230904_2125,2023-09-04 21:25:00,2023-09-05 01:00:00,2023-09-04 21:26:00,2023-09-05 00:59:00,215.0,214,Monday,Tuesday,21:25,01:00,2023,9,TRAIN,SUSPICIOUS_INTRASESSION,EXPECTED_HOLIDAY_OR_CLOSURE,US federal market holiday early close (LABOR_DAY).,"2023-09-04 21:25:00 matches computed US federal holiday date (LABOR_DAY); early close at 21:25 UTC, reopen 01:00 UTC next day; recurring pattern observed across multiple dataset years.",MEDIUM,False
gapf_948532_20230905_2358,2023-09-05 23:58:00,2023-09-06 01:00:00,2023-09-05 23:59:00,2023-09-06 00:59:00,62.0,61,Tuesday,Wednesday,23:58,01:00,2023,9,TRAIN,SUSPICIOUS_INTRASESSION,EXPECTED_DAILY_SESSION_BREAK,Recurring nightly broker maintenance/session break.,"2023-09-05 23:58:00 -> 2023-09-06 01:00:00: ~62min nightly pause, standard-time (hour 23->01) variant; this exact close/reopen-hour pair recurs on the vast majority of weeknights across all 6 dataset years, and the hour flips precisely on EU DST transition weekends.",MEDIUM,False
gapf_949911_20230906_2358,2023-09-06 23:58:00,2023-09-07 01:00:00,2023-09-06 23:59:00,2023-09-07 00:59:00,62.0,61,Wednesday,Thursday,23:58,01:00,2023,9,TRAIN,SUSPICIOUS_INTRASESSION,EXPECTED_DAILY_SESSION_BREAK,Recurring nightly broker maintenance/session break.,"2023-09-06 23:58:00 -> 2023-09-07 01:00:00: ~62min nightly pause, standard-time (hour 23->01) variant; this exact close/reopen-hour pair recurs on the vast majority of weeknights across all 6 dataset years, and the hour flips precisely on EU DST transition weekends.",MEDIUM,False
gapf_951290_20230907_2358,2023-09-07 23:58:00,2023-09-08 01:00:00,2023-09-07 23:59:00,2023-09-08 00:59:00,62.0,61,Thursday,Friday,23:58,01:00,2023,9,TRAIN,SUSPICIOUS_INTRASESSION,EXPECTED_DAILY_SESSION_BREAK,Recurring nightly broker maintenance/session break.,"2023-09-07 23:58:00 -> 2023-09-08 01:00:00: ~62min nightly pause, standard-time (hour 23->01) variant; this exact close/reopen-hour pair recurs on the vast majority of weeknights across all 6 dataset years, and the hour flips precisely on EU DST transition weekends.",MEDIUM,False
gapf_952668_20230908_2357,2023-09-08 23:57:00,2023-09-11 01:00:00,2023-09-08 23:58:00,2023-09-11 00:59:00,2943.0,2942,Friday,Monday,23:57,01:00,2023,9,TRAIN,EXPECTED_WEEKEND,EXPECTED_WEEKEND,Recurring Friday-to-Monday/Tuesday weekend market closure.,"Friday 23:57 close -> Monday 01:00 reopen, delta=2943min; matches the dataset-wide weekend closure pattern observed on every trading week.",HIGH,False
gapf_954047_20230911_2358,2023-09-11 23:58:00,2023-09-12 01:00:00,2023-09-11 23:59:00,2023-09-12 00:59:00,62.0,61,Monday,Tuesday,23:58,01:00,2023,9,TRAIN,SUSPICIOUS_INTRASESSION,EXPECTED_DAILY_SESSION_BREAK,Recurring nightly broker maintenance/session break.,"2023-09-11 23:58:00 -> 2023-09-12 01:00:00: ~62min nightly pause, standard-time (hour 23->01) variant; this exact close/reopen-hour pair recurs on the vast majority of weeknights across all 6 dataset years, and the hour flips precisely on EU DST transition weekends.",MEDIUM,False
gapf_955426_20230912_2358,2023-09-12 23:58:00,2023-09-13 01:00:00,2023-09-12 23:59:00,2023-09-13 00:59:00,62.0,61,Tuesday,Wednesday,23:58,01:00,2023,9,TRAIN,SUSPICIOUS_INTRASESSION,EXPECTED_DAILY_SESSION_BREAK,Recurring nightly broker maintenance/session break.,"2023-09-12 23:58:00 -> 2023-09-13 01:00:00: ~62min nightly pause, standard-time (hour 23->01) variant; this exact close/reopen-hour pair recurs on the vast majority of weeknights across all 6 dataset years, and the hour flips precisely on EU DST transition weekends.",MEDIUM,False
gapf_955463_20230913_0136,2023-09-13 01:36:00,2023-09-13 01:38:00,2023-09-13 01:37:00,2023-09-13 01:37:00,2.0,1,Wednesday,Wednesday,01:36,01:38,2023,9,TRAIN,LIKELY_PROVIDER_HISTORY_GAP,LIKELY_PROVIDER_HISTORY_GAP,"Isolated small active-session gap, no recurring pattern.","2023-09-13 01:36:00 -> 2023-09-13 01:38:00: isolated 1-bar active-session gap; does not match weekend, session-break, or holiday patterns; below the empirically observed natural break in the missing-bar distribution (no residual gap observed between 9 and 214 missing bars).",LOW,True
gapf_956804_20230913_2358,2023-09-13 23:58:00,2023-09-14 01:00:00,2023-09-13 23:59:00,2023-09-14 00:59:00,62.0,61,Wednesday,Thursday,23:58,01:00,2023,9,TRAIN,SUSPICIOUS_INTRASESSION,EXPECTED_DAILY_SESSION_BREAK,Recurring nightly broker maintenance/session break.,"2023-09-13 23:58:00 -> 2023-09-14 01:00:00: ~62min nightly pause, standard-time (hour 23->01) variant; this exact close/reopen-hour pair recurs on the vast majority of weeknights across all 6 dataset years, and the hour flips precisely on EU DST transition weekends.",MEDIUM,False
gapf_958183_20230914_2358,2023-09-14 23:58:00,2023-09-15 01:00:00,2023-09-14 23:59:00,2023-09-15 00:59:00,62.0,61,Thursday,Friday,23:58,01:00,2023,9,TRAIN,SUSPICIOUS_INTRASESSION,EXPECTED_DAILY_SESSION_BREAK,Recurring nightly broker maintenance/session break.,"2023-09-14 23:58:00 -> 2023-09-15 01:00:00: ~62min nightly pause, standard-time (hour 23->01) variant; this exact close/reopen-hour pair recurs on the vast majority of weeknights across all 6 dataset years, and the hour flips precisely on EU DST transition weekends.",MEDIUM,False
gapf_959561_20230915_2357,2023-09-15 23:57:00,2023-09-18 01:00:00,2023-09-15 23:58:00,2023-09-18 00:59:00,2943.0,2942,Friday,Monday,23:57,01:00,2023,9,TRAIN,EXPECTED_WEEKEND,EXPECTED_WEEKEND,Recurring Friday-to-Monday/Tuesday weekend market closure.,"Friday 23:57 close -> Monday 01:00 reopen, delta=2943min; matches the dataset-wide weekend closure pattern observed on every trading week.",HIGH,False
gapf_960940_20230918_2358,2023-09-18 23:58:00,2023-09-19 01:00:00,2023-09-18 23:59:00,2023-09-19 00:59:00,62.0,61,Monday,Tuesday,23:58,01:00,2023,9,TRAIN,SUSPICIOUS_INTRASESSION,EXPECTED_DAILY_SESSION_BREAK,Recurring nightly broker maintenance/session break.,"2023-09-18 23:58:00 -> 2023-09-19 01:00:00: ~62min nightly pause, standard-time (hour 23->01) variant; this exact close/reopen-hour pair recurs on the vast majority of weeknights across all 6 dataset years, and the hour flips precisely on EU DST transition weekends.",MEDIUM,False
gapf_962319_20230919_2358,2023-09-19 23:58:00,2023-09-20 01:00:00,2023-09-19 23:59:00,2023-09-20 00:59:00,62.0,61,Tuesday,Wednesday,23:58,01:00,2023,9,TRAIN,SUSPICIOUS_INTRASESSION,EXPECTED_DAILY_SESSION_BREAK,Recurring nightly broker maintenance/session break.,"2023-09-19 23:58:00 -> 2023-09-20 01:00:00: ~62min nightly pause, standard-time (hour 23->01) variant; this exact close/reopen-hour pair recurs on the vast majority of weeknights across all 6 dataset years, and the hour flips precisely on EU DST transition weekends.",MEDIUM,False
gapf_963698_20230920_2358,2023-09-20 23:58:00,2023-09-21 01:00:00,2023-09-20 23:59:00,2023-09-21 00:59:00,62.0,61,Wednesday,Thursday,23:58,01:00,2023,9,TRAIN,SUSPICIOUS_INTRASESSION,EXPECTED_DAILY_SESSION_BREAK,Recurring nightly broker maintenance/session break.,"2023-09-20 23:58:00 -> 2023-09-21 01:00:00: ~62min nightly pause, standard-time (hour 23->01) variant; this exact close/reopen-hour pair recurs on the vast majority of weeknights across all 6 dataset years, and the hour flips precisely on EU DST transition weekends.",MEDIUM,False
gapf_965077_20230921_2358,2023-09-21 23:58:00,2023-09-22 01:00:00,2023-09-21 23:59:00,2023-09-22 00:59:00,62.0,61,Thursday,Friday,23:58,01:00,2023,9,TRAIN,SUSPICIOUS_INTRASESSION,EXPECTED_DAILY_SESSION_BREAK,Recurring nightly broker maintenance/session break.,"2023-09-21 23:58:00 -> 2023-09-22 01:00:00: ~62min nightly pause, standard-time (hour 23->01) variant; this exact close/reopen-hour pair recurs on the vast majority of weeknights across all 6 dataset years, and the hour flips precisely on EU DST transition weekends.",MEDIUM,False
gapf_966455_20230922_2357,2023-09-22 23:57:00,2023-09-25 01:00:00,2023-09-22 23:58:00,2023-09-25 00:59:00,2943.0,2942,Friday,Monday,23:57,01:00,2023,9,TRAIN,EXPECTED_WEEKEND,EXPECTED_WEEKEND,Recurring Friday-to-Monday/Tuesday weekend market closure.,"Friday 23:57 close -> Monday 01:00 reopen, delta=2943min; matches the dataset-wide weekend closure pattern observed on every trading week.",HIGH,False
gapf_967834_20230925_2358,2023-09-25 23:58:00,2023-09-26 01:00:00,2023-09-25 23:59:00,2023-09-26 00:59:00,62.0,61,Monday,Tuesday,23:58,01:00,2023,9,TRAIN,SUSPICIOUS_INTRASESSION,EXPECTED_DAILY_SESSION_BREAK,Recurring nightly broker maintenance/session break.,"2023-09-25 23:58:00 -> 2023-09-26 01:00:00: ~62min nightly pause, standard-time (hour 23->01) variant; this exact close/reopen-hour pair recurs on the vast majority of weeknights across all 6 dataset years, and the hour flips precisely on EU DST transition weekends.",MEDIUM,False
gapf_968250_20230926_0755,2023-09-26 07:55:00,2023-09-26 07:57:00,2023-09-26 07:56:00,2023-09-26 07:56:00,2.0,1,Tuesday,Tuesday,07:55,07:57,2023,9,TRAIN,LIKELY_PROVIDER_HISTORY_GAP,LIKELY_PROVIDER_HISTORY_GAP,"Isolated small active-session gap, no recurring pattern.","2023-09-26 07:55:00 -> 2023-09-26 07:57:00: isolated 1-bar active-session gap; does not match weekend, session-break, or holiday patterns; below the empirically observed natural break in the missing-bar distribution (no residual gap observed between 9 and 214 missing bars).",LOW,True
gapf_968715_20230926_1541,2023-09-26 15:41:00,2023-09-26 15:48:00,2023-09-26 15:42:00,2023-09-26 15:47:00,7.0,6,Tuesday,Tuesday,15:41,15:48,2023,9,TRAIN,LIKELY_PROVIDER_HISTORY_GAP,LIKELY_PROVIDER_HISTORY_GAP,"Isolated small active-session gap, no recurring pattern.","2023-09-26 15:41:00 -> 2023-09-26 15:48:00: isolated 6-bar active-session gap; does not match weekend, session-break, or holiday patterns; below the empirically observed natural break in the missing-bar distribution (no residual gap observed between 9 and 214 missing bars).",LOW,True
gapf_969206_20230926_2358,2023-09-26 23:58:00,2023-09-27 01:00:00,2023-09-26 23:59:00,2023-09-27 00:59:00,62.0,61,Tuesday,Wednesday,23:58,01:00,2023,9,TRAIN,SUSPICIOUS_INTRASESSION,EXPECTED_DAILY_SESSION_BREAK,Recurring nightly broker maintenance/session break.,"2023-09-26 23:58:00 -> 2023-09-27 01:00:00: ~62min nightly pause, standard-time (hour 23->01) variant; this exact close/reopen-hour pair recurs on the vast majority of weeknights across all 6 dataset years, and the hour flips precisely on EU DST transition weekends.",MEDIUM,False
gapf_970585_20230927_2358,2023-09-27 23:58:00,2023-09-28 01:00:00,2023-09-27 23:59:00,2023-09-28 00:59:00,62.0,61,Wednesday,Thursday,23:58,01:00,2023,9,TRAIN,SUSPICIOUS_INTRASESSION,EXPECTED_DAILY_SESSION_BREAK,Recurring nightly broker maintenance/session break.,"2023-09-27 23:58:00 -> 2023-09-28 01:00:00: ~62min nightly pause, standard-time (hour 23->01) variant; this exact close/reopen-hour pair recurs on the vast majority of weeknights across all 6 dataset years, and the hour flips precisely on EU DST transition weekends.",MEDIUM,False
gapf_971964_20230928_2358,2023-09-28 23:58:00,2023-09-29 01:00:00,2023-09-28 23:59:00,2023-09-29 00:59:00,62.0,61,Thursday,Friday,23:58,01:00,2023,9,TRAIN,SUSPICIOUS_INTRASESSION,EXPECTED_DAILY_SESSION_BREAK,Recurring nightly broker maintenance/session break.,"2023-09-28 23:58:00 -> 2023-09-29 01:00:00: ~62min nightly pause, standard-time (hour 23->01) variant; this exact close/reopen-hour pair recurs on the vast majority of weeknights across all 6 dataset years, and the hour flips precisely on EU DST transition weekends.",MEDIUM,False
gapf_973342_20230929_2357,2023-09-29 23:57:00,2023-10-02 01:00:00,2023-09-29 23:58:00,2023-10-02 00:59:00,2943.0,2942,Friday,Monday,23:57,01:00,2023,9,TRAIN,EXPECTED_WEEKEND,EXPECTED_WEEKEND,Recurring Friday-to-Monday/Tuesday weekend market closure.,"Friday 23:57 close -> Monday 01:00 reopen, delta=2943min; matches the dataset-wide weekend closure pattern observed on every trading week.",HIGH,False
gapf_974721_20231002_2358,2023-10-02 23:58:00,2023-10-03 01:00:00,2023-10-02 23:59:00,2023-10-03 00:59:00,62.0,61,Monday,Tuesday,23:58,01:00,2023,10,TRAIN,SUSPICIOUS_INTRASESSION,EXPECTED_DAILY_SESSION_BREAK,Recurring nightly broker maintenance/session break.,"2023-10-02 23:58:00 -> 2023-10-03 01:00:00: ~62min nightly pause, standard-time (hour 23->01) variant; this exact close/reopen-hour pair recurs on the vast majority of weeknights across all 6 dataset years, and the hour flips precisely on EU DST transition weekends.",MEDIUM,False
gapf_976100_20231003_2358,2023-10-03 23:58:00,2023-10-04 01:00:00,2023-10-03 23:59:00,2023-10-04 00:59:00,62.0,61,Tuesday,Wednesday,23:58,01:00,2023,10,TRAIN,SUSPICIOUS_INTRASESSION,EXPECTED_DAILY_SESSION_BREAK,Recurring nightly broker maintenance/session break.,"2023-10-03 23:58:00 -> 2023-10-04 01:00:00: ~62min nightly pause, standard-time (hour 23->01) variant; this exact close/reopen-hour pair recurs on the vast majority of weeknights across all 6 dataset years, and the hour flips precisely on EU DST transition weekends.",MEDIUM,False
gapf_977479_20231004_2358,2023-10-04 23:58:00,2023-10-05 01:00:00,2023-10-04 23:59:00,2023-10-05 00:59:00,62.0,61,Wednesday,Thursday,23:58,01:00,2023,10,TRAIN,SUSPICIOUS_INTRASESSION,EXPECTED_DAILY_SESSION_BREAK,Recurring nightly broker maintenance/session break.,"2023-10-04 23:58:00 -> 2023-10-05 01:00:00: ~62min nightly pause, standard-time (hour 23->01) variant; this exact close/reopen-hour pair recurs on the vast majority of weeknights across all 6 dataset years, and the hour flips precisely on EU DST transition weekends.",MEDIUM,False
gapf_978858_20231005_2358,2023-10-05 23:58:00,2023-10-06 01:00:00,2023-10-05 23:59:00,2023-10-06 00:59:00,62.0,61,Thursday,Friday,23:58,01:00,2023,10,TRAIN,SUSPICIOUS_INTRASESSION,EXPECTED_DAILY_SESSION_BREAK,Recurring nightly broker maintenance/session break.,"2023-10-05 23:58:00 -> 2023-10-06 01:00:00: ~62min nightly pause, standard-time (hour 23->01) variant; this exact close/reopen-hour pair recurs on the vast majority of weeknights across all 6 dataset years, and the hour flips precisely on EU DST transition weekends.",MEDIUM,False
gapf_980236_20231006_2357,2023-10-06 23:57:00,2023-10-09 01:00:00,2023-10-06 23:58:00,2023-10-09 00:59:00,2943.0,2942,Friday,Monday,23:57,01:00,2023,10,TRAIN,EXPECTED_WEEKEND,EXPECTED_WEEKEND,Recurring Friday-to-Monday/Tuesday weekend market closure.,"Friday 23:57 close -> Monday 01:00 reopen, delta=2943min; matches the dataset-wide weekend closure pattern observed on every trading week.",HIGH,False
gapf_981615_20231009_2358,2023-10-09 23:58:00,2023-10-10 01:00:00,2023-10-09 23:59:00,2023-10-10 00:59:00,62.0,61,Monday,Tuesday,23:58,01:00,2023,10,TRAIN,SUSPICIOUS_INTRASESSION,EXPECTED_DAILY_SESSION_BREAK,Recurring nightly broker maintenance/session break.,"2023-10-09 23:58:00 -> 2023-10-10 01:00:00: ~62min nightly pause, standard-time (hour 23->01) variant; this exact close/reopen-hour pair recurs on the vast majority of weeknights across all 6 dataset years, and the hour flips precisely on EU DST transition weekends.",MEDIUM,False
gapf_982994_20231010_2358,2023-10-10 23:58:00,2023-10-11 01:00:00,2023-10-10 23:59:00,2023-10-11 00:59:00,62.0,61,Tuesday,Wednesday,23:58,01:00,2023,10,TRAIN,SUSPICIOUS_INTRASESSION,EXPECTED_DAILY_SESSION_BREAK,Recurring nightly broker maintenance/session break.,"2023-10-10 23:58:00 -> 2023-10-11 01:00:00: ~62min nightly pause, standard-time (hour 23->01) variant; this exact close/reopen-hour pair recurs on the vast majority of weeknights across all 6 dataset years, and the hour flips precisely on EU DST transition weekends.",MEDIUM,False
gapf_984373_20231011_2358,2023-10-11 23:58:00,2023-10-12 01:00:00,2023-10-11 23:59:00,2023-10-12 00:59:00,62.0,61,Wednesday,Thursday,23:58,01:00,2023,10,TRAIN,SUSPICIOUS_INTRASESSION,EXPECTED_DAILY_SESSION_BREAK,Recurring nightly broker maintenance/session break.,"2023-10-11 23:58:00 -> 2023-10-12 01:00:00: ~62min nightly pause, standard-time (hour 23->01) variant; this exact close/reopen-hour pair recurs on the vast majority of weeknights across all 6 dataset years, and the hour flips precisely on EU DST transition weekends.",MEDIUM,False
gapf_985752_20231012_2358,2023-10-12 23:58:00,2023-10-13 01:00:00,2023-10-12 23:59:00,2023-10-13 00:59:00,62.0,61,Thursday,Friday,23:58,01:00,2023,10,TRAIN,SUSPICIOUS_INTRASESSION,EXPECTED_DAILY_SESSION_BREAK,Recurring nightly broker maintenance/session break.,"2023-10-12 23:58:00 -> 2023-10-13 01:00:00: ~62min nightly pause, standard-time (hour 23->01) variant; this exact close/reopen-hour pair recurs on the vast majority of weeknights across all 6 dataset years, and the hour flips precisely on EU DST transition weekends.",MEDIUM,False
gapf_987130_20231013_2357,2023-10-13 23:57:00,2023-10-16 01:00:00,2023-10-13 23:58:00,2023-10-16 00:59:00,2943.0,2942,Friday,Monday,23:57,01:00,2023,10,TRAIN,EXPECTED_WEEKEND,EXPECTED_WEEKEND,Recurring Friday-to-Monday/Tuesday weekend market closure.,"Friday 23:57 close -> Monday 01:00 reopen, delta=2943min; matches the dataset-wide weekend closure pattern observed on every trading week.",HIGH,False
gapf_988509_20231016_2358,2023-10-16 23:58:00,2023-10-17 01:00:00,2023-10-16 23:59:00,2023-10-17 00:59:00,62.0,61,Monday,Tuesday,23:58,01:00,2023,10,TRAIN,SUSPICIOUS_INTRASESSION,EXPECTED_DAILY_SESSION_BREAK,Recurring nightly broker maintenance/session break.,"2023-10-16 23:58:00 -> 2023-10-17 01:00:00: ~62min nightly pause, standard-time (hour 23->01) variant; this exact close/reopen-hour pair recurs on the vast majority of weeknights across all 6 dataset years, and the hour flips precisely on EU DST transition weekends.",MEDIUM,False
gapf_989888_20231017_2358,2023-10-17 23:58:00,2023-10-18 01:00:00,2023-10-17 23:59:00,2023-10-18 00:59:00,62.0,61,Tuesday,Wednesday,23:58,01:00,2023,10,TRAIN,SUSPICIOUS_INTRASESSION,EXPECTED_DAILY_SESSION_BREAK,Recurring nightly broker maintenance/session break.,"2023-10-17 23:58:00 -> 2023-10-18 01:00:00: ~62min nightly pause, standard-time (hour 23->01) variant; this exact close/reopen-hour pair recurs on the vast majority of weeknights across all 6 dataset years, and the hour flips precisely on EU DST transition weekends.",MEDIUM,False
gapf_991267_20231018_2358,2023-10-18 23:58:00,2023-10-19 01:00:00,2023-10-18 23:59:00,2023-10-19 00:59:00,62.0,61,Wednesday,Thursday,23:58,01:00,2023,10,TRAIN,SUSPICIOUS_INTRASESSION,EXPECTED_DAILY_SESSION_BREAK,Recurring nightly broker maintenance/session break.,"2023-10-18 23:58:00 -> 2023-10-19 01:00:00: ~62min nightly pause, standard-time (hour 23->01) variant; this exact close/reopen-hour pair recurs on the vast majority of weeknights across all 6 dataset years, and the hour flips precisely on EU DST transition weekends.",MEDIUM,False
gapf_992646_20231019_2358,2023-10-19 23:58:00,2023-10-20 01:00:00,2023-10-19 23:59:00,2023-10-20 00:59:00,62.0,61,Thursday,Friday,23:58,01:00,2023,10,TRAIN,SUSPICIOUS_INTRASESSION,EXPECTED_DAILY_SESSION_BREAK,Recurring nightly broker maintenance/session break.,"2023-10-19 23:58:00 -> 2023-10-20 01:00:00: ~62min nightly pause, standard-time (hour 23->01) variant; this exact close/reopen-hour pair recurs on the vast majority of weeknights across all 6 dataset years, and the hour flips precisely on EU DST transition weekends.",MEDIUM,False
gapf_994024_20231020_2357,2023-10-20 23:57:00,2023-10-23 01:00:00,2023-10-20 23:58:00,2023-10-23 00:59:00,2943.0,2942,Friday,Monday,23:57,01:00,2023,10,TRAIN,EXPECTED_WEEKEND,EXPECTED_WEEKEND,Recurring Friday-to-Monday/Tuesday weekend market closure.,"Friday 23:57 close -> Monday 01:00 reopen, delta=2943min; matches the dataset-wide weekend closure pattern observed on every trading week.",HIGH,False
gapf_995403_20231023_2358,2023-10-23 23:58:00,2023-10-24 01:00:00,2023-10-23 23:59:00,2023-10-24 00:59:00,62.0,61,Monday,Tuesday,23:58,01:00,2023,10,TRAIN,SUSPICIOUS_INTRASESSION,EXPECTED_DAILY_SESSION_BREAK,Recurring nightly broker maintenance/session break.,"2023-10-23 23:58:00 -> 2023-10-24 01:00:00: ~62min nightly pause, standard-time (hour 23->01) variant; this exact close/reopen-hour pair recurs on the vast majority of weeknights across all 6 dataset years, and the hour flips precisely on EU DST transition weekends.",MEDIUM,False
gapf_996782_20231024_2358,2023-10-24 23:58:00,2023-10-25 01:00:00,2023-10-24 23:59:00,2023-10-25 00:59:00,62.0,61,Tuesday,Wednesday,23:58,01:00,2023,10,TRAIN,SUSPICIOUS_INTRASESSION,EXPECTED_DAILY_SESSION_BREAK,Recurring nightly broker maintenance/session break.,"2023-10-24 23:58:00 -> 2023-10-25 01:00:00: ~62min nightly pause, standard-time (hour 23->01) variant; this exact close/reopen-hour pair recurs on the vast majority of weeknights across all 6 dataset years, and the hour flips precisely on EU DST transition weekends.",MEDIUM,False
gapf_996815_20231025_0132,2023-10-25 01:32:00,2023-10-25 01:34:00,2023-10-25 01:33:00,2023-10-25 01:33:00,2.0,1,Wednesday,Wednesday,01:32,01:34,2023,10,TRAIN,LIKELY_PROVIDER_HISTORY_GAP,LIKELY_PROVIDER_HISTORY_GAP,"Isolated small active-session gap, no recurring pattern.","2023-10-25 01:32:00 -> 2023-10-25 01:34:00: isolated 1-bar active-session gap; does not match weekend, session-break, or holiday patterns; below the empirically observed natural break in the missing-bar distribution (no residual gap observed between 9 and 214 missing bars).",LOW,True
gapf_998160_20231025_2358,2023-10-25 23:58:00,2023-10-26 01:00:00,2023-10-25 23:59:00,2023-10-26 00:59:00,62.0,61,Wednesday,Thursday,23:58,01:00,2023,10,TRAIN,SUSPICIOUS_INTRASESSION,EXPECTED_DAILY_SESSION_BREAK,Recurring nightly broker maintenance/session break.,"2023-10-25 23:58:00 -> 2023-10-26 01:00:00: ~62min nightly pause, standard-time (hour 23->01) variant; this exact close/reopen-hour pair recurs on the vast majority of weeknights across all 6 dataset years, and the hour flips precisely on EU DST transition weekends.",MEDIUM,False
gapf_999539_20231026_2358,2023-10-26 23:58:00,2023-10-27 01:00:00,2023-10-26 23:59:00,2023-10-27 00:59:00,62.0,61,Thursday,Friday,23:58,01:00,2023,10,TRAIN,SUSPICIOUS_INTRASESSION,EXPECTED_DAILY_SESSION_BREAK,Recurring nightly broker maintenance/session break.,"2023-10-26 23:58:00 -> 2023-10-27 01:00:00: ~62min nightly pause, standard-time (hour 23->01) variant; this exact close/reopen-hour pair recurs on the vast majority of weeknights across all 6 dataset years, and the hour flips precisely on EU DST transition weekends.",MEDIUM,False
gapf_1000917_20231027_2357,2023-10-27 23:57:00,2023-10-30 00:00:00,2023-10-27 23:58:00,2023-10-29 23:59:00,2883.0,2882,Friday,Monday,23:57,00:00,2023,10,TRAIN,EXPECTED_WEEKEND,EXPECTED_WEEKEND,Recurring Friday-to-Monday/Tuesday weekend market closure.,"Friday 23:57 close -> Monday 00:00 reopen, delta=2883min; matches the dataset-wide weekend closure pattern observed on every trading week.",HIGH,False
gapf_1002296_20231030_2258,2023-10-30 22:58:00,2023-10-31 00:00:00,2023-10-30 22:59:00,2023-10-30 23:59:00,62.0,61,Monday,Tuesday,22:58,00:00,2023,10,TRAIN,EXPECTED_DAILY_SESSION_BREAK,EXPECTED_DAILY_SESSION_BREAK,Recurring nightly broker maintenance/session break.,"2023-10-30 22:58:00 -> 2023-10-31 00:00:00: ~62min nightly pause, EU-DST-shifted (hour 22->00) variant; this exact close/reopen-hour pair recurs on the vast majority of weeknights across all 6 dataset years, and the hour flips precisely on EU DST transition weekends.",MEDIUM,False
gapf_1003675_20231031_2258,2023-10-31 22:58:00,2023-11-01 00:00:00,2023-10-31 22:59:00,2023-10-31 23:59:00,62.0,61,Tuesday,Wednesday,22:58,00:00,2023,10,TRAIN,EXPECTED_DAILY_SESSION_BREAK,EXPECTED_DAILY_SESSION_BREAK,Recurring nightly broker maintenance/session break.,"2023-10-31 22:58:00 -> 2023-11-01 00:00:00: ~62min nightly pause, EU-DST-shifted (hour 22->00) variant; this exact close/reopen-hour pair recurs on the vast majority of weeknights across all 6 dataset years, and the hour flips precisely on EU DST transition weekends.",MEDIUM,False
gapf_1005054_20231101_2258,2023-11-01 22:58:00,2023-11-02 00:00:00,2023-11-01 22:59:00,2023-11-01 23:59:00,62.0,61,Wednesday,Thursday,22:58,00:00,2023,11,DEVELOPMENT,EXPECTED_DAILY_SESSION_BREAK,EXPECTED_DAILY_SESSION_BREAK,Recurring nightly broker maintenance/session break.,"2023-11-01 22:58:00 -> 2023-11-02 00:00:00: ~62min nightly pause, EU-DST-shifted (hour 22->00) variant; this exact close/reopen-hour pair recurs on the vast majority of weeknights across all 6 dataset years, and the hour flips precisely on EU DST transition weekends.",MEDIUM,False
gapf_1006433_20231102_2258,2023-11-02 22:58:00,2023-11-03 00:00:00,2023-11-02 22:59:00,2023-11-02 23:59:00,62.0,61,Thursday,Friday,22:58,00:00,2023,11,DEVELOPMENT,EXPECTED_DAILY_SESSION_BREAK,EXPECTED_DAILY_SESSION_BREAK,Recurring nightly broker maintenance/session break.,"2023-11-02 22:58:00 -> 2023-11-03 00:00:00: ~62min nightly pause, EU-DST-shifted (hour 22->00) variant; this exact close/reopen-hour pair recurs on the vast majority of weeknights across all 6 dataset years, and the hour flips precisely on EU DST transition weekends.",MEDIUM,False
gapf_1007811_20231103_2257,2023-11-03 22:57:00,2023-11-06 01:00:00,2023-11-03 22:58:00,2023-11-06 00:59:00,3003.0,3002,Friday,Monday,22:57,01:00,2023,11,DEVELOPMENT,EXPECTED_WEEKEND,EXPECTED_WEEKEND,Recurring Friday-to-Monday/Tuesday weekend market closure.,"Friday 22:57 close -> Monday 01:00 reopen, delta=3003min; matches the dataset-wide weekend closure pattern observed on every trading week.",HIGH,False
gapf_1009190_20231106_2358,2023-11-06 23:58:00,2023-11-07 01:00:00,2023-11-06 23:59:00,2023-11-07 00:59:00,62.0,61,Monday,Tuesday,23:58,01:00,2023,11,DEVELOPMENT,SUSPICIOUS_INTRASESSION,EXPECTED_DAILY_SESSION_BREAK,Recurring nightly broker maintenance/session break.,"2023-11-06 23:58:00 -> 2023-11-07 01:00:00: ~62min nightly pause, standard-time (hour 23->01) variant; this exact close/reopen-hour pair recurs on the vast majority of weeknights across all 6 dataset years, and the hour flips precisely on EU DST transition weekends.",MEDIUM,False
gapf_1010569_20231107_2358,2023-11-07 23:58:00,2023-11-08 01:00:00,2023-11-07 23:59:00,2023-11-08 00:59:00,62.0,61,Tuesday,Wednesday,23:58,01:00,2023,11,DEVELOPMENT,SUSPICIOUS_INTRASESSION,EXPECTED_DAILY_SESSION_BREAK,Recurring nightly broker maintenance/session break.,"2023-11-07 23:58:00 -> 2023-11-08 01:00:00: ~62min nightly pause, standard-time (hour 23->01) variant; this exact close/reopen-hour pair recurs on the vast majority of weeknights across all 6 dataset years, and the hour flips precisely on EU DST transition weekends.",MEDIUM,False
gapf_1011948_20231108_2358,2023-11-08 23:58:00,2023-11-09 01:00:00,2023-11-08 23:59:00,2023-11-09 00:59:00,62.0,61,Wednesday,Thursday,23:58,01:00,2023,11,DEVELOPMENT,SUSPICIOUS_INTRASESSION,EXPECTED_DAILY_SESSION_BREAK,Recurring nightly broker maintenance/session break.,"2023-11-08 23:58:00 -> 2023-11-09 01:00:00: ~62min nightly pause, standard-time (hour 23->01) variant; this exact close/reopen-hour pair recurs on the vast majority of weeknights across all 6 dataset years, and the hour flips precisely on EU DST transition weekends.",MEDIUM,False
gapf_1013327_20231109_2358,2023-11-09 23:58:00,2023-11-10 01:00:00,2023-11-09 23:59:00,2023-11-10 00:59:00,62.0,61,Thursday,Friday,23:58,01:00,2023,11,DEVELOPMENT,SUSPICIOUS_INTRASESSION,EXPECTED_DAILY_SESSION_BREAK,Recurring nightly broker maintenance/session break.,"2023-11-09 23:58:00 -> 2023-11-10 01:00:00: ~62min nightly pause, standard-time (hour 23->01) variant; this exact close/reopen-hour pair recurs on the vast majority of weeknights across all 6 dataset years, and the hour flips precisely on EU DST transition weekends.",MEDIUM,False
gapf_1014705_20231110_2357,2023-11-10 23:57:00,2023-11-13 01:00:00,2023-11-10 23:58:00,2023-11-13 00:59:00,2943.0,2942,Friday,Monday,23:57,01:00,2023,11,DEVELOPMENT,EXPECTED_WEEKEND,EXPECTED_WEEKEND,Recurring Friday-to-Monday/Tuesday weekend market closure.,"Friday 23:57 close -> Monday 01:00 reopen, delta=2943min; matches the dataset-wide weekend closure pattern observed on every trading week.",HIGH,False
gapf_1016084_20231113_2358,2023-11-13 23:58:00,2023-11-14 01:00:00,2023-11-13 23:59:00,2023-11-14 00:59:00,62.0,61,Monday,Tuesday,23:58,01:00,2023,11,DEVELOPMENT,SUSPICIOUS_INTRASESSION,EXPECTED_DAILY_SESSION_BREAK,Recurring nightly broker maintenance/session break.,"2023-11-13 23:58:00 -> 2023-11-14 01:00:00: ~62min nightly pause, standard-time (hour 23->01) variant; this exact close/reopen-hour pair recurs on the vast majority of weeknights across all 6 dataset years, and the hour flips precisely on EU DST transition weekends.",MEDIUM,False
gapf_1017463_20231114_2358,2023-11-14 23:58:00,2023-11-15 01:00:00,2023-11-14 23:59:00,2023-11-15 00:59:00,62.0,61,Tuesday,Wednesday,23:58,01:00,2023,11,DEVELOPMENT,SUSPICIOUS_INTRASESSION,EXPECTED_DAILY_SESSION_BREAK,Recurring nightly broker maintenance/session break.,"2023-11-14 23:58:00 -> 2023-11-15 01:00:00: ~62min nightly pause, standard-time (hour 23->01) variant; this exact close/reopen-hour pair recurs on the vast majority of weeknights across all 6 dataset years, and the hour flips precisely on EU DST transition weekends.",MEDIUM,False
gapf_1018842_20231115_2358,2023-11-15 23:58:00,2023-11-16 01:00:00,2023-11-15 23:59:00,2023-11-16 00:59:00,62.0,61,Wednesday,Thursday,23:58,01:00,2023,11,DEVELOPMENT,SUSPICIOUS_INTRASESSION,EXPECTED_DAILY_SESSION_BREAK,Recurring nightly broker maintenance/session break.,"2023-11-15 23:58:00 -> 2023-11-16 01:00:00: ~62min nightly pause, standard-time (hour 23->01) variant; this exact close/reopen-hour pair recurs on the vast majority of weeknights across all 6 dataset years, and the hour flips precisely on EU DST transition weekends.",MEDIUM,False
gapf_1020221_20231116_2358,2023-11-16 23:58:00,2023-11-17 01:00:00,2023-11-16 23:59:00,2023-11-17 00:59:00,62.0,61,Thursday,Friday,23:58,01:00,2023,11,DEVELOPMENT,SUSPICIOUS_INTRASESSION,EXPECTED_DAILY_SESSION_BREAK,Recurring nightly broker maintenance/session break.,"2023-11-16 23:58:00 -> 2023-11-17 01:00:00: ~62min nightly pause, standard-time (hour 23->01) variant; this exact close/reopen-hour pair recurs on the vast majority of weeknights across all 6 dataset years, and the hour flips precisely on EU DST transition weekends.",MEDIUM,False
gapf_1021599_20231117_2357,2023-11-17 23:57:00,2023-11-20 01:00:00,2023-11-17 23:58:00,2023-11-20 00:59:00,2943.0,2942,Friday,Monday,23:57,01:00,2023,11,DEVELOPMENT,EXPECTED_WEEKEND,EXPECTED_WEEKEND,Recurring Friday-to-Monday/Tuesday weekend market closure.,"Friday 23:57 close -> Monday 01:00 reopen, delta=2943min; matches the dataset-wide weekend closure pattern observed on every trading week.",HIGH,False
gapf_1022978_20231120_2358,2023-11-20 23:58:00,2023-11-21 01:00:00,2023-11-20 23:59:00,2023-11-21 00:59:00,62.0,61,Monday,Tuesday,23:58,01:00,2023,11,DEVELOPMENT,SUSPICIOUS_INTRASESSION,EXPECTED_DAILY_SESSION_BREAK,Recurring nightly broker maintenance/session break.,"2023-11-20 23:58:00 -> 2023-11-21 01:00:00: ~62min nightly pause, standard-time (hour 23->01) variant; this exact close/reopen-hour pair recurs on the vast majority of weeknights across all 6 dataset years, and the hour flips precisely on EU DST transition weekends.",MEDIUM,False
gapf_1024357_20231121_2358,2023-11-21 23:58:00,2023-11-22 01:00:00,2023-11-21 23:59:00,2023-11-22 00:59:00,62.0,61,Tuesday,Wednesday,23:58,01:00,2023,11,DEVELOPMENT,SUSPICIOUS_INTRASESSION,EXPECTED_DAILY_SESSION_BREAK,Recurring nightly broker maintenance/session break.,"2023-11-21 23:58:00 -> 2023-11-22 01:00:00: ~62min nightly pause, standard-time (hour 23->01) variant; this exact close/reopen-hour pair recurs on the vast majority of weeknights across all 6 dataset years, and the hour flips precisely on EU DST transition weekends.",MEDIUM,False
gapf_1025736_20231122_2358,2023-11-22 23:58:00,2023-11-23 01:00:00,2023-11-22 23:59:00,2023-11-23 00:59:00,62.0,61,Wednesday,Thursday,23:58,01:00,2023,11,DEVELOPMENT,SUSPICIOUS_INTRASESSION,EXPECTED_DAILY_SESSION_BREAK,Recurring nightly broker maintenance/session break.,"2023-11-22 23:58:00 -> 2023-11-23 01:00:00: ~62min nightly pause, standard-time (hour 23->01) variant; this exact close/reopen-hour pair recurs on the vast majority of weeknights across all 6 dataset years, and the hour flips precisely on EU DST transition weekends.",MEDIUM,False
gapf_1026962_20231123_2125,2023-11-23 21:25:00,2023-11-24 01:00:00,2023-11-23 21:26:00,2023-11-24 00:59:00,215.0,214,Thursday,Friday,21:25,01:00,2023,11,DEVELOPMENT,SUSPICIOUS_INTRASESSION,EXPECTED_HOLIDAY_OR_CLOSURE,US federal market holiday early close (THANKSGIVING).,"2023-11-23 21:25:00 matches computed US federal holiday date (THANKSGIVING); early close at 21:25 UTC, reopen 01:00 UTC next day; recurring pattern observed across multiple dataset years.",MEDIUM,False
gapf_1028143_20231124_2040,2023-11-24 20:40:00,2023-11-27 01:00:00,2023-11-24 20:41:00,2023-11-27 00:59:00,3140.0,3139,Friday,Monday,20:40,01:00,2023,11,DEVELOPMENT,EXPECTED_WEEKEND,EXPECTED_WEEKEND,Recurring Friday-to-Monday/Tuesday weekend market closure.,"Friday 20:40 close -> Monday 01:00 reopen, delta=3140min; matches the dataset-wide weekend closure pattern observed on every trading week.",HIGH,False
gapf_1029522_20231127_2358,2023-11-27 23:58:00,2023-11-28 01:00:00,2023-11-27 23:59:00,2023-11-28 00:59:00,62.0,61,Monday,Tuesday,23:58,01:00,2023,11,DEVELOPMENT,SUSPICIOUS_INTRASESSION,EXPECTED_DAILY_SESSION_BREAK,Recurring nightly broker maintenance/session break.,"2023-11-27 23:58:00 -> 2023-11-28 01:00:00: ~62min nightly pause, standard-time (hour 23->01) variant; this exact close/reopen-hour pair recurs on the vast majority of weeknights across all 6 dataset years, and the hour flips precisely on EU DST transition weekends.",MEDIUM,False
gapf_1030901_20231128_2358,2023-11-28 23:58:00,2023-11-29 01:00:00,2023-11-28 23:59:00,2023-11-29 00:59:00,62.0,61,Tuesday,Wednesday,23:58,01:00,2023,11,DEVELOPMENT,SUSPICIOUS_INTRASESSION,EXPECTED_DAILY_SESSION_BREAK,Recurring nightly broker maintenance/session break.,"2023-11-28 23:58:00 -> 2023-11-29 01:00:00: ~62min nightly pause, standard-time (hour 23->01) variant; this exact close/reopen-hour pair recurs on the vast majority of weeknights across all 6 dataset years, and the hour flips precisely on EU DST transition weekends.",MEDIUM,False
gapf_1032280_20231129_2358,2023-11-29 23:58:00,2023-11-30 01:00:00,2023-11-29 23:59:00,2023-11-30 00:59:00,62.0,61,Wednesday,Thursday,23:58,01:00,2023,11,DEVELOPMENT,SUSPICIOUS_INTRASESSION,EXPECTED_DAILY_SESSION_BREAK,Recurring nightly broker maintenance/session break.,"2023-11-29 23:58:00 -> 2023-11-30 01:00:00: ~62min nightly pause, standard-time (hour 23->01) variant; this exact close/reopen-hour pair recurs on the vast majority of weeknights across all 6 dataset years, and the hour flips precisely on EU DST transition weekends.",MEDIUM,False
gapf_1033659_20231130_2358,2023-11-30 23:58:00,2023-12-01 01:00:00,2023-11-30 23:59:00,2023-12-01 00:59:00,62.0,61,Thursday,Friday,23:58,01:00,2023,11,DEVELOPMENT,SUSPICIOUS_INTRASESSION,EXPECTED_DAILY_SESSION_BREAK,Recurring nightly broker maintenance/session break.,"2023-11-30 23:58:00 -> 2023-12-01 01:00:00: ~62min nightly pause, standard-time (hour 23->01) variant; this exact close/reopen-hour pair recurs on the vast majority of weeknights across all 6 dataset years, and the hour flips precisely on EU DST transition weekends.",MEDIUM,False
gapf_1035037_20231201_2357,2023-12-01 23:57:00,2023-12-04 01:00:00,2023-12-01 23:58:00,2023-12-04 00:59:00,2943.0,2942,Friday,Monday,23:57,01:00,2023,12,DEVELOPMENT,EXPECTED_WEEKEND,EXPECTED_WEEKEND,Recurring Friday-to-Monday/Tuesday weekend market closure.,"Friday 23:57 close -> Monday 01:00 reopen, delta=2943min; matches the dataset-wide weekend closure pattern observed on every trading week.",HIGH,False
gapf_1036416_20231204_2358,2023-12-04 23:58:00,2023-12-05 01:00:00,2023-12-04 23:59:00,2023-12-05 00:59:00,62.0,61,Monday,Tuesday,23:58,01:00,2023,12,DEVELOPMENT,SUSPICIOUS_INTRASESSION,EXPECTED_DAILY_SESSION_BREAK,Recurring nightly broker maintenance/session break.,"2023-12-04 23:58:00 -> 2023-12-05 01:00:00: ~62min nightly pause, standard-time (hour 23->01) variant; this exact close/reopen-hour pair recurs on the vast majority of weeknights across all 6 dataset years, and the hour flips precisely on EU DST transition weekends.",MEDIUM,False
gapf_1037795_20231205_2358,2023-12-05 23:58:00,2023-12-06 01:00:00,2023-12-05 23:59:00,2023-12-06 00:59:00,62.0,61,Tuesday,Wednesday,23:58,01:00,2023,12,DEVELOPMENT,SUSPICIOUS_INTRASESSION,EXPECTED_DAILY_SESSION_BREAK,Recurring nightly broker maintenance/session break.,"2023-12-05 23:58:00 -> 2023-12-06 01:00:00: ~62min nightly pause, standard-time (hour 23->01) variant; this exact close/reopen-hour pair recurs on the vast majority of weeknights across all 6 dataset years, and the hour flips precisely on EU DST transition weekends.",MEDIUM,False
gapf_1039174_20231206_2358,2023-12-06 23:58:00,2023-12-07 01:00:00,2023-12-06 23:59:00,2023-12-07 00:59:00,62.0,61,Wednesday,Thursday,23:58,01:00,2023,12,DEVELOPMENT,SUSPICIOUS_INTRASESSION,EXPECTED_DAILY_SESSION_BREAK,Recurring nightly broker maintenance/session break.,"2023-12-06 23:58:00 -> 2023-12-07 01:00:00: ~62min nightly pause, standard-time (hour 23->01) variant; this exact close/reopen-hour pair recurs on the vast majority of weeknights across all 6 dataset years, and the hour flips precisely on EU DST transition weekends.",MEDIUM,False
gapf_1040553_20231207_2358,2023-12-07 23:58:00,2023-12-08 01:00:00,2023-12-07 23:59:00,2023-12-08 00:59:00,62.0,61,Thursday,Friday,23:58,01:00,2023,12,DEVELOPMENT,SUSPICIOUS_INTRASESSION,EXPECTED_DAILY_SESSION_BREAK,Recurring nightly broker maintenance/session break.,"2023-12-07 23:58:00 -> 2023-12-08 01:00:00: ~62min nightly pause, standard-time (hour 23->01) variant; this exact close/reopen-hour pair recurs on the vast majority of weeknights across all 6 dataset years, and the hour flips precisely on EU DST transition weekends.",MEDIUM,False
gapf_1041931_20231208_2357,2023-12-08 23:57:00,2023-12-11 01:00:00,2023-12-08 23:58:00,2023-12-11 00:59:00,2943.0,2942,Friday,Monday,23:57,01:00,2023,12,DEVELOPMENT,EXPECTED_WEEKEND,EXPECTED_WEEKEND,Recurring Friday-to-Monday/Tuesday weekend market closure.,"Friday 23:57 close -> Monday 01:00 reopen, delta=2943min; matches the dataset-wide weekend closure pattern observed on every trading week.",HIGH,False
gapf_1043310_20231211_2358,2023-12-11 23:58:00,2023-12-12 01:00:00,2023-12-11 23:59:00,2023-12-12 00:59:00,62.0,61,Monday,Tuesday,23:58,01:00,2023,12,DEVELOPMENT,SUSPICIOUS_INTRASESSION,EXPECTED_DAILY_SESSION_BREAK,Recurring nightly broker maintenance/session break.,"2023-12-11 23:58:00 -> 2023-12-12 01:00:00: ~62min nightly pause, standard-time (hour 23->01) variant; this exact close/reopen-hour pair recurs on the vast majority of weeknights across all 6 dataset years, and the hour flips precisely on EU DST transition weekends.",MEDIUM,False
gapf_1044689_20231212_2358,2023-12-12 23:58:00,2023-12-13 01:00:00,2023-12-12 23:59:00,2023-12-13 00:59:00,62.0,61,Tuesday,Wednesday,23:58,01:00,2023,12,DEVELOPMENT,SUSPICIOUS_INTRASESSION,EXPECTED_DAILY_SESSION_BREAK,Recurring nightly broker maintenance/session break.,"2023-12-12 23:58:00 -> 2023-12-13 01:00:00: ~62min nightly pause, standard-time (hour 23->01) variant; this exact close/reopen-hour pair recurs on the vast majority of weeknights across all 6 dataset years, and the hour flips precisely on EU DST transition weekends.",MEDIUM,False
gapf_1046068_20231213_2358,2023-12-13 23:58:00,2023-12-14 01:00:00,2023-12-13 23:59:00,2023-12-14 00:59:00,62.0,61,Wednesday,Thursday,23:58,01:00,2023,12,DEVELOPMENT,SUSPICIOUS_INTRASESSION,EXPECTED_DAILY_SESSION_BREAK,Recurring nightly broker maintenance/session break.,"2023-12-13 23:58:00 -> 2023-12-14 01:00:00: ~62min nightly pause, standard-time (hour 23->01) variant; this exact close/reopen-hour pair recurs on the vast majority of weeknights across all 6 dataset years, and the hour flips precisely on EU DST transition weekends.",MEDIUM,False
gapf_1047447_20231214_2358,2023-12-14 23:58:00,2023-12-15 01:00:00,2023-12-14 23:59:00,2023-12-15 00:59:00,62.0,61,Thursday,Friday,23:58,01:00,2023,12,DEVELOPMENT,SUSPICIOUS_INTRASESSION,EXPECTED_DAILY_SESSION_BREAK,Recurring nightly broker maintenance/session break.,"2023-12-14 23:58:00 -> 2023-12-15 01:00:00: ~62min nightly pause, standard-time (hour 23->01) variant; this exact close/reopen-hour pair recurs on the vast majority of weeknights across all 6 dataset years, and the hour flips precisely on EU DST transition weekends.",MEDIUM,False
gapf_1048825_20231215_2357,2023-12-15 23:57:00,2023-12-18 01:00:00,2023-12-15 23:58:00,2023-12-18 00:59:00,2943.0,2942,Friday,Monday,23:57,01:00,2023,12,DEVELOPMENT,EXPECTED_WEEKEND,EXPECTED_WEEKEND,Recurring Friday-to-Monday/Tuesday weekend market closure.,"Friday 23:57 close -> Monday 01:00 reopen, delta=2943min; matches the dataset-wide weekend closure pattern observed on every trading week.",HIGH,False
gapf_1050204_20231218_2358,2023-12-18 23:58:00,2023-12-19 01:00:00,2023-12-18 23:59:00,2023-12-19 00:59:00,62.0,61,Monday,Tuesday,23:58,01:00,2023,12,DEVELOPMENT,SUSPICIOUS_INTRASESSION,EXPECTED_DAILY_SESSION_BREAK,Recurring nightly broker maintenance/session break.,"2023-12-18 23:58:00 -> 2023-12-19 01:00:00: ~62min nightly pause, standard-time (hour 23->01) variant; this exact close/reopen-hour pair recurs on the vast majority of weeknights across all 6 dataset years, and the hour flips precisely on EU DST transition weekends.",MEDIUM,False
gapf_1051583_20231219_2358,2023-12-19 23:58:00,2023-12-20 01:00:00,2023-12-19 23:59:00,2023-12-20 00:59:00,62.0,61,Tuesday,Wednesday,23:58,01:00,2023,12,DEVELOPMENT,SUSPICIOUS_INTRASESSION,EXPECTED_DAILY_SESSION_BREAK,Recurring nightly broker maintenance/session break.,"2023-12-19 23:58:00 -> 2023-12-20 01:00:00: ~62min nightly pause, standard-time (hour 23->01) variant; this exact close/reopen-hour pair recurs on the vast majority of weeknights across all 6 dataset years, and the hour flips precisely on EU DST transition weekends.",MEDIUM,False
gapf_1052962_20231220_2358,2023-12-20 23:58:00,2023-12-21 01:00:00,2023-12-20 23:59:00,2023-12-21 00:59:00,62.0,61,Wednesday,Thursday,23:58,01:00,2023,12,DEVELOPMENT,SUSPICIOUS_INTRASESSION,EXPECTED_DAILY_SESSION_BREAK,Recurring nightly broker maintenance/session break.,"2023-12-20 23:58:00 -> 2023-12-21 01:00:00: ~62min nightly pause, standard-time (hour 23->01) variant; this exact close/reopen-hour pair recurs on the vast majority of weeknights across all 6 dataset years, and the hour flips precisely on EU DST transition weekends.",MEDIUM,False
gapf_1054341_20231221_2358,2023-12-21 23:58:00,2023-12-22 01:00:00,2023-12-21 23:59:00,2023-12-22 00:59:00,62.0,61,Thursday,Friday,23:58,01:00,2023,12,DEVELOPMENT,SUSPICIOUS_INTRASESSION,EXPECTED_DAILY_SESSION_BREAK,Recurring nightly broker maintenance/session break.,"2023-12-21 23:58:00 -> 2023-12-22 01:00:00: ~62min nightly pause, standard-time (hour 23->01) variant; this exact close/reopen-hour pair recurs on the vast majority of weeknights across all 6 dataset years, and the hour flips precisely on EU DST transition weekends.",MEDIUM,False
gapf_1055719_20231222_2357,2023-12-22 23:57:00,2023-12-26 01:00:00,2023-12-22 23:58:00,2023-12-26 00:59:00,4383.0,4382,Friday,Tuesday,23:57,01:00,2023,12,DEVELOPMENT,EXPECTED_WEEKEND,EXPECTED_WEEKEND,Recurring Friday-to-Monday/Tuesday weekend market closure.,"Friday 23:57 close -> Tuesday 01:00 reopen, delta=4383min; matches the dataset-wide weekend closure pattern observed on every trading week.",HIGH,False
gapf_1057098_20231226_2358,2023-12-26 23:58:00,2023-12-27 01:00:00,2023-12-26 23:59:00,2023-12-27 00:59:00,62.0,61,Tuesday,Wednesday,23:58,01:00,2023,12,DEVELOPMENT,SUSPICIOUS_INTRASESSION,EXPECTED_DAILY_SESSION_BREAK,Recurring nightly broker maintenance/session break.,"2023-12-26 23:58:00 -> 2023-12-27 01:00:00: ~62min nightly pause, standard-time (hour 23->01) variant; this exact close/reopen-hour pair recurs on the vast majority of weeknights across all 6 dataset years, and the hour flips precisely on EU DST transition weekends.",MEDIUM,False
gapf_1058477_20231227_2358,2023-12-27 23:58:00,2023-12-28 01:00:00,2023-12-27 23:59:00,2023-12-28 00:59:00,62.0,61,Wednesday,Thursday,23:58,01:00,2023,12,DEVELOPMENT,SUSPICIOUS_INTRASESSION,EXPECTED_DAILY_SESSION_BREAK,Recurring nightly broker maintenance/session break.,"2023-12-27 23:58:00 -> 2023-12-28 01:00:00: ~62min nightly pause, standard-time (hour 23->01) variant; this exact close/reopen-hour pair recurs on the vast majority of weeknights across all 6 dataset years, and the hour flips precisely on EU DST transition weekends.",MEDIUM,False
gapf_1059856_20231228_2358,2023-12-28 23:58:00,2023-12-29 01:00:00,2023-12-28 23:59:00,2023-12-29 00:59:00,62.0,61,Thursday,Friday,23:58,01:00,2023,12,DEVELOPMENT,SUSPICIOUS_INTRASESSION,EXPECTED_DAILY_SESSION_BREAK,Recurring nightly broker maintenance/session break.,"2023-12-28 23:58:00 -> 2023-12-29 01:00:00: ~62min nightly pause, standard-time (hour 23->01) variant; this exact close/reopen-hour pair recurs on the vast majority of weeknights across all 6 dataset years, and the hour flips precisely on EU DST transition weekends.",MEDIUM,False
gapf_1061234_20231229_2357,2023-12-29 23:57:00,2024-01-02 01:00:00,2023-12-29 23:58:00,2024-01-02 00:59:00,4383.0,4382,Friday,Tuesday,23:57,01:00,2023,12,DEVELOPMENT,EXPECTED_WEEKEND,EXPECTED_WEEKEND,Recurring Friday-to-Monday/Tuesday weekend market closure.,"Friday 23:57 close -> Tuesday 01:00 reopen, delta=4383min; matches the dataset-wide weekend closure pattern observed on every trading week.",HIGH,False
gapf_1062613_20240102_2358,2024-01-02 23:58:00,2024-01-03 01:00:00,2024-01-02 23:59:00,2024-01-03 00:59:00,62.0,61,Tuesday,Wednesday,23:58,01:00,2024,1,DEVELOPMENT,SUSPICIOUS_INTRASESSION,EXPECTED_DAILY_SESSION_BREAK,Recurring nightly broker maintenance/session break.,"2024-01-02 23:58:00 -> 2024-01-03 01:00:00: ~62min nightly pause, standard-time (hour 23->01) variant; this exact close/reopen-hour pair recurs on the vast majority of weeknights across all 6 dataset years, and the hour flips precisely on EU DST transition weekends.",MEDIUM,False
gapf_1063992_20240103_2358,2024-01-03 23:58:00,2024-01-04 01:00:00,2024-01-03 23:59:00,2024-01-04 00:59:00,62.0,61,Wednesday,Thursday,23:58,01:00,2024,1,DEVELOPMENT,SUSPICIOUS_INTRASESSION,EXPECTED_DAILY_SESSION_BREAK,Recurring nightly broker maintenance/session break.,"2024-01-03 23:58:00 -> 2024-01-04 01:00:00: ~62min nightly pause, standard-time (hour 23->01) variant; this exact close/reopen-hour pair recurs on the vast majority of weeknights across all 6 dataset years, and the hour flips precisely on EU DST transition weekends.",MEDIUM,False
gapf_1065371_20240104_2358,2024-01-04 23:58:00,2024-01-05 01:00:00,2024-01-04 23:59:00,2024-01-05 00:59:00,62.0,61,Thursday,Friday,23:58,01:00,2024,1,DEVELOPMENT,SUSPICIOUS_INTRASESSION,EXPECTED_DAILY_SESSION_BREAK,Recurring nightly broker maintenance/session break.,"2024-01-04 23:58:00 -> 2024-01-05 01:00:00: ~62min nightly pause, standard-time (hour 23->01) variant; this exact close/reopen-hour pair recurs on the vast majority of weeknights across all 6 dataset years, and the hour flips precisely on EU DST transition weekends.",MEDIUM,False
gapf_1066749_20240105_2357,2024-01-05 23:57:00,2024-01-08 01:00:00,2024-01-05 23:58:00,2024-01-08 00:59:00,2943.0,2942,Friday,Monday,23:57,01:00,2024,1,DEVELOPMENT,EXPECTED_WEEKEND,EXPECTED_WEEKEND,Recurring Friday-to-Monday/Tuesday weekend market closure.,"Friday 23:57 close -> Monday 01:00 reopen, delta=2943min; matches the dataset-wide weekend closure pattern observed on every trading week.",HIGH,False
gapf_1068128_20240108_2358,2024-01-08 23:58:00,2024-01-09 01:00:00,2024-01-08 23:59:00,2024-01-09 00:59:00,62.0,61,Monday,Tuesday,23:58,01:00,2024,1,DEVELOPMENT,SUSPICIOUS_INTRASESSION,EXPECTED_DAILY_SESSION_BREAK,Recurring nightly broker maintenance/session break.,"2024-01-08 23:58:00 -> 2024-01-09 01:00:00: ~62min nightly pause, standard-time (hour 23->01) variant; this exact close/reopen-hour pair recurs on the vast majority of weeknights across all 6 dataset years, and the hour flips precisely on EU DST transition weekends.",MEDIUM,False
gapf_1069507_20240109_2358,2024-01-09 23:58:00,2024-01-10 01:00:00,2024-01-09 23:59:00,2024-01-10 00:59:00,62.0,61,Tuesday,Wednesday,23:58,01:00,2024,1,DEVELOPMENT,SUSPICIOUS_INTRASESSION,EXPECTED_DAILY_SESSION_BREAK,Recurring nightly broker maintenance/session break.,"2024-01-09 23:58:00 -> 2024-01-10 01:00:00: ~62min nightly pause, standard-time (hour 23->01) variant; this exact close/reopen-hour pair recurs on the vast majority of weeknights across all 6 dataset years, and the hour flips precisely on EU DST transition weekends.",MEDIUM,False
gapf_1070886_20240110_2358,2024-01-10 23:58:00,2024-01-11 01:00:00,2024-01-10 23:59:00,2024-01-11 00:59:00,62.0,61,Wednesday,Thursday,23:58,01:00,2024,1,DEVELOPMENT,SUSPICIOUS_INTRASESSION,EXPECTED_DAILY_SESSION_BREAK,Recurring nightly broker maintenance/session break.,"2024-01-10 23:58:00 -> 2024-01-11 01:00:00: ~62min nightly pause, standard-time (hour 23->01) variant; this exact close/reopen-hour pair recurs on the vast majority of weeknights across all 6 dataset years, and the hour flips precisely on EU DST transition weekends.",MEDIUM,False
gapf_1072265_20240111_2358,2024-01-11 23:58:00,2024-01-12 01:00:00,2024-01-11 23:59:00,2024-01-12 00:59:00,62.0,61,Thursday,Friday,23:58,01:00,2024,1,DEVELOPMENT,SUSPICIOUS_INTRASESSION,EXPECTED_DAILY_SESSION_BREAK,Recurring nightly broker maintenance/session break.,"2024-01-11 23:58:00 -> 2024-01-12 01:00:00: ~62min nightly pause, standard-time (hour 23->01) variant; this exact close/reopen-hour pair recurs on the vast majority of weeknights across all 6 dataset years, and the hour flips precisely on EU DST transition weekends.",MEDIUM,False
gapf_1073643_20240112_2357,2024-01-12 23:57:00,2024-01-15 01:00:00,2024-01-12 23:58:00,2024-01-15 00:59:00,2943.0,2942,Friday,Monday,23:57,01:00,2024,1,DEVELOPMENT,EXPECTED_WEEKEND,EXPECTED_WEEKEND,Recurring Friday-to-Monday/Tuesday weekend market closure.,"Friday 23:57 close -> Monday 01:00 reopen, delta=2943min; matches the dataset-wide weekend closure pattern observed on every trading week.",HIGH,False
gapf_1074821_20240115_2037,2024-01-15 20:37:00,2024-01-15 20:39:00,2024-01-15 20:38:00,2024-01-15 20:38:00,2.0,1,Monday,Monday,20:37,20:39,2024,1,DEVELOPMENT,LIKELY_PROVIDER_HISTORY_GAP,LIKELY_PROVIDER_HISTORY_GAP,"Isolated small active-session gap, no recurring pattern.","2024-01-15 20:37:00 -> 2024-01-15 20:39:00: isolated 1-bar active-session gap; does not match weekend, session-break, or holiday patterns; below the empirically observed natural break in the missing-bar distribution (no residual gap observed between 9 and 214 missing bars).",LOW,True
gapf_1074868_20240115_2125,2024-01-15 21:25:00,2024-01-16 01:00:00,2024-01-15 21:26:00,2024-01-16 00:59:00,215.0,214,Monday,Tuesday,21:25,01:00,2024,1,DEVELOPMENT,SUSPICIOUS_INTRASESSION,EXPECTED_HOLIDAY_OR_CLOSURE,US federal market holiday early close (MLK_DAY).,"2024-01-15 21:25:00 matches computed US federal holiday date (MLK_DAY); early close at 21:25 UTC, reopen 01:00 UTC next day; recurring pattern observed across multiple dataset years.",MEDIUM,False
gapf_1076247_20240116_2358,2024-01-16 23:58:00,2024-01-17 01:00:00,2024-01-16 23:59:00,2024-01-17 00:59:00,62.0,61,Tuesday,Wednesday,23:58,01:00,2024,1,DEVELOPMENT,SUSPICIOUS_INTRASESSION,EXPECTED_DAILY_SESSION_BREAK,Recurring nightly broker maintenance/session break.,"2024-01-16 23:58:00 -> 2024-01-17 01:00:00: ~62min nightly pause, standard-time (hour 23->01) variant; this exact close/reopen-hour pair recurs on the vast majority of weeknights across all 6 dataset years, and the hour flips precisely on EU DST transition weekends.",MEDIUM,False
gapf_1077626_20240117_2358,2024-01-17 23:58:00,2024-01-18 01:00:00,2024-01-17 23:59:00,2024-01-18 00:59:00,62.0,61,Wednesday,Thursday,23:58,01:00,2024,1,DEVELOPMENT,SUSPICIOUS_INTRASESSION,EXPECTED_DAILY_SESSION_BREAK,Recurring nightly broker maintenance/session break.,"2024-01-17 23:58:00 -> 2024-01-18 01:00:00: ~62min nightly pause, standard-time (hour 23->01) variant; this exact close/reopen-hour pair recurs on the vast majority of weeknights across all 6 dataset years, and the hour flips precisely on EU DST transition weekends.",MEDIUM,False
gapf_1079005_20240118_2358,2024-01-18 23:58:00,2024-01-19 01:00:00,2024-01-18 23:59:00,2024-01-19 00:59:00,62.0,61,Thursday,Friday,23:58,01:00,2024,1,DEVELOPMENT,SUSPICIOUS_INTRASESSION,EXPECTED_DAILY_SESSION_BREAK,Recurring nightly broker maintenance/session break.,"2024-01-18 23:58:00 -> 2024-01-19 01:00:00: ~62min nightly pause, standard-time (hour 23->01) variant; this exact close/reopen-hour pair recurs on the vast majority of weeknights across all 6 dataset years, and the hour flips precisely on EU DST transition weekends.",MEDIUM,False
gapf_1080383_20240119_2357,2024-01-19 23:57:00,2024-01-22 01:00:00,2024-01-19 23:58:00,2024-01-22 00:59:00,2943.0,2942,Friday,Monday,23:57,01:00,2024,1,DEVELOPMENT,EXPECTED_WEEKEND,EXPECTED_WEEKEND,Recurring Friday-to-Monday/Tuesday weekend market closure.,"Friday 23:57 close -> Monday 01:00 reopen, delta=2943min; matches the dataset-wide weekend closure pattern observed on every trading week.",HIGH,False
gapf_1081762_20240122_2358,2024-01-22 23:58:00,2024-01-23 01:00:00,2024-01-22 23:59:00,2024-01-23 00:59:00,62.0,61,Monday,Tuesday,23:58,01:00,2024,1,DEVELOPMENT,SUSPICIOUS_INTRASESSION,EXPECTED_DAILY_SESSION_BREAK,Recurring nightly broker maintenance/session break.,"2024-01-22 23:58:00 -> 2024-01-23 01:00:00: ~62min nightly pause, standard-time (hour 23->01) variant; this exact close/reopen-hour pair recurs on the vast majority of weeknights across all 6 dataset years, and the hour flips precisely on EU DST transition weekends.",MEDIUM,False
gapf_1083141_20240123_2358,2024-01-23 23:58:00,2024-01-24 01:00:00,2024-01-23 23:59:00,2024-01-24 00:59:00,62.0,61,Tuesday,Wednesday,23:58,01:00,2024,1,DEVELOPMENT,SUSPICIOUS_INTRASESSION,EXPECTED_DAILY_SESSION_BREAK,Recurring nightly broker maintenance/session break.,"2024-01-23 23:58:00 -> 2024-01-24 01:00:00: ~62min nightly pause, standard-time (hour 23->01) variant; this exact close/reopen-hour pair recurs on the vast majority of weeknights across all 6 dataset years, and the hour flips precisely on EU DST transition weekends.",MEDIUM,False
gapf_1084520_20240124_2358,2024-01-24 23:58:00,2024-01-25 01:00:00,2024-01-24 23:59:00,2024-01-25 00:59:00,62.0,61,Wednesday,Thursday,23:58,01:00,2024,1,DEVELOPMENT,SUSPICIOUS_INTRASESSION,EXPECTED_DAILY_SESSION_BREAK,Recurring nightly broker maintenance/session break.,"2024-01-24 23:58:00 -> 2024-01-25 01:00:00: ~62min nightly pause, standard-time (hour 23->01) variant; this exact close/reopen-hour pair recurs on the vast majority of weeknights across all 6 dataset years, and the hour flips precisely on EU DST transition weekends.",MEDIUM,False
gapf_1085899_20240125_2358,2024-01-25 23:58:00,2024-01-26 01:00:00,2024-01-25 23:59:00,2024-01-26 00:59:00,62.0,61,Thursday,Friday,23:58,01:00,2024,1,DEVELOPMENT,SUSPICIOUS_INTRASESSION,EXPECTED_DAILY_SESSION_BREAK,Recurring nightly broker maintenance/session break.,"2024-01-25 23:58:00 -> 2024-01-26 01:00:00: ~62min nightly pause, standard-time (hour 23->01) variant; this exact close/reopen-hour pair recurs on the vast majority of weeknights across all 6 dataset years, and the hour flips precisely on EU DST transition weekends.",MEDIUM,False
gapf_1087277_20240126_2357,2024-01-26 23:57:00,2024-01-29 01:00:00,2024-01-26 23:58:00,2024-01-29 00:59:00,2943.0,2942,Friday,Monday,23:57,01:00,2024,1,DEVELOPMENT,EXPECTED_WEEKEND,EXPECTED_WEEKEND,Recurring Friday-to-Monday/Tuesday weekend market closure.,"Friday 23:57 close -> Monday 01:00 reopen, delta=2943min; matches the dataset-wide weekend closure pattern observed on every trading week.",HIGH,False
gapf_1088656_20240129_2358,2024-01-29 23:58:00,2024-01-30 01:00:00,2024-01-29 23:59:00,2024-01-30 00:59:00,62.0,61,Monday,Tuesday,23:58,01:00,2024,1,DEVELOPMENT,SUSPICIOUS_INTRASESSION,EXPECTED_DAILY_SESSION_BREAK,Recurring nightly broker maintenance/session break.,"2024-01-29 23:58:00 -> 2024-01-30 01:00:00: ~62min nightly pause, standard-time (hour 23->01) variant; this exact close/reopen-hour pair recurs on the vast majority of weeknights across all 6 dataset years, and the hour flips precisely on EU DST transition weekends.",MEDIUM,False
gapf_1090035_20240130_2358,2024-01-30 23:58:00,2024-01-31 01:00:00,2024-01-30 23:59:00,2024-01-31 00:59:00,62.0,61,Tuesday,Wednesday,23:58,01:00,2024,1,DEVELOPMENT,SUSPICIOUS_INTRASESSION,EXPECTED_DAILY_SESSION_BREAK,Recurring nightly broker maintenance/session break.,"2024-01-30 23:58:00 -> 2024-01-31 01:00:00: ~62min nightly pause, standard-time (hour 23->01) variant; this exact close/reopen-hour pair recurs on the vast majority of weeknights across all 6 dataset years, and the hour flips precisely on EU DST transition weekends.",MEDIUM,False
gapf_1091414_20240131_2358,2024-01-31 23:58:00,2024-02-01 01:00:00,2024-01-31 23:59:00,2024-02-01 00:59:00,62.0,61,Wednesday,Thursday,23:58,01:00,2024,1,DEVELOPMENT,SUSPICIOUS_INTRASESSION,EXPECTED_DAILY_SESSION_BREAK,Recurring nightly broker maintenance/session break.,"2024-01-31 23:58:00 -> 2024-02-01 01:00:00: ~62min nightly pause, standard-time (hour 23->01) variant; this exact close/reopen-hour pair recurs on the vast majority of weeknights across all 6 dataset years, and the hour flips precisely on EU DST transition weekends.",MEDIUM,False
gapf_1092793_20240201_2358,2024-02-01 23:58:00,2024-02-02 01:00:00,2024-02-01 23:59:00,2024-02-02 00:59:00,62.0,61,Thursday,Friday,23:58,01:00,2024,2,DEVELOPMENT,SUSPICIOUS_INTRASESSION,EXPECTED_DAILY_SESSION_BREAK,Recurring nightly broker maintenance/session break.,"2024-02-01 23:58:00 -> 2024-02-02 01:00:00: ~62min nightly pause, standard-time (hour 23->01) variant; this exact close/reopen-hour pair recurs on the vast majority of weeknights across all 6 dataset years, and the hour flips precisely on EU DST transition weekends.",MEDIUM,False
gapf_1094171_20240202_2357,2024-02-02 23:57:00,2024-02-05 01:00:00,2024-02-02 23:58:00,2024-02-05 00:59:00,2943.0,2942,Friday,Monday,23:57,01:00,2024,2,DEVELOPMENT,EXPECTED_WEEKEND,EXPECTED_WEEKEND,Recurring Friday-to-Monday/Tuesday weekend market closure.,"Friday 23:57 close -> Monday 01:00 reopen, delta=2943min; matches the dataset-wide weekend closure pattern observed on every trading week.",HIGH,False
gapf_1095550_20240205_2358,2024-02-05 23:58:00,2024-02-06 01:00:00,2024-02-05 23:59:00,2024-02-06 00:59:00,62.0,61,Monday,Tuesday,23:58,01:00,2024,2,DEVELOPMENT,SUSPICIOUS_INTRASESSION,EXPECTED_DAILY_SESSION_BREAK,Recurring nightly broker maintenance/session break.,"2024-02-05 23:58:00 -> 2024-02-06 01:00:00: ~62min nightly pause, standard-time (hour 23->01) variant; this exact close/reopen-hour pair recurs on the vast majority of weeknights across all 6 dataset years, and the hour flips precisely on EU DST transition weekends.",MEDIUM,False
gapf_1096929_20240206_2358,2024-02-06 23:58:00,2024-02-07 01:00:00,2024-02-06 23:59:00,2024-02-07 00:59:00,62.0,61,Tuesday,Wednesday,23:58,01:00,2024,2,DEVELOPMENT,SUSPICIOUS_INTRASESSION,EXPECTED_DAILY_SESSION_BREAK,Recurring nightly broker maintenance/session break.,"2024-02-06 23:58:00 -> 2024-02-07 01:00:00: ~62min nightly pause, standard-time (hour 23->01) variant; this exact close/reopen-hour pair recurs on the vast majority of weeknights across all 6 dataset years, and the hour flips precisely on EU DST transition weekends.",MEDIUM,False
gapf_1098308_20240207_2358,2024-02-07 23:58:00,2024-02-08 01:00:00,2024-02-07 23:59:00,2024-02-08 00:59:00,62.0,61,Wednesday,Thursday,23:58,01:00,2024,2,DEVELOPMENT,SUSPICIOUS_INTRASESSION,EXPECTED_DAILY_SESSION_BREAK,Recurring nightly broker maintenance/session break.,"2024-02-07 23:58:00 -> 2024-02-08 01:00:00: ~62min nightly pause, standard-time (hour 23->01) variant; this exact close/reopen-hour pair recurs on the vast majority of weeknights across all 6 dataset years, and the hour flips precisely on EU DST transition weekends.",MEDIUM,False
gapf_1099687_20240208_2358,2024-02-08 23:58:00,2024-02-09 01:00:00,2024-02-08 23:59:00,2024-02-09 00:59:00,62.0,61,Thursday,Friday,23:58,01:00,2024,2,DEVELOPMENT,SUSPICIOUS_INTRASESSION,EXPECTED_DAILY_SESSION_BREAK,Recurring nightly broker maintenance/session break.,"2024-02-08 23:58:00 -> 2024-02-09 01:00:00: ~62min nightly pause, standard-time (hour 23->01) variant; this exact close/reopen-hour pair recurs on the vast majority of weeknights across all 6 dataset years, and the hour flips precisely on EU DST transition weekends.",MEDIUM,False
gapf_1101065_20240209_2357,2024-02-09 23:57:00,2024-02-12 01:00:00,2024-02-09 23:58:00,2024-02-12 00:59:00,2943.0,2942,Friday,Monday,23:57,01:00,2024,2,DEVELOPMENT,EXPECTED_WEEKEND,EXPECTED_WEEKEND,Recurring Friday-to-Monday/Tuesday weekend market closure.,"Friday 23:57 close -> Monday 01:00 reopen, delta=2943min; matches the dataset-wide weekend closure pattern observed on every trading week.",HIGH,False
gapf_1102444_20240212_2358,2024-02-12 23:58:00,2024-02-13 01:00:00,2024-02-12 23:59:00,2024-02-13 00:59:00,62.0,61,Monday,Tuesday,23:58,01:00,2024,2,DEVELOPMENT,SUSPICIOUS_INTRASESSION,EXPECTED_DAILY_SESSION_BREAK,Recurring nightly broker maintenance/session break.,"2024-02-12 23:58:00 -> 2024-02-13 01:00:00: ~62min nightly pause, standard-time (hour 23->01) variant; this exact close/reopen-hour pair recurs on the vast majority of weeknights across all 6 dataset years, and the hour flips precisely on EU DST transition weekends.",MEDIUM,False
gapf_1103823_20240213_2358,2024-02-13 23:58:00,2024-02-14 01:00:00,2024-02-13 23:59:00,2024-02-14 00:59:00,62.0,61,Tuesday,Wednesday,23:58,01:00,2024,2,DEVELOPMENT,SUSPICIOUS_INTRASESSION,EXPECTED_DAILY_SESSION_BREAK,Recurring nightly broker maintenance/session break.,"2024-02-13 23:58:00 -> 2024-02-14 01:00:00: ~62min nightly pause, standard-time (hour 23->01) variant; this exact close/reopen-hour pair recurs on the vast majority of weeknights across all 6 dataset years, and the hour flips precisely on EU DST transition weekends.",MEDIUM,False
gapf_1105202_20240214_2358,2024-02-14 23:58:00,2024-02-15 01:00:00,2024-02-14 23:59:00,2024-02-15 00:59:00,62.0,61,Wednesday,Thursday,23:58,01:00,2024,2,DEVELOPMENT,SUSPICIOUS_INTRASESSION,EXPECTED_DAILY_SESSION_BREAK,Recurring nightly broker maintenance/session break.,"2024-02-14 23:58:00 -> 2024-02-15 01:00:00: ~62min nightly pause, standard-time (hour 23->01) variant; this exact close/reopen-hour pair recurs on the vast majority of weeknights across all 6 dataset years, and the hour flips precisely on EU DST transition weekends.",MEDIUM,False
gapf_1106581_20240215_2358,2024-02-15 23:58:00,2024-02-16 01:00:00,2024-02-15 23:59:00,2024-02-16 00:59:00,62.0,61,Thursday,Friday,23:58,01:00,2024,2,DEVELOPMENT,SUSPICIOUS_INTRASESSION,EXPECTED_DAILY_SESSION_BREAK,Recurring nightly broker maintenance/session break.,"2024-02-15 23:58:00 -> 2024-02-16 01:00:00: ~62min nightly pause, standard-time (hour 23->01) variant; this exact close/reopen-hour pair recurs on the vast majority of weeknights across all 6 dataset years, and the hour flips precisely on EU DST transition weekends.",MEDIUM,False
gapf_1107959_20240216_2357,2024-02-16 23:57:00,2024-02-19 01:00:00,2024-02-16 23:58:00,2024-02-19 00:59:00,2943.0,2942,Friday,Monday,23:57,01:00,2024,2,DEVELOPMENT,EXPECTED_WEEKEND,EXPECTED_WEEKEND,Recurring Friday-to-Monday/Tuesday weekend market closure.,"Friday 23:57 close -> Monday 01:00 reopen, delta=2943min; matches the dataset-wide weekend closure pattern observed on every trading week.",HIGH,False
gapf_1107965_20240219_0105,2024-02-19 01:05:00,2024-02-19 01:07:00,2024-02-19 01:06:00,2024-02-19 01:06:00,2.0,1,Monday,Monday,01:05,01:07,2024,2,DEVELOPMENT,LIKELY_PROVIDER_HISTORY_GAP,LIKELY_PROVIDER_HISTORY_GAP,"Isolated small active-session gap, no recurring pattern.","2024-02-19 01:05:00 -> 2024-02-19 01:07:00: isolated 1-bar active-session gap; does not match weekend, session-break, or holiday patterns; below the empirically observed natural break in the missing-bar distribution (no residual gap observed between 9 and 214 missing bars).",LOW,True
gapf_1107974_20240219_0115,2024-02-19 01:15:00,2024-02-19 01:25:00,2024-02-19 01:16:00,2024-02-19 01:24:00,10.0,9,Monday,Monday,01:15,01:25,2024,2,DEVELOPMENT,LIKELY_PROVIDER_HISTORY_GAP,LIKELY_PROVIDER_HISTORY_GAP,"Isolated small active-session gap, no recurring pattern.","2024-02-19 01:15:00 -> 2024-02-19 01:25:00: isolated 9-bar active-session gap; does not match weekend, session-break, or holiday patterns; below the empirically observed natural break in the missing-bar distribution (no residual gap observed between 9 and 214 missing bars).",LOW,True
gapf_1109102_20240219_2012,2024-02-19 20:12:00,2024-02-19 20:14:00,2024-02-19 20:13:00,2024-02-19 20:13:00,2.0,1,Monday,Monday,20:12,20:14,2024,2,DEVELOPMENT,LIKELY_PROVIDER_HISTORY_GAP,LIKELY_PROVIDER_HISTORY_GAP,"Isolated small active-session gap, no recurring pattern.","2024-02-19 20:12:00 -> 2024-02-19 20:14:00: isolated 1-bar active-session gap; does not match weekend, session-break, or holiday patterns; below the empirically observed natural break in the missing-bar distribution (no residual gap observed between 9 and 214 missing bars).",LOW,True
gapf_1109174_20240219_2125,2024-02-19 21:25:00,2024-02-20 01:00:00,2024-02-19 21:26:00,2024-02-20 00:59:00,215.0,214,Monday,Tuesday,21:25,01:00,2024,2,DEVELOPMENT,SUSPICIOUS_INTRASESSION,EXPECTED_HOLIDAY_OR_CLOSURE,US federal market holiday early close (PRESIDENTS_DAY).,"2024-02-19 21:25:00 matches computed US federal holiday date (PRESIDENTS_DAY); early close at 21:25 UTC, reopen 01:00 UTC next day; recurring pattern observed across multiple dataset years.",MEDIUM,False
gapf_1110553_20240220_2358,2024-02-20 23:58:00,2024-02-21 01:00:00,2024-02-20 23:59:00,2024-02-21 00:59:00,62.0,61,Tuesday,Wednesday,23:58,01:00,2024,2,DEVELOPMENT,SUSPICIOUS_INTRASESSION,EXPECTED_DAILY_SESSION_BREAK,Recurring nightly broker maintenance/session break.,"2024-02-20 23:58:00 -> 2024-02-21 01:00:00: ~62min nightly pause, standard-time (hour 23->01) variant; this exact close/reopen-hour pair recurs on the vast majority of weeknights across all 6 dataset years, and the hour flips precisely on EU DST transition weekends.",MEDIUM,False
gapf_1111932_20240221_2358,2024-02-21 23:58:00,2024-02-22 01:00:00,2024-02-21 23:59:00,2024-02-22 00:59:00,62.0,61,Wednesday,Thursday,23:58,01:00,2024,2,DEVELOPMENT,SUSPICIOUS_INTRASESSION,EXPECTED_DAILY_SESSION_BREAK,Recurring nightly broker maintenance/session break.,"2024-02-21 23:58:00 -> 2024-02-22 01:00:00: ~62min nightly pause, standard-time (hour 23->01) variant; this exact close/reopen-hour pair recurs on the vast majority of weeknights across all 6 dataset years, and the hour flips precisely on EU DST transition weekends.",MEDIUM,False
gapf_1113311_20240222_2358,2024-02-22 23:58:00,2024-02-23 01:00:00,2024-02-22 23:59:00,2024-02-23 00:59:00,62.0,61,Thursday,Friday,23:58,01:00,2024,2,DEVELOPMENT,SUSPICIOUS_INTRASESSION,EXPECTED_DAILY_SESSION_BREAK,Recurring nightly broker maintenance/session break.,"2024-02-22 23:58:00 -> 2024-02-23 01:00:00: ~62min nightly pause, standard-time (hour 23->01) variant; this exact close/reopen-hour pair recurs on the vast majority of weeknights across all 6 dataset years, and the hour flips precisely on EU DST transition weekends.",MEDIUM,False
gapf_1114635_20240223_2303,2024-02-23 23:03:00,2024-02-23 23:05:00,2024-02-23 23:04:00,2024-02-23 23:04:00,2.0,1,Friday,Friday,23:03,23:05,2024,2,DEVELOPMENT,LIKELY_PROVIDER_HISTORY_GAP,LIKELY_PROVIDER_HISTORY_GAP,"Isolated small active-session gap, no recurring pattern.","2024-02-23 23:03:00 -> 2024-02-23 23:05:00: isolated 1-bar active-session gap; does not match weekend, session-break, or holiday patterns; below the empirically observed natural break in the missing-bar distribution (no residual gap observed between 9 and 214 missing bars).",LOW,True
gapf_1114688_20240223_2357,2024-02-23 23:57:00,2024-02-26 01:00:00,2024-02-23 23:58:00,2024-02-26 00:59:00,2943.0,2942,Friday,Monday,23:57,01:00,2024,2,DEVELOPMENT,EXPECTED_WEEKEND,EXPECTED_WEEKEND,Recurring Friday-to-Monday/Tuesday weekend market closure.,"Friday 23:57 close -> Monday 01:00 reopen, delta=2943min; matches the dataset-wide weekend closure pattern observed on every trading week.",HIGH,False
gapf_1116067_20240226_2358,2024-02-26 23:58:00,2024-02-27 01:00:00,2024-02-26 23:59:00,2024-02-27 00:59:00,62.0,61,Monday,Tuesday,23:58,01:00,2024,2,DEVELOPMENT,SUSPICIOUS_INTRASESSION,EXPECTED_DAILY_SESSION_BREAK,Recurring nightly broker maintenance/session break.,"2024-02-26 23:58:00 -> 2024-02-27 01:00:00: ~62min nightly pause, standard-time (hour 23->01) variant; this exact close/reopen-hour pair recurs on the vast majority of weeknights across all 6 dataset years, and the hour flips precisely on EU DST transition weekends.",MEDIUM,False
gapf_1117446_20240227_2358,2024-02-27 23:58:00,2024-02-28 01:00:00,2024-02-27 23:59:00,2024-02-28 00:59:00,62.0,61,Tuesday,Wednesday,23:58,01:00,2024,2,DEVELOPMENT,SUSPICIOUS_INTRASESSION,EXPECTED_DAILY_SESSION_BREAK,Recurring nightly broker maintenance/session break.,"2024-02-27 23:58:00 -> 2024-02-28 01:00:00: ~62min nightly pause, standard-time (hour 23->01) variant; this exact close/reopen-hour pair recurs on the vast majority of weeknights across all 6 dataset years, and the hour flips precisely on EU DST transition weekends.",MEDIUM,False
gapf_1118825_20240228_2358,2024-02-28 23:58:00,2024-02-29 01:00:00,2024-02-28 23:59:00,2024-02-29 00:59:00,62.0,61,Wednesday,Thursday,23:58,01:00,2024,2,DEVELOPMENT,SUSPICIOUS_INTRASESSION,EXPECTED_DAILY_SESSION_BREAK,Recurring nightly broker maintenance/session break.,"2024-02-28 23:58:00 -> 2024-02-29 01:00:00: ~62min nightly pause, standard-time (hour 23->01) variant; this exact close/reopen-hour pair recurs on the vast majority of weeknights across all 6 dataset years, and the hour flips precisely on EU DST transition weekends.",MEDIUM,False
gapf_1119178_20240229_0652,2024-02-29 06:52:00,2024-02-29 06:54:00,2024-02-29 06:53:00,2024-02-29 06:53:00,2.0,1,Thursday,Thursday,06:52,06:54,2024,2,DEVELOPMENT,LIKELY_PROVIDER_HISTORY_GAP,LIKELY_PROVIDER_HISTORY_GAP,"Isolated small active-session gap, no recurring pattern.","2024-02-29 06:52:00 -> 2024-02-29 06:54:00: isolated 1-bar active-session gap; does not match weekend, session-break, or holiday patterns; below the empirically observed natural break in the missing-bar distribution (no residual gap observed between 9 and 214 missing bars).",LOW,True
gapf_1120203_20240229_2358,2024-02-29 23:58:00,2024-03-01 01:00:00,2024-02-29 23:59:00,2024-03-01 00:59:00,62.0,61,Thursday,Friday,23:58,01:00,2024,2,DEVELOPMENT,SUSPICIOUS_INTRASESSION,EXPECTED_DAILY_SESSION_BREAK,Recurring nightly broker maintenance/session break.,"2024-02-29 23:58:00 -> 2024-03-01 01:00:00: ~62min nightly pause, standard-time (hour 23->01) variant; this exact close/reopen-hour pair recurs on the vast majority of weeknights across all 6 dataset years, and the hour flips precisely on EU DST transition weekends.",MEDIUM,False
gapf_1121581_20240301_2357,2024-03-01 23:57:00,2024-03-04 01:00:00,2024-03-01 23:58:00,2024-03-04 00:59:00,2943.0,2942,Friday,Monday,23:57,01:00,2024,3,DEVELOPMENT,EXPECTED_WEEKEND,EXPECTED_WEEKEND,Recurring Friday-to-Monday/Tuesday weekend market closure.,"Friday 23:57 close -> Monday 01:00 reopen, delta=2943min; matches the dataset-wide weekend closure pattern observed on every trading week.",HIGH,False
gapf_1122960_20240304_2358,2024-03-04 23:58:00,2024-03-05 01:00:00,2024-03-04 23:59:00,2024-03-05 00:59:00,62.0,61,Monday,Tuesday,23:58,01:00,2024,3,DEVELOPMENT,SUSPICIOUS_INTRASESSION,EXPECTED_DAILY_SESSION_BREAK,Recurring nightly broker maintenance/session break.,"2024-03-04 23:58:00 -> 2024-03-05 01:00:00: ~62min nightly pause, standard-time (hour 23->01) variant; this exact close/reopen-hour pair recurs on the vast majority of weeknights across all 6 dataset years, and the hour flips precisely on EU DST transition weekends.",MEDIUM,False
gapf_1124339_20240305_2358,2024-03-05 23:58:00,2024-03-06 01:00:00,2024-03-05 23:59:00,2024-03-06 00:59:00,62.0,61,Tuesday,Wednesday,23:58,01:00,2024,3,DEVELOPMENT,SUSPICIOUS_INTRASESSION,EXPECTED_DAILY_SESSION_BREAK,Recurring nightly broker maintenance/session break.,"2024-03-05 23:58:00 -> 2024-03-06 01:00:00: ~62min nightly pause, standard-time (hour 23->01) variant; this exact close/reopen-hour pair recurs on the vast majority of weeknights across all 6 dataset years, and the hour flips precisely on EU DST transition weekends.",MEDIUM,False
gapf_1125718_20240306_2358,2024-03-06 23:58:00,2024-03-07 01:00:00,2024-03-06 23:59:00,2024-03-07 00:59:00,62.0,61,Wednesday,Thursday,23:58,01:00,2024,3,DEVELOPMENT,SUSPICIOUS_INTRASESSION,EXPECTED_DAILY_SESSION_BREAK,Recurring nightly broker maintenance/session break.,"2024-03-06 23:58:00 -> 2024-03-07 01:00:00: ~62min nightly pause, standard-time (hour 23->01) variant; this exact close/reopen-hour pair recurs on the vast majority of weeknights across all 6 dataset years, and the hour flips precisely on EU DST transition weekends.",MEDIUM,False
gapf_1127070_20240307_2331,2024-03-07 23:31:00,2024-03-07 23:33:00,2024-03-07 23:32:00,2024-03-07 23:32:00,2.0,1,Thursday,Thursday,23:31,23:33,2024,3,DEVELOPMENT,LIKELY_PROVIDER_HISTORY_GAP,LIKELY_PROVIDER_HISTORY_GAP,"Isolated small active-session gap, no recurring pattern.","2024-03-07 23:31:00 -> 2024-03-07 23:33:00: isolated 1-bar active-session gap; does not match weekend, session-break, or holiday patterns; below the empirically observed natural break in the missing-bar distribution (no residual gap observed between 9 and 214 missing bars).",LOW,True
gapf_1127096_20240307_2358,2024-03-07 23:58:00,2024-03-08 01:00:00,2024-03-07 23:59:00,2024-03-08 00:59:00,62.0,61,Thursday,Friday,23:58,01:00,2024,3,DEVELOPMENT,SUSPICIOUS_INTRASESSION,EXPECTED_DAILY_SESSION_BREAK,Recurring nightly broker maintenance/session break.,"2024-03-07 23:58:00 -> 2024-03-08 01:00:00: ~62min nightly pause, standard-time (hour 23->01) variant; this exact close/reopen-hour pair recurs on the vast majority of weeknights across all 6 dataset years, and the hour flips precisely on EU DST transition weekends.",MEDIUM,False
gapf_1128474_20240308_2357,2024-03-08 23:57:00,2024-03-11 00:00:00,2024-03-08 23:58:00,2024-03-10 23:59:00,2883.0,2882,Friday,Monday,23:57,00:00,2024,3,DEVELOPMENT,EXPECTED_WEEKEND,EXPECTED_WEEKEND,Recurring Friday-to-Monday/Tuesday weekend market closure.,"Friday 23:57 close -> Monday 00:00 reopen, delta=2883min; matches the dataset-wide weekend closure pattern observed on every trading week.",HIGH,False
gapf_1129853_20240311_2258,2024-03-11 22:58:00,2024-03-12 00:00:00,2024-03-11 22:59:00,2024-03-11 23:59:00,62.0,61,Monday,Tuesday,22:58,00:00,2024,3,DEVELOPMENT,EXPECTED_DAILY_SESSION_BREAK,EXPECTED_DAILY_SESSION_BREAK,Recurring nightly broker maintenance/session break.,"2024-03-11 22:58:00 -> 2024-03-12 00:00:00: ~62min nightly pause, EU-DST-shifted (hour 22->00) variant; this exact close/reopen-hour pair recurs on the vast majority of weeknights across all 6 dataset years, and the hour flips precisely on EU DST transition weekends.",MEDIUM,False
gapf_1131232_20240312_2258,2024-03-12 22:58:00,2024-03-13 00:00:00,2024-03-12 22:59:00,2024-03-12 23:59:00,62.0,61,Tuesday,Wednesday,22:58,00:00,2024,3,DEVELOPMENT,EXPECTED_DAILY_SESSION_BREAK,EXPECTED_DAILY_SESSION_BREAK,Recurring nightly broker maintenance/session break.,"2024-03-12 22:58:00 -> 2024-03-13 00:00:00: ~62min nightly pause, EU-DST-shifted (hour 22->00) variant; this exact close/reopen-hour pair recurs on the vast majority of weeknights across all 6 dataset years, and the hour flips precisely on EU DST transition weekends.",MEDIUM,False
gapf_1132611_20240313_2258,2024-03-13 22:58:00,2024-03-14 00:00:00,2024-03-13 22:59:00,2024-03-13 23:59:00,62.0,61,Wednesday,Thursday,22:58,00:00,2024,3,DEVELOPMENT,EXPECTED_DAILY_SESSION_BREAK,EXPECTED_DAILY_SESSION_BREAK,Recurring nightly broker maintenance/session break.,"2024-03-13 22:58:00 -> 2024-03-14 00:00:00: ~62min nightly pause, EU-DST-shifted (hour 22->00) variant; this exact close/reopen-hour pair recurs on the vast majority of weeknights across all 6 dataset years, and the hour flips precisely on EU DST transition weekends.",MEDIUM,False
gapf_1133990_20240314_2258,2024-03-14 22:58:00,2024-03-15 00:00:00,2024-03-14 22:59:00,2024-03-14 23:59:00,62.0,61,Thursday,Friday,22:58,00:00,2024,3,DEVELOPMENT,EXPECTED_DAILY_SESSION_BREAK,EXPECTED_DAILY_SESSION_BREAK,Recurring nightly broker maintenance/session break.,"2024-03-14 22:58:00 -> 2024-03-15 00:00:00: ~62min nightly pause, EU-DST-shifted (hour 22->00) variant; this exact close/reopen-hour pair recurs on the vast majority of weeknights across all 6 dataset years, and the hour flips precisely on EU DST transition weekends.",MEDIUM,False
gapf_1135368_20240315_2257,2024-03-15 22:57:00,2024-03-18 00:00:00,2024-03-15 22:58:00,2024-03-17 23:59:00,2943.0,2942,Friday,Monday,22:57,00:00,2024,3,DEVELOPMENT,EXPECTED_WEEKEND,EXPECTED_WEEKEND,Recurring Friday-to-Monday/Tuesday weekend market closure.,"Friday 22:57 close -> Monday 00:00 reopen, delta=2943min; matches the dataset-wide weekend closure pattern observed on every trading week.",HIGH,False
gapf_1136747_20240318_2258,2024-03-18 22:58:00,2024-03-19 00:00:00,2024-03-18 22:59:00,2024-03-18 23:59:00,62.0,61,Monday,Tuesday,22:58,00:00,2024,3,DEVELOPMENT,EXPECTED_DAILY_SESSION_BREAK,EXPECTED_DAILY_SESSION_BREAK,Recurring nightly broker maintenance/session break.,"2024-03-18 22:58:00 -> 2024-03-19 00:00:00: ~62min nightly pause, EU-DST-shifted (hour 22->00) variant; this exact close/reopen-hour pair recurs on the vast majority of weeknights across all 6 dataset years, and the hour flips precisely on EU DST transition weekends.",MEDIUM,False
gapf_1138126_20240319_2258,2024-03-19 22:58:00,2024-03-20 00:00:00,2024-03-19 22:59:00,2024-03-19 23:59:00,62.0,61,Tuesday,Wednesday,22:58,00:00,2024,3,DEVELOPMENT,EXPECTED_DAILY_SESSION_BREAK,EXPECTED_DAILY_SESSION_BREAK,Recurring nightly broker maintenance/session break.,"2024-03-19 22:58:00 -> 2024-03-20 00:00:00: ~62min nightly pause, EU-DST-shifted (hour 22->00) variant; this exact close/reopen-hour pair recurs on the vast majority of weeknights across all 6 dataset years, and the hour flips precisely on EU DST transition weekends.",MEDIUM,False
gapf_1139505_20240320_2258,2024-03-20 22:58:00,2024-03-21 00:00:00,2024-03-20 22:59:00,2024-03-20 23:59:00,62.0,61,Wednesday,Thursday,22:58,00:00,2024,3,DEVELOPMENT,EXPECTED_DAILY_SESSION_BREAK,EXPECTED_DAILY_SESSION_BREAK,Recurring nightly broker maintenance/session break.,"2024-03-20 22:58:00 -> 2024-03-21 00:00:00: ~62min nightly pause, EU-DST-shifted (hour 22->00) variant; this exact close/reopen-hour pair recurs on the vast majority of weeknights across all 6 dataset years, and the hour flips precisely on EU DST transition weekends.",MEDIUM,False
gapf_1140884_20240321_2258,2024-03-21 22:58:00,2024-03-22 00:00:00,2024-03-21 22:59:00,2024-03-21 23:59:00,62.0,61,Thursday,Friday,22:58,00:00,2024,3,DEVELOPMENT,EXPECTED_DAILY_SESSION_BREAK,EXPECTED_DAILY_SESSION_BREAK,Recurring nightly broker maintenance/session break.,"2024-03-21 22:58:00 -> 2024-03-22 00:00:00: ~62min nightly pause, EU-DST-shifted (hour 22->00) variant; this exact close/reopen-hour pair recurs on the vast majority of weeknights across all 6 dataset years, and the hour flips precisely on EU DST transition weekends.",MEDIUM,False
gapf_1142262_20240322_2257,2024-03-22 22:57:00,2024-03-25 00:00:00,2024-03-22 22:58:00,2024-03-24 23:59:00,2943.0,2942,Friday,Monday,22:57,00:00,2024,3,DEVELOPMENT,EXPECTED_WEEKEND,EXPECTED_WEEKEND,Recurring Friday-to-Monday/Tuesday weekend market closure.,"Friday 22:57 close -> Monday 00:00 reopen, delta=2943min; matches the dataset-wide weekend closure pattern observed on every trading week.",HIGH,False
gapf_1143641_20240325_2258,2024-03-25 22:58:00,2024-03-26 00:00:00,2024-03-25 22:59:00,2024-03-25 23:59:00,62.0,61,Monday,Tuesday,22:58,00:00,2024,3,DEVELOPMENT,EXPECTED_DAILY_SESSION_BREAK,EXPECTED_DAILY_SESSION_BREAK,Recurring nightly broker maintenance/session break.,"2024-03-25 22:58:00 -> 2024-03-26 00:00:00: ~62min nightly pause, EU-DST-shifted (hour 22->00) variant; this exact close/reopen-hour pair recurs on the vast majority of weeknights across all 6 dataset years, and the hour flips precisely on EU DST transition weekends.",MEDIUM,False
gapf_1145020_20240326_2258,2024-03-26 22:58:00,2024-03-27 00:00:00,2024-03-26 22:59:00,2024-03-26 23:59:00,62.0,61,Tuesday,Wednesday,22:58,00:00,2024,3,DEVELOPMENT,EXPECTED_DAILY_SESSION_BREAK,EXPECTED_DAILY_SESSION_BREAK,Recurring nightly broker maintenance/session break.,"2024-03-26 22:58:00 -> 2024-03-27 00:00:00: ~62min nightly pause, EU-DST-shifted (hour 22->00) variant; this exact close/reopen-hour pair recurs on the vast majority of weeknights across all 6 dataset years, and the hour flips precisely on EU DST transition weekends.",MEDIUM,False
gapf_1146399_20240327_2258,2024-03-27 22:58:00,2024-03-28 00:00:00,2024-03-27 22:59:00,2024-03-27 23:59:00,62.0,61,Wednesday,Thursday,22:58,00:00,2024,3,DEVELOPMENT,EXPECTED_DAILY_SESSION_BREAK,EXPECTED_DAILY_SESSION_BREAK,Recurring nightly broker maintenance/session break.,"2024-03-27 22:58:00 -> 2024-03-28 00:00:00: ~62min nightly pause, EU-DST-shifted (hour 22->00) variant; this exact close/reopen-hour pair recurs on the vast majority of weeknights across all 6 dataset years, and the hour flips precisely on EU DST transition weekends.",MEDIUM,False
gapf_1147778_20240328_2258,2024-03-28 22:58:00,2024-04-01 01:00:00,2024-03-28 22:59:00,2024-04-01 00:59:00,4442.0,4441,Thursday,Monday,22:58,01:00,2024,3,DEVELOPMENT,EXPECTED_WEEKEND,EXPECTED_HOLIDAY_OR_CLOSURE,Good Friday / Easter closure.,2024-03-28 22:58:00 falls within the computed Good-Friday/Easter window for 2024 (Easter Sunday 2024-03-31); ~74.0h closure. Only weakly recurring in this specific broker history (not every observed Good Friday produced a distinct extra gap beyond the ordinary weekend).,LOW,True
gapf_1149157_20240401_2358,2024-04-01 23:58:00,2024-04-02 01:00:00,2024-04-01 23:59:00,2024-04-02 00:59:00,62.0,61,Monday,Tuesday,23:58,01:00,2024,4,DEVELOPMENT,SUSPICIOUS_INTRASESSION,EXPECTED_DAILY_SESSION_BREAK,Recurring nightly broker maintenance/session break.,"2024-04-01 23:58:00 -> 2024-04-02 01:00:00: ~62min nightly pause, standard-time (hour 23->01) variant; this exact close/reopen-hour pair recurs on the vast majority of weeknights across all 6 dataset years, and the hour flips precisely on EU DST transition weekends.",MEDIUM,False
gapf_1150536_20240402_2358,2024-04-02 23:58:00,2024-04-03 01:00:00,2024-04-02 23:59:00,2024-04-03 00:59:00,62.0,61,Tuesday,Wednesday,23:58,01:00,2024,4,DEVELOPMENT,SUSPICIOUS_INTRASESSION,EXPECTED_DAILY_SESSION_BREAK,Recurring nightly broker maintenance/session break.,"2024-04-02 23:58:00 -> 2024-04-03 01:00:00: ~62min nightly pause, standard-time (hour 23->01) variant; this exact close/reopen-hour pair recurs on the vast majority of weeknights across all 6 dataset years, and the hour flips precisely on EU DST transition weekends.",MEDIUM,False
gapf_1151915_20240403_2358,2024-04-03 23:58:00,2024-04-04 01:00:00,2024-04-03 23:59:00,2024-04-04 00:59:00,62.0,61,Wednesday,Thursday,23:58,01:00,2024,4,DEVELOPMENT,SUSPICIOUS_INTRASESSION,EXPECTED_DAILY_SESSION_BREAK,Recurring nightly broker maintenance/session break.,"2024-04-03 23:58:00 -> 2024-04-04 01:00:00: ~62min nightly pause, standard-time (hour 23->01) variant; this exact close/reopen-hour pair recurs on the vast majority of weeknights across all 6 dataset years, and the hour flips precisely on EU DST transition weekends.",MEDIUM,False
gapf_1153294_20240404_2358,2024-04-04 23:58:00,2024-04-05 01:00:00,2024-04-04 23:59:00,2024-04-05 00:59:00,62.0,61,Thursday,Friday,23:58,01:00,2024,4,DEVELOPMENT,SUSPICIOUS_INTRASESSION,EXPECTED_DAILY_SESSION_BREAK,Recurring nightly broker maintenance/session break.,"2024-04-04 23:58:00 -> 2024-04-05 01:00:00: ~62min nightly pause, standard-time (hour 23->01) variant; this exact close/reopen-hour pair recurs on the vast majority of weeknights across all 6 dataset years, and the hour flips precisely on EU DST transition weekends.",MEDIUM,False
gapf_1154672_20240405_2357,2024-04-05 23:57:00,2024-04-08 01:00:00,2024-04-05 23:58:00,2024-04-08 00:59:00,2943.0,2942,Friday,Monday,23:57,01:00,2024,4,DEVELOPMENT,EXPECTED_WEEKEND,EXPECTED_WEEKEND,Recurring Friday-to-Monday/Tuesday weekend market closure.,"Friday 23:57 close -> Monday 01:00 reopen, delta=2943min; matches the dataset-wide weekend closure pattern observed on every trading week.",HIGH,False
gapf_1156051_20240408_2358,2024-04-08 23:58:00,2024-04-09 01:00:00,2024-04-08 23:59:00,2024-04-09 00:59:00,62.0,61,Monday,Tuesday,23:58,01:00,2024,4,DEVELOPMENT,SUSPICIOUS_INTRASESSION,EXPECTED_DAILY_SESSION_BREAK,Recurring nightly broker maintenance/session break.,"2024-04-08 23:58:00 -> 2024-04-09 01:00:00: ~62min nightly pause, standard-time (hour 23->01) variant; this exact close/reopen-hour pair recurs on the vast majority of weeknights across all 6 dataset years, and the hour flips precisely on EU DST transition weekends.",MEDIUM,False
gapf_1157430_20240409_2358,2024-04-09 23:58:00,2024-04-10 01:00:00,2024-04-09 23:59:00,2024-04-10 00:59:00,62.0,61,Tuesday,Wednesday,23:58,01:00,2024,4,DEVELOPMENT,SUSPICIOUS_INTRASESSION,EXPECTED_DAILY_SESSION_BREAK,Recurring nightly broker maintenance/session break.,"2024-04-09 23:58:00 -> 2024-04-10 01:00:00: ~62min nightly pause, standard-time (hour 23->01) variant; this exact close/reopen-hour pair recurs on the vast majority of weeknights across all 6 dataset years, and the hour flips precisely on EU DST transition weekends.",MEDIUM,False
gapf_1158809_20240410_2358,2024-04-10 23:58:00,2024-04-11 01:00:00,2024-04-10 23:59:00,2024-04-11 00:59:00,62.0,61,Wednesday,Thursday,23:58,01:00,2024,4,DEVELOPMENT,SUSPICIOUS_INTRASESSION,EXPECTED_DAILY_SESSION_BREAK,Recurring nightly broker maintenance/session break.,"2024-04-10 23:58:00 -> 2024-04-11 01:00:00: ~62min nightly pause, standard-time (hour 23->01) variant; this exact close/reopen-hour pair recurs on the vast majority of weeknights across all 6 dataset years, and the hour flips precisely on EU DST transition weekends.",MEDIUM,False
gapf_1160188_20240411_2358,2024-04-11 23:58:00,2024-04-12 01:00:00,2024-04-11 23:59:00,2024-04-12 00:59:00,62.0,61,Thursday,Friday,23:58,01:00,2024,4,DEVELOPMENT,SUSPICIOUS_INTRASESSION,EXPECTED_DAILY_SESSION_BREAK,Recurring nightly broker maintenance/session break.,"2024-04-11 23:58:00 -> 2024-04-12 01:00:00: ~62min nightly pause, standard-time (hour 23->01) variant; this exact close/reopen-hour pair recurs on the vast majority of weeknights across all 6 dataset years, and the hour flips precisely on EU DST transition weekends.",MEDIUM,False
gapf_1161566_20240412_2357,2024-04-12 23:57:00,2024-04-15 01:00:00,2024-04-12 23:58:00,2024-04-15 00:59:00,2943.0,2942,Friday,Monday,23:57,01:00,2024,4,DEVELOPMENT,EXPECTED_WEEKEND,EXPECTED_WEEKEND,Recurring Friday-to-Monday/Tuesday weekend market closure.,"Friday 23:57 close -> Monday 01:00 reopen, delta=2943min; matches the dataset-wide weekend closure pattern observed on every trading week.",HIGH,False
gapf_1162945_20240415_2358,2024-04-15 23:58:00,2024-04-16 01:00:00,2024-04-15 23:59:00,2024-04-16 00:59:00,62.0,61,Monday,Tuesday,23:58,01:00,2024,4,DEVELOPMENT,SUSPICIOUS_INTRASESSION,EXPECTED_DAILY_SESSION_BREAK,Recurring nightly broker maintenance/session break.,"2024-04-15 23:58:00 -> 2024-04-16 01:00:00: ~62min nightly pause, standard-time (hour 23->01) variant; this exact close/reopen-hour pair recurs on the vast majority of weeknights across all 6 dataset years, and the hour flips precisely on EU DST transition weekends.",MEDIUM,False
gapf_1164324_20240416_2358,2024-04-16 23:58:00,2024-04-17 01:00:00,2024-04-16 23:59:00,2024-04-17 00:59:00,62.0,61,Tuesday,Wednesday,23:58,01:00,2024,4,DEVELOPMENT,SUSPICIOUS_INTRASESSION,EXPECTED_DAILY_SESSION_BREAK,Recurring nightly broker maintenance/session break.,"2024-04-16 23:58:00 -> 2024-04-17 01:00:00: ~62min nightly pause, standard-time (hour 23->01) variant; this exact close/reopen-hour pair recurs on the vast majority of weeknights across all 6 dataset years, and the hour flips precisely on EU DST transition weekends.",MEDIUM,False
gapf_1165703_20240417_2358,2024-04-17 23:58:00,2024-04-18 01:00:00,2024-04-17 23:59:00,2024-04-18 00:59:00,62.0,61,Wednesday,Thursday,23:58,01:00,2024,4,DEVELOPMENT,SUSPICIOUS_INTRASESSION,EXPECTED_DAILY_SESSION_BREAK,Recurring nightly broker maintenance/session break.,"2024-04-17 23:58:00 -> 2024-04-18 01:00:00: ~62min nightly pause, standard-time (hour 23->01) variant; this exact close/reopen-hour pair recurs on the vast majority of weeknights across all 6 dataset years, and the hour flips precisely on EU DST transition weekends.",MEDIUM,False
gapf_1167082_20240418_2358,2024-04-18 23:58:00,2024-04-19 01:00:00,2024-04-18 23:59:00,2024-04-19 00:59:00,62.0,61,Thursday,Friday,23:58,01:00,2024,4,DEVELOPMENT,SUSPICIOUS_INTRASESSION,EXPECTED_DAILY_SESSION_BREAK,Recurring nightly broker maintenance/session break.,"2024-04-18 23:58:00 -> 2024-04-19 01:00:00: ~62min nightly pause, standard-time (hour 23->01) variant; this exact close/reopen-hour pair recurs on the vast majority of weeknights across all 6 dataset years, and the hour flips precisely on EU DST transition weekends.",MEDIUM,False
gapf_1168460_20240419_2357,2024-04-19 23:57:00,2024-04-22 01:00:00,2024-04-19 23:58:00,2024-04-22 00:59:00,2943.0,2942,Friday,Monday,23:57,01:00,2024,4,DEVELOPMENT,EXPECTED_WEEKEND,EXPECTED_WEEKEND,Recurring Friday-to-Monday/Tuesday weekend market closure.,"Friday 23:57 close -> Monday 01:00 reopen, delta=2943min; matches the dataset-wide weekend closure pattern observed on every trading week.",HIGH,False
gapf_1169839_20240422_2358,2024-04-22 23:58:00,2024-04-23 01:00:00,2024-04-22 23:59:00,2024-04-23 00:59:00,62.0,61,Monday,Tuesday,23:58,01:00,2024,4,DEVELOPMENT,SUSPICIOUS_INTRASESSION,EXPECTED_DAILY_SESSION_BREAK,Recurring nightly broker maintenance/session break.,"2024-04-22 23:58:00 -> 2024-04-23 01:00:00: ~62min nightly pause, standard-time (hour 23->01) variant; this exact close/reopen-hour pair recurs on the vast majority of weeknights across all 6 dataset years, and the hour flips precisely on EU DST transition weekends.",MEDIUM,False
gapf_1171218_20240423_2358,2024-04-23 23:58:00,2024-04-24 01:00:00,2024-04-23 23:59:00,2024-04-24 00:59:00,62.0,61,Tuesday,Wednesday,23:58,01:00,2024,4,DEVELOPMENT,SUSPICIOUS_INTRASESSION,EXPECTED_DAILY_SESSION_BREAK,Recurring nightly broker maintenance/session break.,"2024-04-23 23:58:00 -> 2024-04-24 01:00:00: ~62min nightly pause, standard-time (hour 23->01) variant; this exact close/reopen-hour pair recurs on the vast majority of weeknights across all 6 dataset years, and the hour flips precisely on EU DST transition weekends.",MEDIUM,False
gapf_1172597_20240424_2358,2024-04-24 23:58:00,2024-04-25 01:00:00,2024-04-24 23:59:00,2024-04-25 00:59:00,62.0,61,Wednesday,Thursday,23:58,01:00,2024,4,DEVELOPMENT,SUSPICIOUS_INTRASESSION,EXPECTED_DAILY_SESSION_BREAK,Recurring nightly broker maintenance/session break.,"2024-04-24 23:58:00 -> 2024-04-25 01:00:00: ~62min nightly pause, standard-time (hour 23->01) variant; this exact close/reopen-hour pair recurs on the vast majority of weeknights across all 6 dataset years, and the hour flips precisely on EU DST transition weekends.",MEDIUM,False
gapf_1173976_20240425_2358,2024-04-25 23:58:00,2024-04-26 01:00:00,2024-04-25 23:59:00,2024-04-26 00:59:00,62.0,61,Thursday,Friday,23:58,01:00,2024,4,DEVELOPMENT,SUSPICIOUS_INTRASESSION,EXPECTED_DAILY_SESSION_BREAK,Recurring nightly broker maintenance/session break.,"2024-04-25 23:58:00 -> 2024-04-26 01:00:00: ~62min nightly pause, standard-time (hour 23->01) variant; this exact close/reopen-hour pair recurs on the vast majority of weeknights across all 6 dataset years, and the hour flips precisely on EU DST transition weekends.",MEDIUM,False
gapf_1175354_20240426_2357,2024-04-26 23:57:00,2024-04-29 01:00:00,2024-04-26 23:58:00,2024-04-29 00:59:00,2943.0,2942,Friday,Monday,23:57,01:00,2024,4,DEVELOPMENT,EXPECTED_WEEKEND,EXPECTED_WEEKEND,Recurring Friday-to-Monday/Tuesday weekend market closure.,"Friday 23:57 close -> Monday 01:00 reopen, delta=2943min; matches the dataset-wide weekend closure pattern observed on every trading week.",HIGH,False
gapf_1176733_20240429_2358,2024-04-29 23:58:00,2024-04-30 01:00:00,2024-04-29 23:59:00,2024-04-30 00:59:00,62.0,61,Monday,Tuesday,23:58,01:00,2024,4,DEVELOPMENT,SUSPICIOUS_INTRASESSION,EXPECTED_DAILY_SESSION_BREAK,Recurring nightly broker maintenance/session break.,"2024-04-29 23:58:00 -> 2024-04-30 01:00:00: ~62min nightly pause, standard-time (hour 23->01) variant; this exact close/reopen-hour pair recurs on the vast majority of weeknights across all 6 dataset years, and the hour flips precisely on EU DST transition weekends.",MEDIUM,False
gapf_1178112_20240430_2358,2024-04-30 23:58:00,2024-05-01 01:00:00,2024-04-30 23:59:00,2024-05-01 00:59:00,62.0,61,Tuesday,Wednesday,23:58,01:00,2024,4,DEVELOPMENT,SUSPICIOUS_INTRASESSION,EXPECTED_DAILY_SESSION_BREAK,Recurring nightly broker maintenance/session break.,"2024-04-30 23:58:00 -> 2024-05-01 01:00:00: ~62min nightly pause, standard-time (hour 23->01) variant; this exact close/reopen-hour pair recurs on the vast majority of weeknights across all 6 dataset years, and the hour flips precisely on EU DST transition weekends.",MEDIUM,False
gapf_1179491_20240501_2358,2024-05-01 23:58:00,2024-05-02 01:00:00,2024-05-01 23:59:00,2024-05-02 00:59:00,62.0,61,Wednesday,Thursday,23:58,01:00,2024,5,DEVELOPMENT,SUSPICIOUS_INTRASESSION,EXPECTED_DAILY_SESSION_BREAK,Recurring nightly broker maintenance/session break.,"2024-05-01 23:58:00 -> 2024-05-02 01:00:00: ~62min nightly pause, standard-time (hour 23->01) variant; this exact close/reopen-hour pair recurs on the vast majority of weeknights across all 6 dataset years, and the hour flips precisely on EU DST transition weekends.",MEDIUM,False
gapf_1180870_20240502_2358,2024-05-02 23:58:00,2024-05-03 01:00:00,2024-05-02 23:59:00,2024-05-03 00:59:00,62.0,61,Thursday,Friday,23:58,01:00,2024,5,DEVELOPMENT,SUSPICIOUS_INTRASESSION,EXPECTED_DAILY_SESSION_BREAK,Recurring nightly broker maintenance/session break.,"2024-05-02 23:58:00 -> 2024-05-03 01:00:00: ~62min nightly pause, standard-time (hour 23->01) variant; this exact close/reopen-hour pair recurs on the vast majority of weeknights across all 6 dataset years, and the hour flips precisely on EU DST transition weekends.",MEDIUM,False
gapf_1182248_20240503_2357,2024-05-03 23:57:00,2024-05-06 01:00:00,2024-05-03 23:58:00,2024-05-06 00:59:00,2943.0,2942,Friday,Monday,23:57,01:00,2024,5,DEVELOPMENT,EXPECTED_WEEKEND,EXPECTED_WEEKEND,Recurring Friday-to-Monday/Tuesday weekend market closure.,"Friday 23:57 close -> Monday 01:00 reopen, delta=2943min; matches the dataset-wide weekend closure pattern observed on every trading week.",HIGH,False
gapf_1183627_20240506_2358,2024-05-06 23:58:00,2024-05-07 01:00:00,2024-05-06 23:59:00,2024-05-07 00:59:00,62.0,61,Monday,Tuesday,23:58,01:00,2024,5,DEVELOPMENT,SUSPICIOUS_INTRASESSION,EXPECTED_DAILY_SESSION_BREAK,Recurring nightly broker maintenance/session break.,"2024-05-06 23:58:00 -> 2024-05-07 01:00:00: ~62min nightly pause, standard-time (hour 23->01) variant; this exact close/reopen-hour pair recurs on the vast majority of weeknights across all 6 dataset years, and the hour flips precisely on EU DST transition weekends.",MEDIUM,False
gapf_1185006_20240507_2358,2024-05-07 23:58:00,2024-05-08 01:00:00,2024-05-07 23:59:00,2024-05-08 00:59:00,62.0,61,Tuesday,Wednesday,23:58,01:00,2024,5,DEVELOPMENT,SUSPICIOUS_INTRASESSION,EXPECTED_DAILY_SESSION_BREAK,Recurring nightly broker maintenance/session break.,"2024-05-07 23:58:00 -> 2024-05-08 01:00:00: ~62min nightly pause, standard-time (hour 23->01) variant; this exact close/reopen-hour pair recurs on the vast majority of weeknights across all 6 dataset years, and the hour flips precisely on EU DST transition weekends.",MEDIUM,False
gapf_1185095_20240508_0228,2024-05-08 02:28:00,2024-05-08 02:30:00,2024-05-08 02:29:00,2024-05-08 02:29:00,2.0,1,Wednesday,Wednesday,02:28,02:30,2024,5,DEVELOPMENT,LIKELY_PROVIDER_HISTORY_GAP,LIKELY_PROVIDER_HISTORY_GAP,"Isolated small active-session gap, no recurring pattern.","2024-05-08 02:28:00 -> 2024-05-08 02:30:00: isolated 1-bar active-session gap; does not match weekend, session-break, or holiday patterns; below the empirically observed natural break in the missing-bar distribution (no residual gap observed between 9 and 214 missing bars).",LOW,True
gapf_1186384_20240508_2358,2024-05-08 23:58:00,2024-05-09 01:00:00,2024-05-08 23:59:00,2024-05-09 00:59:00,62.0,61,Wednesday,Thursday,23:58,01:00,2024,5,DEVELOPMENT,SUSPICIOUS_INTRASESSION,EXPECTED_DAILY_SESSION_BREAK,Recurring nightly broker maintenance/session break.,"2024-05-08 23:58:00 -> 2024-05-09 01:00:00: ~62min nightly pause, standard-time (hour 23->01) variant; this exact close/reopen-hour pair recurs on the vast majority of weeknights across all 6 dataset years, and the hour flips precisely on EU DST transition weekends.",MEDIUM,False
gapf_1187763_20240509_2358,2024-05-09 23:58:00,2024-05-10 01:00:00,2024-05-09 23:59:00,2024-05-10 00:59:00,62.0,61,Thursday,Friday,23:58,01:00,2024,5,DEVELOPMENT,SUSPICIOUS_INTRASESSION,EXPECTED_DAILY_SESSION_BREAK,Recurring nightly broker maintenance/session break.,"2024-05-09 23:58:00 -> 2024-05-10 01:00:00: ~62min nightly pause, standard-time (hour 23->01) variant; this exact close/reopen-hour pair recurs on the vast majority of weeknights across all 6 dataset years, and the hour flips precisely on EU DST transition weekends.",MEDIUM,False
gapf_1189141_20240510_2357,2024-05-10 23:57:00,2024-05-13 01:00:00,2024-05-10 23:58:00,2024-05-13 00:59:00,2943.0,2942,Friday,Monday,23:57,01:00,2024,5,DEVELOPMENT,EXPECTED_WEEKEND,EXPECTED_WEEKEND,Recurring Friday-to-Monday/Tuesday weekend market closure.,"Friday 23:57 close -> Monday 01:00 reopen, delta=2943min; matches the dataset-wide weekend closure pattern observed on every trading week.",HIGH,False
gapf_1190520_20240513_2358,2024-05-13 23:58:00,2024-05-14 01:00:00,2024-05-13 23:59:00,2024-05-14 00:59:00,62.0,61,Monday,Tuesday,23:58,01:00,2024,5,DEVELOPMENT,SUSPICIOUS_INTRASESSION,EXPECTED_DAILY_SESSION_BREAK,Recurring nightly broker maintenance/session break.,"2024-05-13 23:58:00 -> 2024-05-14 01:00:00: ~62min nightly pause, standard-time (hour 23->01) variant; this exact close/reopen-hour pair recurs on the vast majority of weeknights across all 6 dataset years, and the hour flips precisely on EU DST transition weekends.",MEDIUM,False
gapf_1190599_20240514_0218,2024-05-14 02:18:00,2024-05-14 02:20:00,2024-05-14 02:19:00,2024-05-14 02:19:00,2.0,1,Tuesday,Tuesday,02:18,02:20,2024,5,DEVELOPMENT,LIKELY_PROVIDER_HISTORY_GAP,LIKELY_PROVIDER_HISTORY_GAP,"Isolated small active-session gap, no recurring pattern.","2024-05-14 02:18:00 -> 2024-05-14 02:20:00: isolated 1-bar active-session gap; does not match weekend, session-break, or holiday patterns; below the empirically observed natural break in the missing-bar distribution (no residual gap observed between 9 and 214 missing bars).",LOW,True
gapf_1191898_20240514_2358,2024-05-14 23:58:00,2024-05-15 01:00:00,2024-05-14 23:59:00,2024-05-15 00:59:00,62.0,61,Tuesday,Wednesday,23:58,01:00,2024,5,DEVELOPMENT,SUSPICIOUS_INTRASESSION,EXPECTED_DAILY_SESSION_BREAK,Recurring nightly broker maintenance/session break.,"2024-05-14 23:58:00 -> 2024-05-15 01:00:00: ~62min nightly pause, standard-time (hour 23->01) variant; this exact close/reopen-hour pair recurs on the vast majority of weeknights across all 6 dataset years, and the hour flips precisely on EU DST transition weekends.",MEDIUM,False
gapf_1193277_20240515_2358,2024-05-15 23:58:00,2024-05-16 01:00:00,2024-05-15 23:59:00,2024-05-16 00:59:00,62.0,61,Wednesday,Thursday,23:58,01:00,2024,5,DEVELOPMENT,SUSPICIOUS_INTRASESSION,EXPECTED_DAILY_SESSION_BREAK,Recurring nightly broker maintenance/session break.,"2024-05-15 23:58:00 -> 2024-05-16 01:00:00: ~62min nightly pause, standard-time (hour 23->01) variant; this exact close/reopen-hour pair recurs on the vast majority of weeknights across all 6 dataset years, and the hour flips precisely on EU DST transition weekends.",MEDIUM,False
gapf_1194656_20240516_2358,2024-05-16 23:58:00,2024-05-17 01:00:00,2024-05-16 23:59:00,2024-05-17 00:59:00,62.0,61,Thursday,Friday,23:58,01:00,2024,5,DEVELOPMENT,SUSPICIOUS_INTRASESSION,EXPECTED_DAILY_SESSION_BREAK,Recurring nightly broker maintenance/session break.,"2024-05-16 23:58:00 -> 2024-05-17 01:00:00: ~62min nightly pause, standard-time (hour 23->01) variant; this exact close/reopen-hour pair recurs on the vast majority of weeknights across all 6 dataset years, and the hour flips precisely on EU DST transition weekends.",MEDIUM,False
gapf_1196034_20240517_2357,2024-05-17 23:57:00,2024-05-20 01:00:00,2024-05-17 23:58:00,2024-05-20 00:59:00,2943.0,2942,Friday,Monday,23:57,01:00,2024,5,DEVELOPMENT,EXPECTED_WEEKEND,EXPECTED_WEEKEND,Recurring Friday-to-Monday/Tuesday weekend market closure.,"Friday 23:57 close -> Monday 01:00 reopen, delta=2943min; matches the dataset-wide weekend closure pattern observed on every trading week.",HIGH,False
gapf_1197413_20240520_2358,2024-05-20 23:58:00,2024-05-21 01:00:00,2024-05-20 23:59:00,2024-05-21 00:59:00,62.0,61,Monday,Tuesday,23:58,01:00,2024,5,DEVELOPMENT,SUSPICIOUS_INTRASESSION,EXPECTED_DAILY_SESSION_BREAK,Recurring nightly broker maintenance/session break.,"2024-05-20 23:58:00 -> 2024-05-21 01:00:00: ~62min nightly pause, standard-time (hour 23->01) variant; this exact close/reopen-hour pair recurs on the vast majority of weeknights across all 6 dataset years, and the hour flips precisely on EU DST transition weekends.",MEDIUM,False
gapf_1198792_20240521_2358,2024-05-21 23:58:00,2024-05-22 01:00:00,2024-05-21 23:59:00,2024-05-22 00:59:00,62.0,61,Tuesday,Wednesday,23:58,01:00,2024,5,DEVELOPMENT,SUSPICIOUS_INTRASESSION,EXPECTED_DAILY_SESSION_BREAK,Recurring nightly broker maintenance/session break.,"2024-05-21 23:58:00 -> 2024-05-22 01:00:00: ~62min nightly pause, standard-time (hour 23->01) variant; this exact close/reopen-hour pair recurs on the vast majority of weeknights across all 6 dataset years, and the hour flips precisely on EU DST transition weekends.",MEDIUM,False
gapf_1200171_20240522_2358,2024-05-22 23:58:00,2024-05-23 01:00:00,2024-05-22 23:59:00,2024-05-23 00:59:00,62.0,61,Wednesday,Thursday,23:58,01:00,2024,5,DEVELOPMENT,SUSPICIOUS_INTRASESSION,EXPECTED_DAILY_SESSION_BREAK,Recurring nightly broker maintenance/session break.,"2024-05-22 23:58:00 -> 2024-05-23 01:00:00: ~62min nightly pause, standard-time (hour 23->01) variant; this exact close/reopen-hour pair recurs on the vast majority of weeknights across all 6 dataset years, and the hour flips precisely on EU DST transition weekends.",MEDIUM,False
gapf_1201550_20240523_2358,2024-05-23 23:58:00,2024-05-24 01:00:00,2024-05-23 23:59:00,2024-05-24 00:59:00,62.0,61,Thursday,Friday,23:58,01:00,2024,5,DEVELOPMENT,SUSPICIOUS_INTRASESSION,EXPECTED_DAILY_SESSION_BREAK,Recurring nightly broker maintenance/session break.,"2024-05-23 23:58:00 -> 2024-05-24 01:00:00: ~62min nightly pause, standard-time (hour 23->01) variant; this exact close/reopen-hour pair recurs on the vast majority of weeknights across all 6 dataset years, and the hour flips precisely on EU DST transition weekends.",MEDIUM,False
gapf_1202928_20240524_2357,2024-05-24 23:57:00,2024-05-27 01:00:00,2024-05-24 23:58:00,2024-05-27 00:59:00,2943.0,2942,Friday,Monday,23:57,01:00,2024,5,DEVELOPMENT,EXPECTED_WEEKEND,EXPECTED_WEEKEND,Recurring Friday-to-Monday/Tuesday weekend market closure.,"Friday 23:57 close -> Monday 01:00 reopen, delta=2943min; matches the dataset-wide weekend closure pattern observed on every trading week.",HIGH,False
gapf_1204154_20240527_2125,2024-05-27 21:25:00,2024-05-28 01:00:00,2024-05-27 21:26:00,2024-05-28 00:59:00,215.0,214,Monday,Tuesday,21:25,01:00,2024,5,DEVELOPMENT,SUSPICIOUS_INTRASESSION,EXPECTED_HOLIDAY_OR_CLOSURE,US federal market holiday early close (MEMORIAL_DAY).,"2024-05-27 21:25:00 matches computed US federal holiday date (MEMORIAL_DAY); early close at 21:25 UTC, reopen 01:00 UTC next day; recurring pattern observed across multiple dataset years.",MEDIUM,False
gapf_1205533_20240528_2358,2024-05-28 23:58:00,2024-05-29 01:00:00,2024-05-28 23:59:00,2024-05-29 00:59:00,62.0,61,Tuesday,Wednesday,23:58,01:00,2024,5,DEVELOPMENT,SUSPICIOUS_INTRASESSION,EXPECTED_DAILY_SESSION_BREAK,Recurring nightly broker maintenance/session break.,"2024-05-28 23:58:00 -> 2024-05-29 01:00:00: ~62min nightly pause, standard-time (hour 23->01) variant; this exact close/reopen-hour pair recurs on the vast majority of weeknights across all 6 dataset years, and the hour flips precisely on EU DST transition weekends.",MEDIUM,False
gapf_1206912_20240529_2358,2024-05-29 23:58:00,2024-05-30 01:00:00,2024-05-29 23:59:00,2024-05-30 00:59:00,62.0,61,Wednesday,Thursday,23:58,01:00,2024,5,DEVELOPMENT,SUSPICIOUS_INTRASESSION,EXPECTED_DAILY_SESSION_BREAK,Recurring nightly broker maintenance/session break.,"2024-05-29 23:58:00 -> 2024-05-30 01:00:00: ~62min nightly pause, standard-time (hour 23->01) variant; this exact close/reopen-hour pair recurs on the vast majority of weeknights across all 6 dataset years, and the hour flips precisely on EU DST transition weekends.",MEDIUM,False
gapf_1208291_20240530_2358,2024-05-30 23:58:00,2024-05-31 01:00:00,2024-05-30 23:59:00,2024-05-31 00:59:00,62.0,61,Thursday,Friday,23:58,01:00,2024,5,DEVELOPMENT,SUSPICIOUS_INTRASESSION,EXPECTED_DAILY_SESSION_BREAK,Recurring nightly broker maintenance/session break.,"2024-05-30 23:58:00 -> 2024-05-31 01:00:00: ~62min nightly pause, standard-time (hour 23->01) variant; this exact close/reopen-hour pair recurs on the vast majority of weeknights across all 6 dataset years, and the hour flips precisely on EU DST transition weekends.",MEDIUM,False
gapf_1209669_20240531_2357,2024-05-31 23:57:00,2024-06-03 01:00:00,2024-05-31 23:58:00,2024-06-03 00:59:00,2943.0,2942,Friday,Monday,23:57,01:00,2024,5,DEVELOPMENT,EXPECTED_WEEKEND,EXPECTED_WEEKEND,Recurring Friday-to-Monday/Tuesday weekend market closure.,"Friday 23:57 close -> Monday 01:00 reopen, delta=2943min; matches the dataset-wide weekend closure pattern observed on every trading week.",HIGH,False
gapf_1211048_20240603_2358,2024-06-03 23:58:00,2024-06-04 01:00:00,2024-06-03 23:59:00,2024-06-04 00:59:00,62.0,61,Monday,Tuesday,23:58,01:00,2024,6,DEVELOPMENT,SUSPICIOUS_INTRASESSION,EXPECTED_DAILY_SESSION_BREAK,Recurring nightly broker maintenance/session break.,"2024-06-03 23:58:00 -> 2024-06-04 01:00:00: ~62min nightly pause, standard-time (hour 23->01) variant; this exact close/reopen-hour pair recurs on the vast majority of weeknights across all 6 dataset years, and the hour flips precisely on EU DST transition weekends.",MEDIUM,False
gapf_1212427_20240604_2358,2024-06-04 23:58:00,2024-06-05 01:00:00,2024-06-04 23:59:00,2024-06-05 00:59:00,62.0,61,Tuesday,Wednesday,23:58,01:00,2024,6,DEVELOPMENT,SUSPICIOUS_INTRASESSION,EXPECTED_DAILY_SESSION_BREAK,Recurring nightly broker maintenance/session break.,"2024-06-04 23:58:00 -> 2024-06-05 01:00:00: ~62min nightly pause, standard-time (hour 23->01) variant; this exact close/reopen-hour pair recurs on the vast majority of weeknights across all 6 dataset years, and the hour flips precisely on EU DST transition weekends.",MEDIUM,False
gapf_1213806_20240605_2358,2024-06-05 23:58:00,2024-06-06 01:00:00,2024-06-05 23:59:00,2024-06-06 00:59:00,62.0,61,Wednesday,Thursday,23:58,01:00,2024,6,DEVELOPMENT,SUSPICIOUS_INTRASESSION,EXPECTED_DAILY_SESSION_BREAK,Recurring nightly broker maintenance/session break.,"2024-06-05 23:58:00 -> 2024-06-06 01:00:00: ~62min nightly pause, standard-time (hour 23->01) variant; this exact close/reopen-hour pair recurs on the vast majority of weeknights across all 6 dataset years, and the hour flips precisely on EU DST transition weekends.",MEDIUM,False
gapf_1215185_20240606_2358,2024-06-06 23:58:00,2024-06-07 01:00:00,2024-06-06 23:59:00,2024-06-07 00:59:00,62.0,61,Thursday,Friday,23:58,01:00,2024,6,DEVELOPMENT,SUSPICIOUS_INTRASESSION,EXPECTED_DAILY_SESSION_BREAK,Recurring nightly broker maintenance/session break.,"2024-06-06 23:58:00 -> 2024-06-07 01:00:00: ~62min nightly pause, standard-time (hour 23->01) variant; this exact close/reopen-hour pair recurs on the vast majority of weeknights across all 6 dataset years, and the hour flips precisely on EU DST transition weekends.",MEDIUM,False
gapf_1216563_20240607_2357,2024-06-07 23:57:00,2024-06-10 01:00:00,2024-06-07 23:58:00,2024-06-10 00:59:00,2943.0,2942,Friday,Monday,23:57,01:00,2024,6,DEVELOPMENT,EXPECTED_WEEKEND,EXPECTED_WEEKEND,Recurring Friday-to-Monday/Tuesday weekend market closure.,"Friday 23:57 close -> Monday 01:00 reopen, delta=2943min; matches the dataset-wide weekend closure pattern observed on every trading week.",HIGH,False
gapf_1217942_20240610_2358,2024-06-10 23:58:00,2024-06-11 01:00:00,2024-06-10 23:59:00,2024-06-11 00:59:00,62.0,61,Monday,Tuesday,23:58,01:00,2024,6,DEVELOPMENT,SUSPICIOUS_INTRASESSION,EXPECTED_DAILY_SESSION_BREAK,Recurring nightly broker maintenance/session break.,"2024-06-10 23:58:00 -> 2024-06-11 01:00:00: ~62min nightly pause, standard-time (hour 23->01) variant; this exact close/reopen-hour pair recurs on the vast majority of weeknights across all 6 dataset years, and the hour flips precisely on EU DST transition weekends.",MEDIUM,False
gapf_1219321_20240611_2358,2024-06-11 23:58:00,2024-06-12 01:00:00,2024-06-11 23:59:00,2024-06-12 00:59:00,62.0,61,Tuesday,Wednesday,23:58,01:00,2024,6,DEVELOPMENT,SUSPICIOUS_INTRASESSION,EXPECTED_DAILY_SESSION_BREAK,Recurring nightly broker maintenance/session break.,"2024-06-11 23:58:00 -> 2024-06-12 01:00:00: ~62min nightly pause, standard-time (hour 23->01) variant; this exact close/reopen-hour pair recurs on the vast majority of weeknights across all 6 dataset years, and the hour flips precisely on EU DST transition weekends.",MEDIUM,False
gapf_1220700_20240612_2358,2024-06-12 23:58:00,2024-06-13 01:00:00,2024-06-12 23:59:00,2024-06-13 00:59:00,62.0,61,Wednesday,Thursday,23:58,01:00,2024,6,DEVELOPMENT,SUSPICIOUS_INTRASESSION,EXPECTED_DAILY_SESSION_BREAK,Recurring nightly broker maintenance/session break.,"2024-06-12 23:58:00 -> 2024-06-13 01:00:00: ~62min nightly pause, standard-time (hour 23->01) variant; this exact close/reopen-hour pair recurs on the vast majority of weeknights across all 6 dataset years, and the hour flips precisely on EU DST transition weekends.",MEDIUM,False
gapf_1222079_20240613_2358,2024-06-13 23:58:00,2024-06-14 01:00:00,2024-06-13 23:59:00,2024-06-14 00:59:00,62.0,61,Thursday,Friday,23:58,01:00,2024,6,DEVELOPMENT,SUSPICIOUS_INTRASESSION,EXPECTED_DAILY_SESSION_BREAK,Recurring nightly broker maintenance/session break.,"2024-06-13 23:58:00 -> 2024-06-14 01:00:00: ~62min nightly pause, standard-time (hour 23->01) variant; this exact close/reopen-hour pair recurs on the vast majority of weeknights across all 6 dataset years, and the hour flips precisely on EU DST transition weekends.",MEDIUM,False
gapf_1223457_20240614_2357,2024-06-14 23:57:00,2024-06-17 01:00:00,2024-06-14 23:58:00,2024-06-17 00:59:00,2943.0,2942,Friday,Monday,23:57,01:00,2024,6,DEVELOPMENT,EXPECTED_WEEKEND,EXPECTED_WEEKEND,Recurring Friday-to-Monday/Tuesday weekend market closure.,"Friday 23:57 close -> Monday 01:00 reopen, delta=2943min; matches the dataset-wide weekend closure pattern observed on every trading week.",HIGH,False
gapf_1223537_20240617_0219,2024-06-17 02:19:00,2024-06-17 02:21:00,2024-06-17 02:20:00,2024-06-17 02:20:00,2.0,1,Monday,Monday,02:19,02:21,2024,6,DEVELOPMENT,LIKELY_PROVIDER_HISTORY_GAP,LIKELY_PROVIDER_HISTORY_GAP,"Isolated small active-session gap, no recurring pattern.","2024-06-17 02:19:00 -> 2024-06-17 02:21:00: isolated 1-bar active-session gap; does not match weekend, session-break, or holiday patterns; below the empirically observed natural break in the missing-bar distribution (no residual gap observed between 9 and 214 missing bars).",LOW,True
gapf_1224835_20240617_2358,2024-06-17 23:58:00,2024-06-18 01:00:00,2024-06-17 23:59:00,2024-06-18 00:59:00,62.0,61,Monday,Tuesday,23:58,01:00,2024,6,DEVELOPMENT,SUSPICIOUS_INTRASESSION,EXPECTED_DAILY_SESSION_BREAK,Recurring nightly broker maintenance/session break.,"2024-06-17 23:58:00 -> 2024-06-18 01:00:00: ~62min nightly pause, standard-time (hour 23->01) variant; this exact close/reopen-hour pair recurs on the vast majority of weeknights across all 6 dataset years, and the hour flips precisely on EU DST transition weekends.",MEDIUM,False
gapf_1224850_20240618_0114,2024-06-18 01:14:00,2024-06-18 01:16:00,2024-06-18 01:15:00,2024-06-18 01:15:00,2.0,1,Tuesday,Tuesday,01:14,01:16,2024,6,DEVELOPMENT,LIKELY_PROVIDER_HISTORY_GAP,LIKELY_PROVIDER_HISTORY_GAP,"Isolated small active-session gap, no recurring pattern.","2024-06-18 01:14:00 -> 2024-06-18 01:16:00: isolated 1-bar active-session gap; does not match weekend, session-break, or holiday patterns; below the empirically observed natural break in the missing-bar distribution (no residual gap observed between 9 and 214 missing bars).",LOW,True
gapf_1226213_20240618_2358,2024-06-18 23:58:00,2024-06-19 01:00:00,2024-06-18 23:59:00,2024-06-19 00:59:00,62.0,61,Tuesday,Wednesday,23:58,01:00,2024,6,DEVELOPMENT,SUSPICIOUS_INTRASESSION,EXPECTED_DAILY_SESSION_BREAK,Recurring nightly broker maintenance/session break.,"2024-06-18 23:58:00 -> 2024-06-19 01:00:00: ~62min nightly pause, standard-time (hour 23->01) variant; this exact close/reopen-hour pair recurs on the vast majority of weeknights across all 6 dataset years, and the hour flips precisely on EU DST transition weekends.",MEDIUM,False
gapf_1227439_20240619_2125,2024-06-19 21:25:00,2024-06-20 01:00:00,2024-06-19 21:26:00,2024-06-20 00:59:00,215.0,214,Wednesday,Thursday,21:25,01:00,2024,6,DEVELOPMENT,SUSPICIOUS_INTRASESSION,EXPECTED_HOLIDAY_OR_CLOSURE,US federal market holiday early close (JUNETEENTH).,"2024-06-19 21:25:00 matches computed US federal holiday date (JUNETEENTH); early close at 21:25 UTC, reopen 01:00 UTC next day; recurring pattern observed across multiple dataset years.",MEDIUM,False
gapf_1228818_20240620_2358,2024-06-20 23:58:00,2024-06-21 01:00:00,2024-06-20 23:59:00,2024-06-21 00:59:00,62.0,61,Thursday,Friday,23:58,01:00,2024,6,DEVELOPMENT,SUSPICIOUS_INTRASESSION,EXPECTED_DAILY_SESSION_BREAK,Recurring nightly broker maintenance/session break.,"2024-06-20 23:58:00 -> 2024-06-21 01:00:00: ~62min nightly pause, standard-time (hour 23->01) variant; this exact close/reopen-hour pair recurs on the vast majority of weeknights across all 6 dataset years, and the hour flips precisely on EU DST transition weekends.",MEDIUM,False
gapf_1230196_20240621_2357,2024-06-21 23:57:00,2024-06-24 01:00:00,2024-06-21 23:58:00,2024-06-24 00:59:00,2943.0,2942,Friday,Monday,23:57,01:00,2024,6,DEVELOPMENT,EXPECTED_WEEKEND,EXPECTED_WEEKEND,Recurring Friday-to-Monday/Tuesday weekend market closure.,"Friday 23:57 close -> Monday 01:00 reopen, delta=2943min; matches the dataset-wide weekend closure pattern observed on every trading week.",HIGH,False
gapf_1231575_20240624_2358,2024-06-24 23:58:00,2024-06-25 01:00:00,2024-06-24 23:59:00,2024-06-25 00:59:00,62.0,61,Monday,Tuesday,23:58,01:00,2024,6,DEVELOPMENT,SUSPICIOUS_INTRASESSION,EXPECTED_DAILY_SESSION_BREAK,Recurring nightly broker maintenance/session break.,"2024-06-24 23:58:00 -> 2024-06-25 01:00:00: ~62min nightly pause, standard-time (hour 23->01) variant; this exact close/reopen-hour pair recurs on the vast majority of weeknights across all 6 dataset years, and the hour flips precisely on EU DST transition weekends.",MEDIUM,False
gapf_1232954_20240625_2358,2024-06-25 23:58:00,2024-06-26 01:00:00,2024-06-25 23:59:00,2024-06-26 00:59:00,62.0,61,Tuesday,Wednesday,23:58,01:00,2024,6,DEVELOPMENT,SUSPICIOUS_INTRASESSION,EXPECTED_DAILY_SESSION_BREAK,Recurring nightly broker maintenance/session break.,"2024-06-25 23:58:00 -> 2024-06-26 01:00:00: ~62min nightly pause, standard-time (hour 23->01) variant; this exact close/reopen-hour pair recurs on the vast majority of weeknights across all 6 dataset years, and the hour flips precisely on EU DST transition weekends.",MEDIUM,False
gapf_1234333_20240626_2358,2024-06-26 23:58:00,2024-06-27 01:00:00,2024-06-26 23:59:00,2024-06-27 00:59:00,62.0,61,Wednesday,Thursday,23:58,01:00,2024,6,DEVELOPMENT,SUSPICIOUS_INTRASESSION,EXPECTED_DAILY_SESSION_BREAK,Recurring nightly broker maintenance/session break.,"2024-06-26 23:58:00 -> 2024-06-27 01:00:00: ~62min nightly pause, standard-time (hour 23->01) variant; this exact close/reopen-hour pair recurs on the vast majority of weeknights across all 6 dataset years, and the hour flips precisely on EU DST transition weekends.",MEDIUM,False
gapf_1235712_20240627_2358,2024-06-27 23:58:00,2024-06-28 01:00:00,2024-06-27 23:59:00,2024-06-28 00:59:00,62.0,61,Thursday,Friday,23:58,01:00,2024,6,DEVELOPMENT,SUSPICIOUS_INTRASESSION,EXPECTED_DAILY_SESSION_BREAK,Recurring nightly broker maintenance/session break.,"2024-06-27 23:58:00 -> 2024-06-28 01:00:00: ~62min nightly pause, standard-time (hour 23->01) variant; this exact close/reopen-hour pair recurs on the vast majority of weeknights across all 6 dataset years, and the hour flips precisely on EU DST transition weekends.",MEDIUM,False
gapf_1237090_20240628_2357,2024-06-28 23:57:00,2024-07-01 01:00:00,2024-06-28 23:58:00,2024-07-01 00:59:00,2943.0,2942,Friday,Monday,23:57,01:00,2024,6,DEVELOPMENT,EXPECTED_WEEKEND,EXPECTED_WEEKEND,Recurring Friday-to-Monday/Tuesday weekend market closure.,"Friday 23:57 close -> Monday 01:00 reopen, delta=2943min; matches the dataset-wide weekend closure pattern observed on every trading week.",HIGH,False
gapf_1238469_20240701_2358,2024-07-01 23:58:00,2024-07-02 01:00:00,2024-07-01 23:59:00,2024-07-02 00:59:00,62.0,61,Monday,Tuesday,23:58,01:00,2024,7,DEVELOPMENT,SUSPICIOUS_INTRASESSION,EXPECTED_DAILY_SESSION_BREAK,Recurring nightly broker maintenance/session break.,"2024-07-01 23:58:00 -> 2024-07-02 01:00:00: ~62min nightly pause, standard-time (hour 23->01) variant; this exact close/reopen-hour pair recurs on the vast majority of weeknights across all 6 dataset years, and the hour flips precisely on EU DST transition weekends.",MEDIUM,False
gapf_1238509_20240702_0139,2024-07-02 01:39:00,2024-07-02 01:41:00,2024-07-02 01:40:00,2024-07-02 01:40:00,2.0,1,Tuesday,Tuesday,01:39,01:41,2024,7,DEVELOPMENT,LIKELY_PROVIDER_HISTORY_GAP,LIKELY_PROVIDER_HISTORY_GAP,"Isolated small active-session gap, no recurring pattern.","2024-07-02 01:39:00 -> 2024-07-02 01:41:00: isolated 1-bar active-session gap; does not match weekend, session-break, or holiday patterns; below the empirically observed natural break in the missing-bar distribution (no residual gap observed between 9 and 214 missing bars).",LOW,True
gapf_1239847_20240702_2358,2024-07-02 23:58:00,2024-07-03 01:00:00,2024-07-02 23:59:00,2024-07-03 00:59:00,62.0,61,Tuesday,Wednesday,23:58,01:00,2024,7,DEVELOPMENT,SUSPICIOUS_INTRASESSION,EXPECTED_DAILY_SESSION_BREAK,Recurring nightly broker maintenance/session break.,"2024-07-02 23:58:00 -> 2024-07-03 01:00:00: ~62min nightly pause, standard-time (hour 23->01) variant; this exact close/reopen-hour pair recurs on the vast majority of weeknights across all 6 dataset years, and the hour flips precisely on EU DST transition weekends.",MEDIUM,False
gapf_1241226_20240703_2358,2024-07-03 23:58:00,2024-07-04 01:00:00,2024-07-03 23:59:00,2024-07-04 00:59:00,62.0,61,Wednesday,Thursday,23:58,01:00,2024,7,DEVELOPMENT,SUSPICIOUS_INTRASESSION,EXPECTED_DAILY_SESSION_BREAK,Recurring nightly broker maintenance/session break.,"2024-07-03 23:58:00 -> 2024-07-04 01:00:00: ~62min nightly pause, standard-time (hour 23->01) variant; this exact close/reopen-hour pair recurs on the vast majority of weeknights across all 6 dataset years, and the hour flips precisely on EU DST transition weekends.",MEDIUM,False
gapf_1241317_20240704_0230,2024-07-04 02:30:00,2024-07-04 02:32:00,2024-07-04 02:31:00,2024-07-04 02:31:00,2.0,1,Thursday,Thursday,02:30,02:32,2024,7,DEVELOPMENT,LIKELY_PROVIDER_HISTORY_GAP,LIKELY_PROVIDER_HISTORY_GAP,"Isolated small active-session gap, no recurring pattern.","2024-07-04 02:30:00 -> 2024-07-04 02:32:00: isolated 1-bar active-session gap; does not match weekend, session-break, or holiday patterns; below the empirically observed natural break in the missing-bar distribution (no residual gap observed between 9 and 214 missing bars).",LOW,True
gapf_1242451_20240704_2125,2024-07-04 21:25:00,2024-07-05 01:00:00,2024-07-04 21:26:00,2024-07-05 00:59:00,215.0,214,Thursday,Friday,21:25,01:00,2024,7,DEVELOPMENT,SUSPICIOUS_INTRASESSION,EXPECTED_HOLIDAY_OR_CLOSURE,US federal market holiday early close (INDEPENDENCE_DAY).,"2024-07-04 21:25:00 matches computed US federal holiday date (INDEPENDENCE_DAY); early close at 21:25 UTC, reopen 01:00 UTC next day; recurring pattern observed across multiple dataset years.",MEDIUM,False
gapf_1243829_20240705_2357,2024-07-05 23:57:00,2024-07-08 01:00:00,2024-07-05 23:58:00,2024-07-08 00:59:00,2943.0,2942,Friday,Monday,23:57,01:00,2024,7,DEVELOPMENT,EXPECTED_WEEKEND,EXPECTED_WEEKEND,Recurring Friday-to-Monday/Tuesday weekend market closure.,"Friday 23:57 close -> Monday 01:00 reopen, delta=2943min; matches the dataset-wide weekend closure pattern observed on every trading week.",HIGH,False
gapf_1245208_20240708_2358,2024-07-08 23:58:00,2024-07-09 01:00:00,2024-07-08 23:59:00,2024-07-09 00:59:00,62.0,61,Monday,Tuesday,23:58,01:00,2024,7,DEVELOPMENT,SUSPICIOUS_INTRASESSION,EXPECTED_DAILY_SESSION_BREAK,Recurring nightly broker maintenance/session break.,"2024-07-08 23:58:00 -> 2024-07-09 01:00:00: ~62min nightly pause, standard-time (hour 23->01) variant; this exact close/reopen-hour pair recurs on the vast majority of weeknights across all 6 dataset years, and the hour flips precisely on EU DST transition weekends.",MEDIUM,False
gapf_1246587_20240709_2358,2024-07-09 23:58:00,2024-07-10 01:00:00,2024-07-09 23:59:00,2024-07-10 00:59:00,62.0,61,Tuesday,Wednesday,23:58,01:00,2024,7,DEVELOPMENT,SUSPICIOUS_INTRASESSION,EXPECTED_DAILY_SESSION_BREAK,Recurring nightly broker maintenance/session break.,"2024-07-09 23:58:00 -> 2024-07-10 01:00:00: ~62min nightly pause, standard-time (hour 23->01) variant; this exact close/reopen-hour pair recurs on the vast majority of weeknights across all 6 dataset years, and the hour flips precisely on EU DST transition weekends.",MEDIUM,False
gapf_1247966_20240710_2358,2024-07-10 23:58:00,2024-07-11 01:00:00,2024-07-10 23:59:00,2024-07-11 00:59:00,62.0,61,Wednesday,Thursday,23:58,01:00,2024,7,DEVELOPMENT,SUSPICIOUS_INTRASESSION,EXPECTED_DAILY_SESSION_BREAK,Recurring nightly broker maintenance/session break.,"2024-07-10 23:58:00 -> 2024-07-11 01:00:00: ~62min nightly pause, standard-time (hour 23->01) variant; this exact close/reopen-hour pair recurs on the vast majority of weeknights across all 6 dataset years, and the hour flips precisely on EU DST transition weekends.",MEDIUM,False
gapf_1249345_20240711_2358,2024-07-11 23:58:00,2024-07-12 01:00:00,2024-07-11 23:59:00,2024-07-12 00:59:00,62.0,61,Thursday,Friday,23:58,01:00,2024,7,DEVELOPMENT,SUSPICIOUS_INTRASESSION,EXPECTED_DAILY_SESSION_BREAK,Recurring nightly broker maintenance/session break.,"2024-07-11 23:58:00 -> 2024-07-12 01:00:00: ~62min nightly pause, standard-time (hour 23->01) variant; this exact close/reopen-hour pair recurs on the vast majority of weeknights across all 6 dataset years, and the hour flips precisely on EU DST transition weekends.",MEDIUM,False
gapf_1250723_20240712_2357,2024-07-12 23:57:00,2024-07-15 01:00:00,2024-07-12 23:58:00,2024-07-15 00:59:00,2943.0,2942,Friday,Monday,23:57,01:00,2024,7,DEVELOPMENT,EXPECTED_WEEKEND,EXPECTED_WEEKEND,Recurring Friday-to-Monday/Tuesday weekend market closure.,"Friday 23:57 close -> Monday 01:00 reopen, delta=2943min; matches the dataset-wide weekend closure pattern observed on every trading week.",HIGH,False
gapf_1252102_20240715_2358,2024-07-15 23:58:00,2024-07-16 01:00:00,2024-07-15 23:59:00,2024-07-16 00:59:00,62.0,61,Monday,Tuesday,23:58,01:00,2024,7,DEVELOPMENT,SUSPICIOUS_INTRASESSION,EXPECTED_DAILY_SESSION_BREAK,Recurring nightly broker maintenance/session break.,"2024-07-15 23:58:00 -> 2024-07-16 01:00:00: ~62min nightly pause, standard-time (hour 23->01) variant; this exact close/reopen-hour pair recurs on the vast majority of weeknights across all 6 dataset years, and the hour flips precisely on EU DST transition weekends.",MEDIUM,False
gapf_1253481_20240716_2358,2024-07-16 23:58:00,2024-07-17 01:00:00,2024-07-16 23:59:00,2024-07-17 00:59:00,62.0,61,Tuesday,Wednesday,23:58,01:00,2024,7,DEVELOPMENT,SUSPICIOUS_INTRASESSION,EXPECTED_DAILY_SESSION_BREAK,Recurring nightly broker maintenance/session break.,"2024-07-16 23:58:00 -> 2024-07-17 01:00:00: ~62min nightly pause, standard-time (hour 23->01) variant; this exact close/reopen-hour pair recurs on the vast majority of weeknights across all 6 dataset years, and the hour flips precisely on EU DST transition weekends.",MEDIUM,False
gapf_1254860_20240717_2358,2024-07-17 23:58:00,2024-07-18 01:00:00,2024-07-17 23:59:00,2024-07-18 00:59:00,62.0,61,Wednesday,Thursday,23:58,01:00,2024,7,DEVELOPMENT,SUSPICIOUS_INTRASESSION,EXPECTED_DAILY_SESSION_BREAK,Recurring nightly broker maintenance/session break.,"2024-07-17 23:58:00 -> 2024-07-18 01:00:00: ~62min nightly pause, standard-time (hour 23->01) variant; this exact close/reopen-hour pair recurs on the vast majority of weeknights across all 6 dataset years, and the hour flips precisely on EU DST transition weekends.",MEDIUM,False
gapf_1256239_20240718_2358,2024-07-18 23:58:00,2024-07-19 01:00:00,2024-07-18 23:59:00,2024-07-19 00:59:00,62.0,61,Thursday,Friday,23:58,01:00,2024,7,DEVELOPMENT,SUSPICIOUS_INTRASESSION,EXPECTED_DAILY_SESSION_BREAK,Recurring nightly broker maintenance/session break.,"2024-07-18 23:58:00 -> 2024-07-19 01:00:00: ~62min nightly pause, standard-time (hour 23->01) variant; this exact close/reopen-hour pair recurs on the vast majority of weeknights across all 6 dataset years, and the hour flips precisely on EU DST transition weekends.",MEDIUM,False
gapf_1257617_20240719_2357,2024-07-19 23:57:00,2024-07-22 01:00:00,2024-07-19 23:58:00,2024-07-22 00:59:00,2943.0,2942,Friday,Monday,23:57,01:00,2024,7,DEVELOPMENT,EXPECTED_WEEKEND,EXPECTED_WEEKEND,Recurring Friday-to-Monday/Tuesday weekend market closure.,"Friday 23:57 close -> Monday 01:00 reopen, delta=2943min; matches the dataset-wide weekend closure pattern observed on every trading week.",HIGH,False
gapf_1258996_20240722_2358,2024-07-22 23:58:00,2024-07-23 01:00:00,2024-07-22 23:59:00,2024-07-23 00:59:00,62.0,61,Monday,Tuesday,23:58,01:00,2024,7,DEVELOPMENT,SUSPICIOUS_INTRASESSION,EXPECTED_DAILY_SESSION_BREAK,Recurring nightly broker maintenance/session break.,"2024-07-22 23:58:00 -> 2024-07-23 01:00:00: ~62min nightly pause, standard-time (hour 23->01) variant; this exact close/reopen-hour pair recurs on the vast majority of weeknights across all 6 dataset years, and the hour flips precisely on EU DST transition weekends.",MEDIUM,False
gapf_1259025_20240723_0128,2024-07-23 01:28:00,2024-07-23 01:30:00,2024-07-23 01:29:00,2024-07-23 01:29:00,2.0,1,Tuesday,Tuesday,01:28,01:30,2024,7,DEVELOPMENT,LIKELY_PROVIDER_HISTORY_GAP,LIKELY_PROVIDER_HISTORY_GAP,"Isolated small active-session gap, no recurring pattern.","2024-07-23 01:28:00 -> 2024-07-23 01:30:00: isolated 1-bar active-session gap; does not match weekend, session-break, or holiday patterns; below the empirically observed natural break in the missing-bar distribution (no residual gap observed between 9 and 214 missing bars).",LOW,True
gapf_1260374_20240723_2358,2024-07-23 23:58:00,2024-07-24 01:00:00,2024-07-23 23:59:00,2024-07-24 00:59:00,62.0,61,Tuesday,Wednesday,23:58,01:00,2024,7,DEVELOPMENT,SUSPICIOUS_INTRASESSION,EXPECTED_DAILY_SESSION_BREAK,Recurring nightly broker maintenance/session break.,"2024-07-23 23:58:00 -> 2024-07-24 01:00:00: ~62min nightly pause, standard-time (hour 23->01) variant; this exact close/reopen-hour pair recurs on the vast majority of weeknights across all 6 dataset years, and the hour flips precisely on EU DST transition weekends.",MEDIUM,False
gapf_1261753_20240724_2358,2024-07-24 23:58:00,2024-07-25 01:00:00,2024-07-24 23:59:00,2024-07-25 00:59:00,62.0,61,Wednesday,Thursday,23:58,01:00,2024,7,DEVELOPMENT,SUSPICIOUS_INTRASESSION,EXPECTED_DAILY_SESSION_BREAK,Recurring nightly broker maintenance/session break.,"2024-07-24 23:58:00 -> 2024-07-25 01:00:00: ~62min nightly pause, standard-time (hour 23->01) variant; this exact close/reopen-hour pair recurs on the vast majority of weeknights across all 6 dataset years, and the hour flips precisely on EU DST transition weekends.",MEDIUM,False
gapf_1263132_20240725_2358,2024-07-25 23:58:00,2024-07-26 01:00:00,2024-07-25 23:59:00,2024-07-26 00:59:00,62.0,61,Thursday,Friday,23:58,01:00,2024,7,DEVELOPMENT,SUSPICIOUS_INTRASESSION,EXPECTED_DAILY_SESSION_BREAK,Recurring nightly broker maintenance/session break.,"2024-07-25 23:58:00 -> 2024-07-26 01:00:00: ~62min nightly pause, standard-time (hour 23->01) variant; this exact close/reopen-hour pair recurs on the vast majority of weeknights across all 6 dataset years, and the hour flips precisely on EU DST transition weekends.",MEDIUM,False
gapf_1264510_20240726_2357,2024-07-26 23:57:00,2024-07-29 01:00:00,2024-07-26 23:58:00,2024-07-29 00:59:00,2943.0,2942,Friday,Monday,23:57,01:00,2024,7,DEVELOPMENT,EXPECTED_WEEKEND,EXPECTED_WEEKEND,Recurring Friday-to-Monday/Tuesday weekend market closure.,"Friday 23:57 close -> Monday 01:00 reopen, delta=2943min; matches the dataset-wide weekend closure pattern observed on every trading week.",HIGH,False
gapf_1265889_20240729_2358,2024-07-29 23:58:00,2024-07-30 01:00:00,2024-07-29 23:59:00,2024-07-30 00:59:00,62.0,61,Monday,Tuesday,23:58,01:00,2024,7,DEVELOPMENT,SUSPICIOUS_INTRASESSION,EXPECTED_DAILY_SESSION_BREAK,Recurring nightly broker maintenance/session break.,"2024-07-29 23:58:00 -> 2024-07-30 01:00:00: ~62min nightly pause, standard-time (hour 23->01) variant; this exact close/reopen-hour pair recurs on the vast majority of weeknights across all 6 dataset years, and the hour flips precisely on EU DST transition weekends. External corroboration: OLD_EXPORT_ALSO_MISSING.",HIGH,False
gapf_1267268_20240730_2358,2024-07-30 23:58:00,2024-07-31 01:00:00,2024-07-30 23:59:00,2024-07-31 00:59:00,62.0,61,Tuesday,Wednesday,23:58,01:00,2024,7,DEVELOPMENT,SUSPICIOUS_INTRASESSION,EXPECTED_DAILY_SESSION_BREAK,Recurring nightly broker maintenance/session break.,"2024-07-30 23:58:00 -> 2024-07-31 01:00:00: ~62min nightly pause, standard-time (hour 23->01) variant; this exact close/reopen-hour pair recurs on the vast majority of weeknights across all 6 dataset years, and the hour flips precisely on EU DST transition weekends. External corroboration: OLD_EXPORT_ALSO_MISSING.",HIGH,False
gapf_1268647_20240731_2358,2024-07-31 23:58:00,2024-08-01 01:00:00,2024-07-31 23:59:00,2024-08-01 00:59:00,62.0,61,Wednesday,Thursday,23:58,01:00,2024,7,DEVELOPMENT,SUSPICIOUS_INTRASESSION,EXPECTED_DAILY_SESSION_BREAK,Recurring nightly broker maintenance/session break.,"2024-07-31 23:58:00 -> 2024-08-01 01:00:00: ~62min nightly pause, standard-time (hour 23->01) variant; this exact close/reopen-hour pair recurs on the vast majority of weeknights across all 6 dataset years, and the hour flips precisely on EU DST transition weekends. External corroboration: OLD_EXPORT_ALSO_MISSING.",HIGH,False
gapf_1270026_20240801_2358,2024-08-01 23:58:00,2024-08-02 01:00:00,2024-08-01 23:59:00,2024-08-02 00:59:00,62.0,61,Thursday,Friday,23:58,01:00,2024,8,DEVELOPMENT,SUSPICIOUS_INTRASESSION,EXPECTED_DAILY_SESSION_BREAK,Recurring nightly broker maintenance/session break.,"2024-08-01 23:58:00 -> 2024-08-02 01:00:00: ~62min nightly pause, standard-time (hour 23->01) variant; this exact close/reopen-hour pair recurs on the vast majority of weeknights across all 6 dataset years, and the hour flips precisely on EU DST transition weekends. External corroboration: OLD_EXPORT_ALSO_MISSING.",HIGH,False
gapf_1271404_20240802_2357,2024-08-02 23:57:00,2024-08-05 01:00:00,2024-08-02 23:58:00,2024-08-05 00:59:00,2943.0,2942,Friday,Monday,23:57,01:00,2024,8,DEVELOPMENT,EXPECTED_WEEKEND,EXPECTED_WEEKEND,Recurring Friday-to-Monday/Tuesday weekend market closure.,"Friday 23:57 close -> Monday 01:00 reopen, delta=2943min; matches the dataset-wide weekend closure pattern observed on every trading week.",HIGH,False
gapf_1272783_20240805_2358,2024-08-05 23:58:00,2024-08-06 01:00:00,2024-08-05 23:59:00,2024-08-06 00:59:00,62.0,61,Monday,Tuesday,23:58,01:00,2024,8,DEVELOPMENT,SUSPICIOUS_INTRASESSION,EXPECTED_DAILY_SESSION_BREAK,Recurring nightly broker maintenance/session break.,"2024-08-05 23:58:00 -> 2024-08-06 01:00:00: ~62min nightly pause, standard-time (hour 23->01) variant; this exact close/reopen-hour pair recurs on the vast majority of weeknights across all 6 dataset years, and the hour flips precisely on EU DST transition weekends. External corroboration: OLD_EXPORT_ALSO_MISSING.",HIGH,False
gapf_1274162_20240806_2358,2024-08-06 23:58:00,2024-08-07 01:00:00,2024-08-06 23:59:00,2024-08-07 00:59:00,62.0,61,Tuesday,Wednesday,23:58,01:00,2024,8,DEVELOPMENT,SUSPICIOUS_INTRASESSION,EXPECTED_DAILY_SESSION_BREAK,Recurring nightly broker maintenance/session break.,"2024-08-06 23:58:00 -> 2024-08-07 01:00:00: ~62min nightly pause, standard-time (hour 23->01) variant; this exact close/reopen-hour pair recurs on the vast majority of weeknights across all 6 dataset years, and the hour flips precisely on EU DST transition weekends. External corroboration: OLD_EXPORT_ALSO_MISSING.",HIGH,False
gapf_1275541_20240807_2358,2024-08-07 23:58:00,2024-08-08 01:00:00,2024-08-07 23:59:00,2024-08-08 00:59:00,62.0,61,Wednesday,Thursday,23:58,01:00,2024,8,DEVELOPMENT,SUSPICIOUS_INTRASESSION,EXPECTED_DAILY_SESSION_BREAK,Recurring nightly broker maintenance/session break.,"2024-08-07 23:58:00 -> 2024-08-08 01:00:00: ~62min nightly pause, standard-time (hour 23->01) variant; this exact close/reopen-hour pair recurs on the vast majority of weeknights across all 6 dataset years, and the hour flips precisely on EU DST transition weekends. External corroboration: OLD_EXPORT_ALSO_MISSING.",HIGH,False
gapf_1276920_20240808_2358,2024-08-08 23:58:00,2024-08-09 01:00:00,2024-08-08 23:59:00,2024-08-09 00:59:00,62.0,61,Thursday,Friday,23:58,01:00,2024,8,DEVELOPMENT,SUSPICIOUS_INTRASESSION,EXPECTED_DAILY_SESSION_BREAK,Recurring nightly broker maintenance/session break.,"2024-08-08 23:58:00 -> 2024-08-09 01:00:00: ~62min nightly pause, standard-time (hour 23->01) variant; this exact close/reopen-hour pair recurs on the vast majority of weeknights across all 6 dataset years, and the hour flips precisely on EU DST transition weekends. External corroboration: OLD_EXPORT_ALSO_MISSING.",HIGH,False
gapf_1278298_20240809_2357,2024-08-09 23:57:00,2024-08-12 01:00:00,2024-08-09 23:58:00,2024-08-12 00:59:00,2943.0,2942,Friday,Monday,23:57,01:00,2024,8,DEVELOPMENT,EXPECTED_WEEKEND,EXPECTED_WEEKEND,Recurring Friday-to-Monday/Tuesday weekend market closure.,"Friday 23:57 close -> Monday 01:00 reopen, delta=2943min; matches the dataset-wide weekend closure pattern observed on every trading week.",HIGH,False
gapf_1279677_20240812_2358,2024-08-12 23:58:00,2024-08-13 01:00:00,2024-08-12 23:59:00,2024-08-13 00:59:00,62.0,61,Monday,Tuesday,23:58,01:00,2024,8,DEVELOPMENT,SUSPICIOUS_INTRASESSION,EXPECTED_DAILY_SESSION_BREAK,Recurring nightly broker maintenance/session break.,"2024-08-12 23:58:00 -> 2024-08-13 01:00:00: ~62min nightly pause, standard-time (hour 23->01) variant; this exact close/reopen-hour pair recurs on the vast majority of weeknights across all 6 dataset years, and the hour flips precisely on EU DST transition weekends. External corroboration: OLD_EXPORT_ALSO_MISSING.",HIGH,False
gapf_1281056_20240813_2358,2024-08-13 23:58:00,2024-08-14 01:00:00,2024-08-13 23:59:00,2024-08-14 00:59:00,62.0,61,Tuesday,Wednesday,23:58,01:00,2024,8,DEVELOPMENT,SUSPICIOUS_INTRASESSION,EXPECTED_DAILY_SESSION_BREAK,Recurring nightly broker maintenance/session break.,"2024-08-13 23:58:00 -> 2024-08-14 01:00:00: ~62min nightly pause, standard-time (hour 23->01) variant; this exact close/reopen-hour pair recurs on the vast majority of weeknights across all 6 dataset years, and the hour flips precisely on EU DST transition weekends. External corroboration: OLD_EXPORT_ALSO_MISSING.",HIGH,False
gapf_1282435_20240814_2358,2024-08-14 23:58:00,2024-08-15 01:00:00,2024-08-14 23:59:00,2024-08-15 00:59:00,62.0,61,Wednesday,Thursday,23:58,01:00,2024,8,DEVELOPMENT,SUSPICIOUS_INTRASESSION,EXPECTED_DAILY_SESSION_BREAK,Recurring nightly broker maintenance/session break.,"2024-08-14 23:58:00 -> 2024-08-15 01:00:00: ~62min nightly pause, standard-time (hour 23->01) variant; this exact close/reopen-hour pair recurs on the vast majority of weeknights across all 6 dataset years, and the hour flips precisely on EU DST transition weekends. External corroboration: OLD_EXPORT_ALSO_MISSING.",HIGH,False
gapf_1283814_20240815_2358,2024-08-15 23:58:00,2024-08-16 01:00:00,2024-08-15 23:59:00,2024-08-16 00:59:00,62.0,61,Thursday,Friday,23:58,01:00,2024,8,DEVELOPMENT,SUSPICIOUS_INTRASESSION,EXPECTED_DAILY_SESSION_BREAK,Recurring nightly broker maintenance/session break.,"2024-08-15 23:58:00 -> 2024-08-16 01:00:00: ~62min nightly pause, standard-time (hour 23->01) variant; this exact close/reopen-hour pair recurs on the vast majority of weeknights across all 6 dataset years, and the hour flips precisely on EU DST transition weekends. External corroboration: OLD_EXPORT_ALSO_MISSING.",HIGH,False
gapf_1285192_20240816_2357,2024-08-16 23:57:00,2024-08-19 01:00:00,2024-08-16 23:58:00,2024-08-19 00:59:00,2943.0,2942,Friday,Monday,23:57,01:00,2024,8,DEVELOPMENT,EXPECTED_WEEKEND,EXPECTED_WEEKEND,Recurring Friday-to-Monday/Tuesday weekend market closure.,"Friday 23:57 close -> Monday 01:00 reopen, delta=2943min; matches the dataset-wide weekend closure pattern observed on every trading week.",HIGH,False
gapf_1286571_20240819_2358,2024-08-19 23:58:00,2024-08-20 01:00:00,2024-08-19 23:59:00,2024-08-20 00:59:00,62.0,61,Monday,Tuesday,23:58,01:00,2024,8,DEVELOPMENT,SUSPICIOUS_INTRASESSION,EXPECTED_DAILY_SESSION_BREAK,Recurring nightly broker maintenance/session break.,"2024-08-19 23:58:00 -> 2024-08-20 01:00:00: ~62min nightly pause, standard-time (hour 23->01) variant; this exact close/reopen-hour pair recurs on the vast majority of weeknights across all 6 dataset years, and the hour flips precisely on EU DST transition weekends. External corroboration: OLD_EXPORT_ALSO_MISSING.",HIGH,False
gapf_1287950_20240820_2358,2024-08-20 23:58:00,2024-08-21 01:00:00,2024-08-20 23:59:00,2024-08-21 00:59:00,62.0,61,Tuesday,Wednesday,23:58,01:00,2024,8,DEVELOPMENT,SUSPICIOUS_INTRASESSION,EXPECTED_DAILY_SESSION_BREAK,Recurring nightly broker maintenance/session break.,"2024-08-20 23:58:00 -> 2024-08-21 01:00:00: ~62min nightly pause, standard-time (hour 23->01) variant; this exact close/reopen-hour pair recurs on the vast majority of weeknights across all 6 dataset years, and the hour flips precisely on EU DST transition weekends. External corroboration: OLD_EXPORT_ALSO_MISSING.",HIGH,False
gapf_1289329_20240821_2358,2024-08-21 23:58:00,2024-08-22 01:00:00,2024-08-21 23:59:00,2024-08-22 00:59:00,62.0,61,Wednesday,Thursday,23:58,01:00,2024,8,DEVELOPMENT,SUSPICIOUS_INTRASESSION,EXPECTED_DAILY_SESSION_BREAK,Recurring nightly broker maintenance/session break.,"2024-08-21 23:58:00 -> 2024-08-22 01:00:00: ~62min nightly pause, standard-time (hour 23->01) variant; this exact close/reopen-hour pair recurs on the vast majority of weeknights across all 6 dataset years, and the hour flips precisely on EU DST transition weekends. External corroboration: OLD_EXPORT_ALSO_MISSING.",HIGH,False
gapf_1290708_20240822_2358,2024-08-22 23:58:00,2024-08-23 01:00:00,2024-08-22 23:59:00,2024-08-23 00:59:00,62.0,61,Thursday,Friday,23:58,01:00,2024,8,DEVELOPMENT,SUSPICIOUS_INTRASESSION,EXPECTED_DAILY_SESSION_BREAK,Recurring nightly broker maintenance/session break.,"2024-08-22 23:58:00 -> 2024-08-23 01:00:00: ~62min nightly pause, standard-time (hour 23->01) variant; this exact close/reopen-hour pair recurs on the vast majority of weeknights across all 6 dataset years, and the hour flips precisely on EU DST transition weekends. External corroboration: OLD_EXPORT_ALSO_MISSING.",HIGH,False
gapf_1292086_20240823_2357,2024-08-23 23:57:00,2024-08-26 01:00:00,2024-08-23 23:58:00,2024-08-26 00:59:00,2943.0,2942,Friday,Monday,23:57,01:00,2024,8,DEVELOPMENT,EXPECTED_WEEKEND,EXPECTED_WEEKEND,Recurring Friday-to-Monday/Tuesday weekend market closure.,"Friday 23:57 close -> Monday 01:00 reopen, delta=2943min; matches the dataset-wide weekend closure pattern observed on every trading week.",HIGH,False
gapf_1293465_20240826_2358,2024-08-26 23:58:00,2024-08-27 01:00:00,2024-08-26 23:59:00,2024-08-27 00:59:00,62.0,61,Monday,Tuesday,23:58,01:00,2024,8,DEVELOPMENT,SUSPICIOUS_INTRASESSION,EXPECTED_DAILY_SESSION_BREAK,Recurring nightly broker maintenance/session break.,"2024-08-26 23:58:00 -> 2024-08-27 01:00:00: ~62min nightly pause, standard-time (hour 23->01) variant; this exact close/reopen-hour pair recurs on the vast majority of weeknights across all 6 dataset years, and the hour flips precisely on EU DST transition weekends. External corroboration: OLD_EXPORT_ALSO_MISSING.",HIGH,False
gapf_1293472_20240827_0106,2024-08-27 01:06:00,2024-08-27 01:08:00,2024-08-27 01:07:00,2024-08-27 01:07:00,2.0,1,Tuesday,Tuesday,01:06,01:08,2024,8,DEVELOPMENT,LIKELY_PROVIDER_HISTORY_GAP,LIKELY_PROVIDER_HISTORY_GAP,"Isolated small active-session gap, no recurring pattern.","2024-08-27 01:06:00 -> 2024-08-27 01:08:00: isolated 1-bar active-session gap; does not match weekend, session-break, or holiday patterns; below the empirically observed natural break in the missing-bar distribution (no residual gap observed between 9 and 214 missing bars). External corroboration: OLD_EXPORT_ALSO_MISSING.",HIGH,False
gapf_1294843_20240827_2358,2024-08-27 23:58:00,2024-08-28 01:00:00,2024-08-27 23:59:00,2024-08-28 00:59:00,62.0,61,Tuesday,Wednesday,23:58,01:00,2024,8,DEVELOPMENT,SUSPICIOUS_INTRASESSION,EXPECTED_DAILY_SESSION_BREAK,Recurring nightly broker maintenance/session break.,"2024-08-27 23:58:00 -> 2024-08-28 01:00:00: ~62min nightly pause, standard-time (hour 23->01) variant; this exact close/reopen-hour pair recurs on the vast majority of weeknights across all 6 dataset years, and the hour flips precisely on EU DST transition weekends. External corroboration: OLD_EXPORT_ALSO_MISSING.",HIGH,False
gapf_1296222_20240828_2358,2024-08-28 23:58:00,2024-08-29 01:00:00,2024-08-28 23:59:00,2024-08-29 00:59:00,62.0,61,Wednesday,Thursday,23:58,01:00,2024,8,DEVELOPMENT,SUSPICIOUS_INTRASESSION,EXPECTED_DAILY_SESSION_BREAK,Recurring nightly broker maintenance/session break.,"2024-08-28 23:58:00 -> 2024-08-29 01:00:00: ~62min nightly pause, standard-time (hour 23->01) variant; this exact close/reopen-hour pair recurs on the vast majority of weeknights across all 6 dataset years, and the hour flips precisely on EU DST transition weekends. External corroboration: OLD_EXPORT_ALSO_MISSING.",HIGH,False
gapf_1297601_20240829_2358,2024-08-29 23:58:00,2024-08-30 01:00:00,2024-08-29 23:59:00,2024-08-30 00:59:00,62.0,61,Thursday,Friday,23:58,01:00,2024,8,DEVELOPMENT,SUSPICIOUS_INTRASESSION,EXPECTED_DAILY_SESSION_BREAK,Recurring nightly broker maintenance/session break.,"2024-08-29 23:58:00 -> 2024-08-30 01:00:00: ~62min nightly pause, standard-time (hour 23->01) variant; this exact close/reopen-hour pair recurs on the vast majority of weeknights across all 6 dataset years, and the hour flips precisely on EU DST transition weekends. External corroboration: OLD_EXPORT_ALSO_MISSING.",HIGH,False
gapf_1298979_20240830_2357,2024-08-30 23:57:00,2024-09-02 01:00:00,2024-08-30 23:58:00,2024-09-02 00:59:00,2943.0,2942,Friday,Monday,23:57,01:00,2024,8,DEVELOPMENT,EXPECTED_WEEKEND,EXPECTED_WEEKEND,Recurring Friday-to-Monday/Tuesday weekend market closure.,"Friday 23:57 close -> Monday 01:00 reopen, delta=2943min; matches the dataset-wide weekend closure pattern observed on every trading week.",HIGH,False
gapf_1300205_20240902_2125,2024-09-02 21:25:00,2024-09-03 01:00:00,2024-09-02 21:26:00,2024-09-03 00:59:00,215.0,214,Monday,Tuesday,21:25,01:00,2024,9,DEVELOPMENT,SUSPICIOUS_INTRASESSION,EXPECTED_HOLIDAY_OR_CLOSURE,US federal market holiday early close (LABOR_DAY).,"2024-09-02 21:25:00 matches computed US federal holiday date (LABOR_DAY); early close at 21:25 UTC, reopen 01:00 UTC next day; recurring pattern observed across multiple dataset years. External corroboration: OLD_EXPORT_ALSO_MISSING.",HIGH,False
gapf_1301584_20240903_2358,2024-09-03 23:58:00,2024-09-04 01:00:00,2024-09-03 23:59:00,2024-09-04 00:59:00,62.0,61,Tuesday,Wednesday,23:58,01:00,2024,9,DEVELOPMENT,SUSPICIOUS_INTRASESSION,EXPECTED_DAILY_SESSION_BREAK,Recurring nightly broker maintenance/session break.,"2024-09-03 23:58:00 -> 2024-09-04 01:00:00: ~62min nightly pause, standard-time (hour 23->01) variant; this exact close/reopen-hour pair recurs on the vast majority of weeknights across all 6 dataset years, and the hour flips precisely on EU DST transition weekends. External corroboration: OLD_EXPORT_ALSO_MISSING.",HIGH,False
gapf_1302963_20240904_2358,2024-09-04 23:58:00,2024-09-05 01:00:00,2024-09-04 23:59:00,2024-09-05 00:59:00,62.0,61,Wednesday,Thursday,23:58,01:00,2024,9,DEVELOPMENT,SUSPICIOUS_INTRASESSION,EXPECTED_DAILY_SESSION_BREAK,Recurring nightly broker maintenance/session break.,"2024-09-04 23:58:00 -> 2024-09-05 01:00:00: ~62min nightly pause, standard-time (hour 23->01) variant; this exact close/reopen-hour pair recurs on the vast majority of weeknights across all 6 dataset years, and the hour flips precisely on EU DST transition weekends. External corroboration: OLD_EXPORT_ALSO_MISSING.",HIGH,False
gapf_1304342_20240905_2358,2024-09-05 23:58:00,2024-09-06 01:00:00,2024-09-05 23:59:00,2024-09-06 00:59:00,62.0,61,Thursday,Friday,23:58,01:00,2024,9,DEVELOPMENT,SUSPICIOUS_INTRASESSION,EXPECTED_DAILY_SESSION_BREAK,Recurring nightly broker maintenance/session break.,"2024-09-05 23:58:00 -> 2024-09-06 01:00:00: ~62min nightly pause, standard-time (hour 23->01) variant; this exact close/reopen-hour pair recurs on the vast majority of weeknights across all 6 dataset years, and the hour flips precisely on EU DST transition weekends. External corroboration: OLD_EXPORT_ALSO_MISSING.",HIGH,False
gapf_1305720_20240906_2357,2024-09-06 23:57:00,2024-09-09 01:00:00,2024-09-06 23:58:00,2024-09-09 00:59:00,2943.0,2942,Friday,Monday,23:57,01:00,2024,9,DEVELOPMENT,EXPECTED_WEEKEND,EXPECTED_WEEKEND,Recurring Friday-to-Monday/Tuesday weekend market closure.,"Friday 23:57 close -> Monday 01:00 reopen, delta=2943min; matches the dataset-wide weekend closure pattern observed on every trading week.",HIGH,False
gapf_1307099_20240909_2358,2024-09-09 23:58:00,2024-09-10 01:00:00,2024-09-09 23:59:00,2024-09-10 00:59:00,62.0,61,Monday,Tuesday,23:58,01:00,2024,9,DEVELOPMENT,SUSPICIOUS_INTRASESSION,EXPECTED_DAILY_SESSION_BREAK,Recurring nightly broker maintenance/session break.,"2024-09-09 23:58:00 -> 2024-09-10 01:00:00: ~62min nightly pause, standard-time (hour 23->01) variant; this exact close/reopen-hour pair recurs on the vast majority of weeknights across all 6 dataset years, and the hour flips precisely on EU DST transition weekends. External corroboration: OLD_EXPORT_ALSO_MISSING.",HIGH,False
gapf_1308478_20240910_2358,2024-09-10 23:58:00,2024-09-11 01:00:00,2024-09-10 23:59:00,2024-09-11 00:59:00,62.0,61,Tuesday,Wednesday,23:58,01:00,2024,9,DEVELOPMENT,SUSPICIOUS_INTRASESSION,EXPECTED_DAILY_SESSION_BREAK,Recurring nightly broker maintenance/session break.,"2024-09-10 23:58:00 -> 2024-09-11 01:00:00: ~62min nightly pause, standard-time (hour 23->01) variant; this exact close/reopen-hour pair recurs on the vast majority of weeknights across all 6 dataset years, and the hour flips precisely on EU DST transition weekends. External corroboration: OLD_EXPORT_ALSO_MISSING.",HIGH,False
gapf_1309857_20240911_2358,2024-09-11 23:58:00,2024-09-12 01:00:00,2024-09-11 23:59:00,2024-09-12 00:59:00,62.0,61,Wednesday,Thursday,23:58,01:00,2024,9,DEVELOPMENT,SUSPICIOUS_INTRASESSION,EXPECTED_DAILY_SESSION_BREAK,Recurring nightly broker maintenance/session break.,"2024-09-11 23:58:00 -> 2024-09-12 01:00:00: ~62min nightly pause, standard-time (hour 23->01) variant; this exact close/reopen-hour pair recurs on the vast majority of weeknights across all 6 dataset years, and the hour flips precisely on EU DST transition weekends. External corroboration: OLD_EXPORT_ALSO_MISSING.",HIGH,False
gapf_1311236_20240912_2358,2024-09-12 23:58:00,2024-09-13 01:00:00,2024-09-12 23:59:00,2024-09-13 00:59:00,62.0,61,Thursday,Friday,23:58,01:00,2024,9,DEVELOPMENT,SUSPICIOUS_INTRASESSION,EXPECTED_DAILY_SESSION_BREAK,Recurring nightly broker maintenance/session break.,"2024-09-12 23:58:00 -> 2024-09-13 01:00:00: ~62min nightly pause, standard-time (hour 23->01) variant; this exact close/reopen-hour pair recurs on the vast majority of weeknights across all 6 dataset years, and the hour flips precisely on EU DST transition weekends. External corroboration: OLD_EXPORT_ALSO_MISSING.",HIGH,False
gapf_1312614_20240913_2357,2024-09-13 23:57:00,2024-09-16 01:00:00,2024-09-13 23:58:00,2024-09-16 00:59:00,2943.0,2942,Friday,Monday,23:57,01:00,2024,9,DEVELOPMENT,EXPECTED_WEEKEND,EXPECTED_WEEKEND,Recurring Friday-to-Monday/Tuesday weekend market closure.,"Friday 23:57 close -> Monday 01:00 reopen, delta=2943min; matches the dataset-wide weekend closure pattern observed on every trading week.",HIGH,False
gapf_1313993_20240916_2358,2024-09-16 23:58:00,2024-09-17 01:00:00,2024-09-16 23:59:00,2024-09-17 00:59:00,62.0,61,Monday,Tuesday,23:58,01:00,2024,9,DEVELOPMENT,SUSPICIOUS_INTRASESSION,EXPECTED_DAILY_SESSION_BREAK,Recurring nightly broker maintenance/session break.,"2024-09-16 23:58:00 -> 2024-09-17 01:00:00: ~62min nightly pause, standard-time (hour 23->01) variant; this exact close/reopen-hour pair recurs on the vast majority of weeknights across all 6 dataset years, and the hour flips precisely on EU DST transition weekends. External corroboration: OLD_EXPORT_ALSO_MISSING.",HIGH,False
gapf_1315372_20240917_2358,2024-09-17 23:58:00,2024-09-18 01:00:00,2024-09-17 23:59:00,2024-09-18 00:59:00,62.0,61,Tuesday,Wednesday,23:58,01:00,2024,9,DEVELOPMENT,SUSPICIOUS_INTRASESSION,EXPECTED_DAILY_SESSION_BREAK,Recurring nightly broker maintenance/session break.,"2024-09-17 23:58:00 -> 2024-09-18 01:00:00: ~62min nightly pause, standard-time (hour 23->01) variant; this exact close/reopen-hour pair recurs on the vast majority of weeknights across all 6 dataset years, and the hour flips precisely on EU DST transition weekends. External corroboration: OLD_EXPORT_ALSO_MISSING.",HIGH,False
gapf_1316751_20240918_2358,2024-09-18 23:58:00,2024-09-19 01:00:00,2024-09-18 23:59:00,2024-09-19 00:59:00,62.0,61,Wednesday,Thursday,23:58,01:00,2024,9,DEVELOPMENT,SUSPICIOUS_INTRASESSION,EXPECTED_DAILY_SESSION_BREAK,Recurring nightly broker maintenance/session break.,"2024-09-18 23:58:00 -> 2024-09-19 01:00:00: ~62min nightly pause, standard-time (hour 23->01) variant; this exact close/reopen-hour pair recurs on the vast majority of weeknights across all 6 dataset years, and the hour flips precisely on EU DST transition weekends. External corroboration: OLD_EXPORT_ALSO_MISSING.",HIGH,False
gapf_1318130_20240919_2358,2024-09-19 23:58:00,2024-09-20 01:00:00,2024-09-19 23:59:00,2024-09-20 00:59:00,62.0,61,Thursday,Friday,23:58,01:00,2024,9,DEVELOPMENT,SUSPICIOUS_INTRASESSION,EXPECTED_DAILY_SESSION_BREAK,Recurring nightly broker maintenance/session break.,"2024-09-19 23:58:00 -> 2024-09-20 01:00:00: ~62min nightly pause, standard-time (hour 23->01) variant; this exact close/reopen-hour pair recurs on the vast majority of weeknights across all 6 dataset years, and the hour flips precisely on EU DST transition weekends. External corroboration: OLD_EXPORT_ALSO_MISSING.",HIGH,False
gapf_1319508_20240920_2357,2024-09-20 23:57:00,2024-09-23 01:00:00,2024-09-20 23:58:00,2024-09-23 00:59:00,2943.0,2942,Friday,Monday,23:57,01:00,2024,9,DEVELOPMENT,EXPECTED_WEEKEND,EXPECTED_WEEKEND,Recurring Friday-to-Monday/Tuesday weekend market closure.,"Friday 23:57 close -> Monday 01:00 reopen, delta=2943min; matches the dataset-wide weekend closure pattern observed on every trading week.",HIGH,False
gapf_1320887_20240923_2358,2024-09-23 23:58:00,2024-09-24 01:00:00,2024-09-23 23:59:00,2024-09-24 00:59:00,62.0,61,Monday,Tuesday,23:58,01:00,2024,9,DEVELOPMENT,SUSPICIOUS_INTRASESSION,EXPECTED_DAILY_SESSION_BREAK,Recurring nightly broker maintenance/session break.,"2024-09-23 23:58:00 -> 2024-09-24 01:00:00: ~62min nightly pause, standard-time (hour 23->01) variant; this exact close/reopen-hour pair recurs on the vast majority of weeknights across all 6 dataset years, and the hour flips precisely on EU DST transition weekends. External corroboration: OLD_EXPORT_ALSO_MISSING.",HIGH,False
gapf_1322266_20240924_2358,2024-09-24 23:58:00,2024-09-25 01:00:00,2024-09-24 23:59:00,2024-09-25 00:59:00,62.0,61,Tuesday,Wednesday,23:58,01:00,2024,9,DEVELOPMENT,SUSPICIOUS_INTRASESSION,EXPECTED_DAILY_SESSION_BREAK,Recurring nightly broker maintenance/session break.,"2024-09-24 23:58:00 -> 2024-09-25 01:00:00: ~62min nightly pause, standard-time (hour 23->01) variant; this exact close/reopen-hour pair recurs on the vast majority of weeknights across all 6 dataset years, and the hour flips precisely on EU DST transition weekends. External corroboration: OLD_EXPORT_ALSO_MISSING.",HIGH,False
gapf_1323645_20240925_2358,2024-09-25 23:58:00,2024-09-26 01:00:00,2024-09-25 23:59:00,2024-09-26 00:59:00,62.0,61,Wednesday,Thursday,23:58,01:00,2024,9,DEVELOPMENT,SUSPICIOUS_INTRASESSION,EXPECTED_DAILY_SESSION_BREAK,Recurring nightly broker maintenance/session break.,"2024-09-25 23:58:00 -> 2024-09-26 01:00:00: ~62min nightly pause, standard-time (hour 23->01) variant; this exact close/reopen-hour pair recurs on the vast majority of weeknights across all 6 dataset years, and the hour flips precisely on EU DST transition weekends. External corroboration: OLD_EXPORT_ALSO_MISSING.",HIGH,False
gapf_1325024_20240926_2358,2024-09-26 23:58:00,2024-09-27 01:00:00,2024-09-26 23:59:00,2024-09-27 00:59:00,62.0,61,Thursday,Friday,23:58,01:00,2024,9,DEVELOPMENT,SUSPICIOUS_INTRASESSION,EXPECTED_DAILY_SESSION_BREAK,Recurring nightly broker maintenance/session break.,"2024-09-26 23:58:00 -> 2024-09-27 01:00:00: ~62min nightly pause, standard-time (hour 23->01) variant; this exact close/reopen-hour pair recurs on the vast majority of weeknights across all 6 dataset years, and the hour flips precisely on EU DST transition weekends. External corroboration: OLD_EXPORT_ALSO_MISSING.",HIGH,False
gapf_1326402_20240927_2357,2024-09-27 23:57:00,2024-09-30 01:00:00,2024-09-27 23:58:00,2024-09-30 00:59:00,2943.0,2942,Friday,Monday,23:57,01:00,2024,9,DEVELOPMENT,EXPECTED_WEEKEND,EXPECTED_WEEKEND,Recurring Friday-to-Monday/Tuesday weekend market closure.,"Friday 23:57 close -> Monday 01:00 reopen, delta=2943min; matches the dataset-wide weekend closure pattern observed on every trading week.",HIGH,False
gapf_1327781_20240930_2358,2024-09-30 23:58:00,2024-10-01 01:00:00,2024-09-30 23:59:00,2024-10-01 00:59:00,62.0,61,Monday,Tuesday,23:58,01:00,2024,9,DEVELOPMENT,SUSPICIOUS_INTRASESSION,EXPECTED_DAILY_SESSION_BREAK,Recurring nightly broker maintenance/session break.,"2024-09-30 23:58:00 -> 2024-10-01 01:00:00: ~62min nightly pause, standard-time (hour 23->01) variant; this exact close/reopen-hour pair recurs on the vast majority of weeknights across all 6 dataset years, and the hour flips precisely on EU DST transition weekends. External corroboration: OLD_EXPORT_ALSO_MISSING.",HIGH,False
gapf_1329160_20241001_2358,2024-10-01 23:58:00,2024-10-02 01:00:00,2024-10-01 23:59:00,2024-10-02 00:59:00,62.0,61,Tuesday,Wednesday,23:58,01:00,2024,10,DEVELOPMENT,SUSPICIOUS_INTRASESSION,EXPECTED_DAILY_SESSION_BREAK,Recurring nightly broker maintenance/session break.,"2024-10-01 23:58:00 -> 2024-10-02 01:00:00: ~62min nightly pause, standard-time (hour 23->01) variant; this exact close/reopen-hour pair recurs on the vast majority of weeknights across all 6 dataset years, and the hour flips precisely on EU DST transition weekends. External corroboration: OLD_EXPORT_ALSO_MISSING.",HIGH,False
gapf_1330539_20241002_2358,2024-10-02 23:58:00,2024-10-03 01:00:00,2024-10-02 23:59:00,2024-10-03 00:59:00,62.0,61,Wednesday,Thursday,23:58,01:00,2024,10,DEVELOPMENT,SUSPICIOUS_INTRASESSION,EXPECTED_DAILY_SESSION_BREAK,Recurring nightly broker maintenance/session break.,"2024-10-02 23:58:00 -> 2024-10-03 01:00:00: ~62min nightly pause, standard-time (hour 23->01) variant; this exact close/reopen-hour pair recurs on the vast majority of weeknights across all 6 dataset years, and the hour flips precisely on EU DST transition weekends. External corroboration: OLD_EXPORT_ALSO_MISSING.",HIGH,False
gapf_1331918_20241003_2358,2024-10-03 23:58:00,2024-10-04 01:00:00,2024-10-03 23:59:00,2024-10-04 00:59:00,62.0,61,Thursday,Friday,23:58,01:00,2024,10,DEVELOPMENT,SUSPICIOUS_INTRASESSION,EXPECTED_DAILY_SESSION_BREAK,Recurring nightly broker maintenance/session break.,"2024-10-03 23:58:00 -> 2024-10-04 01:00:00: ~62min nightly pause, standard-time (hour 23->01) variant; this exact close/reopen-hour pair recurs on the vast majority of weeknights across all 6 dataset years, and the hour flips precisely on EU DST transition weekends. External corroboration: OLD_EXPORT_ALSO_MISSING.",HIGH,False
gapf_1331982_20241004_0203,2024-10-04 02:03:00,2024-10-04 02:05:00,2024-10-04 02:04:00,2024-10-04 02:04:00,2.0,1,Friday,Friday,02:03,02:05,2024,10,DEVELOPMENT,LIKELY_PROVIDER_HISTORY_GAP,LIKELY_PROVIDER_HISTORY_GAP,"Isolated small active-session gap, no recurring pattern.","2024-10-04 02:03:00 -> 2024-10-04 02:05:00: isolated 1-bar active-session gap; does not match weekend, session-break, or holiday patterns; below the empirically observed natural break in the missing-bar distribution (no residual gap observed between 9 and 214 missing bars). External corroboration: OLD_EXPORT_ALSO_MISSING.",HIGH,False
gapf_1333295_20241004_2357,2024-10-04 23:57:00,2024-10-07 01:00:00,2024-10-04 23:58:00,2024-10-07 00:59:00,2943.0,2942,Friday,Monday,23:57,01:00,2024,10,DEVELOPMENT,EXPECTED_WEEKEND,EXPECTED_WEEKEND,Recurring Friday-to-Monday/Tuesday weekend market closure.,"Friday 23:57 close -> Monday 01:00 reopen, delta=2943min; matches the dataset-wide weekend closure pattern observed on every trading week.",HIGH,False
gapf_1334674_20241007_2358,2024-10-07 23:58:00,2024-10-08 01:00:00,2024-10-07 23:59:00,2024-10-08 00:59:00,62.0,61,Monday,Tuesday,23:58,01:00,2024,10,DEVELOPMENT,SUSPICIOUS_INTRASESSION,EXPECTED_DAILY_SESSION_BREAK,Recurring nightly broker maintenance/session break.,"2024-10-07 23:58:00 -> 2024-10-08 01:00:00: ~62min nightly pause, standard-time (hour 23->01) variant; this exact close/reopen-hour pair recurs on the vast majority of weeknights across all 6 dataset years, and the hour flips precisely on EU DST transition weekends. External corroboration: OLD_EXPORT_ALSO_MISSING.",HIGH,False
gapf_1336053_20241008_2358,2024-10-08 23:58:00,2024-10-09 01:00:00,2024-10-08 23:59:00,2024-10-09 00:59:00,62.0,61,Tuesday,Wednesday,23:58,01:00,2024,10,DEVELOPMENT,SUSPICIOUS_INTRASESSION,EXPECTED_DAILY_SESSION_BREAK,Recurring nightly broker maintenance/session break.,"2024-10-08 23:58:00 -> 2024-10-09 01:00:00: ~62min nightly pause, standard-time (hour 23->01) variant; this exact close/reopen-hour pair recurs on the vast majority of weeknights across all 6 dataset years, and the hour flips precisely on EU DST transition weekends. External corroboration: OLD_EXPORT_ALSO_MISSING.",HIGH,False
gapf_1337432_20241009_2358,2024-10-09 23:58:00,2024-10-10 01:00:00,2024-10-09 23:59:00,2024-10-10 00:59:00,62.0,61,Wednesday,Thursday,23:58,01:00,2024,10,DEVELOPMENT,SUSPICIOUS_INTRASESSION,EXPECTED_DAILY_SESSION_BREAK,Recurring nightly broker maintenance/session break.,"2024-10-09 23:58:00 -> 2024-10-10 01:00:00: ~62min nightly pause, standard-time (hour 23->01) variant; this exact close/reopen-hour pair recurs on the vast majority of weeknights across all 6 dataset years, and the hour flips precisely on EU DST transition weekends. External corroboration: OLD_EXPORT_ALSO_MISSING.",HIGH,False
gapf_1338811_20241010_2358,2024-10-10 23:58:00,2024-10-11 01:00:00,2024-10-10 23:59:00,2024-10-11 00:59:00,62.0,61,Thursday,Friday,23:58,01:00,2024,10,DEVELOPMENT,SUSPICIOUS_INTRASESSION,EXPECTED_DAILY_SESSION_BREAK,Recurring nightly broker maintenance/session break.,"2024-10-10 23:58:00 -> 2024-10-11 01:00:00: ~62min nightly pause, standard-time (hour 23->01) variant; this exact close/reopen-hour pair recurs on the vast majority of weeknights across all 6 dataset years, and the hour flips precisely on EU DST transition weekends. External corroboration: OLD_EXPORT_ALSO_MISSING.",HIGH,False
gapf_1340189_20241011_2357,2024-10-11 23:57:00,2024-10-14 01:00:00,2024-10-11 23:58:00,2024-10-14 00:59:00,2943.0,2942,Friday,Monday,23:57,01:00,2024,10,DEVELOPMENT,EXPECTED_WEEKEND,EXPECTED_WEEKEND,Recurring Friday-to-Monday/Tuesday weekend market closure.,"Friday 23:57 close -> Monday 01:00 reopen, delta=2943min; matches the dataset-wide weekend closure pattern observed on every trading week.",HIGH,False
gapf_1341568_20241014_2358,2024-10-14 23:58:00,2024-10-15 01:00:00,2024-10-14 23:59:00,2024-10-15 00:59:00,62.0,61,Monday,Tuesday,23:58,01:00,2024,10,DEVELOPMENT,SUSPICIOUS_INTRASESSION,EXPECTED_DAILY_SESSION_BREAK,Recurring nightly broker maintenance/session break.,"2024-10-14 23:58:00 -> 2024-10-15 01:00:00: ~62min nightly pause, standard-time (hour 23->01) variant; this exact close/reopen-hour pair recurs on the vast majority of weeknights across all 6 dataset years, and the hour flips precisely on EU DST transition weekends. External corroboration: OLD_EXPORT_ALSO_MISSING.",HIGH,False
gapf_1342947_20241015_2358,2024-10-15 23:58:00,2024-10-16 01:00:00,2024-10-15 23:59:00,2024-10-16 00:59:00,62.0,61,Tuesday,Wednesday,23:58,01:00,2024,10,DEVELOPMENT,SUSPICIOUS_INTRASESSION,EXPECTED_DAILY_SESSION_BREAK,Recurring nightly broker maintenance/session break.,"2024-10-15 23:58:00 -> 2024-10-16 01:00:00: ~62min nightly pause, standard-time (hour 23->01) variant; this exact close/reopen-hour pair recurs on the vast majority of weeknights across all 6 dataset years, and the hour flips precisely on EU DST transition weekends. External corroboration: OLD_EXPORT_ALSO_MISSING.",HIGH,False
gapf_1344326_20241016_2358,2024-10-16 23:58:00,2024-10-17 01:00:00,2024-10-16 23:59:00,2024-10-17 00:59:00,62.0,61,Wednesday,Thursday,23:58,01:00,2024,10,DEVELOPMENT,SUSPICIOUS_INTRASESSION,EXPECTED_DAILY_SESSION_BREAK,Recurring nightly broker maintenance/session break.,"2024-10-16 23:58:00 -> 2024-10-17 01:00:00: ~62min nightly pause, standard-time (hour 23->01) variant; this exact close/reopen-hour pair recurs on the vast majority of weeknights across all 6 dataset years, and the hour flips precisely on EU DST transition weekends. External corroboration: OLD_EXPORT_ALSO_MISSING.",HIGH,False
gapf_1345705_20241017_2358,2024-10-17 23:58:00,2024-10-18 01:00:00,2024-10-17 23:59:00,2024-10-18 00:59:00,62.0,61,Thursday,Friday,23:58,01:00,2024,10,DEVELOPMENT,SUSPICIOUS_INTRASESSION,EXPECTED_DAILY_SESSION_BREAK,Recurring nightly broker maintenance/session break.,"2024-10-17 23:58:00 -> 2024-10-18 01:00:00: ~62min nightly pause, standard-time (hour 23->01) variant; this exact close/reopen-hour pair recurs on the vast majority of weeknights across all 6 dataset years, and the hour flips precisely on EU DST transition weekends. External corroboration: OLD_EXPORT_ALSO_MISSING.",HIGH,False
gapf_1347083_20241018_2357,2024-10-18 23:57:00,2024-10-21 01:00:00,2024-10-18 23:58:00,2024-10-21 00:59:00,2943.0,2942,Friday,Monday,23:57,01:00,2024,10,DEVELOPMENT,EXPECTED_WEEKEND,EXPECTED_WEEKEND,Recurring Friday-to-Monday/Tuesday weekend market closure.,"Friday 23:57 close -> Monday 01:00 reopen, delta=2943min; matches the dataset-wide weekend closure pattern observed on every trading week.",HIGH,False
gapf_1348462_20241021_2358,2024-10-21 23:58:00,2024-10-22 01:00:00,2024-10-21 23:59:00,2024-10-22 00:59:00,62.0,61,Monday,Tuesday,23:58,01:00,2024,10,DEVELOPMENT,SUSPICIOUS_INTRASESSION,EXPECTED_DAILY_SESSION_BREAK,Recurring nightly broker maintenance/session break.,"2024-10-21 23:58:00 -> 2024-10-22 01:00:00: ~62min nightly pause, standard-time (hour 23->01) variant; this exact close/reopen-hour pair recurs on the vast majority of weeknights across all 6 dataset years, and the hour flips precisely on EU DST transition weekends. External corroboration: OLD_EXPORT_ALSO_MISSING.",HIGH,False
gapf_1349841_20241022_2358,2024-10-22 23:58:00,2024-10-23 01:00:00,2024-10-22 23:59:00,2024-10-23 00:59:00,62.0,61,Tuesday,Wednesday,23:58,01:00,2024,10,DEVELOPMENT,SUSPICIOUS_INTRASESSION,EXPECTED_DAILY_SESSION_BREAK,Recurring nightly broker maintenance/session break.,"2024-10-22 23:58:00 -> 2024-10-23 01:00:00: ~62min nightly pause, standard-time (hour 23->01) variant; this exact close/reopen-hour pair recurs on the vast majority of weeknights across all 6 dataset years, and the hour flips precisely on EU DST transition weekends. External corroboration: OLD_EXPORT_ALSO_MISSING.",HIGH,False
gapf_1351220_20241023_2358,2024-10-23 23:58:00,2024-10-24 01:00:00,2024-10-23 23:59:00,2024-10-24 00:59:00,62.0,61,Wednesday,Thursday,23:58,01:00,2024,10,DEVELOPMENT,SUSPICIOUS_INTRASESSION,EXPECTED_DAILY_SESSION_BREAK,Recurring nightly broker maintenance/session break.,"2024-10-23 23:58:00 -> 2024-10-24 01:00:00: ~62min nightly pause, standard-time (hour 23->01) variant; this exact close/reopen-hour pair recurs on the vast majority of weeknights across all 6 dataset years, and the hour flips precisely on EU DST transition weekends. External corroboration: OLD_EXPORT_ALSO_MISSING.",HIGH,False
gapf_1352599_20241024_2358,2024-10-24 23:58:00,2024-10-25 01:00:00,2024-10-24 23:59:00,2024-10-25 00:59:00,62.0,61,Thursday,Friday,23:58,01:00,2024,10,DEVELOPMENT,SUSPICIOUS_INTRASESSION,EXPECTED_DAILY_SESSION_BREAK,Recurring nightly broker maintenance/session break.,"2024-10-24 23:58:00 -> 2024-10-25 01:00:00: ~62min nightly pause, standard-time (hour 23->01) variant; this exact close/reopen-hour pair recurs on the vast majority of weeknights across all 6 dataset years, and the hour flips precisely on EU DST transition weekends. External corroboration: OLD_EXPORT_ALSO_MISSING.",HIGH,False
gapf_1353977_20241025_2357,2024-10-25 23:57:00,2024-10-28 00:00:00,2024-10-25 23:58:00,2024-10-27 23:59:00,2883.0,2882,Friday,Monday,23:57,00:00,2024,10,DEVELOPMENT,EXPECTED_WEEKEND,EXPECTED_WEEKEND,Recurring Friday-to-Monday/Tuesday weekend market closure.,"Friday 23:57 close -> Monday 00:00 reopen, delta=2883min; matches the dataset-wide weekend closure pattern observed on every trading week.",HIGH,False
gapf_1355356_20241028_2258,2024-10-28 22:58:00,2024-10-29 00:00:00,2024-10-28 22:59:00,2024-10-28 23:59:00,62.0,61,Monday,Tuesday,22:58,00:00,2024,10,DEVELOPMENT,EXPECTED_DAILY_SESSION_BREAK,EXPECTED_DAILY_SESSION_BREAK,Recurring nightly broker maintenance/session break.,"2024-10-28 22:58:00 -> 2024-10-29 00:00:00: ~62min nightly pause, EU-DST-shifted (hour 22->00) variant; this exact close/reopen-hour pair recurs on the vast majority of weeknights across all 6 dataset years, and the hour flips precisely on EU DST transition weekends. External corroboration: OLD_EXPORT_ALSO_MISSING.",HIGH,False
gapf_1356735_20241029_2258,2024-10-29 22:58:00,2024-10-30 00:00:00,2024-10-29 22:59:00,2024-10-29 23:59:00,62.0,61,Tuesday,Wednesday,22:58,00:00,2024,10,DEVELOPMENT,EXPECTED_DAILY_SESSION_BREAK,EXPECTED_DAILY_SESSION_BREAK,Recurring nightly broker maintenance/session break.,"2024-10-29 22:58:00 -> 2024-10-30 00:00:00: ~62min nightly pause, EU-DST-shifted (hour 22->00) variant; this exact close/reopen-hour pair recurs on the vast majority of weeknights across all 6 dataset years, and the hour flips precisely on EU DST transition weekends. External corroboration: OLD_EXPORT_ALSO_MISSING.",HIGH,False
gapf_1358114_20241030_2258,2024-10-30 22:58:00,2024-10-31 00:00:00,2024-10-30 22:59:00,2024-10-30 23:59:00,62.0,61,Wednesday,Thursday,22:58,00:00,2024,10,DEVELOPMENT,EXPECTED_DAILY_SESSION_BREAK,EXPECTED_DAILY_SESSION_BREAK,Recurring nightly broker maintenance/session break.,"2024-10-30 22:58:00 -> 2024-10-31 00:00:00: ~62min nightly pause, EU-DST-shifted (hour 22->00) variant; this exact close/reopen-hour pair recurs on the vast majority of weeknights across all 6 dataset years, and the hour flips precisely on EU DST transition weekends. External corroboration: OLD_EXPORT_ALSO_MISSING.",HIGH,False
gapf_1359493_20241031_2258,2024-10-31 22:58:00,2024-11-01 00:00:00,2024-10-31 22:59:00,2024-10-31 23:59:00,62.0,61,Thursday,Friday,22:58,00:00,2024,10,DEVELOPMENT,EXPECTED_DAILY_SESSION_BREAK,EXPECTED_DAILY_SESSION_BREAK,Recurring nightly broker maintenance/session break.,"2024-10-31 22:58:00 -> 2024-11-01 00:00:00: ~62min nightly pause, EU-DST-shifted (hour 22->00) variant; this exact close/reopen-hour pair recurs on the vast majority of weeknights across all 6 dataset years, and the hour flips precisely on EU DST transition weekends. External corroboration: OLD_EXPORT_ALSO_MISSING.",HIGH,False
gapf_1360871_20241101_2257,2024-11-01 22:57:00,2024-11-04 01:00:00,2024-11-01 22:58:00,2024-11-04 00:59:00,3003.0,3002,Friday,Monday,22:57,01:00,2024,11,DEVELOPMENT,EXPECTED_WEEKEND,EXPECTED_WEEKEND,Recurring Friday-to-Monday/Tuesday weekend market closure.,"Friday 22:57 close -> Monday 01:00 reopen, delta=3003min; matches the dataset-wide weekend closure pattern observed on every trading week.",HIGH,False
gapf_1362250_20241104_2358,2024-11-04 23:58:00,2024-11-05 01:00:00,2024-11-04 23:59:00,2024-11-05 00:59:00,62.0,61,Monday,Tuesday,23:58,01:00,2024,11,DEVELOPMENT,SUSPICIOUS_INTRASESSION,EXPECTED_DAILY_SESSION_BREAK,Recurring nightly broker maintenance/session break.,"2024-11-04 23:58:00 -> 2024-11-05 01:00:00: ~62min nightly pause, standard-time (hour 23->01) variant; this exact close/reopen-hour pair recurs on the vast majority of weeknights across all 6 dataset years, and the hour flips precisely on EU DST transition weekends. External corroboration: OLD_EXPORT_ALSO_MISSING.",HIGH,False
gapf_1363629_20241105_2358,2024-11-05 23:58:00,2024-11-06 01:00:00,2024-11-05 23:59:00,2024-11-06 00:59:00,62.0,61,Tuesday,Wednesday,23:58,01:00,2024,11,DEVELOPMENT,SUSPICIOUS_INTRASESSION,EXPECTED_DAILY_SESSION_BREAK,Recurring nightly broker maintenance/session break.,"2024-11-05 23:58:00 -> 2024-11-06 01:00:00: ~62min nightly pause, standard-time (hour 23->01) variant; this exact close/reopen-hour pair recurs on the vast majority of weeknights across all 6 dataset years, and the hour flips precisely on EU DST transition weekends. External corroboration: OLD_EXPORT_ALSO_MISSING.",HIGH,False
gapf_1365008_20241106_2358,2024-11-06 23:58:00,2024-11-07 01:00:00,2024-11-06 23:59:00,2024-11-07 00:59:00,62.0,61,Wednesday,Thursday,23:58,01:00,2024,11,DEVELOPMENT,SUSPICIOUS_INTRASESSION,EXPECTED_DAILY_SESSION_BREAK,Recurring nightly broker maintenance/session break.,"2024-11-06 23:58:00 -> 2024-11-07 01:00:00: ~62min nightly pause, standard-time (hour 23->01) variant; this exact close/reopen-hour pair recurs on the vast majority of weeknights across all 6 dataset years, and the hour flips precisely on EU DST transition weekends. External corroboration: OLD_EXPORT_ALSO_MISSING.",HIGH,False
gapf_1366387_20241107_2358,2024-11-07 23:58:00,2024-11-08 01:00:00,2024-11-07 23:59:00,2024-11-08 00:59:00,62.0,61,Thursday,Friday,23:58,01:00,2024,11,DEVELOPMENT,SUSPICIOUS_INTRASESSION,EXPECTED_DAILY_SESSION_BREAK,Recurring nightly broker maintenance/session break.,"2024-11-07 23:58:00 -> 2024-11-08 01:00:00: ~62min nightly pause, standard-time (hour 23->01) variant; this exact close/reopen-hour pair recurs on the vast majority of weeknights across all 6 dataset years, and the hour flips precisely on EU DST transition weekends. External corroboration: OLD_EXPORT_ALSO_MISSING.",HIGH,False
gapf_1367765_20241108_2357,2024-11-08 23:57:00,2024-11-11 01:00:00,2024-11-08 23:58:00,2024-11-11 00:59:00,2943.0,2942,Friday,Monday,23:57,01:00,2024,11,DEVELOPMENT,EXPECTED_WEEKEND,EXPECTED_WEEKEND,Recurring Friday-to-Monday/Tuesday weekend market closure.,"Friday 23:57 close -> Monday 01:00 reopen, delta=2943min; matches the dataset-wide weekend closure pattern observed on every trading week.",HIGH,False
gapf_1369144_20241111_2358,2024-11-11 23:58:00,2024-11-12 01:00:00,2024-11-11 23:59:00,2024-11-12 00:59:00,62.0,61,Monday,Tuesday,23:58,01:00,2024,11,DEVELOPMENT,SUSPICIOUS_INTRASESSION,EXPECTED_DAILY_SESSION_BREAK,Recurring nightly broker maintenance/session break.,"2024-11-11 23:58:00 -> 2024-11-12 01:00:00: ~62min nightly pause, standard-time (hour 23->01) variant; this exact close/reopen-hour pair recurs on the vast majority of weeknights across all 6 dataset years, and the hour flips precisely on EU DST transition weekends. External corroboration: OLD_EXPORT_ALSO_MISSING.",HIGH,False
gapf_1370523_20241112_2358,2024-11-12 23:58:00,2024-11-13 01:00:00,2024-11-12 23:59:00,2024-11-13 00:59:00,62.0,61,Tuesday,Wednesday,23:58,01:00,2024,11,DEVELOPMENT,SUSPICIOUS_INTRASESSION,EXPECTED_DAILY_SESSION_BREAK,Recurring nightly broker maintenance/session break.,"2024-11-12 23:58:00 -> 2024-11-13 01:00:00: ~62min nightly pause, standard-time (hour 23->01) variant; this exact close/reopen-hour pair recurs on the vast majority of weeknights across all 6 dataset years, and the hour flips precisely on EU DST transition weekends. External corroboration: OLD_EXPORT_ALSO_MISSING.",HIGH,False
gapf_1371902_20241113_2358,2024-11-13 23:58:00,2024-11-14 01:00:00,2024-11-13 23:59:00,2024-11-14 00:59:00,62.0,61,Wednesday,Thursday,23:58,01:00,2024,11,DEVELOPMENT,SUSPICIOUS_INTRASESSION,EXPECTED_DAILY_SESSION_BREAK,Recurring nightly broker maintenance/session break.,"2024-11-13 23:58:00 -> 2024-11-14 01:00:00: ~62min nightly pause, standard-time (hour 23->01) variant; this exact close/reopen-hour pair recurs on the vast majority of weeknights across all 6 dataset years, and the hour flips precisely on EU DST transition weekends. External corroboration: OLD_EXPORT_ALSO_MISSING.",HIGH,False
gapf_1373281_20241114_2358,2024-11-14 23:58:00,2024-11-15 01:00:00,2024-11-14 23:59:00,2024-11-15 00:59:00,62.0,61,Thursday,Friday,23:58,01:00,2024,11,DEVELOPMENT,SUSPICIOUS_INTRASESSION,EXPECTED_DAILY_SESSION_BREAK,Recurring nightly broker maintenance/session break.,"2024-11-14 23:58:00 -> 2024-11-15 01:00:00: ~62min nightly pause, standard-time (hour 23->01) variant; this exact close/reopen-hour pair recurs on the vast majority of weeknights across all 6 dataset years, and the hour flips precisely on EU DST transition weekends. External corroboration: OLD_EXPORT_ALSO_MISSING.",HIGH,False
gapf_1374659_20241115_2357,2024-11-15 23:57:00,2024-11-18 01:00:00,2024-11-15 23:58:00,2024-11-18 00:59:00,2943.0,2942,Friday,Monday,23:57,01:00,2024,11,DEVELOPMENT,EXPECTED_WEEKEND,EXPECTED_WEEKEND,Recurring Friday-to-Monday/Tuesday weekend market closure.,"Friday 23:57 close -> Monday 01:00 reopen, delta=2943min; matches the dataset-wide weekend closure pattern observed on every trading week.",HIGH,False
gapf_1376038_20241118_2358,2024-11-18 23:58:00,2024-11-19 01:00:00,2024-11-18 23:59:00,2024-11-19 00:59:00,62.0,61,Monday,Tuesday,23:58,01:00,2024,11,DEVELOPMENT,SUSPICIOUS_INTRASESSION,EXPECTED_DAILY_SESSION_BREAK,Recurring nightly broker maintenance/session break.,"2024-11-18 23:58:00 -> 2024-11-19 01:00:00: ~62min nightly pause, standard-time (hour 23->01) variant; this exact close/reopen-hour pair recurs on the vast majority of weeknights across all 6 dataset years, and the hour flips precisely on EU DST transition weekends. External corroboration: OLD_EXPORT_ALSO_MISSING.",HIGH,False
gapf_1377417_20241119_2358,2024-11-19 23:58:00,2024-11-20 01:00:00,2024-11-19 23:59:00,2024-11-20 00:59:00,62.0,61,Tuesday,Wednesday,23:58,01:00,2024,11,DEVELOPMENT,SUSPICIOUS_INTRASESSION,EXPECTED_DAILY_SESSION_BREAK,Recurring nightly broker maintenance/session break.,"2024-11-19 23:58:00 -> 2024-11-20 01:00:00: ~62min nightly pause, standard-time (hour 23->01) variant; this exact close/reopen-hour pair recurs on the vast majority of weeknights across all 6 dataset years, and the hour flips precisely on EU DST transition weekends. External corroboration: OLD_EXPORT_ALSO_MISSING.",HIGH,False
gapf_1378796_20241120_2358,2024-11-20 23:58:00,2024-11-21 01:00:00,2024-11-20 23:59:00,2024-11-21 00:59:00,62.0,61,Wednesday,Thursday,23:58,01:00,2024,11,DEVELOPMENT,SUSPICIOUS_INTRASESSION,EXPECTED_DAILY_SESSION_BREAK,Recurring nightly broker maintenance/session break.,"2024-11-20 23:58:00 -> 2024-11-21 01:00:00: ~62min nightly pause, standard-time (hour 23->01) variant; this exact close/reopen-hour pair recurs on the vast majority of weeknights across all 6 dataset years, and the hour flips precisely on EU DST transition weekends. External corroboration: OLD_EXPORT_ALSO_MISSING.",HIGH,False
gapf_1380175_20241121_2358,2024-11-21 23:58:00,2024-11-22 01:00:00,2024-11-21 23:59:00,2024-11-22 00:59:00,62.0,61,Thursday,Friday,23:58,01:00,2024,11,DEVELOPMENT,SUSPICIOUS_INTRASESSION,EXPECTED_DAILY_SESSION_BREAK,Recurring nightly broker maintenance/session break.,"2024-11-21 23:58:00 -> 2024-11-22 01:00:00: ~62min nightly pause, standard-time (hour 23->01) variant; this exact close/reopen-hour pair recurs on the vast majority of weeknights across all 6 dataset years, and the hour flips precisely on EU DST transition weekends. External corroboration: OLD_EXPORT_ALSO_MISSING.",HIGH,False
gapf_1381553_20241122_2357,2024-11-22 23:57:00,2024-11-25 01:00:00,2024-11-22 23:58:00,2024-11-25 00:59:00,2943.0,2942,Friday,Monday,23:57,01:00,2024,11,DEVELOPMENT,EXPECTED_WEEKEND,EXPECTED_WEEKEND,Recurring Friday-to-Monday/Tuesday weekend market closure.,"Friday 23:57 close -> Monday 01:00 reopen, delta=2943min; matches the dataset-wide weekend closure pattern observed on every trading week.",HIGH,False
gapf_1382932_20241125_2358,2024-11-25 23:58:00,2024-11-26 01:00:00,2024-11-25 23:59:00,2024-11-26 00:59:00,62.0,61,Monday,Tuesday,23:58,01:00,2024,11,DEVELOPMENT,SUSPICIOUS_INTRASESSION,EXPECTED_DAILY_SESSION_BREAK,Recurring nightly broker maintenance/session break.,"2024-11-25 23:58:00 -> 2024-11-26 01:00:00: ~62min nightly pause, standard-time (hour 23->01) variant; this exact close/reopen-hour pair recurs on the vast majority of weeknights across all 6 dataset years, and the hour flips precisely on EU DST transition weekends. External corroboration: OLD_EXPORT_ALSO_MISSING.",HIGH,False
gapf_1384311_20241126_2358,2024-11-26 23:58:00,2024-11-27 01:00:00,2024-11-26 23:59:00,2024-11-27 00:59:00,62.0,61,Tuesday,Wednesday,23:58,01:00,2024,11,DEVELOPMENT,SUSPICIOUS_INTRASESSION,EXPECTED_DAILY_SESSION_BREAK,Recurring nightly broker maintenance/session break.,"2024-11-26 23:58:00 -> 2024-11-27 01:00:00: ~62min nightly pause, standard-time (hour 23->01) variant; this exact close/reopen-hour pair recurs on the vast majority of weeknights across all 6 dataset years, and the hour flips precisely on EU DST transition weekends. External corroboration: OLD_EXPORT_ALSO_MISSING.",HIGH,False
gapf_1385690_20241127_2358,2024-11-27 23:58:00,2024-11-28 01:00:00,2024-11-27 23:59:00,2024-11-28 00:59:00,62.0,61,Wednesday,Thursday,23:58,01:00,2024,11,DEVELOPMENT,SUSPICIOUS_INTRASESSION,EXPECTED_DAILY_SESSION_BREAK,Recurring nightly broker maintenance/session break.,"2024-11-27 23:58:00 -> 2024-11-28 01:00:00: ~62min nightly pause, standard-time (hour 23->01) variant; this exact close/reopen-hour pair recurs on the vast majority of weeknights across all 6 dataset years, and the hour flips precisely on EU DST transition weekends. External corroboration: OLD_EXPORT_ALSO_MISSING.",HIGH,False
gapf_1386868_20241128_2037,2024-11-28 20:37:00,2024-11-28 20:39:00,2024-11-28 20:38:00,2024-11-28 20:38:00,2.0,1,Thursday,Thursday,20:37,20:39,2024,11,DEVELOPMENT,LIKELY_PROVIDER_HISTORY_GAP,LIKELY_PROVIDER_HISTORY_GAP,"Isolated small active-session gap, no recurring pattern.","2024-11-28 20:37:00 -> 2024-11-28 20:39:00: isolated 1-bar active-session gap; does not match weekend, session-break, or holiday patterns; below the empirically observed natural break in the missing-bar distribution (no residual gap observed between 9 and 214 missing bars). External corroboration: OLD_EXPORT_ALSO_MISSING.",HIGH,False
gapf_1386915_20241128_2125,2024-11-28 21:25:00,2024-11-29 01:00:00,2024-11-28 21:26:00,2024-11-29 00:59:00,215.0,214,Thursday,Friday,21:25,01:00,2024,11,DEVELOPMENT,SUSPICIOUS_INTRASESSION,EXPECTED_HOLIDAY_OR_CLOSURE,US federal market holiday early close (THANKSGIVING).,"2024-11-28 21:25:00 matches computed US federal holiday date (THANKSGIVING); early close at 21:25 UTC, reopen 01:00 UTC next day; recurring pattern observed across multiple dataset years. External corroboration: OLD_EXPORT_ALSO_MISSING.",HIGH,False
gapf_1388156_20241129_2140,2024-11-29 21:40:00,2024-12-02 01:00:00,2024-11-29 21:41:00,2024-12-02 00:59:00,3080.0,3079,Friday,Monday,21:40,01:00,2024,11,DEVELOPMENT,EXPECTED_WEEKEND,EXPECTED_WEEKEND,Recurring Friday-to-Monday/Tuesday weekend market closure.,"Friday 21:40 close -> Monday 01:00 reopen, delta=3080min; matches the dataset-wide weekend closure pattern observed on every trading week.",HIGH,False
gapf_1389535_20241202_2358,2024-12-02 23:58:00,2024-12-03 01:00:00,2024-12-02 23:59:00,2024-12-03 00:59:00,62.0,61,Monday,Tuesday,23:58,01:00,2024,12,DEVELOPMENT,SUSPICIOUS_INTRASESSION,EXPECTED_DAILY_SESSION_BREAK,Recurring nightly broker maintenance/session break.,"2024-12-02 23:58:00 -> 2024-12-03 01:00:00: ~62min nightly pause, standard-time (hour 23->01) variant; this exact close/reopen-hour pair recurs on the vast majority of weeknights across all 6 dataset years, and the hour flips precisely on EU DST transition weekends. External corroboration: OLD_EXPORT_ALSO_MISSING.",HIGH,False
gapf_1390914_20241203_2358,2024-12-03 23:58:00,2024-12-04 01:00:00,2024-12-03 23:59:00,2024-12-04 00:59:00,62.0,61,Tuesday,Wednesday,23:58,01:00,2024,12,DEVELOPMENT,SUSPICIOUS_INTRASESSION,EXPECTED_DAILY_SESSION_BREAK,Recurring nightly broker maintenance/session break.,"2024-12-03 23:58:00 -> 2024-12-04 01:00:00: ~62min nightly pause, standard-time (hour 23->01) variant; this exact close/reopen-hour pair recurs on the vast majority of weeknights across all 6 dataset years, and the hour flips precisely on EU DST transition weekends. External corroboration: OLD_EXPORT_ALSO_MISSING.",HIGH,False
gapf_1392293_20241204_2358,2024-12-04 23:58:00,2024-12-05 01:00:00,2024-12-04 23:59:00,2024-12-05 00:59:00,62.0,61,Wednesday,Thursday,23:58,01:00,2024,12,DEVELOPMENT,SUSPICIOUS_INTRASESSION,EXPECTED_DAILY_SESSION_BREAK,Recurring nightly broker maintenance/session break.,"2024-12-04 23:58:00 -> 2024-12-05 01:00:00: ~62min nightly pause, standard-time (hour 23->01) variant; this exact close/reopen-hour pair recurs on the vast majority of weeknights across all 6 dataset years, and the hour flips precisely on EU DST transition weekends. External corroboration: OLD_EXPORT_ALSO_MISSING.",HIGH,False
gapf_1393672_20241205_2358,2024-12-05 23:58:00,2024-12-06 01:00:00,2024-12-05 23:59:00,2024-12-06 00:59:00,62.0,61,Thursday,Friday,23:58,01:00,2024,12,DEVELOPMENT,SUSPICIOUS_INTRASESSION,EXPECTED_DAILY_SESSION_BREAK,Recurring nightly broker maintenance/session break.,"2024-12-05 23:58:00 -> 2024-12-06 01:00:00: ~62min nightly pause, standard-time (hour 23->01) variant; this exact close/reopen-hour pair recurs on the vast majority of weeknights across all 6 dataset years, and the hour flips precisely on EU DST transition weekends. External corroboration: OLD_EXPORT_ALSO_MISSING.",HIGH,False
gapf_1395050_20241206_2357,2024-12-06 23:57:00,2024-12-09 01:00:00,2024-12-06 23:58:00,2024-12-09 00:59:00,2943.0,2942,Friday,Monday,23:57,01:00,2024,12,DEVELOPMENT,EXPECTED_WEEKEND,EXPECTED_WEEKEND,Recurring Friday-to-Monday/Tuesday weekend market closure.,"Friday 23:57 close -> Monday 01:00 reopen, delta=2943min; matches the dataset-wide weekend closure pattern observed on every trading week.",HIGH,False
gapf_1396429_20241209_2358,2024-12-09 23:58:00,2024-12-10 01:00:00,2024-12-09 23:59:00,2024-12-10 00:59:00,62.0,61,Monday,Tuesday,23:58,01:00,2024,12,DEVELOPMENT,SUSPICIOUS_INTRASESSION,EXPECTED_DAILY_SESSION_BREAK,Recurring nightly broker maintenance/session break.,"2024-12-09 23:58:00 -> 2024-12-10 01:00:00: ~62min nightly pause, standard-time (hour 23->01) variant; this exact close/reopen-hour pair recurs on the vast majority of weeknights across all 6 dataset years, and the hour flips precisely on EU DST transition weekends. External corroboration: OLD_EXPORT_ALSO_MISSING.",HIGH,False
gapf_1397808_20241210_2358,2024-12-10 23:58:00,2024-12-11 01:00:00,2024-12-10 23:59:00,2024-12-11 00:59:00,62.0,61,Tuesday,Wednesday,23:58,01:00,2024,12,DEVELOPMENT,SUSPICIOUS_INTRASESSION,EXPECTED_DAILY_SESSION_BREAK,Recurring nightly broker maintenance/session break.,"2024-12-10 23:58:00 -> 2024-12-11 01:00:00: ~62min nightly pause, standard-time (hour 23->01) variant; this exact close/reopen-hour pair recurs on the vast majority of weeknights across all 6 dataset years, and the hour flips precisely on EU DST transition weekends. External corroboration: OLD_EXPORT_ALSO_MISSING.",HIGH,False
gapf_1399187_20241211_2358,2024-12-11 23:58:00,2024-12-12 01:00:00,2024-12-11 23:59:00,2024-12-12 00:59:00,62.0,61,Wednesday,Thursday,23:58,01:00,2024,12,DEVELOPMENT,SUSPICIOUS_INTRASESSION,EXPECTED_DAILY_SESSION_BREAK,Recurring nightly broker maintenance/session break.,"2024-12-11 23:58:00 -> 2024-12-12 01:00:00: ~62min nightly pause, standard-time (hour 23->01) variant; this exact close/reopen-hour pair recurs on the vast majority of weeknights across all 6 dataset years, and the hour flips precisely on EU DST transition weekends. External corroboration: OLD_EXPORT_ALSO_MISSING.",HIGH,False
gapf_1400566_20241212_2358,2024-12-12 23:58:00,2024-12-13 01:00:00,2024-12-12 23:59:00,2024-12-13 00:59:00,62.0,61,Thursday,Friday,23:58,01:00,2024,12,DEVELOPMENT,SUSPICIOUS_INTRASESSION,EXPECTED_DAILY_SESSION_BREAK,Recurring nightly broker maintenance/session break.,"2024-12-12 23:58:00 -> 2024-12-13 01:00:00: ~62min nightly pause, standard-time (hour 23->01) variant; this exact close/reopen-hour pair recurs on the vast majority of weeknights across all 6 dataset years, and the hour flips precisely on EU DST transition weekends. External corroboration: OLD_EXPORT_ALSO_MISSING.",HIGH,False
gapf_1401944_20241213_2357,2024-12-13 23:57:00,2024-12-16 01:00:00,2024-12-13 23:58:00,2024-12-16 00:59:00,2943.0,2942,Friday,Monday,23:57,01:00,2024,12,DEVELOPMENT,EXPECTED_WEEKEND,EXPECTED_WEEKEND,Recurring Friday-to-Monday/Tuesday weekend market closure.,"Friday 23:57 close -> Monday 01:00 reopen, delta=2943min; matches the dataset-wide weekend closure pattern observed on every trading week.",HIGH,False
gapf_1403323_20241216_2358,2024-12-16 23:58:00,2024-12-17 01:00:00,2024-12-16 23:59:00,2024-12-17 00:59:00,62.0,61,Monday,Tuesday,23:58,01:00,2024,12,DEVELOPMENT,SUSPICIOUS_INTRASESSION,EXPECTED_DAILY_SESSION_BREAK,Recurring nightly broker maintenance/session break.,"2024-12-16 23:58:00 -> 2024-12-17 01:00:00: ~62min nightly pause, standard-time (hour 23->01) variant; this exact close/reopen-hour pair recurs on the vast majority of weeknights across all 6 dataset years, and the hour flips precisely on EU DST transition weekends. External corroboration: OLD_EXPORT_ALSO_MISSING.",HIGH,False
gapf_1404702_20241217_2358,2024-12-17 23:58:00,2024-12-18 01:00:00,2024-12-17 23:59:00,2024-12-18 00:59:00,62.0,61,Tuesday,Wednesday,23:58,01:00,2024,12,DEVELOPMENT,SUSPICIOUS_INTRASESSION,EXPECTED_DAILY_SESSION_BREAK,Recurring nightly broker maintenance/session break.,"2024-12-17 23:58:00 -> 2024-12-18 01:00:00: ~62min nightly pause, standard-time (hour 23->01) variant; this exact close/reopen-hour pair recurs on the vast majority of weeknights across all 6 dataset years, and the hour flips precisely on EU DST transition weekends. External corroboration: OLD_EXPORT_ALSO_MISSING.",HIGH,False
gapf_1406081_20241218_2358,2024-12-18 23:58:00,2024-12-19 01:00:00,2024-12-18 23:59:00,2024-12-19 00:59:00,62.0,61,Wednesday,Thursday,23:58,01:00,2024,12,DEVELOPMENT,SUSPICIOUS_INTRASESSION,EXPECTED_DAILY_SESSION_BREAK,Recurring nightly broker maintenance/session break.,"2024-12-18 23:58:00 -> 2024-12-19 01:00:00: ~62min nightly pause, standard-time (hour 23->01) variant; this exact close/reopen-hour pair recurs on the vast majority of weeknights across all 6 dataset years, and the hour flips precisely on EU DST transition weekends. External corroboration: OLD_EXPORT_ALSO_MISSING.",HIGH,False
gapf_1407460_20241219_2358,2024-12-19 23:58:00,2024-12-20 01:00:00,2024-12-19 23:59:00,2024-12-20 00:59:00,62.0,61,Thursday,Friday,23:58,01:00,2024,12,DEVELOPMENT,SUSPICIOUS_INTRASESSION,EXPECTED_DAILY_SESSION_BREAK,Recurring nightly broker maintenance/session break.,"2024-12-19 23:58:00 -> 2024-12-20 01:00:00: ~62min nightly pause, standard-time (hour 23->01) variant; this exact close/reopen-hour pair recurs on the vast majority of weeknights across all 6 dataset years, and the hour flips precisely on EU DST transition weekends. External corroboration: OLD_EXPORT_ALSO_MISSING.",HIGH,False
gapf_1408838_20241220_2357,2024-12-20 23:57:00,2024-12-23 01:01:00,2024-12-20 23:58:00,2024-12-23 01:00:00,2944.0,2943,Friday,Monday,23:57,01:01,2024,12,DEVELOPMENT,EXPECTED_WEEKEND,EXPECTED_WEEKEND,Recurring Friday-to-Monday/Tuesday weekend market closure.,"Friday 23:57 close -> Monday 01:01 reopen, delta=2944min; matches the dataset-wide weekend closure pattern observed on every trading week.",HIGH,False
gapf_1410216_20241223_2358,2024-12-23 23:58:00,2024-12-24 01:00:00,2024-12-23 23:59:00,2024-12-24 00:59:00,62.0,61,Monday,Tuesday,23:58,01:00,2024,12,DEVELOPMENT,SUSPICIOUS_INTRASESSION,EXPECTED_DAILY_SESSION_BREAK,Recurring nightly broker maintenance/session break.,"2024-12-23 23:58:00 -> 2024-12-24 01:00:00: ~62min nightly pause, standard-time (hour 23->01) variant; this exact close/reopen-hour pair recurs on the vast majority of weeknights across all 6 dataset years, and the hour flips precisely on EU DST transition weekends. External corroboration: OLD_EXPORT_ALSO_MISSING.",HIGH,False
gapf_1411357_20241224_2000,2024-12-24 20:00:00,2024-12-26 08:00:00,2024-12-24 20:01:00,2024-12-26 07:59:00,2160.0,2159,Tuesday,Thursday,20:00,08:00,2024,12,DEVELOPMENT,EXPECTED_HOLIDAY_OR_CLOSURE,EXPECTED_HOLIDAY_OR_CLOSURE,CHRISTMAS multi-day market closure.,"2024-12-24 20:00:00 falls in the CHRISTMAS closure window; ~36.0h closure, reopen 2024-12-26 08:00:00; recurring pattern observed in multiple dataset years. External corroboration: OLD_EXPORT_ALSO_MISSING.",HIGH,False
gapf_1412316_20241226_2358,2024-12-26 23:58:00,2024-12-27 01:00:00,2024-12-26 23:59:00,2024-12-27 00:59:00,62.0,61,Thursday,Friday,23:58,01:00,2024,12,DEVELOPMENT,SUSPICIOUS_INTRASESSION,EXPECTED_DAILY_SESSION_BREAK,Recurring nightly broker maintenance/session break.,"2024-12-26 23:58:00 -> 2024-12-27 01:00:00: ~62min nightly pause, standard-time (hour 23->01) variant; this exact close/reopen-hour pair recurs on the vast majority of weeknights across all 6 dataset years, and the hour flips precisely on EU DST transition weekends. External corroboration: OLD_EXPORT_ALSO_MISSING.",HIGH,False
gapf_1413694_20241227_2357,2024-12-27 23:57:00,2024-12-30 01:00:00,2024-12-27 23:58:00,2024-12-30 00:59:00,2943.0,2942,Friday,Monday,23:57,01:00,2024,12,DEVELOPMENT,EXPECTED_WEEKEND,EXPECTED_WEEKEND,Recurring Friday-to-Monday/Tuesday weekend market closure.,"Friday 23:57 close -> Monday 01:00 reopen, delta=2943min; matches the dataset-wide weekend closure pattern observed on every trading week.",HIGH,False
gapf_1415073_20241230_2358,2024-12-30 23:58:00,2024-12-31 01:00:00,2024-12-30 23:59:00,2024-12-31 00:59:00,62.0,61,Monday,Tuesday,23:58,01:00,2024,12,DEVELOPMENT,SUSPICIOUS_INTRASESSION,EXPECTED_DAILY_SESSION_BREAK,Recurring nightly broker maintenance/session break.,"2024-12-30 23:58:00 -> 2024-12-31 01:00:00: ~62min nightly pause, standard-time (hour 23->01) variant; this exact close/reopen-hour pair recurs on the vast majority of weeknights across all 6 dataset years, and the hour flips precisely on EU DST transition weekends. External corroboration: OLD_EXPORT_ALSO_MISSING.",HIGH,False
gapf_1416214_20241231_2000,2024-12-31 20:00:00,2025-01-02 08:00:00,2024-12-31 20:01:00,2025-01-02 07:59:00,2160.0,2159,Tuesday,Thursday,20:00,08:00,2024,12,DEVELOPMENT,EXPECTED_HOLIDAY_OR_CLOSURE,EXPECTED_HOLIDAY_OR_CLOSURE,NEW_YEAR multi-day market closure.,"2024-12-31 20:00:00 falls in the NEW_YEAR closure window; ~36.0h closure, reopen 2025-01-02 08:00:00; recurring pattern observed in multiple dataset years. External corroboration: OLD_EXPORT_ALSO_MISSING.",HIGH,False
gapf_1417173_20250102_2358,2025-01-02 23:58:00,2025-01-03 01:00:00,2025-01-02 23:59:00,2025-01-03 00:59:00,62.0,61,Thursday,Friday,23:58,01:00,2025,1,VALIDATION,SUSPICIOUS_INTRASESSION,EXPECTED_DAILY_SESSION_BREAK,Recurring nightly broker maintenance/session break.,"2025-01-02 23:58:00 -> 2025-01-03 01:00:00: ~62min nightly pause, standard-time (hour 23->01) variant; this exact close/reopen-hour pair recurs on the vast majority of weeknights across all 6 dataset years, and the hour flips precisely on EU DST transition weekends. External corroboration: OLD_EXPORT_ALSO_MISSING.",HIGH,False
gapf_1418551_20250103_2357,2025-01-03 23:57:00,2025-01-06 01:00:00,2025-01-03 23:58:00,2025-01-06 00:59:00,2943.0,2942,Friday,Monday,23:57,01:00,2025,1,VALIDATION,EXPECTED_WEEKEND,EXPECTED_WEEKEND,Recurring Friday-to-Monday/Tuesday weekend market closure.,"Friday 23:57 close -> Monday 01:00 reopen, delta=2943min; matches the dataset-wide weekend closure pattern observed on every trading week.",HIGH,False
gapf_1419930_20250106_2358,2025-01-06 23:58:00,2025-01-07 01:00:00,2025-01-06 23:59:00,2025-01-07 00:59:00,62.0,61,Monday,Tuesday,23:58,01:00,2025,1,VALIDATION,SUSPICIOUS_INTRASESSION,EXPECTED_DAILY_SESSION_BREAK,Recurring nightly broker maintenance/session break.,"2025-01-06 23:58:00 -> 2025-01-07 01:00:00: ~62min nightly pause, standard-time (hour 23->01) variant; this exact close/reopen-hour pair recurs on the vast majority of weeknights across all 6 dataset years, and the hour flips precisely on EU DST transition weekends. External corroboration: OLD_EXPORT_ALSO_MISSING.",HIGH,False
gapf_1421309_20250107_2358,2025-01-07 23:58:00,2025-01-08 01:00:00,2025-01-07 23:59:00,2025-01-08 00:59:00,62.0,61,Tuesday,Wednesday,23:58,01:00,2025,1,VALIDATION,SUSPICIOUS_INTRASESSION,EXPECTED_DAILY_SESSION_BREAK,Recurring nightly broker maintenance/session break.,"2025-01-07 23:58:00 -> 2025-01-08 01:00:00: ~62min nightly pause, standard-time (hour 23->01) variant; this exact close/reopen-hour pair recurs on the vast majority of weeknights across all 6 dataset years, and the hour flips precisely on EU DST transition weekends. External corroboration: OLD_EXPORT_ALSO_MISSING.",HIGH,False
gapf_1422688_20250108_2358,2025-01-08 23:58:00,2025-01-09 01:00:00,2025-01-08 23:59:00,2025-01-09 00:59:00,62.0,61,Wednesday,Thursday,23:58,01:00,2025,1,VALIDATION,SUSPICIOUS_INTRASESSION,EXPECTED_DAILY_SESSION_BREAK,Recurring nightly broker maintenance/session break.,"2025-01-08 23:58:00 -> 2025-01-09 01:00:00: ~62min nightly pause, standard-time (hour 23->01) variant; this exact close/reopen-hour pair recurs on the vast majority of weeknights across all 6 dataset years, and the hour flips precisely on EU DST transition weekends. External corroboration: OLD_EXPORT_ALSO_MISSING.",HIGH,False
gapf_1424067_20250109_2358,2025-01-09 23:58:00,2025-01-10 01:00:00,2025-01-09 23:59:00,2025-01-10 00:59:00,62.0,61,Thursday,Friday,23:58,01:00,2025,1,VALIDATION,SUSPICIOUS_INTRASESSION,EXPECTED_DAILY_SESSION_BREAK,Recurring nightly broker maintenance/session break.,"2025-01-09 23:58:00 -> 2025-01-10 01:00:00: ~62min nightly pause, standard-time (hour 23->01) variant; this exact close/reopen-hour pair recurs on the vast majority of weeknights across all 6 dataset years, and the hour flips precisely on EU DST transition weekends. External corroboration: OLD_EXPORT_ALSO_MISSING.",HIGH,False
gapf_1425445_20250110_2357,2025-01-10 23:57:00,2025-01-13 01:00:00,2025-01-10 23:58:00,2025-01-13 00:59:00,2943.0,2942,Friday,Monday,23:57,01:00,2025,1,VALIDATION,EXPECTED_WEEKEND,EXPECTED_WEEKEND,Recurring Friday-to-Monday/Tuesday weekend market closure.,"Friday 23:57 close -> Monday 01:00 reopen, delta=2943min; matches the dataset-wide weekend closure pattern observed on every trading week.",HIGH,False
gapf_1426824_20250113_2358,2025-01-13 23:58:00,2025-01-14 01:00:00,2025-01-13 23:59:00,2025-01-14 00:59:00,62.0,61,Monday,Tuesday,23:58,01:00,2025,1,VALIDATION,SUSPICIOUS_INTRASESSION,EXPECTED_DAILY_SESSION_BREAK,Recurring nightly broker maintenance/session break.,"2025-01-13 23:58:00 -> 2025-01-14 01:00:00: ~62min nightly pause, standard-time (hour 23->01) variant; this exact close/reopen-hour pair recurs on the vast majority of weeknights across all 6 dataset years, and the hour flips precisely on EU DST transition weekends. External corroboration: OLD_EXPORT_ALSO_MISSING.",HIGH,False
gapf_1428203_20250114_2358,2025-01-14 23:58:00,2025-01-15 01:00:00,2025-01-14 23:59:00,2025-01-15 00:59:00,62.0,61,Tuesday,Wednesday,23:58,01:00,2025,1,VALIDATION,SUSPICIOUS_INTRASESSION,EXPECTED_DAILY_SESSION_BREAK,Recurring nightly broker maintenance/session break.,"2025-01-14 23:58:00 -> 2025-01-15 01:00:00: ~62min nightly pause, standard-time (hour 23->01) variant; this exact close/reopen-hour pair recurs on the vast majority of weeknights across all 6 dataset years, and the hour flips precisely on EU DST transition weekends. External corroboration: OLD_EXPORT_ALSO_MISSING.",HIGH,False
gapf_1429582_20250115_2358,2025-01-15 23:58:00,2025-01-16 01:02:00,2025-01-15 23:59:00,2025-01-16 01:01:00,64.0,63,Wednesday,Thursday,23:58,01:02,2025,1,VALIDATION,SUSPICIOUS_INTRASESSION,EXPECTED_DAILY_SESSION_BREAK,Recurring nightly broker maintenance/session break.,"2025-01-15 23:58:00 -> 2025-01-16 01:02:00: ~64min nightly pause, standard-time (hour 23->01) variant; this exact close/reopen-hour pair recurs on the vast majority of weeknights across all 6 dataset years, and the hour flips precisely on EU DST transition weekends.",MEDIUM,False
gapf_1430959_20250116_2358,2025-01-16 23:58:00,2025-01-17 01:00:00,2025-01-16 23:59:00,2025-01-17 00:59:00,62.0,61,Thursday,Friday,23:58,01:00,2025,1,VALIDATION,SUSPICIOUS_INTRASESSION,EXPECTED_DAILY_SESSION_BREAK,Recurring nightly broker maintenance/session break.,"2025-01-16 23:58:00 -> 2025-01-17 01:00:00: ~62min nightly pause, standard-time (hour 23->01) variant; this exact close/reopen-hour pair recurs on the vast majority of weeknights across all 6 dataset years, and the hour flips precisely on EU DST transition weekends. External corroboration: OLD_EXPORT_ALSO_MISSING.",HIGH,False
gapf_1432337_20250117_2357,2025-01-17 23:57:00,2025-01-20 01:00:00,2025-01-17 23:58:00,2025-01-20 00:59:00,2943.0,2942,Friday,Monday,23:57,01:00,2025,1,VALIDATION,EXPECTED_WEEKEND,EXPECTED_WEEKEND,Recurring Friday-to-Monday/Tuesday weekend market closure.,"Friday 23:57 close -> Monday 01:00 reopen, delta=2943min; matches the dataset-wide weekend closure pattern observed on every trading week.",HIGH,False
gapf_1433562_20250120_2124,2025-01-20 21:24:00,2025-01-21 01:00:00,2025-01-20 21:25:00,2025-01-21 00:59:00,216.0,215,Monday,Tuesday,21:24,01:00,2025,1,VALIDATION,SUSPICIOUS_INTRASESSION,EXPECTED_HOLIDAY_OR_CLOSURE,US federal market holiday early close (MLK_DAY).,"2025-01-20 21:24:00 matches computed US federal holiday date (MLK_DAY); early close at 21:24 UTC, reopen 01:00 UTC next day; recurring pattern observed across multiple dataset years. External corroboration: OLD_EXPORT_ALSO_MISSING.",HIGH,False
gapf_1434941_20250121_2358,2025-01-21 23:58:00,2025-01-22 01:00:00,2025-01-21 23:59:00,2025-01-22 00:59:00,62.0,61,Tuesday,Wednesday,23:58,01:00,2025,1,VALIDATION,SUSPICIOUS_INTRASESSION,EXPECTED_DAILY_SESSION_BREAK,Recurring nightly broker maintenance/session break.,"2025-01-21 23:58:00 -> 2025-01-22 01:00:00: ~62min nightly pause, standard-time (hour 23->01) variant; this exact close/reopen-hour pair recurs on the vast majority of weeknights across all 6 dataset years, and the hour flips precisely on EU DST transition weekends. External corroboration: OLD_EXPORT_ALSO_MISSING.",HIGH,False
gapf_1436320_20250122_2358,2025-01-22 23:58:00,2025-01-23 01:00:00,2025-01-22 23:59:00,2025-01-23 00:59:00,62.0,61,Wednesday,Thursday,23:58,01:00,2025,1,VALIDATION,SUSPICIOUS_INTRASESSION,EXPECTED_DAILY_SESSION_BREAK,Recurring nightly broker maintenance/session break.,"2025-01-22 23:58:00 -> 2025-01-23 01:00:00: ~62min nightly pause, standard-time (hour 23->01) variant; this exact close/reopen-hour pair recurs on the vast majority of weeknights across all 6 dataset years, and the hour flips precisely on EU DST transition weekends. External corroboration: OLD_EXPORT_ALSO_MISSING.",HIGH,False
gapf_1437699_20250123_2358,2025-01-23 23:58:00,2025-01-24 01:00:00,2025-01-23 23:59:00,2025-01-24 00:59:00,62.0,61,Thursday,Friday,23:58,01:00,2025,1,VALIDATION,SUSPICIOUS_INTRASESSION,EXPECTED_DAILY_SESSION_BREAK,Recurring nightly broker maintenance/session break.,"2025-01-23 23:58:00 -> 2025-01-24 01:00:00: ~62min nightly pause, standard-time (hour 23->01) variant; this exact close/reopen-hour pair recurs on the vast majority of weeknights across all 6 dataset years, and the hour flips precisely on EU DST transition weekends. External corroboration: OLD_EXPORT_ALSO_MISSING.",HIGH,False
gapf_1439077_20250124_2357,2025-01-24 23:57:00,2025-01-27 01:00:00,2025-01-24 23:58:00,2025-01-27 00:59:00,2943.0,2942,Friday,Monday,23:57,01:00,2025,1,VALIDATION,EXPECTED_WEEKEND,EXPECTED_WEEKEND,Recurring Friday-to-Monday/Tuesday weekend market closure.,"Friday 23:57 close -> Monday 01:00 reopen, delta=2943min; matches the dataset-wide weekend closure pattern observed on every trading week.",HIGH,False
gapf_1440456_20250127_2358,2025-01-27 23:58:00,2025-01-28 01:00:00,2025-01-27 23:59:00,2025-01-28 00:59:00,62.0,61,Monday,Tuesday,23:58,01:00,2025,1,VALIDATION,SUSPICIOUS_INTRASESSION,EXPECTED_DAILY_SESSION_BREAK,Recurring nightly broker maintenance/session break.,"2025-01-27 23:58:00 -> 2025-01-28 01:00:00: ~62min nightly pause, standard-time (hour 23->01) variant; this exact close/reopen-hour pair recurs on the vast majority of weeknights across all 6 dataset years, and the hour flips precisely on EU DST transition weekends. External corroboration: OLD_EXPORT_ALSO_MISSING.",HIGH,False
gapf_1441835_20250128_2358,2025-01-28 23:58:00,2025-01-29 01:00:00,2025-01-28 23:59:00,2025-01-29 00:59:00,62.0,61,Tuesday,Wednesday,23:58,01:00,2025,1,VALIDATION,SUSPICIOUS_INTRASESSION,EXPECTED_DAILY_SESSION_BREAK,Recurring nightly broker maintenance/session break.,"2025-01-28 23:58:00 -> 2025-01-29 01:00:00: ~62min nightly pause, standard-time (hour 23->01) variant; this exact close/reopen-hour pair recurs on the vast majority of weeknights across all 6 dataset years, and the hour flips precisely on EU DST transition weekends. External corroboration: OLD_EXPORT_ALSO_MISSING.",HIGH,False
gapf_1443214_20250129_2358,2025-01-29 23:58:00,2025-01-30 01:00:00,2025-01-29 23:59:00,2025-01-30 00:59:00,62.0,61,Wednesday,Thursday,23:58,01:00,2025,1,VALIDATION,SUSPICIOUS_INTRASESSION,EXPECTED_DAILY_SESSION_BREAK,Recurring nightly broker maintenance/session break.,"2025-01-29 23:58:00 -> 2025-01-30 01:00:00: ~62min nightly pause, standard-time (hour 23->01) variant; this exact close/reopen-hour pair recurs on the vast majority of weeknights across all 6 dataset years, and the hour flips precisely on EU DST transition weekends. External corroboration: OLD_EXPORT_ALSO_MISSING.",HIGH,False
gapf_1444593_20250130_2358,2025-01-30 23:58:00,2025-01-31 01:00:00,2025-01-30 23:59:00,2025-01-31 00:59:00,62.0,61,Thursday,Friday,23:58,01:00,2025,1,VALIDATION,SUSPICIOUS_INTRASESSION,EXPECTED_DAILY_SESSION_BREAK,Recurring nightly broker maintenance/session break.,"2025-01-30 23:58:00 -> 2025-01-31 01:00:00: ~62min nightly pause, standard-time (hour 23->01) variant; this exact close/reopen-hour pair recurs on the vast majority of weeknights across all 6 dataset years, and the hour flips precisely on EU DST transition weekends. External corroboration: OLD_EXPORT_ALSO_MISSING.",HIGH,False
gapf_1445971_20250131_2357,2025-01-31 23:57:00,2025-02-03 01:00:00,2025-01-31 23:58:00,2025-02-03 00:59:00,2943.0,2942,Friday,Monday,23:57,01:00,2025,1,VALIDATION,EXPECTED_WEEKEND,EXPECTED_WEEKEND,Recurring Friday-to-Monday/Tuesday weekend market closure.,"Friday 23:57 close -> Monday 01:00 reopen, delta=2943min; matches the dataset-wide weekend closure pattern observed on every trading week.",HIGH,False
gapf_1445972_20250203_0100,2025-02-03 01:00:00,2025-02-03 01:02:00,2025-02-03 01:01:00,2025-02-03 01:01:00,2.0,1,Monday,Monday,01:00,01:02,2025,2,VALIDATION,LIKELY_PROVIDER_HISTORY_GAP,LIKELY_PROVIDER_HISTORY_GAP,"Isolated small active-session gap, no recurring pattern.","2025-02-03 01:00:00 -> 2025-02-03 01:02:00: isolated 1-bar active-session gap; does not match weekend, session-break, or holiday patterns; below the empirically observed natural break in the missing-bar distribution (no residual gap observed between 9 and 214 missing bars). External corroboration: OLD_EXPORT_ALSO_MISSING.",HIGH,False
gapf_1447349_20250203_2358,2025-02-03 23:58:00,2025-02-04 01:00:00,2025-02-03 23:59:00,2025-02-04 00:59:00,62.0,61,Monday,Tuesday,23:58,01:00,2025,2,VALIDATION,SUSPICIOUS_INTRASESSION,EXPECTED_DAILY_SESSION_BREAK,Recurring nightly broker maintenance/session break.,"2025-02-03 23:58:00 -> 2025-02-04 01:00:00: ~62min nightly pause, standard-time (hour 23->01) variant; this exact close/reopen-hour pair recurs on the vast majority of weeknights across all 6 dataset years, and the hour flips precisely on EU DST transition weekends. External corroboration: OLD_EXPORT_ALSO_MISSING.",HIGH,False
gapf_1448728_20250204_2358,2025-02-04 23:58:00,2025-02-05 01:00:00,2025-02-04 23:59:00,2025-02-05 00:59:00,62.0,61,Tuesday,Wednesday,23:58,01:00,2025,2,VALIDATION,SUSPICIOUS_INTRASESSION,EXPECTED_DAILY_SESSION_BREAK,Recurring nightly broker maintenance/session break.,"2025-02-04 23:58:00 -> 2025-02-05 01:00:00: ~62min nightly pause, standard-time (hour 23->01) variant; this exact close/reopen-hour pair recurs on the vast majority of weeknights across all 6 dataset years, and the hour flips precisely on EU DST transition weekends. External corroboration: OLD_EXPORT_ALSO_MISSING.",HIGH,False
gapf_1450107_20250205_2358,2025-02-05 23:58:00,2025-02-06 01:00:00,2025-02-05 23:59:00,2025-02-06 00:59:00,62.0,61,Wednesday,Thursday,23:58,01:00,2025,2,VALIDATION,SUSPICIOUS_INTRASESSION,EXPECTED_DAILY_SESSION_BREAK,Recurring nightly broker maintenance/session break.,"2025-02-05 23:58:00 -> 2025-02-06 01:00:00: ~62min nightly pause, standard-time (hour 23->01) variant; this exact close/reopen-hour pair recurs on the vast majority of weeknights across all 6 dataset years, and the hour flips precisely on EU DST transition weekends. External corroboration: OLD_EXPORT_ALSO_MISSING.",HIGH,False
gapf_1451486_20250206_2358,2025-02-06 23:58:00,2025-02-07 01:00:00,2025-02-06 23:59:00,2025-02-07 00:59:00,62.0,61,Thursday,Friday,23:58,01:00,2025,2,VALIDATION,SUSPICIOUS_INTRASESSION,EXPECTED_DAILY_SESSION_BREAK,Recurring nightly broker maintenance/session break.,"2025-02-06 23:58:00 -> 2025-02-07 01:00:00: ~62min nightly pause, standard-time (hour 23->01) variant; this exact close/reopen-hour pair recurs on the vast majority of weeknights across all 6 dataset years, and the hour flips precisely on EU DST transition weekends. External corroboration: OLD_EXPORT_ALSO_MISSING.",HIGH,False
gapf_1452864_20250207_2357,2025-02-07 23:57:00,2025-02-10 01:00:00,2025-02-07 23:58:00,2025-02-10 00:59:00,2943.0,2942,Friday,Monday,23:57,01:00,2025,2,VALIDATION,EXPECTED_WEEKEND,EXPECTED_WEEKEND,Recurring Friday-to-Monday/Tuesday weekend market closure.,"Friday 23:57 close -> Monday 01:00 reopen, delta=2943min; matches the dataset-wide weekend closure pattern observed on every trading week.",HIGH,False
gapf_1454243_20250210_2358,2025-02-10 23:58:00,2025-02-11 01:00:00,2025-02-10 23:59:00,2025-02-11 00:59:00,62.0,61,Monday,Tuesday,23:58,01:00,2025,2,VALIDATION,SUSPICIOUS_INTRASESSION,EXPECTED_DAILY_SESSION_BREAK,Recurring nightly broker maintenance/session break.,"2025-02-10 23:58:00 -> 2025-02-11 01:00:00: ~62min nightly pause, standard-time (hour 23->01) variant; this exact close/reopen-hour pair recurs on the vast majority of weeknights across all 6 dataset years, and the hour flips precisely on EU DST transition weekends. External corroboration: OLD_EXPORT_ALSO_MISSING.",HIGH,False
gapf_1455622_20250211_2358,2025-02-11 23:58:00,2025-02-12 01:00:00,2025-02-11 23:59:00,2025-02-12 00:59:00,62.0,61,Tuesday,Wednesday,23:58,01:00,2025,2,VALIDATION,SUSPICIOUS_INTRASESSION,EXPECTED_DAILY_SESSION_BREAK,Recurring nightly broker maintenance/session break.,"2025-02-11 23:58:00 -> 2025-02-12 01:00:00: ~62min nightly pause, standard-time (hour 23->01) variant; this exact close/reopen-hour pair recurs on the vast majority of weeknights across all 6 dataset years, and the hour flips precisely on EU DST transition weekends. External corroboration: OLD_EXPORT_ALSO_MISSING.",HIGH,False
gapf_1457001_20250212_2358,2025-02-12 23:58:00,2025-02-13 01:00:00,2025-02-12 23:59:00,2025-02-13 00:59:00,62.0,61,Wednesday,Thursday,23:58,01:00,2025,2,VALIDATION,SUSPICIOUS_INTRASESSION,EXPECTED_DAILY_SESSION_BREAK,Recurring nightly broker maintenance/session break.,"2025-02-12 23:58:00 -> 2025-02-13 01:00:00: ~62min nightly pause, standard-time (hour 23->01) variant; this exact close/reopen-hour pair recurs on the vast majority of weeknights across all 6 dataset years, and the hour flips precisely on EU DST transition weekends. External corroboration: OLD_EXPORT_ALSO_MISSING.",HIGH,False
gapf_1458380_20250213_2358,2025-02-13 23:58:00,2025-02-14 01:00:00,2025-02-13 23:59:00,2025-02-14 00:59:00,62.0,61,Thursday,Friday,23:58,01:00,2025,2,VALIDATION,SUSPICIOUS_INTRASESSION,EXPECTED_DAILY_SESSION_BREAK,Recurring nightly broker maintenance/session break.,"2025-02-13 23:58:00 -> 2025-02-14 01:00:00: ~62min nightly pause, standard-time (hour 23->01) variant; this exact close/reopen-hour pair recurs on the vast majority of weeknights across all 6 dataset years, and the hour flips precisely on EU DST transition weekends. External corroboration: OLD_EXPORT_ALSO_MISSING.",HIGH,False
gapf_1459758_20250214_2357,2025-02-14 23:57:00,2025-02-17 01:00:00,2025-02-14 23:58:00,2025-02-17 00:59:00,2943.0,2942,Friday,Monday,23:57,01:00,2025,2,VALIDATION,EXPECTED_WEEKEND,EXPECTED_WEEKEND,Recurring Friday-to-Monday/Tuesday weekend market closure.,"Friday 23:57 close -> Monday 01:00 reopen, delta=2943min; matches the dataset-wide weekend closure pattern observed on every trading week.",HIGH,False
gapf_1460984_20250217_2125,2025-02-17 21:25:00,2025-02-18 01:00:00,2025-02-17 21:26:00,2025-02-18 00:59:00,215.0,214,Monday,Tuesday,21:25,01:00,2025,2,VALIDATION,SUSPICIOUS_INTRASESSION,EXPECTED_HOLIDAY_OR_CLOSURE,US federal market holiday early close (PRESIDENTS_DAY).,"2025-02-17 21:25:00 matches computed US federal holiday date (PRESIDENTS_DAY); early close at 21:25 UTC, reopen 01:00 UTC next day; recurring pattern observed across multiple dataset years. External corroboration: OLD_EXPORT_ALSO_MISSING.",HIGH,False
gapf_1462363_20250218_2358,2025-02-18 23:58:00,2025-02-19 01:00:00,2025-02-18 23:59:00,2025-02-19 00:59:00,62.0,61,Tuesday,Wednesday,23:58,01:00,2025,2,VALIDATION,SUSPICIOUS_INTRASESSION,EXPECTED_DAILY_SESSION_BREAK,Recurring nightly broker maintenance/session break.,"2025-02-18 23:58:00 -> 2025-02-19 01:00:00: ~62min nightly pause, standard-time (hour 23->01) variant; this exact close/reopen-hour pair recurs on the vast majority of weeknights across all 6 dataset years, and the hour flips precisely on EU DST transition weekends. External corroboration: OLD_EXPORT_ALSO_MISSING.",HIGH,False
gapf_1463742_20250219_2358,2025-02-19 23:58:00,2025-02-20 01:00:00,2025-02-19 23:59:00,2025-02-20 00:59:00,62.0,61,Wednesday,Thursday,23:58,01:00,2025,2,VALIDATION,SUSPICIOUS_INTRASESSION,EXPECTED_DAILY_SESSION_BREAK,Recurring nightly broker maintenance/session break.,"2025-02-19 23:58:00 -> 2025-02-20 01:00:00: ~62min nightly pause, standard-time (hour 23->01) variant; this exact close/reopen-hour pair recurs on the vast majority of weeknights across all 6 dataset years, and the hour flips precisely on EU DST transition weekends. External corroboration: OLD_EXPORT_ALSO_MISSING.",HIGH,False
gapf_1465121_20250220_2358,2025-02-20 23:58:00,2025-02-21 01:00:00,2025-02-20 23:59:00,2025-02-21 00:59:00,62.0,61,Thursday,Friday,23:58,01:00,2025,2,VALIDATION,SUSPICIOUS_INTRASESSION,EXPECTED_DAILY_SESSION_BREAK,Recurring nightly broker maintenance/session break.,"2025-02-20 23:58:00 -> 2025-02-21 01:00:00: ~62min nightly pause, standard-time (hour 23->01) variant; this exact close/reopen-hour pair recurs on the vast majority of weeknights across all 6 dataset years, and the hour flips precisely on EU DST transition weekends. External corroboration: OLD_EXPORT_ALSO_MISSING.",HIGH,False
gapf_1466499_20250221_2357,2025-02-21 23:57:00,2025-02-24 01:00:00,2025-02-21 23:58:00,2025-02-24 00:59:00,2943.0,2942,Friday,Monday,23:57,01:00,2025,2,VALIDATION,EXPECTED_WEEKEND,EXPECTED_WEEKEND,Recurring Friday-to-Monday/Tuesday weekend market closure.,"Friday 23:57 close -> Monday 01:00 reopen, delta=2943min; matches the dataset-wide weekend closure pattern observed on every trading week.",HIGH,False
gapf_1467878_20250224_2358,2025-02-24 23:58:00,2025-02-25 01:00:00,2025-02-24 23:59:00,2025-02-25 00:59:00,62.0,61,Monday,Tuesday,23:58,01:00,2025,2,VALIDATION,SUSPICIOUS_INTRASESSION,EXPECTED_DAILY_SESSION_BREAK,Recurring nightly broker maintenance/session break.,"2025-02-24 23:58:00 -> 2025-02-25 01:00:00: ~62min nightly pause, standard-time (hour 23->01) variant; this exact close/reopen-hour pair recurs on the vast majority of weeknights across all 6 dataset years, and the hour flips precisely on EU DST transition weekends. External corroboration: OLD_EXPORT_ALSO_MISSING.",HIGH,False
gapf_1469257_20250225_2358,2025-02-25 23:58:00,2025-02-26 01:00:00,2025-02-25 23:59:00,2025-02-26 00:59:00,62.0,61,Tuesday,Wednesday,23:58,01:00,2025,2,VALIDATION,SUSPICIOUS_INTRASESSION,EXPECTED_DAILY_SESSION_BREAK,Recurring nightly broker maintenance/session break.,"2025-02-25 23:58:00 -> 2025-02-26 01:00:00: ~62min nightly pause, standard-time (hour 23->01) variant; this exact close/reopen-hour pair recurs on the vast majority of weeknights across all 6 dataset years, and the hour flips precisely on EU DST transition weekends. External corroboration: OLD_EXPORT_ALSO_MISSING.",HIGH,False
gapf_1470636_20250226_2358,2025-02-26 23:58:00,2025-02-27 01:00:00,2025-02-26 23:59:00,2025-02-27 00:59:00,62.0,61,Wednesday,Thursday,23:58,01:00,2025,2,VALIDATION,SUSPICIOUS_INTRASESSION,EXPECTED_DAILY_SESSION_BREAK,Recurring nightly broker maintenance/session break.,"2025-02-26 23:58:00 -> 2025-02-27 01:00:00: ~62min nightly pause, standard-time (hour 23->01) variant; this exact close/reopen-hour pair recurs on the vast majority of weeknights across all 6 dataset years, and the hour flips precisely on EU DST transition weekends. External corroboration: OLD_EXPORT_ALSO_MISSING.",HIGH,False
gapf_1472015_20250227_2358,2025-02-27 23:58:00,2025-02-28 01:00:00,2025-02-27 23:59:00,2025-02-28 00:59:00,62.0,61,Thursday,Friday,23:58,01:00,2025,2,VALIDATION,SUSPICIOUS_INTRASESSION,EXPECTED_DAILY_SESSION_BREAK,Recurring nightly broker maintenance/session break.,"2025-02-27 23:58:00 -> 2025-02-28 01:00:00: ~62min nightly pause, standard-time (hour 23->01) variant; this exact close/reopen-hour pair recurs on the vast majority of weeknights across all 6 dataset years, and the hour flips precisely on EU DST transition weekends. External corroboration: OLD_EXPORT_ALSO_MISSING.",HIGH,False
gapf_1473393_20250228_2357,2025-02-28 23:57:00,2025-03-03 01:00:00,2025-02-28 23:58:00,2025-03-03 00:59:00,2943.0,2942,Friday,Monday,23:57,01:00,2025,2,VALIDATION,EXPECTED_WEEKEND,EXPECTED_WEEKEND,Recurring Friday-to-Monday/Tuesday weekend market closure.,"Friday 23:57 close -> Monday 01:00 reopen, delta=2943min; matches the dataset-wide weekend closure pattern observed on every trading week.",HIGH,False
gapf_1474772_20250303_2358,2025-03-03 23:58:00,2025-03-04 01:00:00,2025-03-03 23:59:00,2025-03-04 00:59:00,62.0,61,Monday,Tuesday,23:58,01:00,2025,3,VALIDATION,SUSPICIOUS_INTRASESSION,EXPECTED_DAILY_SESSION_BREAK,Recurring nightly broker maintenance/session break.,"2025-03-03 23:58:00 -> 2025-03-04 01:00:00: ~62min nightly pause, standard-time (hour 23->01) variant; this exact close/reopen-hour pair recurs on the vast majority of weeknights across all 6 dataset years, and the hour flips precisely on EU DST transition weekends. External corroboration: OLD_EXPORT_ALSO_MISSING.",HIGH,False
gapf_1476151_20250304_2358,2025-03-04 23:58:00,2025-03-05 01:00:00,2025-03-04 23:59:00,2025-03-05 00:59:00,62.0,61,Tuesday,Wednesday,23:58,01:00,2025,3,VALIDATION,SUSPICIOUS_INTRASESSION,EXPECTED_DAILY_SESSION_BREAK,Recurring nightly broker maintenance/session break.,"2025-03-04 23:58:00 -> 2025-03-05 01:00:00: ~62min nightly pause, standard-time (hour 23->01) variant; this exact close/reopen-hour pair recurs on the vast majority of weeknights across all 6 dataset years, and the hour flips precisely on EU DST transition weekends. External corroboration: OLD_EXPORT_ALSO_MISSING.",HIGH,False
gapf_1477530_20250305_2358,2025-03-05 23:58:00,2025-03-06 01:00:00,2025-03-05 23:59:00,2025-03-06 00:59:00,62.0,61,Wednesday,Thursday,23:58,01:00,2025,3,VALIDATION,SUSPICIOUS_INTRASESSION,EXPECTED_DAILY_SESSION_BREAK,Recurring nightly broker maintenance/session break.,"2025-03-05 23:58:00 -> 2025-03-06 01:00:00: ~62min nightly pause, standard-time (hour 23->01) variant; this exact close/reopen-hour pair recurs on the vast majority of weeknights across all 6 dataset years, and the hour flips precisely on EU DST transition weekends. External corroboration: OLD_EXPORT_ALSO_MISSING.",HIGH,False
gapf_1478909_20250306_2358,2025-03-06 23:58:00,2025-03-07 01:00:00,2025-03-06 23:59:00,2025-03-07 00:59:00,62.0,61,Thursday,Friday,23:58,01:00,2025,3,VALIDATION,SUSPICIOUS_INTRASESSION,EXPECTED_DAILY_SESSION_BREAK,Recurring nightly broker maintenance/session break.,"2025-03-06 23:58:00 -> 2025-03-07 01:00:00: ~62min nightly pause, standard-time (hour 23->01) variant; this exact close/reopen-hour pair recurs on the vast majority of weeknights across all 6 dataset years, and the hour flips precisely on EU DST transition weekends. External corroboration: OLD_EXPORT_ALSO_MISSING.",HIGH,False
gapf_1480287_20250307_2357,2025-03-07 23:57:00,2025-03-10 00:00:00,2025-03-07 23:58:00,2025-03-09 23:59:00,2883.0,2882,Friday,Monday,23:57,00:00,2025,3,VALIDATION,EXPECTED_WEEKEND,EXPECTED_WEEKEND,Recurring Friday-to-Monday/Tuesday weekend market closure.,"Friday 23:57 close -> Monday 00:00 reopen, delta=2883min; matches the dataset-wide weekend closure pattern observed on every trading week.",HIGH,False
gapf_1481666_20250310_2258,2025-03-10 22:58:00,2025-03-11 00:00:00,2025-03-10 22:59:00,2025-03-10 23:59:00,62.0,61,Monday,Tuesday,22:58,00:00,2025,3,VALIDATION,EXPECTED_DAILY_SESSION_BREAK,EXPECTED_DAILY_SESSION_BREAK,Recurring nightly broker maintenance/session break.,"2025-03-10 22:58:00 -> 2025-03-11 00:00:00: ~62min nightly pause, EU-DST-shifted (hour 22->00) variant; this exact close/reopen-hour pair recurs on the vast majority of weeknights across all 6 dataset years, and the hour flips precisely on EU DST transition weekends. External corroboration: OLD_EXPORT_ALSO_MISSING.",HIGH,False
gapf_1483045_20250311_2258,2025-03-11 22:58:00,2025-03-12 00:00:00,2025-03-11 22:59:00,2025-03-11 23:59:00,62.0,61,Tuesday,Wednesday,22:58,00:00,2025,3,VALIDATION,EXPECTED_DAILY_SESSION_BREAK,EXPECTED_DAILY_SESSION_BREAK,Recurring nightly broker maintenance/session break.,"2025-03-11 22:58:00 -> 2025-03-12 00:00:00: ~62min nightly pause, EU-DST-shifted (hour 22->00) variant; this exact close/reopen-hour pair recurs on the vast majority of weeknights across all 6 dataset years, and the hour flips precisely on EU DST transition weekends. External corroboration: OLD_EXPORT_ALSO_MISSING.",HIGH,False
gapf_1484424_20250312_2258,2025-03-12 22:58:00,2025-03-13 00:00:00,2025-03-12 22:59:00,2025-03-12 23:59:00,62.0,61,Wednesday,Thursday,22:58,00:00,2025,3,VALIDATION,EXPECTED_DAILY_SESSION_BREAK,EXPECTED_DAILY_SESSION_BREAK,Recurring nightly broker maintenance/session break.,"2025-03-12 22:58:00 -> 2025-03-13 00:00:00: ~62min nightly pause, EU-DST-shifted (hour 22->00) variant; this exact close/reopen-hour pair recurs on the vast majority of weeknights across all 6 dataset years, and the hour flips precisely on EU DST transition weekends. External corroboration: OLD_EXPORT_ALSO_MISSING.",HIGH,False
gapf_1485803_20250313_2258,2025-03-13 22:58:00,2025-03-14 00:00:00,2025-03-13 22:59:00,2025-03-13 23:59:00,62.0,61,Thursday,Friday,22:58,00:00,2025,3,VALIDATION,EXPECTED_DAILY_SESSION_BREAK,EXPECTED_DAILY_SESSION_BREAK,Recurring nightly broker maintenance/session break.,"2025-03-13 22:58:00 -> 2025-03-14 00:00:00: ~62min nightly pause, EU-DST-shifted (hour 22->00) variant; this exact close/reopen-hour pair recurs on the vast majority of weeknights across all 6 dataset years, and the hour flips precisely on EU DST transition weekends. External corroboration: OLD_EXPORT_ALSO_MISSING.",HIGH,False
gapf_1487181_20250314_2257,2025-03-14 22:57:00,2025-03-17 00:00:00,2025-03-14 22:58:00,2025-03-16 23:59:00,2943.0,2942,Friday,Monday,22:57,00:00,2025,3,VALIDATION,EXPECTED_WEEKEND,EXPECTED_WEEKEND,Recurring Friday-to-Monday/Tuesday weekend market closure.,"Friday 22:57 close -> Monday 00:00 reopen, delta=2943min; matches the dataset-wide weekend closure pattern observed on every trading week.",HIGH,False
gapf_1488560_20250317_2258,2025-03-17 22:58:00,2025-03-18 00:00:00,2025-03-17 22:59:00,2025-03-17 23:59:00,62.0,61,Monday,Tuesday,22:58,00:00,2025,3,VALIDATION,EXPECTED_DAILY_SESSION_BREAK,EXPECTED_DAILY_SESSION_BREAK,Recurring nightly broker maintenance/session break.,"2025-03-17 22:58:00 -> 2025-03-18 00:00:00: ~62min nightly pause, EU-DST-shifted (hour 22->00) variant; this exact close/reopen-hour pair recurs on the vast majority of weeknights across all 6 dataset years, and the hour flips precisely on EU DST transition weekends. External corroboration: OLD_EXPORT_ALSO_MISSING.",HIGH,False
gapf_1489939_20250318_2258,2025-03-18 22:58:00,2025-03-19 00:00:00,2025-03-18 22:59:00,2025-03-18 23:59:00,62.0,61,Tuesday,Wednesday,22:58,00:00,2025,3,VALIDATION,EXPECTED_DAILY_SESSION_BREAK,EXPECTED_DAILY_SESSION_BREAK,Recurring nightly broker maintenance/session break.,"2025-03-18 22:58:00 -> 2025-03-19 00:00:00: ~62min nightly pause, EU-DST-shifted (hour 22->00) variant; this exact close/reopen-hour pair recurs on the vast majority of weeknights across all 6 dataset years, and the hour flips precisely on EU DST transition weekends. External corroboration: OLD_EXPORT_ALSO_MISSING.",HIGH,False
gapf_1491318_20250319_2258,2025-03-19 22:58:00,2025-03-20 00:00:00,2025-03-19 22:59:00,2025-03-19 23:59:00,62.0,61,Wednesday,Thursday,22:58,00:00,2025,3,VALIDATION,EXPECTED_DAILY_SESSION_BREAK,EXPECTED_DAILY_SESSION_BREAK,Recurring nightly broker maintenance/session break.,"2025-03-19 22:58:00 -> 2025-03-20 00:00:00: ~62min nightly pause, EU-DST-shifted (hour 22->00) variant; this exact close/reopen-hour pair recurs on the vast majority of weeknights across all 6 dataset years, and the hour flips precisely on EU DST transition weekends. External corroboration: OLD_EXPORT_ALSO_MISSING.",HIGH,False
gapf_1492697_20250320_2258,2025-03-20 22:58:00,2025-03-21 00:00:00,2025-03-20 22:59:00,2025-03-20 23:59:00,62.0,61,Thursday,Friday,22:58,00:00,2025,3,VALIDATION,EXPECTED_DAILY_SESSION_BREAK,EXPECTED_DAILY_SESSION_BREAK,Recurring nightly broker maintenance/session break.,"2025-03-20 22:58:00 -> 2025-03-21 00:00:00: ~62min nightly pause, EU-DST-shifted (hour 22->00) variant; this exact close/reopen-hour pair recurs on the vast majority of weeknights across all 6 dataset years, and the hour flips precisely on EU DST transition weekends. External corroboration: OLD_EXPORT_ALSO_MISSING.",HIGH,False
gapf_1494075_20250321_2257,2025-03-21 22:57:00,2025-03-24 00:00:00,2025-03-21 22:58:00,2025-03-23 23:59:00,2943.0,2942,Friday,Monday,22:57,00:00,2025,3,VALIDATION,EXPECTED_WEEKEND,EXPECTED_WEEKEND,Recurring Friday-to-Monday/Tuesday weekend market closure.,"Friday 22:57 close -> Monday 00:00 reopen, delta=2943min; matches the dataset-wide weekend closure pattern observed on every trading week.",HIGH,False
gapf_1495454_20250324_2258,2025-03-24 22:58:00,2025-03-25 00:00:00,2025-03-24 22:59:00,2025-03-24 23:59:00,62.0,61,Monday,Tuesday,22:58,00:00,2025,3,VALIDATION,EXPECTED_DAILY_SESSION_BREAK,EXPECTED_DAILY_SESSION_BREAK,Recurring nightly broker maintenance/session break.,"2025-03-24 22:58:00 -> 2025-03-25 00:00:00: ~62min nightly pause, EU-DST-shifted (hour 22->00) variant; this exact close/reopen-hour pair recurs on the vast majority of weeknights across all 6 dataset years, and the hour flips precisely on EU DST transition weekends. External corroboration: OLD_EXPORT_ALSO_MISSING.",HIGH,False
gapf_1496833_20250325_2258,2025-03-25 22:58:00,2025-03-26 00:00:00,2025-03-25 22:59:00,2025-03-25 23:59:00,62.0,61,Tuesday,Wednesday,22:58,00:00,2025,3,VALIDATION,EXPECTED_DAILY_SESSION_BREAK,EXPECTED_DAILY_SESSION_BREAK,Recurring nightly broker maintenance/session break.,"2025-03-25 22:58:00 -> 2025-03-26 00:00:00: ~62min nightly pause, EU-DST-shifted (hour 22->00) variant; this exact close/reopen-hour pair recurs on the vast majority of weeknights across all 6 dataset years, and the hour flips precisely on EU DST transition weekends. External corroboration: OLD_EXPORT_ALSO_MISSING.",HIGH,False
gapf_1498212_20250326_2258,2025-03-26 22:58:00,2025-03-27 00:00:00,2025-03-26 22:59:00,2025-03-26 23:59:00,62.0,61,Wednesday,Thursday,22:58,00:00,2025,3,VALIDATION,EXPECTED_DAILY_SESSION_BREAK,EXPECTED_DAILY_SESSION_BREAK,Recurring nightly broker maintenance/session break.,"2025-03-26 22:58:00 -> 2025-03-27 00:00:00: ~62min nightly pause, EU-DST-shifted (hour 22->00) variant; this exact close/reopen-hour pair recurs on the vast majority of weeknights across all 6 dataset years, and the hour flips precisely on EU DST transition weekends. External corroboration: OLD_EXPORT_ALSO_MISSING.",HIGH,False
gapf_1499591_20250327_2258,2025-03-27 22:58:00,2025-03-28 00:00:00,2025-03-27 22:59:00,2025-03-27 23:59:00,62.0,61,Thursday,Friday,22:58,00:00,2025,3,VALIDATION,EXPECTED_DAILY_SESSION_BREAK,EXPECTED_DAILY_SESSION_BREAK,Recurring nightly broker maintenance/session break.,"2025-03-27 22:58:00 -> 2025-03-28 00:00:00: ~62min nightly pause, EU-DST-shifted (hour 22->00) variant; this exact close/reopen-hour pair recurs on the vast majority of weeknights across all 6 dataset years, and the hour flips precisely on EU DST transition weekends. External corroboration: OLD_EXPORT_ALSO_MISSING.",HIGH,False
gapf_1500969_20250328_2257,2025-03-28 22:57:00,2025-03-31 01:00:00,2025-03-28 22:58:00,2025-03-31 00:59:00,3003.0,3002,Friday,Monday,22:57,01:00,2025,3,VALIDATION,EXPECTED_WEEKEND,EXPECTED_WEEKEND,Recurring Friday-to-Monday/Tuesday weekend market closure.,"Friday 22:57 close -> Monday 01:00 reopen, delta=3003min; matches the dataset-wide weekend closure pattern observed on every trading week.",HIGH,False
gapf_1502348_20250331_2358,2025-03-31 23:58:00,2025-04-01 01:00:00,2025-03-31 23:59:00,2025-04-01 00:59:00,62.0,61,Monday,Tuesday,23:58,01:00,2025,3,VALIDATION,SUSPICIOUS_INTRASESSION,EXPECTED_DAILY_SESSION_BREAK,Recurring nightly broker maintenance/session break.,"2025-03-31 23:58:00 -> 2025-04-01 01:00:00: ~62min nightly pause, standard-time (hour 23->01) variant; this exact close/reopen-hour pair recurs on the vast majority of weeknights across all 6 dataset years, and the hour flips precisely on EU DST transition weekends. External corroboration: OLD_EXPORT_ALSO_MISSING.",HIGH,False
gapf_1503727_20250401_2358,2025-04-01 23:58:00,2025-04-02 01:00:00,2025-04-01 23:59:00,2025-04-02 00:59:00,62.0,61,Tuesday,Wednesday,23:58,01:00,2025,4,VALIDATION,SUSPICIOUS_INTRASESSION,EXPECTED_DAILY_SESSION_BREAK,Recurring nightly broker maintenance/session break.,"2025-04-01 23:58:00 -> 2025-04-02 01:00:00: ~62min nightly pause, standard-time (hour 23->01) variant; this exact close/reopen-hour pair recurs on the vast majority of weeknights across all 6 dataset years, and the hour flips precisely on EU DST transition weekends. External corroboration: OLD_EXPORT_ALSO_MISSING.",HIGH,False
gapf_1505106_20250402_2358,2025-04-02 23:58:00,2025-04-03 01:00:00,2025-04-02 23:59:00,2025-04-03 00:59:00,62.0,61,Wednesday,Thursday,23:58,01:00,2025,4,VALIDATION,SUSPICIOUS_INTRASESSION,EXPECTED_DAILY_SESSION_BREAK,Recurring nightly broker maintenance/session break.,"2025-04-02 23:58:00 -> 2025-04-03 01:00:00: ~62min nightly pause, standard-time (hour 23->01) variant; this exact close/reopen-hour pair recurs on the vast majority of weeknights across all 6 dataset years, and the hour flips precisely on EU DST transition weekends. External corroboration: OLD_EXPORT_ALSO_MISSING.",HIGH,False
gapf_1506485_20250403_2358,2025-04-03 23:58:00,2025-04-04 01:00:00,2025-04-03 23:59:00,2025-04-04 00:59:00,62.0,61,Thursday,Friday,23:58,01:00,2025,4,VALIDATION,SUSPICIOUS_INTRASESSION,EXPECTED_DAILY_SESSION_BREAK,Recurring nightly broker maintenance/session break.,"2025-04-03 23:58:00 -> 2025-04-04 01:00:00: ~62min nightly pause, standard-time (hour 23->01) variant; this exact close/reopen-hour pair recurs on the vast majority of weeknights across all 6 dataset years, and the hour flips precisely on EU DST transition weekends. External corroboration: OLD_EXPORT_ALSO_MISSING.",HIGH,False
gapf_1507863_20250404_2357,2025-04-04 23:57:00,2025-04-07 01:00:00,2025-04-04 23:58:00,2025-04-07 00:59:00,2943.0,2942,Friday,Monday,23:57,01:00,2025,4,VALIDATION,EXPECTED_WEEKEND,EXPECTED_WEEKEND,Recurring Friday-to-Monday/Tuesday weekend market closure.,"Friday 23:57 close -> Monday 01:00 reopen, delta=2943min; matches the dataset-wide weekend closure pattern observed on every trading week.",HIGH,False
gapf_1509242_20250407_2358,2025-04-07 23:58:00,2025-04-08 01:00:00,2025-04-07 23:59:00,2025-04-08 00:59:00,62.0,61,Monday,Tuesday,23:58,01:00,2025,4,VALIDATION,SUSPICIOUS_INTRASESSION,EXPECTED_DAILY_SESSION_BREAK,Recurring nightly broker maintenance/session break.,"2025-04-07 23:58:00 -> 2025-04-08 01:00:00: ~62min nightly pause, standard-time (hour 23->01) variant; this exact close/reopen-hour pair recurs on the vast majority of weeknights across all 6 dataset years, and the hour flips precisely on EU DST transition weekends. External corroboration: OLD_EXPORT_ALSO_MISSING.",HIGH,False
gapf_1510621_20250408_2358,2025-04-08 23:58:00,2025-04-09 01:00:00,2025-04-08 23:59:00,2025-04-09 00:59:00,62.0,61,Tuesday,Wednesday,23:58,01:00,2025,4,VALIDATION,SUSPICIOUS_INTRASESSION,EXPECTED_DAILY_SESSION_BREAK,Recurring nightly broker maintenance/session break.,"2025-04-08 23:58:00 -> 2025-04-09 01:00:00: ~62min nightly pause, standard-time (hour 23->01) variant; this exact close/reopen-hour pair recurs on the vast majority of weeknights across all 6 dataset years, and the hour flips precisely on EU DST transition weekends. External corroboration: OLD_EXPORT_ALSO_MISSING.",HIGH,False
gapf_1512000_20250409_2358,2025-04-09 23:58:00,2025-04-10 01:00:00,2025-04-09 23:59:00,2025-04-10 00:59:00,62.0,61,Wednesday,Thursday,23:58,01:00,2025,4,VALIDATION,SUSPICIOUS_INTRASESSION,EXPECTED_DAILY_SESSION_BREAK,Recurring nightly broker maintenance/session break.,"2025-04-09 23:58:00 -> 2025-04-10 01:00:00: ~62min nightly pause, standard-time (hour 23->01) variant; this exact close/reopen-hour pair recurs on the vast majority of weeknights across all 6 dataset years, and the hour flips precisely on EU DST transition weekends. External corroboration: OLD_EXPORT_ALSO_MISSING.",HIGH,False
gapf_1513379_20250410_2358,2025-04-10 23:58:00,2025-04-11 01:00:00,2025-04-10 23:59:00,2025-04-11 00:59:00,62.0,61,Thursday,Friday,23:58,01:00,2025,4,VALIDATION,SUSPICIOUS_INTRASESSION,EXPECTED_DAILY_SESSION_BREAK,Recurring nightly broker maintenance/session break.,"2025-04-10 23:58:00 -> 2025-04-11 01:00:00: ~62min nightly pause, standard-time (hour 23->01) variant; this exact close/reopen-hour pair recurs on the vast majority of weeknights across all 6 dataset years, and the hour flips precisely on EU DST transition weekends. External corroboration: OLD_EXPORT_ALSO_MISSING.",HIGH,False
gapf_1514757_20250411_2357,2025-04-11 23:57:00,2025-04-14 01:00:00,2025-04-11 23:58:00,2025-04-14 00:59:00,2943.0,2942,Friday,Monday,23:57,01:00,2025,4,VALIDATION,EXPECTED_WEEKEND,EXPECTED_WEEKEND,Recurring Friday-to-Monday/Tuesday weekend market closure.,"Friday 23:57 close -> Monday 01:00 reopen, delta=2943min; matches the dataset-wide weekend closure pattern observed on every trading week.",HIGH,False
gapf_1516136_20250414_2358,2025-04-14 23:58:00,2025-04-15 01:00:00,2025-04-14 23:59:00,2025-04-15 00:59:00,62.0,61,Monday,Tuesday,23:58,01:00,2025,4,VALIDATION,SUSPICIOUS_INTRASESSION,EXPECTED_DAILY_SESSION_BREAK,Recurring nightly broker maintenance/session break.,"2025-04-14 23:58:00 -> 2025-04-15 01:00:00: ~62min nightly pause, standard-time (hour 23->01) variant; this exact close/reopen-hour pair recurs on the vast majority of weeknights across all 6 dataset years, and the hour flips precisely on EU DST transition weekends. External corroboration: OLD_EXPORT_ALSO_MISSING.",HIGH,False
gapf_1517515_20250415_2358,2025-04-15 23:58:00,2025-04-16 01:00:00,2025-04-15 23:59:00,2025-04-16 00:59:00,62.0,61,Tuesday,Wednesday,23:58,01:00,2025,4,VALIDATION,SUSPICIOUS_INTRASESSION,EXPECTED_DAILY_SESSION_BREAK,Recurring nightly broker maintenance/session break.,"2025-04-15 23:58:00 -> 2025-04-16 01:00:00: ~62min nightly pause, standard-time (hour 23->01) variant; this exact close/reopen-hour pair recurs on the vast majority of weeknights across all 6 dataset years, and the hour flips precisely on EU DST transition weekends. External corroboration: OLD_EXPORT_ALSO_MISSING.",HIGH,False
gapf_1518894_20250416_2358,2025-04-16 23:58:00,2025-04-17 01:00:00,2025-04-16 23:59:00,2025-04-17 00:59:00,62.0,61,Wednesday,Thursday,23:58,01:00,2025,4,VALIDATION,SUSPICIOUS_INTRASESSION,EXPECTED_DAILY_SESSION_BREAK,Recurring nightly broker maintenance/session break.,"2025-04-16 23:58:00 -> 2025-04-17 01:00:00: ~62min nightly pause, standard-time (hour 23->01) variant; this exact close/reopen-hour pair recurs on the vast majority of weeknights across all 6 dataset years, and the hour flips precisely on EU DST transition weekends. External corroboration: OLD_EXPORT_ALSO_MISSING.",HIGH,False
gapf_1520273_20250417_2358,2025-04-17 23:58:00,2025-04-21 01:00:00,2025-04-17 23:59:00,2025-04-21 00:59:00,4382.0,4381,Thursday,Monday,23:58,01:00,2025,4,VALIDATION,EXPECTED_WEEKEND,EXPECTED_HOLIDAY_OR_CLOSURE,Good Friday / Easter closure.,2025-04-17 23:58:00 falls within the computed Good-Friday/Easter window for 2025 (Easter Sunday 2025-04-20); ~73.0h closure. Only weakly recurring in this specific broker history (not every observed Good Friday produced a distinct extra gap beyond the ordinary weekend). External corroboration: OLD_EXPORT_ALSO_MISSING.,HIGH,False
gapf_1521652_20250421_2358,2025-04-21 23:58:00,2025-04-22 01:00:00,2025-04-21 23:59:00,2025-04-22 00:59:00,62.0,61,Monday,Tuesday,23:58,01:00,2025,4,VALIDATION,SUSPICIOUS_INTRASESSION,EXPECTED_DAILY_SESSION_BREAK,Recurring nightly broker maintenance/session break.,"2025-04-21 23:58:00 -> 2025-04-22 01:00:00: ~62min nightly pause, standard-time (hour 23->01) variant; this exact close/reopen-hour pair recurs on the vast majority of weeknights across all 6 dataset years, and the hour flips precisely on EU DST transition weekends. External corroboration: OLD_EXPORT_ALSO_MISSING.",HIGH,False
gapf_1523031_20250422_2358,2025-04-22 23:58:00,2025-04-23 01:00:00,2025-04-22 23:59:00,2025-04-23 00:59:00,62.0,61,Tuesday,Wednesday,23:58,01:00,2025,4,VALIDATION,SUSPICIOUS_INTRASESSION,EXPECTED_DAILY_SESSION_BREAK,Recurring nightly broker maintenance/session break.,"2025-04-22 23:58:00 -> 2025-04-23 01:00:00: ~62min nightly pause, standard-time (hour 23->01) variant; this exact close/reopen-hour pair recurs on the vast majority of weeknights across all 6 dataset years, and the hour flips precisely on EU DST transition weekends. External corroboration: OLD_EXPORT_ALSO_MISSING.",HIGH,False
gapf_1524410_20250423_2358,2025-04-23 23:58:00,2025-04-24 01:00:00,2025-04-23 23:59:00,2025-04-24 00:59:00,62.0,61,Wednesday,Thursday,23:58,01:00,2025,4,VALIDATION,SUSPICIOUS_INTRASESSION,EXPECTED_DAILY_SESSION_BREAK,Recurring nightly broker maintenance/session break.,"2025-04-23 23:58:00 -> 2025-04-24 01:00:00: ~62min nightly pause, standard-time (hour 23->01) variant; this exact close/reopen-hour pair recurs on the vast majority of weeknights across all 6 dataset years, and the hour flips precisely on EU DST transition weekends. External corroboration: OLD_EXPORT_ALSO_MISSING.",HIGH,False
gapf_1525789_20250424_2358,2025-04-24 23:58:00,2025-04-25 01:00:00,2025-04-24 23:59:00,2025-04-25 00:59:00,62.0,61,Thursday,Friday,23:58,01:00,2025,4,VALIDATION,SUSPICIOUS_INTRASESSION,EXPECTED_DAILY_SESSION_BREAK,Recurring nightly broker maintenance/session break.,"2025-04-24 23:58:00 -> 2025-04-25 01:00:00: ~62min nightly pause, standard-time (hour 23->01) variant; this exact close/reopen-hour pair recurs on the vast majority of weeknights across all 6 dataset years, and the hour flips precisely on EU DST transition weekends. External corroboration: OLD_EXPORT_ALSO_MISSING.",HIGH,False
gapf_1525793_20250425_0103,2025-04-25 01:03:00,2025-04-25 01:05:00,2025-04-25 01:04:00,2025-04-25 01:04:00,2.0,1,Friday,Friday,01:03,01:05,2025,4,VALIDATION,LIKELY_PROVIDER_HISTORY_GAP,LIKELY_PROVIDER_HISTORY_GAP,"Isolated small active-session gap, no recurring pattern.","2025-04-25 01:03:00 -> 2025-04-25 01:05:00: isolated 1-bar active-session gap; does not match weekend, session-break, or holiday patterns; below the empirically observed natural break in the missing-bar distribution (no residual gap observed between 9 and 214 missing bars). External corroboration: OLD_EXPORT_ALSO_MISSING.",HIGH,False
gapf_1525795_20250425_0106,2025-04-25 01:06:00,2025-04-25 01:12:00,2025-04-25 01:07:00,2025-04-25 01:11:00,6.0,5,Friday,Friday,01:06,01:12,2025,4,VALIDATION,LIKELY_PROVIDER_HISTORY_GAP,LIKELY_PROVIDER_HISTORY_GAP,"Isolated small active-session gap, no recurring pattern.","2025-04-25 01:06:00 -> 2025-04-25 01:12:00: isolated 5-bar active-session gap; does not match weekend, session-break, or holiday patterns; below the empirically observed natural break in the missing-bar distribution (no residual gap observed between 9 and 214 missing bars). External corroboration: OLD_EXPORT_ALSO_MISSING.",HIGH,False
gapf_1525798_20250425_0114,2025-04-25 01:14:00,2025-04-25 01:18:00,2025-04-25 01:15:00,2025-04-25 01:17:00,4.0,3,Friday,Friday,01:14,01:18,2025,4,VALIDATION,LIKELY_PROVIDER_HISTORY_GAP,LIKELY_PROVIDER_HISTORY_GAP,"Isolated small active-session gap, no recurring pattern.","2025-04-25 01:14:00 -> 2025-04-25 01:18:00: isolated 3-bar active-session gap; does not match weekend, session-break, or holiday patterns; below the empirically observed natural break in the missing-bar distribution (no residual gap observed between 9 and 214 missing bars). External corroboration: OLD_EXPORT_ALSO_MISSING.",HIGH,False
gapf_1527158_20250425_2357,2025-04-25 23:57:00,2025-04-28 01:00:00,2025-04-25 23:58:00,2025-04-28 00:59:00,2943.0,2942,Friday,Monday,23:57,01:00,2025,4,VALIDATION,EXPECTED_WEEKEND,EXPECTED_WEEKEND,Recurring Friday-to-Monday/Tuesday weekend market closure.,"Friday 23:57 close -> Monday 01:00 reopen, delta=2943min; matches the dataset-wide weekend closure pattern observed on every trading week.",HIGH,False
gapf_1528537_20250428_2358,2025-04-28 23:58:00,2025-04-29 01:00:00,2025-04-28 23:59:00,2025-04-29 00:59:00,62.0,61,Monday,Tuesday,23:58,01:00,2025,4,VALIDATION,SUSPICIOUS_INTRASESSION,EXPECTED_DAILY_SESSION_BREAK,Recurring nightly broker maintenance/session break.,"2025-04-28 23:58:00 -> 2025-04-29 01:00:00: ~62min nightly pause, standard-time (hour 23->01) variant; this exact close/reopen-hour pair recurs on the vast majority of weeknights across all 6 dataset years, and the hour flips precisely on EU DST transition weekends. External corroboration: OLD_EXPORT_ALSO_MISSING.",HIGH,False
gapf_1529916_20250429_2358,2025-04-29 23:58:00,2025-04-30 01:00:00,2025-04-29 23:59:00,2025-04-30 00:59:00,62.0,61,Tuesday,Wednesday,23:58,01:00,2025,4,VALIDATION,SUSPICIOUS_INTRASESSION,EXPECTED_DAILY_SESSION_BREAK,Recurring nightly broker maintenance/session break.,"2025-04-29 23:58:00 -> 2025-04-30 01:00:00: ~62min nightly pause, standard-time (hour 23->01) variant; this exact close/reopen-hour pair recurs on the vast majority of weeknights across all 6 dataset years, and the hour flips precisely on EU DST transition weekends. External corroboration: OLD_EXPORT_ALSO_MISSING.",HIGH,False
gapf_1531295_20250430_2358,2025-04-30 23:58:00,2025-05-01 01:00:00,2025-04-30 23:59:00,2025-05-01 00:59:00,62.0,61,Wednesday,Thursday,23:58,01:00,2025,4,VALIDATION,SUSPICIOUS_INTRASESSION,EXPECTED_DAILY_SESSION_BREAK,Recurring nightly broker maintenance/session break.,"2025-04-30 23:58:00 -> 2025-05-01 01:00:00: ~62min nightly pause, standard-time (hour 23->01) variant; this exact close/reopen-hour pair recurs on the vast majority of weeknights across all 6 dataset years, and the hour flips precisely on EU DST transition weekends. External corroboration: OLD_EXPORT_ALSO_MISSING.",HIGH,False
gapf_1532674_20250501_2358,2025-05-01 23:58:00,2025-05-02 01:00:00,2025-05-01 23:59:00,2025-05-02 00:59:00,62.0,61,Thursday,Friday,23:58,01:00,2025,5,VALIDATION,SUSPICIOUS_INTRASESSION,EXPECTED_DAILY_SESSION_BREAK,Recurring nightly broker maintenance/session break.,"2025-05-01 23:58:00 -> 2025-05-02 01:00:00: ~62min nightly pause, standard-time (hour 23->01) variant; this exact close/reopen-hour pair recurs on the vast majority of weeknights across all 6 dataset years, and the hour flips precisely on EU DST transition weekends. External corroboration: OLD_EXPORT_ALSO_MISSING.",HIGH,False
gapf_1534052_20250502_2357,2025-05-02 23:57:00,2025-05-05 01:00:00,2025-05-02 23:58:00,2025-05-05 00:59:00,2943.0,2942,Friday,Monday,23:57,01:00,2025,5,VALIDATION,EXPECTED_WEEKEND,EXPECTED_WEEKEND,Recurring Friday-to-Monday/Tuesday weekend market closure.,"Friday 23:57 close -> Monday 01:00 reopen, delta=2943min; matches the dataset-wide weekend closure pattern observed on every trading week.",HIGH,False
gapf_1535431_20250505_2358,2025-05-05 23:58:00,2025-05-06 01:00:00,2025-05-05 23:59:00,2025-05-06 00:59:00,62.0,61,Monday,Tuesday,23:58,01:00,2025,5,VALIDATION,SUSPICIOUS_INTRASESSION,EXPECTED_DAILY_SESSION_BREAK,Recurring nightly broker maintenance/session break.,"2025-05-05 23:58:00 -> 2025-05-06 01:00:00: ~62min nightly pause, standard-time (hour 23->01) variant; this exact close/reopen-hour pair recurs on the vast majority of weeknights across all 6 dataset years, and the hour flips precisely on EU DST transition weekends. External corroboration: OLD_EXPORT_ALSO_MISSING.",HIGH,False
gapf_1536810_20250506_2358,2025-05-06 23:58:00,2025-05-07 01:00:00,2025-05-06 23:59:00,2025-05-07 00:59:00,62.0,61,Tuesday,Wednesday,23:58,01:00,2025,5,VALIDATION,SUSPICIOUS_INTRASESSION,EXPECTED_DAILY_SESSION_BREAK,Recurring nightly broker maintenance/session break.,"2025-05-06 23:58:00 -> 2025-05-07 01:00:00: ~62min nightly pause, standard-time (hour 23->01) variant; this exact close/reopen-hour pair recurs on the vast majority of weeknights across all 6 dataset years, and the hour flips precisely on EU DST transition weekends. External corroboration: OLD_EXPORT_ALSO_MISSING.",HIGH,False
gapf_1538189_20250507_2358,2025-05-07 23:58:00,2025-05-08 01:00:00,2025-05-07 23:59:00,2025-05-08 00:59:00,62.0,61,Wednesday,Thursday,23:58,01:00,2025,5,VALIDATION,SUSPICIOUS_INTRASESSION,EXPECTED_DAILY_SESSION_BREAK,Recurring nightly broker maintenance/session break.,"2025-05-07 23:58:00 -> 2025-05-08 01:00:00: ~62min nightly pause, standard-time (hour 23->01) variant; this exact close/reopen-hour pair recurs on the vast majority of weeknights across all 6 dataset years, and the hour flips precisely on EU DST transition weekends. External corroboration: OLD_EXPORT_ALSO_MISSING.",HIGH,False
gapf_1539568_20250508_2358,2025-05-08 23:58:00,2025-05-09 01:00:00,2025-05-08 23:59:00,2025-05-09 00:59:00,62.0,61,Thursday,Friday,23:58,01:00,2025,5,VALIDATION,SUSPICIOUS_INTRASESSION,EXPECTED_DAILY_SESSION_BREAK,Recurring nightly broker maintenance/session break.,"2025-05-08 23:58:00 -> 2025-05-09 01:00:00: ~62min nightly pause, standard-time (hour 23->01) variant; this exact close/reopen-hour pair recurs on the vast majority of weeknights across all 6 dataset years, and the hour flips precisely on EU DST transition weekends. External corroboration: OLD_EXPORT_ALSO_MISSING.",HIGH,False
gapf_1540946_20250509_2357,2025-05-09 23:57:00,2025-05-12 01:00:00,2025-05-09 23:58:00,2025-05-12 00:59:00,2943.0,2942,Friday,Monday,23:57,01:00,2025,5,VALIDATION,EXPECTED_WEEKEND,EXPECTED_WEEKEND,Recurring Friday-to-Monday/Tuesday weekend market closure.,"Friday 23:57 close -> Monday 01:00 reopen, delta=2943min; matches the dataset-wide weekend closure pattern observed on every trading week.",HIGH,False
gapf_1540949_20250512_0102,2025-05-12 01:02:00,2025-05-12 01:05:00,2025-05-12 01:03:00,2025-05-12 01:04:00,3.0,2,Monday,Monday,01:02,01:05,2025,5,VALIDATION,LIKELY_PROVIDER_HISTORY_GAP,LIKELY_PROVIDER_HISTORY_GAP,"Isolated small active-session gap, no recurring pattern.","2025-05-12 01:02:00 -> 2025-05-12 01:05:00: isolated 2-bar active-session gap; does not match weekend, session-break, or holiday patterns; below the empirically observed natural break in the missing-bar distribution (no residual gap observed between 9 and 214 missing bars). External corroboration: OLD_EXPORT_ALSO_MISSING.",HIGH,False
gapf_1542323_20250512_2358,2025-05-12 23:58:00,2025-05-13 01:00:00,2025-05-12 23:59:00,2025-05-13 00:59:00,62.0,61,Monday,Tuesday,23:58,01:00,2025,5,VALIDATION,SUSPICIOUS_INTRASESSION,EXPECTED_DAILY_SESSION_BREAK,Recurring nightly broker maintenance/session break.,"2025-05-12 23:58:00 -> 2025-05-13 01:00:00: ~62min nightly pause, standard-time (hour 23->01) variant; this exact close/reopen-hour pair recurs on the vast majority of weeknights across all 6 dataset years, and the hour flips precisely on EU DST transition weekends. External corroboration: OLD_EXPORT_ALSO_MISSING.",HIGH,False
gapf_1543702_20250513_2358,2025-05-13 23:58:00,2025-05-14 01:00:00,2025-05-13 23:59:00,2025-05-14 00:59:00,62.0,61,Tuesday,Wednesday,23:58,01:00,2025,5,VALIDATION,SUSPICIOUS_INTRASESSION,EXPECTED_DAILY_SESSION_BREAK,Recurring nightly broker maintenance/session break.,"2025-05-13 23:58:00 -> 2025-05-14 01:00:00: ~62min nightly pause, standard-time (hour 23->01) variant; this exact close/reopen-hour pair recurs on the vast majority of weeknights across all 6 dataset years, and the hour flips precisely on EU DST transition weekends. External corroboration: OLD_EXPORT_ALSO_MISSING.",HIGH,False
gapf_1545081_20250514_2358,2025-05-14 23:58:00,2025-05-15 01:00:00,2025-05-14 23:59:00,2025-05-15 00:59:00,62.0,61,Wednesday,Thursday,23:58,01:00,2025,5,VALIDATION,SUSPICIOUS_INTRASESSION,EXPECTED_DAILY_SESSION_BREAK,Recurring nightly broker maintenance/session break.,"2025-05-14 23:58:00 -> 2025-05-15 01:00:00: ~62min nightly pause, standard-time (hour 23->01) variant; this exact close/reopen-hour pair recurs on the vast majority of weeknights across all 6 dataset years, and the hour flips precisely on EU DST transition weekends. External corroboration: OLD_EXPORT_ALSO_MISSING.",HIGH,False
gapf_1546460_20250515_2358,2025-05-15 23:58:00,2025-05-16 01:00:00,2025-05-15 23:59:00,2025-05-16 00:59:00,62.0,61,Thursday,Friday,23:58,01:00,2025,5,VALIDATION,SUSPICIOUS_INTRASESSION,EXPECTED_DAILY_SESSION_BREAK,Recurring nightly broker maintenance/session break.,"2025-05-15 23:58:00 -> 2025-05-16 01:00:00: ~62min nightly pause, standard-time (hour 23->01) variant; this exact close/reopen-hour pair recurs on the vast majority of weeknights across all 6 dataset years, and the hour flips precisely on EU DST transition weekends. External corroboration: OLD_EXPORT_ALSO_MISSING.",HIGH,False
gapf_1547838_20250516_2357,2025-05-16 23:57:00,2025-05-19 01:00:00,2025-05-16 23:58:00,2025-05-19 00:59:00,2943.0,2942,Friday,Monday,23:57,01:00,2025,5,VALIDATION,EXPECTED_WEEKEND,EXPECTED_WEEKEND,Recurring Friday-to-Monday/Tuesday weekend market closure.,"Friday 23:57 close -> Monday 01:00 reopen, delta=2943min; matches the dataset-wide weekend closure pattern observed on every trading week.",HIGH,False
gapf_1549217_20250519_2358,2025-05-19 23:58:00,2025-05-20 01:00:00,2025-05-19 23:59:00,2025-05-20 00:59:00,62.0,61,Monday,Tuesday,23:58,01:00,2025,5,VALIDATION,SUSPICIOUS_INTRASESSION,EXPECTED_DAILY_SESSION_BREAK,Recurring nightly broker maintenance/session break.,"2025-05-19 23:58:00 -> 2025-05-20 01:00:00: ~62min nightly pause, standard-time (hour 23->01) variant; this exact close/reopen-hour pair recurs on the vast majority of weeknights across all 6 dataset years, and the hour flips precisely on EU DST transition weekends. External corroboration: OLD_EXPORT_ALSO_MISSING.",HIGH,False
gapf_1550596_20250520_2358,2025-05-20 23:58:00,2025-05-21 01:00:00,2025-05-20 23:59:00,2025-05-21 00:59:00,62.0,61,Tuesday,Wednesday,23:58,01:00,2025,5,VALIDATION,SUSPICIOUS_INTRASESSION,EXPECTED_DAILY_SESSION_BREAK,Recurring nightly broker maintenance/session break.,"2025-05-20 23:58:00 -> 2025-05-21 01:00:00: ~62min nightly pause, standard-time (hour 23->01) variant; this exact close/reopen-hour pair recurs on the vast majority of weeknights across all 6 dataset years, and the hour flips precisely on EU DST transition weekends. External corroboration: OLD_EXPORT_ALSO_MISSING.",HIGH,False
gapf_1551975_20250521_2358,2025-05-21 23:58:00,2025-05-22 01:00:00,2025-05-21 23:59:00,2025-05-22 00:59:00,62.0,61,Wednesday,Thursday,23:58,01:00,2025,5,VALIDATION,SUSPICIOUS_INTRASESSION,EXPECTED_DAILY_SESSION_BREAK,Recurring nightly broker maintenance/session break.,"2025-05-21 23:58:00 -> 2025-05-22 01:00:00: ~62min nightly pause, standard-time (hour 23->01) variant; this exact close/reopen-hour pair recurs on the vast majority of weeknights across all 6 dataset years, and the hour flips precisely on EU DST transition weekends. External corroboration: OLD_EXPORT_ALSO_MISSING.",HIGH,False
gapf_1553354_20250522_2358,2025-05-22 23:58:00,2025-05-23 01:00:00,2025-05-22 23:59:00,2025-05-23 00:59:00,62.0,61,Thursday,Friday,23:58,01:00,2025,5,VALIDATION,SUSPICIOUS_INTRASESSION,EXPECTED_DAILY_SESSION_BREAK,Recurring nightly broker maintenance/session break.,"2025-05-22 23:58:00 -> 2025-05-23 01:00:00: ~62min nightly pause, standard-time (hour 23->01) variant; this exact close/reopen-hour pair recurs on the vast majority of weeknights across all 6 dataset years, and the hour flips precisely on EU DST transition weekends. External corroboration: OLD_EXPORT_ALSO_MISSING.",HIGH,False
gapf_1554732_20250523_2357,2025-05-23 23:57:00,2025-05-26 01:00:00,2025-05-23 23:58:00,2025-05-26 00:59:00,2943.0,2942,Friday,Monday,23:57,01:00,2025,5,VALIDATION,EXPECTED_WEEKEND,EXPECTED_WEEKEND,Recurring Friday-to-Monday/Tuesday weekend market closure.,"Friday 23:57 close -> Monday 01:00 reopen, delta=2943min; matches the dataset-wide weekend closure pattern observed on every trading week.",HIGH,False
gapf_1555958_20250526_2125,2025-05-26 21:25:00,2025-05-27 01:00:00,2025-05-26 21:26:00,2025-05-27 00:59:00,215.0,214,Monday,Tuesday,21:25,01:00,2025,5,VALIDATION,SUSPICIOUS_INTRASESSION,EXPECTED_HOLIDAY_OR_CLOSURE,US federal market holiday early close (MEMORIAL_DAY).,"2025-05-26 21:25:00 matches computed US federal holiday date (MEMORIAL_DAY); early close at 21:25 UTC, reopen 01:00 UTC next day; recurring pattern observed across multiple dataset years. External corroboration: OLD_EXPORT_ALSO_MISSING.",HIGH,False
gapf_1557337_20250527_2358,2025-05-27 23:58:00,2025-05-28 01:00:00,2025-05-27 23:59:00,2025-05-28 00:59:00,62.0,61,Tuesday,Wednesday,23:58,01:00,2025,5,VALIDATION,SUSPICIOUS_INTRASESSION,EXPECTED_DAILY_SESSION_BREAK,Recurring nightly broker maintenance/session break.,"2025-05-27 23:58:00 -> 2025-05-28 01:00:00: ~62min nightly pause, standard-time (hour 23->01) variant; this exact close/reopen-hour pair recurs on the vast majority of weeknights across all 6 dataset years, and the hour flips precisely on EU DST transition weekends. External corroboration: OLD_EXPORT_ALSO_MISSING.",HIGH,False
gapf_1558716_20250528_2358,2025-05-28 23:58:00,2025-05-29 01:00:00,2025-05-28 23:59:00,2025-05-29 00:59:00,62.0,61,Wednesday,Thursday,23:58,01:00,2025,5,VALIDATION,SUSPICIOUS_INTRASESSION,EXPECTED_DAILY_SESSION_BREAK,Recurring nightly broker maintenance/session break.,"2025-05-28 23:58:00 -> 2025-05-29 01:00:00: ~62min nightly pause, standard-time (hour 23->01) variant; this exact close/reopen-hour pair recurs on the vast majority of weeknights across all 6 dataset years, and the hour flips precisely on EU DST transition weekends. External corroboration: OLD_EXPORT_ALSO_MISSING.",HIGH,False
gapf_1560095_20250529_2358,2025-05-29 23:58:00,2025-05-30 01:00:00,2025-05-29 23:59:00,2025-05-30 00:59:00,62.0,61,Thursday,Friday,23:58,01:00,2025,5,VALIDATION,SUSPICIOUS_INTRASESSION,EXPECTED_DAILY_SESSION_BREAK,Recurring nightly broker maintenance/session break.,"2025-05-29 23:58:00 -> 2025-05-30 01:00:00: ~62min nightly pause, standard-time (hour 23->01) variant; this exact close/reopen-hour pair recurs on the vast majority of weeknights across all 6 dataset years, and the hour flips precisely on EU DST transition weekends. External corroboration: OLD_EXPORT_ALSO_MISSING.",HIGH,False
gapf_1561473_20250530_2357,2025-05-30 23:57:00,2025-06-02 01:00:00,2025-05-30 23:58:00,2025-06-02 00:59:00,2943.0,2942,Friday,Monday,23:57,01:00,2025,5,VALIDATION,EXPECTED_WEEKEND,EXPECTED_WEEKEND,Recurring Friday-to-Monday/Tuesday weekend market closure.,"Friday 23:57 close -> Monday 01:00 reopen, delta=2943min; matches the dataset-wide weekend closure pattern observed on every trading week.",HIGH,False
gapf_1562852_20250602_2358,2025-06-02 23:58:00,2025-06-03 01:00:00,2025-06-02 23:59:00,2025-06-03 00:59:00,62.0,61,Monday,Tuesday,23:58,01:00,2025,6,VALIDATION,SUSPICIOUS_INTRASESSION,EXPECTED_DAILY_SESSION_BREAK,Recurring nightly broker maintenance/session break.,"2025-06-02 23:58:00 -> 2025-06-03 01:00:00: ~62min nightly pause, standard-time (hour 23->01) variant; this exact close/reopen-hour pair recurs on the vast majority of weeknights across all 6 dataset years, and the hour flips precisely on EU DST transition weekends. External corroboration: OLD_EXPORT_ALSO_MISSING.",HIGH,False
gapf_1564231_20250603_2358,2025-06-03 23:58:00,2025-06-04 01:00:00,2025-06-03 23:59:00,2025-06-04 00:59:00,62.0,61,Tuesday,Wednesday,23:58,01:00,2025,6,VALIDATION,SUSPICIOUS_INTRASESSION,EXPECTED_DAILY_SESSION_BREAK,Recurring nightly broker maintenance/session break.,"2025-06-03 23:58:00 -> 2025-06-04 01:00:00: ~62min nightly pause, standard-time (hour 23->01) variant; this exact close/reopen-hour pair recurs on the vast majority of weeknights across all 6 dataset years, and the hour flips precisely on EU DST transition weekends. External corroboration: OLD_EXPORT_ALSO_MISSING.",HIGH,False
gapf_1565610_20250604_2358,2025-06-04 23:58:00,2025-06-05 01:00:00,2025-06-04 23:59:00,2025-06-05 00:59:00,62.0,61,Wednesday,Thursday,23:58,01:00,2025,6,VALIDATION,SUSPICIOUS_INTRASESSION,EXPECTED_DAILY_SESSION_BREAK,Recurring nightly broker maintenance/session break.,"2025-06-04 23:58:00 -> 2025-06-05 01:00:00: ~62min nightly pause, standard-time (hour 23->01) variant; this exact close/reopen-hour pair recurs on the vast majority of weeknights across all 6 dataset years, and the hour flips precisely on EU DST transition weekends. External corroboration: OLD_EXPORT_ALSO_MISSING.",HIGH,False
gapf_1566989_20250605_2358,2025-06-05 23:58:00,2025-06-06 01:00:00,2025-06-05 23:59:00,2025-06-06 00:59:00,62.0,61,Thursday,Friday,23:58,01:00,2025,6,VALIDATION,SUSPICIOUS_INTRASESSION,EXPECTED_DAILY_SESSION_BREAK,Recurring nightly broker maintenance/session break.,"2025-06-05 23:58:00 -> 2025-06-06 01:00:00: ~62min nightly pause, standard-time (hour 23->01) variant; this exact close/reopen-hour pair recurs on the vast majority of weeknights across all 6 dataset years, and the hour flips precisely on EU DST transition weekends. External corroboration: OLD_EXPORT_ALSO_MISSING.",HIGH,False
gapf_1568367_20250606_2357,2025-06-06 23:57:00,2025-06-09 01:00:00,2025-06-06 23:58:00,2025-06-09 00:59:00,2943.0,2942,Friday,Monday,23:57,01:00,2025,6,VALIDATION,EXPECTED_WEEKEND,EXPECTED_WEEKEND,Recurring Friday-to-Monday/Tuesday weekend market closure.,"Friday 23:57 close -> Monday 01:00 reopen, delta=2943min; matches the dataset-wide weekend closure pattern observed on every trading week.",HIGH,False
gapf_1569746_20250609_2358,2025-06-09 23:58:00,2025-06-10 01:00:00,2025-06-09 23:59:00,2025-06-10 00:59:00,62.0,61,Monday,Tuesday,23:58,01:00,2025,6,VALIDATION,SUSPICIOUS_INTRASESSION,EXPECTED_DAILY_SESSION_BREAK,Recurring nightly broker maintenance/session break.,"2025-06-09 23:58:00 -> 2025-06-10 01:00:00: ~62min nightly pause, standard-time (hour 23->01) variant; this exact close/reopen-hour pair recurs on the vast majority of weeknights across all 6 dataset years, and the hour flips precisely on EU DST transition weekends. External corroboration: OLD_EXPORT_ALSO_MISSING.",HIGH,False
gapf_1571125_20250610_2358,2025-06-10 23:58:00,2025-06-11 01:00:00,2025-06-10 23:59:00,2025-06-11 00:59:00,62.0,61,Tuesday,Wednesday,23:58,01:00,2025,6,VALIDATION,SUSPICIOUS_INTRASESSION,EXPECTED_DAILY_SESSION_BREAK,Recurring nightly broker maintenance/session break.,"2025-06-10 23:58:00 -> 2025-06-11 01:00:00: ~62min nightly pause, standard-time (hour 23->01) variant; this exact close/reopen-hour pair recurs on the vast majority of weeknights across all 6 dataset years, and the hour flips precisely on EU DST transition weekends. External corroboration: OLD_EXPORT_ALSO_MISSING.",HIGH,False
gapf_1572504_20250611_2358,2025-06-11 23:58:00,2025-06-12 01:00:00,2025-06-11 23:59:00,2025-06-12 00:59:00,62.0,61,Wednesday,Thursday,23:58,01:00,2025,6,VALIDATION,SUSPICIOUS_INTRASESSION,EXPECTED_DAILY_SESSION_BREAK,Recurring nightly broker maintenance/session break.,"2025-06-11 23:58:00 -> 2025-06-12 01:00:00: ~62min nightly pause, standard-time (hour 23->01) variant; this exact close/reopen-hour pair recurs on the vast majority of weeknights across all 6 dataset years, and the hour flips precisely on EU DST transition weekends. External corroboration: OLD_EXPORT_ALSO_MISSING.",HIGH,False
gapf_1573883_20250612_2358,2025-06-12 23:58:00,2025-06-13 01:00:00,2025-06-12 23:59:00,2025-06-13 00:59:00,62.0,61,Thursday,Friday,23:58,01:00,2025,6,VALIDATION,SUSPICIOUS_INTRASESSION,EXPECTED_DAILY_SESSION_BREAK,Recurring nightly broker maintenance/session break.,"2025-06-12 23:58:00 -> 2025-06-13 01:00:00: ~62min nightly pause, standard-time (hour 23->01) variant; this exact close/reopen-hour pair recurs on the vast majority of weeknights across all 6 dataset years, and the hour flips precisely on EU DST transition weekends. External corroboration: OLD_EXPORT_ALSO_MISSING.",HIGH,False
gapf_1575261_20250613_2357,2025-06-13 23:57:00,2025-06-16 01:00:00,2025-06-13 23:58:00,2025-06-16 00:59:00,2943.0,2942,Friday,Monday,23:57,01:00,2025,6,VALIDATION,EXPECTED_WEEKEND,EXPECTED_WEEKEND,Recurring Friday-to-Monday/Tuesday weekend market closure.,"Friday 23:57 close -> Monday 01:00 reopen, delta=2943min; matches the dataset-wide weekend closure pattern observed on every trading week.",HIGH,False
gapf_1576640_20250616_2358,2025-06-16 23:58:00,2025-06-17 01:00:00,2025-06-16 23:59:00,2025-06-17 00:59:00,62.0,61,Monday,Tuesday,23:58,01:00,2025,6,VALIDATION,SUSPICIOUS_INTRASESSION,EXPECTED_DAILY_SESSION_BREAK,Recurring nightly broker maintenance/session break.,"2025-06-16 23:58:00 -> 2025-06-17 01:00:00: ~62min nightly pause, standard-time (hour 23->01) variant; this exact close/reopen-hour pair recurs on the vast majority of weeknights across all 6 dataset years, and the hour flips precisely on EU DST transition weekends. External corroboration: OLD_EXPORT_ALSO_MISSING.",HIGH,False
gapf_1578019_20250617_2358,2025-06-17 23:58:00,2025-06-18 01:00:00,2025-06-17 23:59:00,2025-06-18 00:59:00,62.0,61,Tuesday,Wednesday,23:58,01:00,2025,6,VALIDATION,SUSPICIOUS_INTRASESSION,EXPECTED_DAILY_SESSION_BREAK,Recurring nightly broker maintenance/session break.,"2025-06-17 23:58:00 -> 2025-06-18 01:00:00: ~62min nightly pause, standard-time (hour 23->01) variant; this exact close/reopen-hour pair recurs on the vast majority of weeknights across all 6 dataset years, and the hour flips precisely on EU DST transition weekends. External corroboration: OLD_EXPORT_ALSO_MISSING.",HIGH,False
gapf_1579398_20250618_2358,2025-06-18 23:58:00,2025-06-19 01:00:00,2025-06-18 23:59:00,2025-06-19 00:59:00,62.0,61,Wednesday,Thursday,23:58,01:00,2025,6,VALIDATION,SUSPICIOUS_INTRASESSION,EXPECTED_DAILY_SESSION_BREAK,Recurring nightly broker maintenance/session break.,"2025-06-18 23:58:00 -> 2025-06-19 01:00:00: ~62min nightly pause, standard-time (hour 23->01) variant; this exact close/reopen-hour pair recurs on the vast majority of weeknights across all 6 dataset years, and the hour flips precisely on EU DST transition weekends. External corroboration: OLD_EXPORT_ALSO_MISSING.",HIGH,False
gapf_1580623_20250619_2124,2025-06-19 21:24:00,2025-06-20 01:00:00,2025-06-19 21:25:00,2025-06-20 00:59:00,216.0,215,Thursday,Friday,21:24,01:00,2025,6,VALIDATION,SUSPICIOUS_INTRASESSION,EXPECTED_HOLIDAY_OR_CLOSURE,US federal market holiday early close (JUNETEENTH).,"2025-06-19 21:24:00 matches computed US federal holiday date (JUNETEENTH); early close at 21:24 UTC, reopen 01:00 UTC next day; recurring pattern observed across multiple dataset years. External corroboration: OLD_EXPORT_ALSO_MISSING.",HIGH,False
gapf_1582001_20250620_2357,2025-06-20 23:57:00,2025-06-23 01:00:00,2025-06-20 23:58:00,2025-06-23 00:59:00,2943.0,2942,Friday,Monday,23:57,01:00,2025,6,VALIDATION,EXPECTED_WEEKEND,EXPECTED_WEEKEND,Recurring Friday-to-Monday/Tuesday weekend market closure.,"Friday 23:57 close -> Monday 01:00 reopen, delta=2943min; matches the dataset-wide weekend closure pattern observed on every trading week.",HIGH,False
gapf_1583380_20250623_2358,2025-06-23 23:58:00,2025-06-24 01:00:00,2025-06-23 23:59:00,2025-06-24 00:59:00,62.0,61,Monday,Tuesday,23:58,01:00,2025,6,VALIDATION,SUSPICIOUS_INTRASESSION,EXPECTED_DAILY_SESSION_BREAK,Recurring nightly broker maintenance/session break.,"2025-06-23 23:58:00 -> 2025-06-24 01:00:00: ~62min nightly pause, standard-time (hour 23->01) variant; this exact close/reopen-hour pair recurs on the vast majority of weeknights across all 6 dataset years, and the hour flips precisely on EU DST transition weekends. External corroboration: OLD_EXPORT_ALSO_MISSING.",HIGH,False
gapf_1584759_20250624_2358,2025-06-24 23:58:00,2025-06-25 01:00:00,2025-06-24 23:59:00,2025-06-25 00:59:00,62.0,61,Tuesday,Wednesday,23:58,01:00,2025,6,VALIDATION,SUSPICIOUS_INTRASESSION,EXPECTED_DAILY_SESSION_BREAK,Recurring nightly broker maintenance/session break.,"2025-06-24 23:58:00 -> 2025-06-25 01:00:00: ~62min nightly pause, standard-time (hour 23->01) variant; this exact close/reopen-hour pair recurs on the vast majority of weeknights across all 6 dataset years, and the hour flips precisely on EU DST transition weekends. External corroboration: OLD_EXPORT_ALSO_MISSING.",HIGH,False
gapf_1586138_20250625_2358,2025-06-25 23:58:00,2025-06-26 01:00:00,2025-06-25 23:59:00,2025-06-26 00:59:00,62.0,61,Wednesday,Thursday,23:58,01:00,2025,6,VALIDATION,SUSPICIOUS_INTRASESSION,EXPECTED_DAILY_SESSION_BREAK,Recurring nightly broker maintenance/session break.,"2025-06-25 23:58:00 -> 2025-06-26 01:00:00: ~62min nightly pause, standard-time (hour 23->01) variant; this exact close/reopen-hour pair recurs on the vast majority of weeknights across all 6 dataset years, and the hour flips precisely on EU DST transition weekends. External corroboration: OLD_EXPORT_ALSO_MISSING.",HIGH,False
gapf_1587517_20250626_2358,2025-06-26 23:58:00,2025-06-27 01:00:00,2025-06-26 23:59:00,2025-06-27 00:59:00,62.0,61,Thursday,Friday,23:58,01:00,2025,6,VALIDATION,SUSPICIOUS_INTRASESSION,EXPECTED_DAILY_SESSION_BREAK,Recurring nightly broker maintenance/session break.,"2025-06-26 23:58:00 -> 2025-06-27 01:00:00: ~62min nightly pause, standard-time (hour 23->01) variant; this exact close/reopen-hour pair recurs on the vast majority of weeknights across all 6 dataset years, and the hour flips precisely on EU DST transition weekends. External corroboration: OLD_EXPORT_ALSO_MISSING.",HIGH,False
gapf_1588895_20250627_2357,2025-06-27 23:57:00,2025-06-30 01:00:00,2025-06-27 23:58:00,2025-06-30 00:59:00,2943.0,2942,Friday,Monday,23:57,01:00,2025,6,VALIDATION,EXPECTED_WEEKEND,EXPECTED_WEEKEND,Recurring Friday-to-Monday/Tuesday weekend market closure.,"Friday 23:57 close -> Monday 01:00 reopen, delta=2943min; matches the dataset-wide weekend closure pattern observed on every trading week.",HIGH,False
gapf_1590274_20250630_2358,2025-06-30 23:58:00,2025-07-01 01:00:00,2025-06-30 23:59:00,2025-07-01 00:59:00,62.0,61,Monday,Tuesday,23:58,01:00,2025,6,VALIDATION,SUSPICIOUS_INTRASESSION,EXPECTED_DAILY_SESSION_BREAK,Recurring nightly broker maintenance/session break.,"2025-06-30 23:58:00 -> 2025-07-01 01:00:00: ~62min nightly pause, standard-time (hour 23->01) variant; this exact close/reopen-hour pair recurs on the vast majority of weeknights across all 6 dataset years, and the hour flips precisely on EU DST transition weekends. External corroboration: OLD_EXPORT_ALSO_MISSING.",HIGH,False
gapf_1591653_20250701_2358,2025-07-01 23:58:00,2025-07-02 01:00:00,2025-07-01 23:59:00,2025-07-02 00:59:00,62.0,61,Tuesday,Wednesday,23:58,01:00,2025,7,VALIDATION,SUSPICIOUS_INTRASESSION,EXPECTED_DAILY_SESSION_BREAK,Recurring nightly broker maintenance/session break.,"2025-07-01 23:58:00 -> 2025-07-02 01:00:00: ~62min nightly pause, standard-time (hour 23->01) variant; this exact close/reopen-hour pair recurs on the vast majority of weeknights across all 6 dataset years, and the hour flips precisely on EU DST transition weekends. External corroboration: OLD_EXPORT_ALSO_MISSING.",HIGH,False
gapf_1593032_20250702_2358,2025-07-02 23:58:00,2025-07-03 01:00:00,2025-07-02 23:59:00,2025-07-03 00:59:00,62.0,61,Wednesday,Thursday,23:58,01:00,2025,7,VALIDATION,SUSPICIOUS_INTRASESSION,EXPECTED_DAILY_SESSION_BREAK,Recurring nightly broker maintenance/session break.,"2025-07-02 23:58:00 -> 2025-07-03 01:00:00: ~62min nightly pause, standard-time (hour 23->01) variant; this exact close/reopen-hour pair recurs on the vast majority of weeknights across all 6 dataset years, and the hour flips precisely on EU DST transition weekends. External corroboration: OLD_EXPORT_ALSO_MISSING.",HIGH,False
gapf_1594411_20250703_2358,2025-07-03 23:58:00,2025-07-04 01:00:00,2025-07-03 23:59:00,2025-07-04 00:59:00,62.0,61,Thursday,Friday,23:58,01:00,2025,7,VALIDATION,SUSPICIOUS_INTRASESSION,EXPECTED_DAILY_SESSION_BREAK,Recurring nightly broker maintenance/session break.,"2025-07-03 23:58:00 -> 2025-07-04 01:00:00: ~62min nightly pause, standard-time (hour 23->01) variant; this exact close/reopen-hour pair recurs on the vast majority of weeknights across all 6 dataset years, and the hour flips precisely on EU DST transition weekends. External corroboration: OLD_EXPORT_ALSO_MISSING.",HIGH,False
gapf_1595547_20250704_1955,2025-07-04 19:55:00,2025-07-07 01:00:00,2025-07-04 19:56:00,2025-07-07 00:59:00,3185.0,3184,Friday,Monday,19:55,01:00,2025,7,VALIDATION,EXPECTED_WEEKEND,EXPECTED_WEEKEND,Recurring Friday-to-Monday/Tuesday weekend market closure.,"Friday 19:55 close -> Monday 01:00 reopen, delta=3185min; matches the dataset-wide weekend closure pattern observed on every trading week.",HIGH,False
gapf_1596926_20250707_2358,2025-07-07 23:58:00,2025-07-08 01:00:00,2025-07-07 23:59:00,2025-07-08 00:59:00,62.0,61,Monday,Tuesday,23:58,01:00,2025,7,VALIDATION,SUSPICIOUS_INTRASESSION,EXPECTED_DAILY_SESSION_BREAK,Recurring nightly broker maintenance/session break.,"2025-07-07 23:58:00 -> 2025-07-08 01:00:00: ~62min nightly pause, standard-time (hour 23->01) variant; this exact close/reopen-hour pair recurs on the vast majority of weeknights across all 6 dataset years, and the hour flips precisely on EU DST transition weekends. External corroboration: OLD_EXPORT_ALSO_MISSING.",HIGH,False
gapf_1598305_20250708_2358,2025-07-08 23:58:00,2025-07-09 01:00:00,2025-07-08 23:59:00,2025-07-09 00:59:00,62.0,61,Tuesday,Wednesday,23:58,01:00,2025,7,VALIDATION,SUSPICIOUS_INTRASESSION,EXPECTED_DAILY_SESSION_BREAK,Recurring nightly broker maintenance/session break.,"2025-07-08 23:58:00 -> 2025-07-09 01:00:00: ~62min nightly pause, standard-time (hour 23->01) variant; this exact close/reopen-hour pair recurs on the vast majority of weeknights across all 6 dataset years, and the hour flips precisely on EU DST transition weekends. External corroboration: OLD_EXPORT_ALSO_MISSING.",HIGH,False
gapf_1599684_20250709_2358,2025-07-09 23:58:00,2025-07-10 01:00:00,2025-07-09 23:59:00,2025-07-10 00:59:00,62.0,61,Wednesday,Thursday,23:58,01:00,2025,7,VALIDATION,SUSPICIOUS_INTRASESSION,EXPECTED_DAILY_SESSION_BREAK,Recurring nightly broker maintenance/session break.,"2025-07-09 23:58:00 -> 2025-07-10 01:00:00: ~62min nightly pause, standard-time (hour 23->01) variant; this exact close/reopen-hour pair recurs on the vast majority of weeknights across all 6 dataset years, and the hour flips precisely on EU DST transition weekends. External corroboration: OLD_EXPORT_ALSO_MISSING.",HIGH,False
gapf_1601063_20250710_2358,2025-07-10 23:58:00,2025-07-11 01:00:00,2025-07-10 23:59:00,2025-07-11 00:59:00,62.0,61,Thursday,Friday,23:58,01:00,2025,7,VALIDATION,SUSPICIOUS_INTRASESSION,EXPECTED_DAILY_SESSION_BREAK,Recurring nightly broker maintenance/session break.,"2025-07-10 23:58:00 -> 2025-07-11 01:00:00: ~62min nightly pause, standard-time (hour 23->01) variant; this exact close/reopen-hour pair recurs on the vast majority of weeknights across all 6 dataset years, and the hour flips precisely on EU DST transition weekends. External corroboration: OLD_EXPORT_ALSO_MISSING.",HIGH,False
gapf_1602441_20250711_2357,2025-07-11 23:57:00,2025-07-14 01:00:00,2025-07-11 23:58:00,2025-07-14 00:59:00,2943.0,2942,Friday,Monday,23:57,01:00,2025,7,VALIDATION,EXPECTED_WEEKEND,EXPECTED_WEEKEND,Recurring Friday-to-Monday/Tuesday weekend market closure.,"Friday 23:57 close -> Monday 01:00 reopen, delta=2943min; matches the dataset-wide weekend closure pattern observed on every trading week.",HIGH,False
gapf_1603820_20250714_2358,2025-07-14 23:58:00,2025-07-15 01:00:00,2025-07-14 23:59:00,2025-07-15 00:59:00,62.0,61,Monday,Tuesday,23:58,01:00,2025,7,VALIDATION,SUSPICIOUS_INTRASESSION,EXPECTED_DAILY_SESSION_BREAK,Recurring nightly broker maintenance/session break.,"2025-07-14 23:58:00 -> 2025-07-15 01:00:00: ~62min nightly pause, standard-time (hour 23->01) variant; this exact close/reopen-hour pair recurs on the vast majority of weeknights across all 6 dataset years, and the hour flips precisely on EU DST transition weekends. External corroboration: OLD_EXPORT_ALSO_MISSING.",HIGH,False
gapf_1605199_20250715_2358,2025-07-15 23:58:00,2025-07-16 01:00:00,2025-07-15 23:59:00,2025-07-16 00:59:00,62.0,61,Tuesday,Wednesday,23:58,01:00,2025,7,VALIDATION,SUSPICIOUS_INTRASESSION,EXPECTED_DAILY_SESSION_BREAK,Recurring nightly broker maintenance/session break.,"2025-07-15 23:58:00 -> 2025-07-16 01:00:00: ~62min nightly pause, standard-time (hour 23->01) variant; this exact close/reopen-hour pair recurs on the vast majority of weeknights across all 6 dataset years, and the hour flips precisely on EU DST transition weekends. External corroboration: OLD_EXPORT_ALSO_MISSING.",HIGH,False
gapf_1606578_20250716_2358,2025-07-16 23:58:00,2025-07-17 01:00:00,2025-07-16 23:59:00,2025-07-17 00:59:00,62.0,61,Wednesday,Thursday,23:58,01:00,2025,7,VALIDATION,SUSPICIOUS_INTRASESSION,EXPECTED_DAILY_SESSION_BREAK,Recurring nightly broker maintenance/session break.,"2025-07-16 23:58:00 -> 2025-07-17 01:00:00: ~62min nightly pause, standard-time (hour 23->01) variant; this exact close/reopen-hour pair recurs on the vast majority of weeknights across all 6 dataset years, and the hour flips precisely on EU DST transition weekends. External corroboration: OLD_EXPORT_ALSO_MISSING.",HIGH,False
gapf_1607957_20250717_2358,2025-07-17 23:58:00,2025-07-18 01:00:00,2025-07-17 23:59:00,2025-07-18 00:59:00,62.0,61,Thursday,Friday,23:58,01:00,2025,7,VALIDATION,SUSPICIOUS_INTRASESSION,EXPECTED_DAILY_SESSION_BREAK,Recurring nightly broker maintenance/session break.,"2025-07-17 23:58:00 -> 2025-07-18 01:00:00: ~62min nightly pause, standard-time (hour 23->01) variant; this exact close/reopen-hour pair recurs on the vast majority of weeknights across all 6 dataset years, and the hour flips precisely on EU DST transition weekends. External corroboration: OLD_EXPORT_ALSO_MISSING.",HIGH,False
gapf_1609335_20250718_2357,2025-07-18 23:57:00,2025-07-21 01:00:00,2025-07-18 23:58:00,2025-07-21 00:59:00,2943.0,2942,Friday,Monday,23:57,01:00,2025,7,VALIDATION,EXPECTED_WEEKEND,EXPECTED_WEEKEND,Recurring Friday-to-Monday/Tuesday weekend market closure.,"Friday 23:57 close -> Monday 01:00 reopen, delta=2943min; matches the dataset-wide weekend closure pattern observed on every trading week.",HIGH,False
gapf_1610714_20250721_2358,2025-07-21 23:58:00,2025-07-22 01:00:00,2025-07-21 23:59:00,2025-07-22 00:59:00,62.0,61,Monday,Tuesday,23:58,01:00,2025,7,VALIDATION,SUSPICIOUS_INTRASESSION,EXPECTED_DAILY_SESSION_BREAK,Recurring nightly broker maintenance/session break.,"2025-07-21 23:58:00 -> 2025-07-22 01:00:00: ~62min nightly pause, standard-time (hour 23->01) variant; this exact close/reopen-hour pair recurs on the vast majority of weeknights across all 6 dataset years, and the hour flips precisely on EU DST transition weekends. External corroboration: OLD_EXPORT_ALSO_MISSING.",HIGH,False
gapf_1612093_20250722_2358,2025-07-22 23:58:00,2025-07-23 01:00:00,2025-07-22 23:59:00,2025-07-23 00:59:00,62.0,61,Tuesday,Wednesday,23:58,01:00,2025,7,VALIDATION,SUSPICIOUS_INTRASESSION,EXPECTED_DAILY_SESSION_BREAK,Recurring nightly broker maintenance/session break.,"2025-07-22 23:58:00 -> 2025-07-23 01:00:00: ~62min nightly pause, standard-time (hour 23->01) variant; this exact close/reopen-hour pair recurs on the vast majority of weeknights across all 6 dataset years, and the hour flips precisely on EU DST transition weekends. External corroboration: OLD_EXPORT_ALSO_MISSING.",HIGH,False
gapf_1613472_20250723_2358,2025-07-23 23:58:00,2025-07-24 01:00:00,2025-07-23 23:59:00,2025-07-24 00:59:00,62.0,61,Wednesday,Thursday,23:58,01:00,2025,7,VALIDATION,SUSPICIOUS_INTRASESSION,EXPECTED_DAILY_SESSION_BREAK,Recurring nightly broker maintenance/session break.,"2025-07-23 23:58:00 -> 2025-07-24 01:00:00: ~62min nightly pause, standard-time (hour 23->01) variant; this exact close/reopen-hour pair recurs on the vast majority of weeknights across all 6 dataset years, and the hour flips precisely on EU DST transition weekends. External corroboration: OLD_EXPORT_ALSO_MISSING.",HIGH,False
gapf_1614851_20250724_2358,2025-07-24 23:58:00,2025-07-25 01:00:00,2025-07-24 23:59:00,2025-07-25 00:59:00,62.0,61,Thursday,Friday,23:58,01:00,2025,7,VALIDATION,SUSPICIOUS_INTRASESSION,EXPECTED_DAILY_SESSION_BREAK,Recurring nightly broker maintenance/session break.,"2025-07-24 23:58:00 -> 2025-07-25 01:00:00: ~62min nightly pause, standard-time (hour 23->01) variant; this exact close/reopen-hour pair recurs on the vast majority of weeknights across all 6 dataset years, and the hour flips precisely on EU DST transition weekends. External corroboration: OLD_EXPORT_ALSO_MISSING.",HIGH,False
gapf_1616229_20250725_2357,2025-07-25 23:57:00,2025-07-28 01:00:00,2025-07-25 23:58:00,2025-07-28 00:59:00,2943.0,2942,Friday,Monday,23:57,01:00,2025,7,VALIDATION,EXPECTED_WEEKEND,EXPECTED_WEEKEND,Recurring Friday-to-Monday/Tuesday weekend market closure.,"Friday 23:57 close -> Monday 01:00 reopen, delta=2943min; matches the dataset-wide weekend closure pattern observed on every trading week.",HIGH,False
gapf_1617608_20250728_2358,2025-07-28 23:58:00,2025-07-29 01:00:00,2025-07-28 23:59:00,2025-07-29 00:59:00,62.0,61,Monday,Tuesday,23:58,01:00,2025,7,VALIDATION,SUSPICIOUS_INTRASESSION,EXPECTED_DAILY_SESSION_BREAK,Recurring nightly broker maintenance/session break.,"2025-07-28 23:58:00 -> 2025-07-29 01:00:00: ~62min nightly pause, standard-time (hour 23->01) variant; this exact close/reopen-hour pair recurs on the vast majority of weeknights across all 6 dataset years, and the hour flips precisely on EU DST transition weekends. External corroboration: OLD_EXPORT_ALSO_MISSING.",HIGH,False
gapf_1618987_20250729_2358,2025-07-29 23:58:00,2025-07-30 01:00:00,2025-07-29 23:59:00,2025-07-30 00:59:00,62.0,61,Tuesday,Wednesday,23:58,01:00,2025,7,VALIDATION,SUSPICIOUS_INTRASESSION,EXPECTED_DAILY_SESSION_BREAK,Recurring nightly broker maintenance/session break.,"2025-07-29 23:58:00 -> 2025-07-30 01:00:00: ~62min nightly pause, standard-time (hour 23->01) variant; this exact close/reopen-hour pair recurs on the vast majority of weeknights across all 6 dataset years, and the hour flips precisely on EU DST transition weekends. External corroboration: OLD_EXPORT_ALSO_MISSING.",HIGH,False
gapf_1620366_20250730_2358,2025-07-30 23:58:00,2025-07-31 01:00:00,2025-07-30 23:59:00,2025-07-31 00:59:00,62.0,61,Wednesday,Thursday,23:58,01:00,2025,7,VALIDATION,SUSPICIOUS_INTRASESSION,EXPECTED_DAILY_SESSION_BREAK,Recurring nightly broker maintenance/session break.,"2025-07-30 23:58:00 -> 2025-07-31 01:00:00: ~62min nightly pause, standard-time (hour 23->01) variant; this exact close/reopen-hour pair recurs on the vast majority of weeknights across all 6 dataset years, and the hour flips precisely on EU DST transition weekends. External corroboration: OLD_EXPORT_ALSO_MISSING.",HIGH,False
gapf_1621745_20250731_2358,2025-07-31 23:58:00,2025-08-01 01:00:00,2025-07-31 23:59:00,2025-08-01 00:59:00,62.0,61,Thursday,Friday,23:58,01:00,2025,7,VALIDATION,SUSPICIOUS_INTRASESSION,EXPECTED_DAILY_SESSION_BREAK,Recurring nightly broker maintenance/session break.,"2025-07-31 23:58:00 -> 2025-08-01 01:00:00: ~62min nightly pause, standard-time (hour 23->01) variant; this exact close/reopen-hour pair recurs on the vast majority of weeknights across all 6 dataset years, and the hour flips precisely on EU DST transition weekends. External corroboration: OLD_EXPORT_ALSO_MISSING.",HIGH,False
gapf_1623123_20250801_2357,2025-08-01 23:57:00,2025-08-04 01:00:00,2025-08-01 23:58:00,2025-08-04 00:59:00,2943.0,2942,Friday,Monday,23:57,01:00,2025,8,VALIDATION,EXPECTED_WEEKEND,EXPECTED_WEEKEND,Recurring Friday-to-Monday/Tuesday weekend market closure.,"Friday 23:57 close -> Monday 01:00 reopen, delta=2943min; matches the dataset-wide weekend closure pattern observed on every trading week.",HIGH,False
gapf_1624502_20250804_2358,2025-08-04 23:58:00,2025-08-05 01:00:00,2025-08-04 23:59:00,2025-08-05 00:59:00,62.0,61,Monday,Tuesday,23:58,01:00,2025,8,VALIDATION,SUSPICIOUS_INTRASESSION,EXPECTED_DAILY_SESSION_BREAK,Recurring nightly broker maintenance/session break.,"2025-08-04 23:58:00 -> 2025-08-05 01:00:00: ~62min nightly pause, standard-time (hour 23->01) variant; this exact close/reopen-hour pair recurs on the vast majority of weeknights across all 6 dataset years, and the hour flips precisely on EU DST transition weekends. External corroboration: OLD_EXPORT_ALSO_MISSING.",HIGH,False
gapf_1625881_20250805_2358,2025-08-05 23:58:00,2025-08-06 01:00:00,2025-08-05 23:59:00,2025-08-06 00:59:00,62.0,61,Tuesday,Wednesday,23:58,01:00,2025,8,VALIDATION,SUSPICIOUS_INTRASESSION,EXPECTED_DAILY_SESSION_BREAK,Recurring nightly broker maintenance/session break.,"2025-08-05 23:58:00 -> 2025-08-06 01:00:00: ~62min nightly pause, standard-time (hour 23->01) variant; this exact close/reopen-hour pair recurs on the vast majority of weeknights across all 6 dataset years, and the hour flips precisely on EU DST transition weekends. External corroboration: OLD_EXPORT_ALSO_MISSING.",HIGH,False
gapf_1627260_20250806_2358,2025-08-06 23:58:00,2025-08-07 01:00:00,2025-08-06 23:59:00,2025-08-07 00:59:00,62.0,61,Wednesday,Thursday,23:58,01:00,2025,8,VALIDATION,SUSPICIOUS_INTRASESSION,EXPECTED_DAILY_SESSION_BREAK,Recurring nightly broker maintenance/session break.,"2025-08-06 23:58:00 -> 2025-08-07 01:00:00: ~62min nightly pause, standard-time (hour 23->01) variant; this exact close/reopen-hour pair recurs on the vast majority of weeknights across all 6 dataset years, and the hour flips precisely on EU DST transition weekends. External corroboration: OLD_EXPORT_ALSO_MISSING.",HIGH,False
gapf_1628639_20250807_2358,2025-08-07 23:58:00,2025-08-08 01:00:00,2025-08-07 23:59:00,2025-08-08 00:59:00,62.0,61,Thursday,Friday,23:58,01:00,2025,8,VALIDATION,SUSPICIOUS_INTRASESSION,EXPECTED_DAILY_SESSION_BREAK,Recurring nightly broker maintenance/session break.,"2025-08-07 23:58:00 -> 2025-08-08 01:00:00: ~62min nightly pause, standard-time (hour 23->01) variant; this exact close/reopen-hour pair recurs on the vast majority of weeknights across all 6 dataset years, and the hour flips precisely on EU DST transition weekends. External corroboration: OLD_EXPORT_ALSO_MISSING.",HIGH,False
gapf_1630017_20250808_2357,2025-08-08 23:57:00,2025-08-11 01:00:00,2025-08-08 23:58:00,2025-08-11 00:59:00,2943.0,2942,Friday,Monday,23:57,01:00,2025,8,VALIDATION,EXPECTED_WEEKEND,EXPECTED_WEEKEND,Recurring Friday-to-Monday/Tuesday weekend market closure.,"Friday 23:57 close -> Monday 01:00 reopen, delta=2943min; matches the dataset-wide weekend closure pattern observed on every trading week.",HIGH,False
gapf_1631396_20250811_2358,2025-08-11 23:58:00,2025-08-12 01:00:00,2025-08-11 23:59:00,2025-08-12 00:59:00,62.0,61,Monday,Tuesday,23:58,01:00,2025,8,VALIDATION,SUSPICIOUS_INTRASESSION,EXPECTED_DAILY_SESSION_BREAK,Recurring nightly broker maintenance/session break.,"2025-08-11 23:58:00 -> 2025-08-12 01:00:00: ~62min nightly pause, standard-time (hour 23->01) variant; this exact close/reopen-hour pair recurs on the vast majority of weeknights across all 6 dataset years, and the hour flips precisely on EU DST transition weekends. External corroboration: OLD_EXPORT_ALSO_MISSING.",HIGH,False
gapf_1632775_20250812_2358,2025-08-12 23:58:00,2025-08-13 01:00:00,2025-08-12 23:59:00,2025-08-13 00:59:00,62.0,61,Tuesday,Wednesday,23:58,01:00,2025,8,VALIDATION,SUSPICIOUS_INTRASESSION,EXPECTED_DAILY_SESSION_BREAK,Recurring nightly broker maintenance/session break.,"2025-08-12 23:58:00 -> 2025-08-13 01:00:00: ~62min nightly pause, standard-time (hour 23->01) variant; this exact close/reopen-hour pair recurs on the vast majority of weeknights across all 6 dataset years, and the hour flips precisely on EU DST transition weekends. External corroboration: OLD_EXPORT_ALSO_MISSING.",HIGH,False
gapf_1634154_20250813_2358,2025-08-13 23:58:00,2025-08-14 01:00:00,2025-08-13 23:59:00,2025-08-14 00:59:00,62.0,61,Wednesday,Thursday,23:58,01:00,2025,8,VALIDATION,SUSPICIOUS_INTRASESSION,EXPECTED_DAILY_SESSION_BREAK,Recurring nightly broker maintenance/session break.,"2025-08-13 23:58:00 -> 2025-08-14 01:00:00: ~62min nightly pause, standard-time (hour 23->01) variant; this exact close/reopen-hour pair recurs on the vast majority of weeknights across all 6 dataset years, and the hour flips precisely on EU DST transition weekends. External corroboration: OLD_EXPORT_ALSO_MISSING.",HIGH,False
gapf_1635533_20250814_2358,2025-08-14 23:58:00,2025-08-15 01:00:00,2025-08-14 23:59:00,2025-08-15 00:59:00,62.0,61,Thursday,Friday,23:58,01:00,2025,8,VALIDATION,SUSPICIOUS_INTRASESSION,EXPECTED_DAILY_SESSION_BREAK,Recurring nightly broker maintenance/session break.,"2025-08-14 23:58:00 -> 2025-08-15 01:00:00: ~62min nightly pause, standard-time (hour 23->01) variant; this exact close/reopen-hour pair recurs on the vast majority of weeknights across all 6 dataset years, and the hour flips precisely on EU DST transition weekends. External corroboration: OLD_EXPORT_ALSO_MISSING.",HIGH,False
gapf_1636911_20250815_2357,2025-08-15 23:57:00,2025-08-18 01:00:00,2025-08-15 23:58:00,2025-08-18 00:59:00,2943.0,2942,Friday,Monday,23:57,01:00,2025,8,VALIDATION,EXPECTED_WEEKEND,EXPECTED_WEEKEND,Recurring Friday-to-Monday/Tuesday weekend market closure.,"Friday 23:57 close -> Monday 01:00 reopen, delta=2943min; matches the dataset-wide weekend closure pattern observed on every trading week.",HIGH,False
gapf_1638290_20250818_2358,2025-08-18 23:58:00,2025-08-19 01:00:00,2025-08-18 23:59:00,2025-08-19 00:59:00,62.0,61,Monday,Tuesday,23:58,01:00,2025,8,VALIDATION,SUSPICIOUS_INTRASESSION,EXPECTED_DAILY_SESSION_BREAK,Recurring nightly broker maintenance/session break.,"2025-08-18 23:58:00 -> 2025-08-19 01:00:00: ~62min nightly pause, standard-time (hour 23->01) variant; this exact close/reopen-hour pair recurs on the vast majority of weeknights across all 6 dataset years, and the hour flips precisely on EU DST transition weekends. External corroboration: OLD_EXPORT_ALSO_MISSING.",HIGH,False
gapf_1639669_20250819_2358,2025-08-19 23:58:00,2025-08-20 01:00:00,2025-08-19 23:59:00,2025-08-20 00:59:00,62.0,61,Tuesday,Wednesday,23:58,01:00,2025,8,VALIDATION,SUSPICIOUS_INTRASESSION,EXPECTED_DAILY_SESSION_BREAK,Recurring nightly broker maintenance/session break.,"2025-08-19 23:58:00 -> 2025-08-20 01:00:00: ~62min nightly pause, standard-time (hour 23->01) variant; this exact close/reopen-hour pair recurs on the vast majority of weeknights across all 6 dataset years, and the hour flips precisely on EU DST transition weekends. External corroboration: OLD_EXPORT_ALSO_MISSING.",HIGH,False
gapf_1641048_20250820_2358,2025-08-20 23:58:00,2025-08-21 01:00:00,2025-08-20 23:59:00,2025-08-21 00:59:00,62.0,61,Wednesday,Thursday,23:58,01:00,2025,8,VALIDATION,SUSPICIOUS_INTRASESSION,EXPECTED_DAILY_SESSION_BREAK,Recurring nightly broker maintenance/session break.,"2025-08-20 23:58:00 -> 2025-08-21 01:00:00: ~62min nightly pause, standard-time (hour 23->01) variant; this exact close/reopen-hour pair recurs on the vast majority of weeknights across all 6 dataset years, and the hour flips precisely on EU DST transition weekends. External corroboration: OLD_EXPORT_ALSO_MISSING.",HIGH,False
gapf_1642427_20250821_2358,2025-08-21 23:58:00,2025-08-22 01:00:00,2025-08-21 23:59:00,2025-08-22 00:59:00,62.0,61,Thursday,Friday,23:58,01:00,2025,8,VALIDATION,SUSPICIOUS_INTRASESSION,EXPECTED_DAILY_SESSION_BREAK,Recurring nightly broker maintenance/session break.,"2025-08-21 23:58:00 -> 2025-08-22 01:00:00: ~62min nightly pause, standard-time (hour 23->01) variant; this exact close/reopen-hour pair recurs on the vast majority of weeknights across all 6 dataset years, and the hour flips precisely on EU DST transition weekends. External corroboration: OLD_EXPORT_ALSO_MISSING.",HIGH,False
gapf_1643805_20250822_2357,2025-08-22 23:57:00,2025-08-25 01:00:00,2025-08-22 23:58:00,2025-08-25 00:59:00,2943.0,2942,Friday,Monday,23:57,01:00,2025,8,VALIDATION,EXPECTED_WEEKEND,EXPECTED_WEEKEND,Recurring Friday-to-Monday/Tuesday weekend market closure.,"Friday 23:57 close -> Monday 01:00 reopen, delta=2943min; matches the dataset-wide weekend closure pattern observed on every trading week.",HIGH,False
gapf_1645184_20250825_2358,2025-08-25 23:58:00,2025-08-26 01:00:00,2025-08-25 23:59:00,2025-08-26 00:59:00,62.0,61,Monday,Tuesday,23:58,01:00,2025,8,VALIDATION,SUSPICIOUS_INTRASESSION,EXPECTED_DAILY_SESSION_BREAK,Recurring nightly broker maintenance/session break.,"2025-08-25 23:58:00 -> 2025-08-26 01:00:00: ~62min nightly pause, standard-time (hour 23->01) variant; this exact close/reopen-hour pair recurs on the vast majority of weeknights across all 6 dataset years, and the hour flips precisely on EU DST transition weekends. External corroboration: OLD_EXPORT_ALSO_MISSING.",HIGH,False
gapf_1646563_20250826_2358,2025-08-26 23:58:00,2025-08-27 01:00:00,2025-08-26 23:59:00,2025-08-27 00:59:00,62.0,61,Tuesday,Wednesday,23:58,01:00,2025,8,VALIDATION,SUSPICIOUS_INTRASESSION,EXPECTED_DAILY_SESSION_BREAK,Recurring nightly broker maintenance/session break.,"2025-08-26 23:58:00 -> 2025-08-27 01:00:00: ~62min nightly pause, standard-time (hour 23->01) variant; this exact close/reopen-hour pair recurs on the vast majority of weeknights across all 6 dataset years, and the hour flips precisely on EU DST transition weekends. External corroboration: OLD_EXPORT_ALSO_MISSING.",HIGH,False
gapf_1647942_20250827_2358,2025-08-27 23:58:00,2025-08-28 01:00:00,2025-08-27 23:59:00,2025-08-28 00:59:00,62.0,61,Wednesday,Thursday,23:58,01:00,2025,8,VALIDATION,SUSPICIOUS_INTRASESSION,EXPECTED_DAILY_SESSION_BREAK,Recurring nightly broker maintenance/session break.,"2025-08-27 23:58:00 -> 2025-08-28 01:00:00: ~62min nightly pause, standard-time (hour 23->01) variant; this exact close/reopen-hour pair recurs on the vast majority of weeknights across all 6 dataset years, and the hour flips precisely on EU DST transition weekends. External corroboration: OLD_EXPORT_ALSO_MISSING.",HIGH,False
gapf_1649321_20250828_2358,2025-08-28 23:58:00,2025-08-29 01:00:00,2025-08-28 23:59:00,2025-08-29 00:59:00,62.0,61,Thursday,Friday,23:58,01:00,2025,8,VALIDATION,SUSPICIOUS_INTRASESSION,EXPECTED_DAILY_SESSION_BREAK,Recurring nightly broker maintenance/session break.,"2025-08-28 23:58:00 -> 2025-08-29 01:00:00: ~62min nightly pause, standard-time (hour 23->01) variant; this exact close/reopen-hour pair recurs on the vast majority of weeknights across all 6 dataset years, and the hour flips precisely on EU DST transition weekends. External corroboration: OLD_EXPORT_ALSO_MISSING.",HIGH,False
gapf_1650699_20250829_2357,2025-08-29 23:57:00,2025-09-01 01:00:00,2025-08-29 23:58:00,2025-09-01 00:59:00,2943.0,2942,Friday,Monday,23:57,01:00,2025,8,VALIDATION,EXPECTED_WEEKEND,EXPECTED_WEEKEND,Recurring Friday-to-Monday/Tuesday weekend market closure.,"Friday 23:57 close -> Monday 01:00 reopen, delta=2943min; matches the dataset-wide weekend closure pattern observed on every trading week.",HIGH,False
gapf_1651925_20250901_2125,2025-09-01 21:25:00,2025-09-02 01:00:00,2025-09-01 21:26:00,2025-09-02 00:59:00,215.0,214,Monday,Tuesday,21:25,01:00,2025,9,VALIDATION,SUSPICIOUS_INTRASESSION,EXPECTED_HOLIDAY_OR_CLOSURE,US federal market holiday early close (LABOR_DAY).,"2025-09-01 21:25:00 matches computed US federal holiday date (LABOR_DAY); early close at 21:25 UTC, reopen 01:00 UTC next day; recurring pattern observed across multiple dataset years. External corroboration: OLD_EXPORT_ALSO_MISSING.",HIGH,False
gapf_1653304_20250902_2358,2025-09-02 23:58:00,2025-09-03 01:00:00,2025-09-02 23:59:00,2025-09-03 00:59:00,62.0,61,Tuesday,Wednesday,23:58,01:00,2025,9,VALIDATION,SUSPICIOUS_INTRASESSION,EXPECTED_DAILY_SESSION_BREAK,Recurring nightly broker maintenance/session break.,"2025-09-02 23:58:00 -> 2025-09-03 01:00:00: ~62min nightly pause, standard-time (hour 23->01) variant; this exact close/reopen-hour pair recurs on the vast majority of weeknights across all 6 dataset years, and the hour flips precisely on EU DST transition weekends. External corroboration: OLD_EXPORT_ALSO_MISSING.",HIGH,False
gapf_1654683_20250903_2358,2025-09-03 23:58:00,2025-09-04 01:00:00,2025-09-03 23:59:00,2025-09-04 00:59:00,62.0,61,Wednesday,Thursday,23:58,01:00,2025,9,VALIDATION,SUSPICIOUS_INTRASESSION,EXPECTED_DAILY_SESSION_BREAK,Recurring nightly broker maintenance/session break.,"2025-09-03 23:58:00 -> 2025-09-04 01:00:00: ~62min nightly pause, standard-time (hour 23->01) variant; this exact close/reopen-hour pair recurs on the vast majority of weeknights across all 6 dataset years, and the hour flips precisely on EU DST transition weekends. External corroboration: OLD_EXPORT_ALSO_MISSING.",HIGH,False
gapf_1656062_20250904_2358,2025-09-04 23:58:00,2025-09-05 01:00:00,2025-09-04 23:59:00,2025-09-05 00:59:00,62.0,61,Thursday,Friday,23:58,01:00,2025,9,VALIDATION,SUSPICIOUS_INTRASESSION,EXPECTED_DAILY_SESSION_BREAK,Recurring nightly broker maintenance/session break.,"2025-09-04 23:58:00 -> 2025-09-05 01:00:00: ~62min nightly pause, standard-time (hour 23->01) variant; this exact close/reopen-hour pair recurs on the vast majority of weeknights across all 6 dataset years, and the hour flips precisely on EU DST transition weekends. External corroboration: OLD_EXPORT_ALSO_MISSING.",HIGH,False
gapf_1657440_20250905_2357,2025-09-05 23:57:00,2025-09-08 01:00:00,2025-09-05 23:58:00,2025-09-08 00:59:00,2943.0,2942,Friday,Monday,23:57,01:00,2025,9,VALIDATION,EXPECTED_WEEKEND,EXPECTED_WEEKEND,Recurring Friday-to-Monday/Tuesday weekend market closure.,"Friday 23:57 close -> Monday 01:00 reopen, delta=2943min; matches the dataset-wide weekend closure pattern observed on every trading week.",HIGH,False
gapf_1658819_20250908_2358,2025-09-08 23:58:00,2025-09-09 01:00:00,2025-09-08 23:59:00,2025-09-09 00:59:00,62.0,61,Monday,Tuesday,23:58,01:00,2025,9,VALIDATION,SUSPICIOUS_INTRASESSION,EXPECTED_DAILY_SESSION_BREAK,Recurring nightly broker maintenance/session break.,"2025-09-08 23:58:00 -> 2025-09-09 01:00:00: ~62min nightly pause, standard-time (hour 23->01) variant; this exact close/reopen-hour pair recurs on the vast majority of weeknights across all 6 dataset years, and the hour flips precisely on EU DST transition weekends. External corroboration: OLD_EXPORT_ALSO_MISSING.",HIGH,False
gapf_1660198_20250909_2358,2025-09-09 23:58:00,2025-09-10 01:00:00,2025-09-09 23:59:00,2025-09-10 00:59:00,62.0,61,Tuesday,Wednesday,23:58,01:00,2025,9,VALIDATION,SUSPICIOUS_INTRASESSION,EXPECTED_DAILY_SESSION_BREAK,Recurring nightly broker maintenance/session break.,"2025-09-09 23:58:00 -> 2025-09-10 01:00:00: ~62min nightly pause, standard-time (hour 23->01) variant; this exact close/reopen-hour pair recurs on the vast majority of weeknights across all 6 dataset years, and the hour flips precisely on EU DST transition weekends. External corroboration: OLD_EXPORT_ALSO_MISSING.",HIGH,False
gapf_1661577_20250910_2358,2025-09-10 23:58:00,2025-09-11 01:00:00,2025-09-10 23:59:00,2025-09-11 00:59:00,62.0,61,Wednesday,Thursday,23:58,01:00,2025,9,VALIDATION,SUSPICIOUS_INTRASESSION,EXPECTED_DAILY_SESSION_BREAK,Recurring nightly broker maintenance/session break.,"2025-09-10 23:58:00 -> 2025-09-11 01:00:00: ~62min nightly pause, standard-time (hour 23->01) variant; this exact close/reopen-hour pair recurs on the vast majority of weeknights across all 6 dataset years, and the hour flips precisely on EU DST transition weekends. External corroboration: OLD_EXPORT_ALSO_MISSING.",HIGH,False
gapf_1662956_20250911_2358,2025-09-11 23:58:00,2025-09-12 01:00:00,2025-09-11 23:59:00,2025-09-12 00:59:00,62.0,61,Thursday,Friday,23:58,01:00,2025,9,VALIDATION,SUSPICIOUS_INTRASESSION,EXPECTED_DAILY_SESSION_BREAK,Recurring nightly broker maintenance/session break.,"2025-09-11 23:58:00 -> 2025-09-12 01:00:00: ~62min nightly pause, standard-time (hour 23->01) variant; this exact close/reopen-hour pair recurs on the vast majority of weeknights across all 6 dataset years, and the hour flips precisely on EU DST transition weekends. External corroboration: OLD_EXPORT_ALSO_MISSING.",HIGH,False
gapf_1664334_20250912_2357,2025-09-12 23:57:00,2025-09-15 01:00:00,2025-09-12 23:58:00,2025-09-15 00:59:00,2943.0,2942,Friday,Monday,23:57,01:00,2025,9,VALIDATION,EXPECTED_WEEKEND,EXPECTED_WEEKEND,Recurring Friday-to-Monday/Tuesday weekend market closure.,"Friday 23:57 close -> Monday 01:00 reopen, delta=2943min; matches the dataset-wide weekend closure pattern observed on every trading week.",HIGH,False
gapf_1665713_20250915_2358,2025-09-15 23:58:00,2025-09-16 01:00:00,2025-09-15 23:59:00,2025-09-16 00:59:00,62.0,61,Monday,Tuesday,23:58,01:00,2025,9,VALIDATION,SUSPICIOUS_INTRASESSION,EXPECTED_DAILY_SESSION_BREAK,Recurring nightly broker maintenance/session break.,"2025-09-15 23:58:00 -> 2025-09-16 01:00:00: ~62min nightly pause, standard-time (hour 23->01) variant; this exact close/reopen-hour pair recurs on the vast majority of weeknights across all 6 dataset years, and the hour flips precisely on EU DST transition weekends. External corroboration: OLD_EXPORT_ALSO_MISSING.",HIGH,False
gapf_1667092_20250916_2358,2025-09-16 23:58:00,2025-09-17 01:00:00,2025-09-16 23:59:00,2025-09-17 00:59:00,62.0,61,Tuesday,Wednesday,23:58,01:00,2025,9,VALIDATION,SUSPICIOUS_INTRASESSION,EXPECTED_DAILY_SESSION_BREAK,Recurring nightly broker maintenance/session break.,"2025-09-16 23:58:00 -> 2025-09-17 01:00:00: ~62min nightly pause, standard-time (hour 23->01) variant; this exact close/reopen-hour pair recurs on the vast majority of weeknights across all 6 dataset years, and the hour flips precisely on EU DST transition weekends. External corroboration: OLD_EXPORT_ALSO_MISSING.",HIGH,False
gapf_1668471_20250917_2358,2025-09-17 23:58:00,2025-09-18 01:00:00,2025-09-17 23:59:00,2025-09-18 00:59:00,62.0,61,Wednesday,Thursday,23:58,01:00,2025,9,VALIDATION,SUSPICIOUS_INTRASESSION,EXPECTED_DAILY_SESSION_BREAK,Recurring nightly broker maintenance/session break.,"2025-09-17 23:58:00 -> 2025-09-18 01:00:00: ~62min nightly pause, standard-time (hour 23->01) variant; this exact close/reopen-hour pair recurs on the vast majority of weeknights across all 6 dataset years, and the hour flips precisely on EU DST transition weekends. External corroboration: OLD_EXPORT_ALSO_MISSING.",HIGH,False
gapf_1669850_20250918_2358,2025-09-18 23:58:00,2025-09-19 01:00:00,2025-09-18 23:59:00,2025-09-19 00:59:00,62.0,61,Thursday,Friday,23:58,01:00,2025,9,VALIDATION,SUSPICIOUS_INTRASESSION,EXPECTED_DAILY_SESSION_BREAK,Recurring nightly broker maintenance/session break.,"2025-09-18 23:58:00 -> 2025-09-19 01:00:00: ~62min nightly pause, standard-time (hour 23->01) variant; this exact close/reopen-hour pair recurs on the vast majority of weeknights across all 6 dataset years, and the hour flips precisely on EU DST transition weekends. External corroboration: OLD_EXPORT_ALSO_MISSING.",HIGH,False
gapf_1671228_20250919_2357,2025-09-19 23:57:00,2025-09-22 01:00:00,2025-09-19 23:58:00,2025-09-22 00:59:00,2943.0,2942,Friday,Monday,23:57,01:00,2025,9,VALIDATION,EXPECTED_WEEKEND,EXPECTED_WEEKEND,Recurring Friday-to-Monday/Tuesday weekend market closure.,"Friday 23:57 close -> Monday 01:00 reopen, delta=2943min; matches the dataset-wide weekend closure pattern observed on every trading week.",HIGH,False
gapf_1672607_20250922_2358,2025-09-22 23:58:00,2025-09-23 01:00:00,2025-09-22 23:59:00,2025-09-23 00:59:00,62.0,61,Monday,Tuesday,23:58,01:00,2025,9,VALIDATION,SUSPICIOUS_INTRASESSION,EXPECTED_DAILY_SESSION_BREAK,Recurring nightly broker maintenance/session break.,"2025-09-22 23:58:00 -> 2025-09-23 01:00:00: ~62min nightly pause, standard-time (hour 23->01) variant; this exact close/reopen-hour pair recurs on the vast majority of weeknights across all 6 dataset years, and the hour flips precisely on EU DST transition weekends. External corroboration: OLD_EXPORT_ALSO_MISSING.",HIGH,False
gapf_1673986_20250923_2358,2025-09-23 23:58:00,2025-09-24 01:00:00,2025-09-23 23:59:00,2025-09-24 00:59:00,62.0,61,Tuesday,Wednesday,23:58,01:00,2025,9,VALIDATION,SUSPICIOUS_INTRASESSION,EXPECTED_DAILY_SESSION_BREAK,Recurring nightly broker maintenance/session break.,"2025-09-23 23:58:00 -> 2025-09-24 01:00:00: ~62min nightly pause, standard-time (hour 23->01) variant; this exact close/reopen-hour pair recurs on the vast majority of weeknights across all 6 dataset years, and the hour flips precisely on EU DST transition weekends. External corroboration: OLD_EXPORT_ALSO_MISSING.",HIGH,False
gapf_1675365_20250924_2358,2025-09-24 23:58:00,2025-09-25 01:00:00,2025-09-24 23:59:00,2025-09-25 00:59:00,62.0,61,Wednesday,Thursday,23:58,01:00,2025,9,VALIDATION,SUSPICIOUS_INTRASESSION,EXPECTED_DAILY_SESSION_BREAK,Recurring nightly broker maintenance/session break.,"2025-09-24 23:58:00 -> 2025-09-25 01:00:00: ~62min nightly pause, standard-time (hour 23->01) variant; this exact close/reopen-hour pair recurs on the vast majority of weeknights across all 6 dataset years, and the hour flips precisely on EU DST transition weekends. External corroboration: OLD_EXPORT_ALSO_MISSING.",HIGH,False
gapf_1676744_20250925_2358,2025-09-25 23:58:00,2025-09-26 01:00:00,2025-09-25 23:59:00,2025-09-26 00:59:00,62.0,61,Thursday,Friday,23:58,01:00,2025,9,VALIDATION,SUSPICIOUS_INTRASESSION,EXPECTED_DAILY_SESSION_BREAK,Recurring nightly broker maintenance/session break.,"2025-09-25 23:58:00 -> 2025-09-26 01:00:00: ~62min nightly pause, standard-time (hour 23->01) variant; this exact close/reopen-hour pair recurs on the vast majority of weeknights across all 6 dataset years, and the hour flips precisely on EU DST transition weekends. External corroboration: OLD_EXPORT_ALSO_MISSING.",HIGH,False
gapf_1678122_20250926_2357,2025-09-26 23:57:00,2025-09-29 01:00:00,2025-09-26 23:58:00,2025-09-29 00:59:00,2943.0,2942,Friday,Monday,23:57,01:00,2025,9,VALIDATION,EXPECTED_WEEKEND,EXPECTED_WEEKEND,Recurring Friday-to-Monday/Tuesday weekend market closure.,"Friday 23:57 close -> Monday 01:00 reopen, delta=2943min; matches the dataset-wide weekend closure pattern observed on every trading week.",HIGH,False
gapf_1679501_20250929_2358,2025-09-29 23:58:00,2025-09-30 01:00:00,2025-09-29 23:59:00,2025-09-30 00:59:00,62.0,61,Monday,Tuesday,23:58,01:00,2025,9,VALIDATION,SUSPICIOUS_INTRASESSION,EXPECTED_DAILY_SESSION_BREAK,Recurring nightly broker maintenance/session break.,"2025-09-29 23:58:00 -> 2025-09-30 01:00:00: ~62min nightly pause, standard-time (hour 23->01) variant; this exact close/reopen-hour pair recurs on the vast majority of weeknights across all 6 dataset years, and the hour flips precisely on EU DST transition weekends. External corroboration: OLD_EXPORT_ALSO_MISSING.",HIGH,False
gapf_1680880_20250930_2358,2025-09-30 23:58:00,2025-10-01 01:00:00,2025-09-30 23:59:00,2025-10-01 00:59:00,62.0,61,Tuesday,Wednesday,23:58,01:00,2025,9,VALIDATION,SUSPICIOUS_INTRASESSION,EXPECTED_DAILY_SESSION_BREAK,Recurring nightly broker maintenance/session break.,"2025-09-30 23:58:00 -> 2025-10-01 01:00:00: ~62min nightly pause, standard-time (hour 23->01) variant; this exact close/reopen-hour pair recurs on the vast majority of weeknights across all 6 dataset years, and the hour flips precisely on EU DST transition weekends. External corroboration: OLD_EXPORT_ALSO_MISSING.",HIGH,False
gapf_1682259_20251001_2358,2025-10-01 23:58:00,2025-10-02 01:00:00,2025-10-01 23:59:00,2025-10-02 00:59:00,62.0,61,Wednesday,Thursday,23:58,01:00,2025,10,VALIDATION,SUSPICIOUS_INTRASESSION,EXPECTED_DAILY_SESSION_BREAK,Recurring nightly broker maintenance/session break.,"2025-10-01 23:58:00 -> 2025-10-02 01:00:00: ~62min nightly pause, standard-time (hour 23->01) variant; this exact close/reopen-hour pair recurs on the vast majority of weeknights across all 6 dataset years, and the hour flips precisely on EU DST transition weekends. External corroboration: OLD_EXPORT_ALSO_MISSING.",HIGH,False
gapf_1683638_20251002_2358,2025-10-02 23:58:00,2025-10-03 01:00:00,2025-10-02 23:59:00,2025-10-03 00:59:00,62.0,61,Thursday,Friday,23:58,01:00,2025,10,VALIDATION,SUSPICIOUS_INTRASESSION,EXPECTED_DAILY_SESSION_BREAK,Recurring nightly broker maintenance/session break.,"2025-10-02 23:58:00 -> 2025-10-03 01:00:00: ~62min nightly pause, standard-time (hour 23->01) variant; this exact close/reopen-hour pair recurs on the vast majority of weeknights across all 6 dataset years, and the hour flips precisely on EU DST transition weekends. External corroboration: OLD_EXPORT_ALSO_MISSING.",HIGH,False
gapf_1685016_20251003_2357,2025-10-03 23:57:00,2025-10-06 01:00:00,2025-10-03 23:58:00,2025-10-06 00:59:00,2943.0,2942,Friday,Monday,23:57,01:00,2025,10,VALIDATION,EXPECTED_WEEKEND,EXPECTED_WEEKEND,Recurring Friday-to-Monday/Tuesday weekend market closure.,"Friday 23:57 close -> Monday 01:00 reopen, delta=2943min; matches the dataset-wide weekend closure pattern observed on every trading week.",HIGH,False
gapf_1686395_20251006_2358,2025-10-06 23:58:00,2025-10-07 01:00:00,2025-10-06 23:59:00,2025-10-07 00:59:00,62.0,61,Monday,Tuesday,23:58,01:00,2025,10,VALIDATION,SUSPICIOUS_INTRASESSION,EXPECTED_DAILY_SESSION_BREAK,Recurring nightly broker maintenance/session break.,"2025-10-06 23:58:00 -> 2025-10-07 01:00:00: ~62min nightly pause, standard-time (hour 23->01) variant; this exact close/reopen-hour pair recurs on the vast majority of weeknights across all 6 dataset years, and the hour flips precisely on EU DST transition weekends. External corroboration: OLD_EXPORT_ALSO_MISSING.",HIGH,False
gapf_1687774_20251007_2358,2025-10-07 23:58:00,2025-10-08 01:00:00,2025-10-07 23:59:00,2025-10-08 00:59:00,62.0,61,Tuesday,Wednesday,23:58,01:00,2025,10,VALIDATION,SUSPICIOUS_INTRASESSION,EXPECTED_DAILY_SESSION_BREAK,Recurring nightly broker maintenance/session break.,"2025-10-07 23:58:00 -> 2025-10-08 01:00:00: ~62min nightly pause, standard-time (hour 23->01) variant; this exact close/reopen-hour pair recurs on the vast majority of weeknights across all 6 dataset years, and the hour flips precisely on EU DST transition weekends. External corroboration: OLD_EXPORT_ALSO_MISSING.",HIGH,False
gapf_1689153_20251008_2358,2025-10-08 23:58:00,2025-10-09 01:00:00,2025-10-08 23:59:00,2025-10-09 00:59:00,62.0,61,Wednesday,Thursday,23:58,01:00,2025,10,VALIDATION,SUSPICIOUS_INTRASESSION,EXPECTED_DAILY_SESSION_BREAK,Recurring nightly broker maintenance/session break.,"2025-10-08 23:58:00 -> 2025-10-09 01:00:00: ~62min nightly pause, standard-time (hour 23->01) variant; this exact close/reopen-hour pair recurs on the vast majority of weeknights across all 6 dataset years, and the hour flips precisely on EU DST transition weekends. External corroboration: OLD_EXPORT_ALSO_MISSING.",HIGH,False
gapf_1690532_20251009_2358,2025-10-09 23:58:00,2025-10-10 01:00:00,2025-10-09 23:59:00,2025-10-10 00:59:00,62.0,61,Thursday,Friday,23:58,01:00,2025,10,VALIDATION,SUSPICIOUS_INTRASESSION,EXPECTED_DAILY_SESSION_BREAK,Recurring nightly broker maintenance/session break.,"2025-10-09 23:58:00 -> 2025-10-10 01:00:00: ~62min nightly pause, standard-time (hour 23->01) variant; this exact close/reopen-hour pair recurs on the vast majority of weeknights across all 6 dataset years, and the hour flips precisely on EU DST transition weekends. External corroboration: OLD_EXPORT_ALSO_MISSING.",HIGH,False
gapf_1691910_20251010_2357,2025-10-10 23:57:00,2025-10-13 01:00:00,2025-10-10 23:58:00,2025-10-13 00:59:00,2943.0,2942,Friday,Monday,23:57,01:00,2025,10,VALIDATION,EXPECTED_WEEKEND,EXPECTED_WEEKEND,Recurring Friday-to-Monday/Tuesday weekend market closure.,"Friday 23:57 close -> Monday 01:00 reopen, delta=2943min; matches the dataset-wide weekend closure pattern observed on every trading week.",HIGH,False
gapf_1693289_20251013_2358,2025-10-13 23:58:00,2025-10-14 01:00:00,2025-10-13 23:59:00,2025-10-14 00:59:00,62.0,61,Monday,Tuesday,23:58,01:00,2025,10,VALIDATION,SUSPICIOUS_INTRASESSION,EXPECTED_DAILY_SESSION_BREAK,Recurring nightly broker maintenance/session break.,"2025-10-13 23:58:00 -> 2025-10-14 01:00:00: ~62min nightly pause, standard-time (hour 23->01) variant; this exact close/reopen-hour pair recurs on the vast majority of weeknights across all 6 dataset years, and the hour flips precisely on EU DST transition weekends. External corroboration: OLD_EXPORT_ALSO_MISSING.",HIGH,False
gapf_1694668_20251014_2358,2025-10-14 23:58:00,2025-10-15 01:00:00,2025-10-14 23:59:00,2025-10-15 00:59:00,62.0,61,Tuesday,Wednesday,23:58,01:00,2025,10,VALIDATION,SUSPICIOUS_INTRASESSION,EXPECTED_DAILY_SESSION_BREAK,Recurring nightly broker maintenance/session break.,"2025-10-14 23:58:00 -> 2025-10-15 01:00:00: ~62min nightly pause, standard-time (hour 23->01) variant; this exact close/reopen-hour pair recurs on the vast majority of weeknights across all 6 dataset years, and the hour flips precisely on EU DST transition weekends. External corroboration: OLD_EXPORT_ALSO_MISSING.",HIGH,False
gapf_1696047_20251015_2358,2025-10-15 23:58:00,2025-10-16 01:00:00,2025-10-15 23:59:00,2025-10-16 00:59:00,62.0,61,Wednesday,Thursday,23:58,01:00,2025,10,VALIDATION,SUSPICIOUS_INTRASESSION,EXPECTED_DAILY_SESSION_BREAK,Recurring nightly broker maintenance/session break.,"2025-10-15 23:58:00 -> 2025-10-16 01:00:00: ~62min nightly pause, standard-time (hour 23->01) variant; this exact close/reopen-hour pair recurs on the vast majority of weeknights across all 6 dataset years, and the hour flips precisely on EU DST transition weekends. External corroboration: OLD_EXPORT_ALSO_MISSING.",HIGH,False
gapf_1697426_20251016_2358,2025-10-16 23:58:00,2025-10-17 01:00:00,2025-10-16 23:59:00,2025-10-17 00:59:00,62.0,61,Thursday,Friday,23:58,01:00,2025,10,VALIDATION,SUSPICIOUS_INTRASESSION,EXPECTED_DAILY_SESSION_BREAK,Recurring nightly broker maintenance/session break.,"2025-10-16 23:58:00 -> 2025-10-17 01:00:00: ~62min nightly pause, standard-time (hour 23->01) variant; this exact close/reopen-hour pair recurs on the vast majority of weeknights across all 6 dataset years, and the hour flips precisely on EU DST transition weekends. External corroboration: OLD_EXPORT_ALSO_MISSING.",HIGH,False
gapf_1698804_20251017_2357,2025-10-17 23:57:00,2025-10-20 01:00:00,2025-10-17 23:58:00,2025-10-20 00:59:00,2943.0,2942,Friday,Monday,23:57,01:00,2025,10,VALIDATION,EXPECTED_WEEKEND,EXPECTED_WEEKEND,Recurring Friday-to-Monday/Tuesday weekend market closure.,"Friday 23:57 close -> Monday 01:00 reopen, delta=2943min; matches the dataset-wide weekend closure pattern observed on every trading week.",HIGH,False
gapf_1700183_20251020_2358,2025-10-20 23:58:00,2025-10-21 01:00:00,2025-10-20 23:59:00,2025-10-21 00:59:00,62.0,61,Monday,Tuesday,23:58,01:00,2025,10,VALIDATION,SUSPICIOUS_INTRASESSION,EXPECTED_DAILY_SESSION_BREAK,Recurring nightly broker maintenance/session break.,"2025-10-20 23:58:00 -> 2025-10-21 01:00:00: ~62min nightly pause, standard-time (hour 23->01) variant; this exact close/reopen-hour pair recurs on the vast majority of weeknights across all 6 dataset years, and the hour flips precisely on EU DST transition weekends. External corroboration: OLD_EXPORT_ALSO_MISSING.",HIGH,False
gapf_1701562_20251021_2358,2025-10-21 23:58:00,2025-10-22 01:00:00,2025-10-21 23:59:00,2025-10-22 00:59:00,62.0,61,Tuesday,Wednesday,23:58,01:00,2025,10,VALIDATION,SUSPICIOUS_INTRASESSION,EXPECTED_DAILY_SESSION_BREAK,Recurring nightly broker maintenance/session break.,"2025-10-21 23:58:00 -> 2025-10-22 01:00:00: ~62min nightly pause, standard-time (hour 23->01) variant; this exact close/reopen-hour pair recurs on the vast majority of weeknights across all 6 dataset years, and the hour flips precisely on EU DST transition weekends. External corroboration: OLD_EXPORT_ALSO_MISSING.",HIGH,False
gapf_1702941_20251022_2358,2025-10-22 23:58:00,2025-10-23 01:00:00,2025-10-22 23:59:00,2025-10-23 00:59:00,62.0,61,Wednesday,Thursday,23:58,01:00,2025,10,VALIDATION,SUSPICIOUS_INTRASESSION,EXPECTED_DAILY_SESSION_BREAK,Recurring nightly broker maintenance/session break.,"2025-10-22 23:58:00 -> 2025-10-23 01:00:00: ~62min nightly pause, standard-time (hour 23->01) variant; this exact close/reopen-hour pair recurs on the vast majority of weeknights across all 6 dataset years, and the hour flips precisely on EU DST transition weekends. External corroboration: OLD_EXPORT_ALSO_MISSING.",HIGH,False
gapf_1704320_20251023_2358,2025-10-23 23:58:00,2025-10-24 01:00:00,2025-10-23 23:59:00,2025-10-24 00:59:00,62.0,61,Thursday,Friday,23:58,01:00,2025,10,VALIDATION,SUSPICIOUS_INTRASESSION,EXPECTED_DAILY_SESSION_BREAK,Recurring nightly broker maintenance/session break.,"2025-10-23 23:58:00 -> 2025-10-24 01:00:00: ~62min nightly pause, standard-time (hour 23->01) variant; this exact close/reopen-hour pair recurs on the vast majority of weeknights across all 6 dataset years, and the hour flips precisely on EU DST transition weekends. External corroboration: OLD_EXPORT_ALSO_MISSING.",HIGH,False
gapf_1705698_20251024_2357,2025-10-24 23:57:00,2025-10-27 00:00:00,2025-10-24 23:58:00,2025-10-26 23:59:00,2883.0,2882,Friday,Monday,23:57,00:00,2025,10,VALIDATION,EXPECTED_WEEKEND,EXPECTED_WEEKEND,Recurring Friday-to-Monday/Tuesday weekend market closure.,"Friday 23:57 close -> Monday 00:00 reopen, delta=2883min; matches the dataset-wide weekend closure pattern observed on every trading week.",HIGH,False
gapf_1707077_20251027_2258,2025-10-27 22:58:00,2025-10-28 00:00:00,2025-10-27 22:59:00,2025-10-27 23:59:00,62.0,61,Monday,Tuesday,22:58,00:00,2025,10,VALIDATION,EXPECTED_DAILY_SESSION_BREAK,EXPECTED_DAILY_SESSION_BREAK,Recurring nightly broker maintenance/session break.,"2025-10-27 22:58:00 -> 2025-10-28 00:00:00: ~62min nightly pause, EU-DST-shifted (hour 22->00) variant; this exact close/reopen-hour pair recurs on the vast majority of weeknights across all 6 dataset years, and the hour flips precisely on EU DST transition weekends. External corroboration: OLD_EXPORT_ALSO_MISSING.",HIGH,False
gapf_1708456_20251028_2258,2025-10-28 22:58:00,2025-10-29 00:00:00,2025-10-28 22:59:00,2025-10-28 23:59:00,62.0,61,Tuesday,Wednesday,22:58,00:00,2025,10,VALIDATION,EXPECTED_DAILY_SESSION_BREAK,EXPECTED_DAILY_SESSION_BREAK,Recurring nightly broker maintenance/session break.,"2025-10-28 22:58:00 -> 2025-10-29 00:00:00: ~62min nightly pause, EU-DST-shifted (hour 22->00) variant; this exact close/reopen-hour pair recurs on the vast majority of weeknights across all 6 dataset years, and the hour flips precisely on EU DST transition weekends. External corroboration: OLD_EXPORT_ALSO_MISSING.",HIGH,False
gapf_1709835_20251029_2258,2025-10-29 22:58:00,2025-10-30 00:00:00,2025-10-29 22:59:00,2025-10-29 23:59:00,62.0,61,Wednesday,Thursday,22:58,00:00,2025,10,VALIDATION,EXPECTED_DAILY_SESSION_BREAK,EXPECTED_DAILY_SESSION_BREAK,Recurring nightly broker maintenance/session break.,"2025-10-29 22:58:00 -> 2025-10-30 00:00:00: ~62min nightly pause, EU-DST-shifted (hour 22->00) variant; this exact close/reopen-hour pair recurs on the vast majority of weeknights across all 6 dataset years, and the hour flips precisely on EU DST transition weekends. External corroboration: OLD_EXPORT_ALSO_MISSING.",HIGH,False
gapf_1711214_20251030_2258,2025-10-30 22:58:00,2025-10-31 00:00:00,2025-10-30 22:59:00,2025-10-30 23:59:00,62.0,61,Thursday,Friday,22:58,00:00,2025,10,VALIDATION,EXPECTED_DAILY_SESSION_BREAK,EXPECTED_DAILY_SESSION_BREAK,Recurring nightly broker maintenance/session break.,"2025-10-30 22:58:00 -> 2025-10-31 00:00:00: ~62min nightly pause, EU-DST-shifted (hour 22->00) variant; this exact close/reopen-hour pair recurs on the vast majority of weeknights across all 6 dataset years, and the hour flips precisely on EU DST transition weekends. External corroboration: OLD_EXPORT_ALSO_MISSING.",HIGH,False
gapf_1712592_20251031_2257,2025-10-31 22:57:00,2025-11-03 01:00:00,2025-10-31 22:58:00,2025-11-03 00:59:00,3003.0,3002,Friday,Monday,22:57,01:00,2025,10,VALIDATION,EXPECTED_WEEKEND,EXPECTED_WEEKEND,Recurring Friday-to-Monday/Tuesday weekend market closure.,"Friday 22:57 close -> Monday 01:00 reopen, delta=3003min; matches the dataset-wide weekend closure pattern observed on every trading week.",HIGH,False
gapf_1713971_20251103_2358,2025-11-03 23:58:00,2025-11-04 01:00:00,2025-11-03 23:59:00,2025-11-04 00:59:00,62.0,61,Monday,Tuesday,23:58,01:00,2025,11,FINAL_TEST,SUSPICIOUS_INTRASESSION,EXPECTED_DAILY_SESSION_BREAK,Recurring nightly broker maintenance/session break.,"2025-11-03 23:58:00 -> 2025-11-04 01:00:00: ~62min nightly pause, standard-time (hour 23->01) variant; this exact close/reopen-hour pair recurs on the vast majority of weeknights across all 6 dataset years, and the hour flips precisely on EU DST transition weekends. External corroboration: OLD_EXPORT_ALSO_MISSING.",HIGH,False
gapf_1715350_20251104_2358,2025-11-04 23:58:00,2025-11-05 01:00:00,2025-11-04 23:59:00,2025-11-05 00:59:00,62.0,61,Tuesday,Wednesday,23:58,01:00,2025,11,FINAL_TEST,SUSPICIOUS_INTRASESSION,EXPECTED_DAILY_SESSION_BREAK,Recurring nightly broker maintenance/session break.,"2025-11-04 23:58:00 -> 2025-11-05 01:00:00: ~62min nightly pause, standard-time (hour 23->01) variant; this exact close/reopen-hour pair recurs on the vast majority of weeknights across all 6 dataset years, and the hour flips precisely on EU DST transition weekends. External corroboration: OLD_EXPORT_ALSO_MISSING.",HIGH,False
gapf_1716729_20251105_2358,2025-11-05 23:58:00,2025-11-06 01:00:00,2025-11-05 23:59:00,2025-11-06 00:59:00,62.0,61,Wednesday,Thursday,23:58,01:00,2025,11,FINAL_TEST,SUSPICIOUS_INTRASESSION,EXPECTED_DAILY_SESSION_BREAK,Recurring nightly broker maintenance/session break.,"2025-11-05 23:58:00 -> 2025-11-06 01:00:00: ~62min nightly pause, standard-time (hour 23->01) variant; this exact close/reopen-hour pair recurs on the vast majority of weeknights across all 6 dataset years, and the hour flips precisely on EU DST transition weekends. External corroboration: OLD_EXPORT_ALSO_MISSING.",HIGH,False
gapf_1718108_20251106_2358,2025-11-06 23:58:00,2025-11-07 01:00:00,2025-11-06 23:59:00,2025-11-07 00:59:00,62.0,61,Thursday,Friday,23:58,01:00,2025,11,FINAL_TEST,SUSPICIOUS_INTRASESSION,EXPECTED_DAILY_SESSION_BREAK,Recurring nightly broker maintenance/session break.,"2025-11-06 23:58:00 -> 2025-11-07 01:00:00: ~62min nightly pause, standard-time (hour 23->01) variant; this exact close/reopen-hour pair recurs on the vast majority of weeknights across all 6 dataset years, and the hour flips precisely on EU DST transition weekends. External corroboration: OLD_EXPORT_ALSO_MISSING.",HIGH,False
gapf_1719486_20251107_2357,2025-11-07 23:57:00,2025-11-10 01:00:00,2025-11-07 23:58:00,2025-11-10 00:59:00,2943.0,2942,Friday,Monday,23:57,01:00,2025,11,FINAL_TEST,EXPECTED_WEEKEND,EXPECTED_WEEKEND,Recurring Friday-to-Monday/Tuesday weekend market closure.,"Friday 23:57 close -> Monday 01:00 reopen, delta=2943min; matches the dataset-wide weekend closure pattern observed on every trading week.",HIGH,False
gapf_1720865_20251110_2358,2025-11-10 23:58:00,2025-11-11 01:00:00,2025-11-10 23:59:00,2025-11-11 00:59:00,62.0,61,Monday,Tuesday,23:58,01:00,2025,11,FINAL_TEST,SUSPICIOUS_INTRASESSION,EXPECTED_DAILY_SESSION_BREAK,Recurring nightly broker maintenance/session break.,"2025-11-10 23:58:00 -> 2025-11-11 01:00:00: ~62min nightly pause, standard-time (hour 23->01) variant; this exact close/reopen-hour pair recurs on the vast majority of weeknights across all 6 dataset years, and the hour flips precisely on EU DST transition weekends. External corroboration: OLD_EXPORT_ALSO_MISSING.",HIGH,False
gapf_1722244_20251111_2358,2025-11-11 23:58:00,2025-11-12 01:00:00,2025-11-11 23:59:00,2025-11-12 00:59:00,62.0,61,Tuesday,Wednesday,23:58,01:00,2025,11,FINAL_TEST,SUSPICIOUS_INTRASESSION,EXPECTED_DAILY_SESSION_BREAK,Recurring nightly broker maintenance/session break.,"2025-11-11 23:58:00 -> 2025-11-12 01:00:00: ~62min nightly pause, standard-time (hour 23->01) variant; this exact close/reopen-hour pair recurs on the vast majority of weeknights across all 6 dataset years, and the hour flips precisely on EU DST transition weekends. External corroboration: OLD_EXPORT_ALSO_MISSING.",HIGH,False
gapf_1723623_20251112_2358,2025-11-12 23:58:00,2025-11-13 01:00:00,2025-11-12 23:59:00,2025-11-13 00:59:00,62.0,61,Wednesday,Thursday,23:58,01:00,2025,11,FINAL_TEST,SUSPICIOUS_INTRASESSION,EXPECTED_DAILY_SESSION_BREAK,Recurring nightly broker maintenance/session break.,"2025-11-12 23:58:00 -> 2025-11-13 01:00:00: ~62min nightly pause, standard-time (hour 23->01) variant; this exact close/reopen-hour pair recurs on the vast majority of weeknights across all 6 dataset years, and the hour flips precisely on EU DST transition weekends. External corroboration: OLD_EXPORT_ALSO_MISSING.",HIGH,False
gapf_1725002_20251113_2358,2025-11-13 23:58:00,2025-11-14 01:00:00,2025-11-13 23:59:00,2025-11-14 00:59:00,62.0,61,Thursday,Friday,23:58,01:00,2025,11,FINAL_TEST,SUSPICIOUS_INTRASESSION,EXPECTED_DAILY_SESSION_BREAK,Recurring nightly broker maintenance/session break.,"2025-11-13 23:58:00 -> 2025-11-14 01:00:00: ~62min nightly pause, standard-time (hour 23->01) variant; this exact close/reopen-hour pair recurs on the vast majority of weeknights across all 6 dataset years, and the hour flips precisely on EU DST transition weekends. External corroboration: OLD_EXPORT_ALSO_MISSING.",HIGH,False
gapf_1726380_20251114_2357,2025-11-14 23:57:00,2025-11-17 01:00:00,2025-11-14 23:58:00,2025-11-17 00:59:00,2943.0,2942,Friday,Monday,23:57,01:00,2025,11,FINAL_TEST,EXPECTED_WEEKEND,EXPECTED_WEEKEND,Recurring Friday-to-Monday/Tuesday weekend market closure.,"Friday 23:57 close -> Monday 01:00 reopen, delta=2943min; matches the dataset-wide weekend closure pattern observed on every trading week.",HIGH,False
gapf_1727759_20251117_2358,2025-11-17 23:58:00,2025-11-18 01:00:00,2025-11-17 23:59:00,2025-11-18 00:59:00,62.0,61,Monday,Tuesday,23:58,01:00,2025,11,FINAL_TEST,SUSPICIOUS_INTRASESSION,EXPECTED_DAILY_SESSION_BREAK,Recurring nightly broker maintenance/session break.,"2025-11-17 23:58:00 -> 2025-11-18 01:00:00: ~62min nightly pause, standard-time (hour 23->01) variant; this exact close/reopen-hour pair recurs on the vast majority of weeknights across all 6 dataset years, and the hour flips precisely on EU DST transition weekends. External corroboration: OLD_EXPORT_ALSO_MISSING.",HIGH,False
gapf_1729138_20251118_2358,2025-11-18 23:58:00,2025-11-19 01:00:00,2025-11-18 23:59:00,2025-11-19 00:59:00,62.0,61,Tuesday,Wednesday,23:58,01:00,2025,11,FINAL_TEST,SUSPICIOUS_INTRASESSION,EXPECTED_DAILY_SESSION_BREAK,Recurring nightly broker maintenance/session break.,"2025-11-18 23:58:00 -> 2025-11-19 01:00:00: ~62min nightly pause, standard-time (hour 23->01) variant; this exact close/reopen-hour pair recurs on the vast majority of weeknights across all 6 dataset years, and the hour flips precisely on EU DST transition weekends. External corroboration: OLD_EXPORT_ALSO_MISSING.",HIGH,False
gapf_1730517_20251119_2358,2025-11-19 23:58:00,2025-11-20 01:00:00,2025-11-19 23:59:00,2025-11-20 00:59:00,62.0,61,Wednesday,Thursday,23:58,01:00,2025,11,FINAL_TEST,SUSPICIOUS_INTRASESSION,EXPECTED_DAILY_SESSION_BREAK,Recurring nightly broker maintenance/session break.,"2025-11-19 23:58:00 -> 2025-11-20 01:00:00: ~62min nightly pause, standard-time (hour 23->01) variant; this exact close/reopen-hour pair recurs on the vast majority of weeknights across all 6 dataset years, and the hour flips precisely on EU DST transition weekends. External corroboration: OLD_EXPORT_ALSO_MISSING.",HIGH,False
gapf_1731896_20251120_2358,2025-11-20 23:58:00,2025-11-21 01:00:00,2025-11-20 23:59:00,2025-11-21 00:59:00,62.0,61,Thursday,Friday,23:58,01:00,2025,11,FINAL_TEST,SUSPICIOUS_INTRASESSION,EXPECTED_DAILY_SESSION_BREAK,Recurring nightly broker maintenance/session break.,"2025-11-20 23:58:00 -> 2025-11-21 01:00:00: ~62min nightly pause, standard-time (hour 23->01) variant; this exact close/reopen-hour pair recurs on the vast majority of weeknights across all 6 dataset years, and the hour flips precisely on EU DST transition weekends. External corroboration: OLD_EXPORT_ALSO_MISSING.",HIGH,False
gapf_1733274_20251121_2357,2025-11-21 23:57:00,2025-11-24 01:00:00,2025-11-21 23:58:00,2025-11-24 00:59:00,2943.0,2942,Friday,Monday,23:57,01:00,2025,11,FINAL_TEST,EXPECTED_WEEKEND,EXPECTED_WEEKEND,Recurring Friday-to-Monday/Tuesday weekend market closure.,"Friday 23:57 close -> Monday 01:00 reopen, delta=2943min; matches the dataset-wide weekend closure pattern observed on every trading week.",HIGH,False
gapf_1734653_20251124_2358,2025-11-24 23:58:00,2025-11-25 01:00:00,2025-11-24 23:59:00,2025-11-25 00:59:00,62.0,61,Monday,Tuesday,23:58,01:00,2025,11,FINAL_TEST,SUSPICIOUS_INTRASESSION,EXPECTED_DAILY_SESSION_BREAK,Recurring nightly broker maintenance/session break.,"2025-11-24 23:58:00 -> 2025-11-25 01:00:00: ~62min nightly pause, standard-time (hour 23->01) variant; this exact close/reopen-hour pair recurs on the vast majority of weeknights across all 6 dataset years, and the hour flips precisely on EU DST transition weekends. External corroboration: OLD_EXPORT_ALSO_MISSING.",HIGH,False
gapf_1734655_20251125_0101,2025-11-25 01:01:00,2025-11-25 01:03:00,2025-11-25 01:02:00,2025-11-25 01:02:00,2.0,1,Tuesday,Tuesday,01:01,01:03,2025,11,FINAL_TEST,LIKELY_PROVIDER_HISTORY_GAP,LIKELY_PROVIDER_HISTORY_GAP,"Isolated small active-session gap, no recurring pattern.","2025-11-25 01:01:00 -> 2025-11-25 01:03:00: isolated 1-bar active-session gap; does not match weekend, session-break, or holiday patterns; below the empirically observed natural break in the missing-bar distribution (no residual gap observed between 9 and 214 missing bars). External corroboration: OLD_EXPORT_ALSO_MISSING.",HIGH,False
gapf_1736031_20251125_2358,2025-11-25 23:58:00,2025-11-26 01:00:00,2025-11-25 23:59:00,2025-11-26 00:59:00,62.0,61,Tuesday,Wednesday,23:58,01:00,2025,11,FINAL_TEST,SUSPICIOUS_INTRASESSION,EXPECTED_DAILY_SESSION_BREAK,Recurring nightly broker maintenance/session break.,"2025-11-25 23:58:00 -> 2025-11-26 01:00:00: ~62min nightly pause, standard-time (hour 23->01) variant; this exact close/reopen-hour pair recurs on the vast majority of weeknights across all 6 dataset years, and the hour flips precisely on EU DST transition weekends. External corroboration: OLD_EXPORT_ALSO_MISSING.",HIGH,False
gapf_1737410_20251126_2358,2025-11-26 23:58:00,2025-11-27 01:00:00,2025-11-26 23:59:00,2025-11-27 00:59:00,62.0,61,Wednesday,Thursday,23:58,01:00,2025,11,FINAL_TEST,SUSPICIOUS_INTRASESSION,EXPECTED_DAILY_SESSION_BREAK,Recurring nightly broker maintenance/session break.,"2025-11-26 23:58:00 -> 2025-11-27 01:00:00: ~62min nightly pause, standard-time (hour 23->01) variant; this exact close/reopen-hour pair recurs on the vast majority of weeknights across all 6 dataset years, and the hour flips precisely on EU DST transition weekends. External corroboration: OLD_EXPORT_ALSO_MISSING.",HIGH,False
gapf_1738635_20251127_2124,2025-11-27 21:24:00,2025-11-28 01:00:00,2025-11-27 21:25:00,2025-11-28 00:59:00,216.0,215,Thursday,Friday,21:24,01:00,2025,11,FINAL_TEST,SUSPICIOUS_INTRASESSION,EXPECTED_HOLIDAY_OR_CLOSURE,US federal market holiday early close (THANKSGIVING).,"2025-11-27 21:24:00 matches computed US federal holiday date (THANKSGIVING); early close at 21:24 UTC, reopen 01:00 UTC next day; recurring pattern observed across multiple dataset years. External corroboration: OLD_EXPORT_ALSO_MISSING.",HIGH,False
gapf_1738884_20251128_0508,2025-11-28 05:08:00,2025-11-28 05:11:00,2025-11-28 05:09:00,2025-11-28 05:10:00,3.0,2,Friday,Friday,05:08,05:11,2025,11,FINAL_TEST,LIKELY_PROVIDER_HISTORY_GAP,LIKELY_PROVIDER_HISTORY_GAP,"Isolated small active-session gap, no recurring pattern.","2025-11-28 05:08:00 -> 2025-11-28 05:11:00: isolated 2-bar active-session gap; does not match weekend, session-break, or holiday patterns; below the empirically observed natural break in the missing-bar distribution (no residual gap observed between 9 and 214 missing bars). External corroboration: OLD_EXPORT_ALSO_MISSING.",HIGH,False
gapf_1739177_20251128_1003,2025-11-28 10:03:00,2025-11-28 10:08:00,2025-11-28 10:04:00,2025-11-28 10:07:00,5.0,4,Friday,Friday,10:03,10:08,2025,11,FINAL_TEST,LIKELY_PROVIDER_HISTORY_GAP,LIKELY_PROVIDER_HISTORY_GAP,"Isolated small active-session gap, no recurring pattern.","2025-11-28 10:03:00 -> 2025-11-28 10:08:00: isolated 4-bar active-session gap; does not match weekend, session-break, or holiday patterns; below the empirically observed natural break in the missing-bar distribution (no residual gap observed between 9 and 214 missing bars). External corroboration: OLD_EXPORT_ALSO_MISSING.",HIGH,False
gapf_1739869_20251128_2139,2025-11-28 21:39:00,2025-12-01 01:00:00,2025-11-28 21:40:00,2025-12-01 00:59:00,3081.0,3080,Friday,Monday,21:39,01:00,2025,11,FINAL_TEST,EXPECTED_WEEKEND,EXPECTED_WEEKEND,Recurring Friday-to-Monday/Tuesday weekend market closure.,"Friday 21:39 close -> Monday 01:00 reopen, delta=3081min; matches the dataset-wide weekend closure pattern observed on every trading week.",HIGH,False
gapf_1741248_20251201_2358,2025-12-01 23:58:00,2025-12-02 01:00:00,2025-12-01 23:59:00,2025-12-02 00:59:00,62.0,61,Monday,Tuesday,23:58,01:00,2025,12,FINAL_TEST,SUSPICIOUS_INTRASESSION,EXPECTED_DAILY_SESSION_BREAK,Recurring nightly broker maintenance/session break.,"2025-12-01 23:58:00 -> 2025-12-02 01:00:00: ~62min nightly pause, standard-time (hour 23->01) variant; this exact close/reopen-hour pair recurs on the vast majority of weeknights across all 6 dataset years, and the hour flips precisely on EU DST transition weekends. External corroboration: OLD_EXPORT_ALSO_MISSING.",HIGH,False
gapf_1742627_20251202_2358,2025-12-02 23:58:00,2025-12-03 01:00:00,2025-12-02 23:59:00,2025-12-03 00:59:00,62.0,61,Tuesday,Wednesday,23:58,01:00,2025,12,FINAL_TEST,SUSPICIOUS_INTRASESSION,EXPECTED_DAILY_SESSION_BREAK,Recurring nightly broker maintenance/session break.,"2025-12-02 23:58:00 -> 2025-12-03 01:00:00: ~62min nightly pause, standard-time (hour 23->01) variant; this exact close/reopen-hour pair recurs on the vast majority of weeknights across all 6 dataset years, and the hour flips precisely on EU DST transition weekends. External corroboration: OLD_EXPORT_ALSO_MISSING.",HIGH,False
gapf_1744006_20251203_2358,2025-12-03 23:58:00,2025-12-04 01:00:00,2025-12-03 23:59:00,2025-12-04 00:59:00,62.0,61,Wednesday,Thursday,23:58,01:00,2025,12,FINAL_TEST,SUSPICIOUS_INTRASESSION,EXPECTED_DAILY_SESSION_BREAK,Recurring nightly broker maintenance/session break.,"2025-12-03 23:58:00 -> 2025-12-04 01:00:00: ~62min nightly pause, standard-time (hour 23->01) variant; this exact close/reopen-hour pair recurs on the vast majority of weeknights across all 6 dataset years, and the hour flips precisely on EU DST transition weekends. External corroboration: OLD_EXPORT_ALSO_MISSING.",HIGH,False
gapf_1745385_20251204_2358,2025-12-04 23:58:00,2025-12-05 01:00:00,2025-12-04 23:59:00,2025-12-05 00:59:00,62.0,61,Thursday,Friday,23:58,01:00,2025,12,FINAL_TEST,SUSPICIOUS_INTRASESSION,EXPECTED_DAILY_SESSION_BREAK,Recurring nightly broker maintenance/session break.,"2025-12-04 23:58:00 -> 2025-12-05 01:00:00: ~62min nightly pause, standard-time (hour 23->01) variant; this exact close/reopen-hour pair recurs on the vast majority of weeknights across all 6 dataset years, and the hour flips precisely on EU DST transition weekends. External corroboration: OLD_EXPORT_ALSO_MISSING.",HIGH,False
gapf_1746763_20251205_2357,2025-12-05 23:57:00,2025-12-08 01:00:00,2025-12-05 23:58:00,2025-12-08 00:59:00,2943.0,2942,Friday,Monday,23:57,01:00,2025,12,FINAL_TEST,EXPECTED_WEEKEND,EXPECTED_WEEKEND,Recurring Friday-to-Monday/Tuesday weekend market closure.,"Friday 23:57 close -> Monday 01:00 reopen, delta=2943min; matches the dataset-wide weekend closure pattern observed on every trading week.",HIGH,False
gapf_1746765_20251208_0101,2025-12-08 01:01:00,2025-12-08 01:09:00,2025-12-08 01:02:00,2025-12-08 01:08:00,8.0,7,Monday,Monday,01:01,01:09,2025,12,FINAL_TEST,LIKELY_PROVIDER_HISTORY_GAP,LIKELY_PROVIDER_HISTORY_GAP,"Isolated small active-session gap, no recurring pattern.","2025-12-08 01:01:00 -> 2025-12-08 01:09:00: isolated 7-bar active-session gap; does not match weekend, session-break, or holiday patterns; below the empirically observed natural break in the missing-bar distribution (no residual gap observed between 9 and 214 missing bars). External corroboration: OLD_EXPORT_ALSO_MISSING.",HIGH,False
gapf_1746766_20251208_0109,2025-12-08 01:09:00,2025-12-08 01:14:00,2025-12-08 01:10:00,2025-12-08 01:13:00,5.0,4,Monday,Monday,01:09,01:14,2025,12,FINAL_TEST,LIKELY_PROVIDER_HISTORY_GAP,LIKELY_PROVIDER_HISTORY_GAP,"Isolated small active-session gap, no recurring pattern.","2025-12-08 01:09:00 -> 2025-12-08 01:14:00: isolated 4-bar active-session gap; does not match weekend, session-break, or holiday patterns; below the empirically observed natural break in the missing-bar distribution (no residual gap observed between 9 and 214 missing bars). External corroboration: OLD_EXPORT_ALSO_MISSING.",HIGH,False
gapf_1746767_20251208_0114,2025-12-08 01:14:00,2025-12-08 01:17:00,2025-12-08 01:15:00,2025-12-08 01:16:00,3.0,2,Monday,Monday,01:14,01:17,2025,12,FINAL_TEST,LIKELY_PROVIDER_HISTORY_GAP,LIKELY_PROVIDER_HISTORY_GAP,"Isolated small active-session gap, no recurring pattern.","2025-12-08 01:14:00 -> 2025-12-08 01:17:00: isolated 2-bar active-session gap; does not match weekend, session-break, or holiday patterns; below the empirically observed natural break in the missing-bar distribution (no residual gap observed between 9 and 214 missing bars). External corroboration: OLD_EXPORT_ALSO_MISSING.",HIGH,False
gapf_1746768_20251208_0117,2025-12-08 01:17:00,2025-12-08 01:27:00,2025-12-08 01:18:00,2025-12-08 01:26:00,10.0,9,Monday,Monday,01:17,01:27,2025,12,FINAL_TEST,LIKELY_PROVIDER_HISTORY_GAP,LIKELY_PROVIDER_HISTORY_GAP,"Isolated small active-session gap, no recurring pattern.","2025-12-08 01:17:00 -> 2025-12-08 01:27:00: isolated 9-bar active-session gap; does not match weekend, session-break, or holiday patterns; below the empirically observed natural break in the missing-bar distribution (no residual gap observed between 9 and 214 missing bars). External corroboration: OLD_EXPORT_ALSO_MISSING.",HIGH,False
gapf_1748120_20251208_2358,2025-12-08 23:58:00,2025-12-09 01:00:00,2025-12-08 23:59:00,2025-12-09 00:59:00,62.0,61,Monday,Tuesday,23:58,01:00,2025,12,FINAL_TEST,SUSPICIOUS_INTRASESSION,EXPECTED_DAILY_SESSION_BREAK,Recurring nightly broker maintenance/session break.,"2025-12-08 23:58:00 -> 2025-12-09 01:00:00: ~62min nightly pause, standard-time (hour 23->01) variant; this exact close/reopen-hour pair recurs on the vast majority of weeknights across all 6 dataset years, and the hour flips precisely on EU DST transition weekends. External corroboration: OLD_EXPORT_ALSO_MISSING.",HIGH,False
gapf_1749499_20251209_2358,2025-12-09 23:58:00,2025-12-10 01:00:00,2025-12-09 23:59:00,2025-12-10 00:59:00,62.0,61,Tuesday,Wednesday,23:58,01:00,2025,12,FINAL_TEST,SUSPICIOUS_INTRASESSION,EXPECTED_DAILY_SESSION_BREAK,Recurring nightly broker maintenance/session break.,"2025-12-09 23:58:00 -> 2025-12-10 01:00:00: ~62min nightly pause, standard-time (hour 23->01) variant; this exact close/reopen-hour pair recurs on the vast majority of weeknights across all 6 dataset years, and the hour flips precisely on EU DST transition weekends. External corroboration: OLD_EXPORT_ALSO_MISSING.",HIGH,False
gapf_1750878_20251210_2358,2025-12-10 23:58:00,2025-12-11 01:00:00,2025-12-10 23:59:00,2025-12-11 00:59:00,62.0,61,Wednesday,Thursday,23:58,01:00,2025,12,FINAL_TEST,SUSPICIOUS_INTRASESSION,EXPECTED_DAILY_SESSION_BREAK,Recurring nightly broker maintenance/session break.,"2025-12-10 23:58:00 -> 2025-12-11 01:00:00: ~62min nightly pause, standard-time (hour 23->01) variant; this exact close/reopen-hour pair recurs on the vast majority of weeknights across all 6 dataset years, and the hour flips precisely on EU DST transition weekends. External corroboration: OLD_EXPORT_ALSO_MISSING.",HIGH,False
gapf_1752257_20251211_2358,2025-12-11 23:58:00,2025-12-12 01:00:00,2025-12-11 23:59:00,2025-12-12 00:59:00,62.0,61,Thursday,Friday,23:58,01:00,2025,12,FINAL_TEST,SUSPICIOUS_INTRASESSION,EXPECTED_DAILY_SESSION_BREAK,Recurring nightly broker maintenance/session break.,"2025-12-11 23:58:00 -> 2025-12-12 01:00:00: ~62min nightly pause, standard-time (hour 23->01) variant; this exact close/reopen-hour pair recurs on the vast majority of weeknights across all 6 dataset years, and the hour flips precisely on EU DST transition weekends. External corroboration: OLD_EXPORT_ALSO_MISSING.",HIGH,False
gapf_1753635_20251212_2357,2025-12-12 23:57:00,2025-12-15 01:00:00,2025-12-12 23:58:00,2025-12-15 00:59:00,2943.0,2942,Friday,Monday,23:57,01:00,2025,12,FINAL_TEST,EXPECTED_WEEKEND,EXPECTED_WEEKEND,Recurring Friday-to-Monday/Tuesday weekend market closure.,"Friday 23:57 close -> Monday 01:00 reopen, delta=2943min; matches the dataset-wide weekend closure pattern observed on every trading week.",HIGH,False
gapf_1755014_20251215_2358,2025-12-15 23:58:00,2025-12-16 01:00:00,2025-12-15 23:59:00,2025-12-16 00:59:00,62.0,61,Monday,Tuesday,23:58,01:00,2025,12,FINAL_TEST,SUSPICIOUS_INTRASESSION,EXPECTED_DAILY_SESSION_BREAK,Recurring nightly broker maintenance/session break.,"2025-12-15 23:58:00 -> 2025-12-16 01:00:00: ~62min nightly pause, standard-time (hour 23->01) variant; this exact close/reopen-hour pair recurs on the vast majority of weeknights across all 6 dataset years, and the hour flips precisely on EU DST transition weekends. External corroboration: OLD_EXPORT_ALSO_MISSING.",HIGH,False
gapf_1756393_20251216_2358,2025-12-16 23:58:00,2025-12-17 01:00:00,2025-12-16 23:59:00,2025-12-17 00:59:00,62.0,61,Tuesday,Wednesday,23:58,01:00,2025,12,FINAL_TEST,SUSPICIOUS_INTRASESSION,EXPECTED_DAILY_SESSION_BREAK,Recurring nightly broker maintenance/session break.,"2025-12-16 23:58:00 -> 2025-12-17 01:00:00: ~62min nightly pause, standard-time (hour 23->01) variant; this exact close/reopen-hour pair recurs on the vast majority of weeknights across all 6 dataset years, and the hour flips precisely on EU DST transition weekends. External corroboration: OLD_EXPORT_ALSO_MISSING.",HIGH,False
gapf_1757772_20251217_2358,2025-12-17 23:58:00,2025-12-18 01:00:00,2025-12-17 23:59:00,2025-12-18 00:59:00,62.0,61,Wednesday,Thursday,23:58,01:00,2025,12,FINAL_TEST,SUSPICIOUS_INTRASESSION,EXPECTED_DAILY_SESSION_BREAK,Recurring nightly broker maintenance/session break.,"2025-12-17 23:58:00 -> 2025-12-18 01:00:00: ~62min nightly pause, standard-time (hour 23->01) variant; this exact close/reopen-hour pair recurs on the vast majority of weeknights across all 6 dataset years, and the hour flips precisely on EU DST transition weekends. External corroboration: OLD_EXPORT_ALSO_MISSING.",HIGH,False
gapf_1759151_20251218_2358,2025-12-18 23:58:00,2025-12-19 01:00:00,2025-12-18 23:59:00,2025-12-19 00:59:00,62.0,61,Thursday,Friday,23:58,01:00,2025,12,FINAL_TEST,SUSPICIOUS_INTRASESSION,EXPECTED_DAILY_SESSION_BREAK,Recurring nightly broker maintenance/session break.,"2025-12-18 23:58:00 -> 2025-12-19 01:00:00: ~62min nightly pause, standard-time (hour 23->01) variant; this exact close/reopen-hour pair recurs on the vast majority of weeknights across all 6 dataset years, and the hour flips precisely on EU DST transition weekends. External corroboration: OLD_EXPORT_ALSO_MISSING.",HIGH,False
gapf_1760529_20251219_2357,2025-12-19 23:57:00,2025-12-22 01:00:00,2025-12-19 23:58:00,2025-12-22 00:59:00,2943.0,2942,Friday,Monday,23:57,01:00,2025,12,FINAL_TEST,EXPECTED_WEEKEND,EXPECTED_WEEKEND,Recurring Friday-to-Monday/Tuesday weekend market closure.,"Friday 23:57 close -> Monday 01:00 reopen, delta=2943min; matches the dataset-wide weekend closure pattern observed on every trading week.",HIGH,False
gapf_1761908_20251222_2358,2025-12-22 23:58:00,2025-12-23 01:00:00,2025-12-22 23:59:00,2025-12-23 00:59:00,62.0,61,Monday,Tuesday,23:58,01:00,2025,12,FINAL_TEST,SUSPICIOUS_INTRASESSION,EXPECTED_DAILY_SESSION_BREAK,Recurring nightly broker maintenance/session break.,"2025-12-22 23:58:00 -> 2025-12-23 01:00:00: ~62min nightly pause, standard-time (hour 23->01) variant; this exact close/reopen-hour pair recurs on the vast majority of weeknights across all 6 dataset years, and the hour flips precisely on EU DST transition weekends. External corroboration: OLD_EXPORT_ALSO_MISSING.",HIGH,False
gapf_1763287_20251223_2358,2025-12-23 23:58:00,2025-12-24 01:00:00,2025-12-23 23:59:00,2025-12-24 00:59:00,62.0,61,Tuesday,Wednesday,23:58,01:00,2025,12,FINAL_TEST,SUSPICIOUS_INTRASESSION,EXPECTED_DAILY_SESSION_BREAK,Recurring nightly broker maintenance/session break.,"2025-12-23 23:58:00 -> 2025-12-24 01:00:00: ~62min nightly pause, standard-time (hour 23->01) variant; this exact close/reopen-hour pair recurs on the vast majority of weeknights across all 6 dataset years, and the hour flips precisely on EU DST transition weekends. External corroboration: OLD_EXPORT_ALSO_MISSING.",HIGH,False
gapf_1764427_20251224_1959,2025-12-24 19:59:00,2025-12-26 08:00:00,2025-12-24 20:00:00,2025-12-26 07:59:00,2161.0,2160,Wednesday,Friday,19:59,08:00,2025,12,FINAL_TEST,EXPECTED_HOLIDAY_OR_CLOSURE,EXPECTED_HOLIDAY_OR_CLOSURE,CHRISTMAS multi-day market closure.,"2025-12-24 19:59:00 falls in the CHRISTMAS closure window; ~36.0h closure, reopen 2025-12-26 08:00:00; recurring pattern observed in multiple dataset years. External corroboration: OLD_EXPORT_ALSO_MISSING.",HIGH,False
gapf_1765385_20251226_2357,2025-12-26 23:57:00,2025-12-29 01:00:00,2025-12-26 23:58:00,2025-12-29 00:59:00,2943.0,2942,Friday,Monday,23:57,01:00,2025,12,FINAL_TEST,EXPECTED_WEEKEND,EXPECTED_WEEKEND,Recurring Friday-to-Monday/Tuesday weekend market closure.,"Friday 23:57 close -> Monday 01:00 reopen, delta=2943min; matches the dataset-wide weekend closure pattern observed on every trading week.",HIGH,False
gapf_1766764_20251229_2358,2025-12-29 23:58:00,2025-12-30 01:00:00,2025-12-29 23:59:00,2025-12-30 00:59:00,62.0,61,Monday,Tuesday,23:58,01:00,2025,12,FINAL_TEST,SUSPICIOUS_INTRASESSION,EXPECTED_DAILY_SESSION_BREAK,Recurring nightly broker maintenance/session break.,"2025-12-29 23:58:00 -> 2025-12-30 01:00:00: ~62min nightly pause, standard-time (hour 23->01) variant; this exact close/reopen-hour pair recurs on the vast majority of weeknights across all 6 dataset years, and the hour flips precisely on EU DST transition weekends. External corroboration: OLD_EXPORT_ALSO_MISSING.",HIGH,False
gapf_1768143_20251230_2358,2025-12-30 23:58:00,2025-12-31 01:00:00,2025-12-30 23:59:00,2025-12-31 00:59:00,62.0,61,Tuesday,Wednesday,23:58,01:00,2025,12,FINAL_TEST,SUSPICIOUS_INTRASESSION,EXPECTED_DAILY_SESSION_BREAK,Recurring nightly broker maintenance/session break.,"2025-12-30 23:58:00 -> 2025-12-31 01:00:00: ~62min nightly pause, standard-time (hour 23->01) variant; this exact close/reopen-hour pair recurs on the vast majority of weeknights across all 6 dataset years, and the hour flips precisely on EU DST transition weekends. External corroboration: OLD_EXPORT_ALSO_MISSING.",HIGH,False
gapf_1769283_20251231_1959,2025-12-31 19:59:00,2026-01-02 08:00:00,2025-12-31 20:00:00,2026-01-02 07:59:00,2161.0,2160,Wednesday,Friday,19:59,08:00,2025,12,FINAL_TEST,EXPECTED_HOLIDAY_OR_CLOSURE,EXPECTED_HOLIDAY_OR_CLOSURE,NEW_YEAR multi-day market closure.,"2025-12-31 19:59:00 falls in the NEW_YEAR closure window; ~36.0h closure, reopen 2026-01-02 08:00:00; recurring pattern observed in multiple dataset years. External corroboration: OLD_EXPORT_ALSO_MISSING.",HIGH,False
gapf_1770241_20260102_2357,2026-01-02 23:57:00,2026-01-05 01:00:00,2026-01-02 23:58:00,2026-01-05 00:59:00,2943.0,2942,Friday,Monday,23:57,01:00,2026,1,FINAL_TEST,EXPECTED_WEEKEND,EXPECTED_WEEKEND,Recurring Friday-to-Monday/Tuesday weekend market closure.,"Friday 23:57 close -> Monday 01:00 reopen, delta=2943min; matches the dataset-wide weekend closure pattern observed on every trading week.",HIGH,False
gapf_1771620_20260105_2358,2026-01-05 23:58:00,2026-01-06 01:00:00,2026-01-05 23:59:00,2026-01-06 00:59:00,62.0,61,Monday,Tuesday,23:58,01:00,2026,1,FINAL_TEST,SUSPICIOUS_INTRASESSION,EXPECTED_DAILY_SESSION_BREAK,Recurring nightly broker maintenance/session break.,"2026-01-05 23:58:00 -> 2026-01-06 01:00:00: ~62min nightly pause, standard-time (hour 23->01) variant; this exact close/reopen-hour pair recurs on the vast majority of weeknights across all 6 dataset years, and the hour flips precisely on EU DST transition weekends. External corroboration: OLD_EXPORT_ALSO_MISSING.",HIGH,False
gapf_1772999_20260106_2358,2026-01-06 23:58:00,2026-01-07 01:00:00,2026-01-06 23:59:00,2026-01-07 00:59:00,62.0,61,Tuesday,Wednesday,23:58,01:00,2026,1,FINAL_TEST,SUSPICIOUS_INTRASESSION,EXPECTED_DAILY_SESSION_BREAK,Recurring nightly broker maintenance/session break.,"2026-01-06 23:58:00 -> 2026-01-07 01:00:00: ~62min nightly pause, standard-time (hour 23->01) variant; this exact close/reopen-hour pair recurs on the vast majority of weeknights across all 6 dataset years, and the hour flips precisely on EU DST transition weekends. External corroboration: OLD_EXPORT_ALSO_MISSING.",HIGH,False
gapf_1774378_20260107_2358,2026-01-07 23:58:00,2026-01-08 01:00:00,2026-01-07 23:59:00,2026-01-08 00:59:00,62.0,61,Wednesday,Thursday,23:58,01:00,2026,1,FINAL_TEST,SUSPICIOUS_INTRASESSION,EXPECTED_DAILY_SESSION_BREAK,Recurring nightly broker maintenance/session break.,"2026-01-07 23:58:00 -> 2026-01-08 01:00:00: ~62min nightly pause, standard-time (hour 23->01) variant; this exact close/reopen-hour pair recurs on the vast majority of weeknights across all 6 dataset years, and the hour flips precisely on EU DST transition weekends. External corroboration: OLD_EXPORT_ALSO_MISSING.",HIGH,False
gapf_1775757_20260108_2358,2026-01-08 23:58:00,2026-01-09 01:00:00,2026-01-08 23:59:00,2026-01-09 00:59:00,62.0,61,Thursday,Friday,23:58,01:00,2026,1,FINAL_TEST,SUSPICIOUS_INTRASESSION,EXPECTED_DAILY_SESSION_BREAK,Recurring nightly broker maintenance/session break.,"2026-01-08 23:58:00 -> 2026-01-09 01:00:00: ~62min nightly pause, standard-time (hour 23->01) variant; this exact close/reopen-hour pair recurs on the vast majority of weeknights across all 6 dataset years, and the hour flips precisely on EU DST transition weekends. External corroboration: OLD_EXPORT_ALSO_MISSING.",HIGH,False
gapf_1777135_20260109_2357,2026-01-09 23:57:00,2026-01-12 01:00:00,2026-01-09 23:58:00,2026-01-12 00:59:00,2943.0,2942,Friday,Monday,23:57,01:00,2026,1,FINAL_TEST,EXPECTED_WEEKEND,EXPECTED_WEEKEND,Recurring Friday-to-Monday/Tuesday weekend market closure.,"Friday 23:57 close -> Monday 01:00 reopen, delta=2943min; matches the dataset-wide weekend closure pattern observed on every trading week.",HIGH,False
gapf_1778514_20260112_2358,2026-01-12 23:58:00,2026-01-13 01:00:00,2026-01-12 23:59:00,2026-01-13 00:59:00,62.0,61,Monday,Tuesday,23:58,01:00,2026,1,FINAL_TEST,SUSPICIOUS_INTRASESSION,EXPECTED_DAILY_SESSION_BREAK,Recurring nightly broker maintenance/session break.,"2026-01-12 23:58:00 -> 2026-01-13 01:00:00: ~62min nightly pause, standard-time (hour 23->01) variant; this exact close/reopen-hour pair recurs on the vast majority of weeknights across all 6 dataset years, and the hour flips precisely on EU DST transition weekends. External corroboration: OLD_EXPORT_ALSO_MISSING.",HIGH,False
gapf_1779893_20260113_2358,2026-01-13 23:58:00,2026-01-14 01:00:00,2026-01-13 23:59:00,2026-01-14 00:59:00,62.0,61,Tuesday,Wednesday,23:58,01:00,2026,1,FINAL_TEST,SUSPICIOUS_INTRASESSION,EXPECTED_DAILY_SESSION_BREAK,Recurring nightly broker maintenance/session break.,"2026-01-13 23:58:00 -> 2026-01-14 01:00:00: ~62min nightly pause, standard-time (hour 23->01) variant; this exact close/reopen-hour pair recurs on the vast majority of weeknights across all 6 dataset years, and the hour flips precisely on EU DST transition weekends. External corroboration: OLD_EXPORT_ALSO_MISSING.",HIGH,False
gapf_1781272_20260114_2358,2026-01-14 23:58:00,2026-01-15 01:00:00,2026-01-14 23:59:00,2026-01-15 00:59:00,62.0,61,Wednesday,Thursday,23:58,01:00,2026,1,FINAL_TEST,SUSPICIOUS_INTRASESSION,EXPECTED_DAILY_SESSION_BREAK,Recurring nightly broker maintenance/session break.,"2026-01-14 23:58:00 -> 2026-01-15 01:00:00: ~62min nightly pause, standard-time (hour 23->01) variant; this exact close/reopen-hour pair recurs on the vast majority of weeknights across all 6 dataset years, and the hour flips precisely on EU DST transition weekends. External corroboration: OLD_EXPORT_ALSO_MISSING.",HIGH,False
gapf_1782651_20260115_2358,2026-01-15 23:58:00,2026-01-16 01:00:00,2026-01-15 23:59:00,2026-01-16 00:59:00,62.0,61,Thursday,Friday,23:58,01:00,2026,1,FINAL_TEST,SUSPICIOUS_INTRASESSION,EXPECTED_DAILY_SESSION_BREAK,Recurring nightly broker maintenance/session break.,"2026-01-15 23:58:00 -> 2026-01-16 01:00:00: ~62min nightly pause, standard-time (hour 23->01) variant; this exact close/reopen-hour pair recurs on the vast majority of weeknights across all 6 dataset years, and the hour flips precisely on EU DST transition weekends. External corroboration: OLD_EXPORT_ALSO_MISSING.",HIGH,False
gapf_1784029_20260116_2357,2026-01-16 23:57:00,2026-01-19 01:00:00,2026-01-16 23:58:00,2026-01-19 00:59:00,2943.0,2942,Friday,Monday,23:57,01:00,2026,1,FINAL_TEST,EXPECTED_WEEKEND,EXPECTED_WEEKEND,Recurring Friday-to-Monday/Tuesday weekend market closure.,"Friday 23:57 close -> Monday 01:00 reopen, delta=2943min; matches the dataset-wide weekend closure pattern observed on every trading week.",HIGH,False
gapf_1785254_20260119_2124,2026-01-19 21:24:00,2026-01-20 01:00:00,2026-01-19 21:25:00,2026-01-20 00:59:00,216.0,215,Monday,Tuesday,21:24,01:00,2026,1,FINAL_TEST,SUSPICIOUS_INTRASESSION,EXPECTED_HOLIDAY_OR_CLOSURE,US federal market holiday early close (MLK_DAY).,"2026-01-19 21:24:00 matches computed US federal holiday date (MLK_DAY); early close at 21:24 UTC, reopen 01:00 UTC next day; recurring pattern observed across multiple dataset years. External corroboration: OLD_EXPORT_ALSO_MISSING.",HIGH,False
gapf_1786633_20260120_2358,2026-01-20 23:58:00,2026-01-21 01:00:00,2026-01-20 23:59:00,2026-01-21 00:59:00,62.0,61,Tuesday,Wednesday,23:58,01:00,2026,1,FINAL_TEST,SUSPICIOUS_INTRASESSION,EXPECTED_DAILY_SESSION_BREAK,Recurring nightly broker maintenance/session break.,"2026-01-20 23:58:00 -> 2026-01-21 01:00:00: ~62min nightly pause, standard-time (hour 23->01) variant; this exact close/reopen-hour pair recurs on the vast majority of weeknights across all 6 dataset years, and the hour flips precisely on EU DST transition weekends. External corroboration: OLD_EXPORT_ALSO_MISSING.",HIGH,False
gapf_1788012_20260121_2358,2026-01-21 23:58:00,2026-01-22 01:00:00,2026-01-21 23:59:00,2026-01-22 00:59:00,62.0,61,Wednesday,Thursday,23:58,01:00,2026,1,FINAL_TEST,SUSPICIOUS_INTRASESSION,EXPECTED_DAILY_SESSION_BREAK,Recurring nightly broker maintenance/session break.,"2026-01-21 23:58:00 -> 2026-01-22 01:00:00: ~62min nightly pause, standard-time (hour 23->01) variant; this exact close/reopen-hour pair recurs on the vast majority of weeknights across all 6 dataset years, and the hour flips precisely on EU DST transition weekends. External corroboration: OLD_EXPORT_ALSO_MISSING.",HIGH,False
gapf_1789391_20260122_2358,2026-01-22 23:58:00,2026-01-23 01:00:00,2026-01-22 23:59:00,2026-01-23 00:59:00,62.0,61,Thursday,Friday,23:58,01:00,2026,1,FINAL_TEST,SUSPICIOUS_INTRASESSION,EXPECTED_DAILY_SESSION_BREAK,Recurring nightly broker maintenance/session break.,"2026-01-22 23:58:00 -> 2026-01-23 01:00:00: ~62min nightly pause, standard-time (hour 23->01) variant; this exact close/reopen-hour pair recurs on the vast majority of weeknights across all 6 dataset years, and the hour flips precisely on EU DST transition weekends. External corroboration: OLD_EXPORT_ALSO_MISSING.",HIGH,False
gapf_1790769_20260123_2357,2026-01-23 23:57:00,2026-01-26 01:00:00,2026-01-23 23:58:00,2026-01-26 00:59:00,2943.0,2942,Friday,Monday,23:57,01:00,2026,1,FINAL_TEST,EXPECTED_WEEKEND,EXPECTED_WEEKEND,Recurring Friday-to-Monday/Tuesday weekend market closure.,"Friday 23:57 close -> Monday 01:00 reopen, delta=2943min; matches the dataset-wide weekend closure pattern observed on every trading week.",HIGH,False
gapf_1792148_20260126_2358,2026-01-26 23:58:00,2026-01-27 01:00:00,2026-01-26 23:59:00,2026-01-27 00:59:00,62.0,61,Monday,Tuesday,23:58,01:00,2026,1,FINAL_TEST,SUSPICIOUS_INTRASESSION,EXPECTED_DAILY_SESSION_BREAK,Recurring nightly broker maintenance/session break.,"2026-01-26 23:58:00 -> 2026-01-27 01:00:00: ~62min nightly pause, standard-time (hour 23->01) variant; this exact close/reopen-hour pair recurs on the vast majority of weeknights across all 6 dataset years, and the hour flips precisely on EU DST transition weekends. External corroboration: OLD_EXPORT_ALSO_MISSING.",HIGH,False
gapf_1793527_20260127_2358,2026-01-27 23:58:00,2026-01-28 01:00:00,2026-01-27 23:59:00,2026-01-28 00:59:00,62.0,61,Tuesday,Wednesday,23:58,01:00,2026,1,FINAL_TEST,SUSPICIOUS_INTRASESSION,EXPECTED_DAILY_SESSION_BREAK,Recurring nightly broker maintenance/session break.,"2026-01-27 23:58:00 -> 2026-01-28 01:00:00: ~62min nightly pause, standard-time (hour 23->01) variant; this exact close/reopen-hour pair recurs on the vast majority of weeknights across all 6 dataset years, and the hour flips precisely on EU DST transition weekends. External corroboration: OLD_EXPORT_ALSO_MISSING.",HIGH,False
gapf_1794906_20260128_2358,2026-01-28 23:58:00,2026-01-29 01:00:00,2026-01-28 23:59:00,2026-01-29 00:59:00,62.0,61,Wednesday,Thursday,23:58,01:00,2026,1,FINAL_TEST,SUSPICIOUS_INTRASESSION,EXPECTED_DAILY_SESSION_BREAK,Recurring nightly broker maintenance/session break.,"2026-01-28 23:58:00 -> 2026-01-29 01:00:00: ~62min nightly pause, standard-time (hour 23->01) variant; this exact close/reopen-hour pair recurs on the vast majority of weeknights across all 6 dataset years, and the hour flips precisely on EU DST transition weekends. External corroboration: OLD_EXPORT_ALSO_MISSING.",HIGH,False
gapf_1796285_20260129_2358,2026-01-29 23:58:00,2026-01-30 01:00:00,2026-01-29 23:59:00,2026-01-30 00:59:00,62.0,61,Thursday,Friday,23:58,01:00,2026,1,FINAL_TEST,SUSPICIOUS_INTRASESSION,EXPECTED_DAILY_SESSION_BREAK,Recurring nightly broker maintenance/session break.,"2026-01-29 23:58:00 -> 2026-01-30 01:00:00: ~62min nightly pause, standard-time (hour 23->01) variant; this exact close/reopen-hour pair recurs on the vast majority of weeknights across all 6 dataset years, and the hour flips precisely on EU DST transition weekends. External corroboration: OLD_EXPORT_ALSO_MISSING.",HIGH,False
gapf_1797663_20260130_2357,2026-01-30 23:57:00,2026-02-02 01:00:00,2026-01-30 23:58:00,2026-02-02 00:59:00,2943.0,2942,Friday,Monday,23:57,01:00,2026,1,FINAL_TEST,EXPECTED_WEEKEND,EXPECTED_WEEKEND,Recurring Friday-to-Monday/Tuesday weekend market closure.,"Friday 23:57 close -> Monday 01:00 reopen, delta=2943min; matches the dataset-wide weekend closure pattern observed on every trading week.",HIGH,False
gapf_1799042_20260202_2358,2026-02-02 23:58:00,2026-02-03 01:00:00,2026-02-02 23:59:00,2026-02-03 00:59:00,62.0,61,Monday,Tuesday,23:58,01:00,2026,2,FINAL_TEST,SUSPICIOUS_INTRASESSION,EXPECTED_DAILY_SESSION_BREAK,Recurring nightly broker maintenance/session break.,"2026-02-02 23:58:00 -> 2026-02-03 01:00:00: ~62min nightly pause, standard-time (hour 23->01) variant; this exact close/reopen-hour pair recurs on the vast majority of weeknights across all 6 dataset years, and the hour flips precisely on EU DST transition weekends. External corroboration: OLD_EXPORT_ALSO_MISSING.",HIGH,False
gapf_1800421_20260203_2358,2026-02-03 23:58:00,2026-02-04 01:00:00,2026-02-03 23:59:00,2026-02-04 00:59:00,62.0,61,Tuesday,Wednesday,23:58,01:00,2026,2,FINAL_TEST,SUSPICIOUS_INTRASESSION,EXPECTED_DAILY_SESSION_BREAK,Recurring nightly broker maintenance/session break.,"2026-02-03 23:58:00 -> 2026-02-04 01:00:00: ~62min nightly pause, standard-time (hour 23->01) variant; this exact close/reopen-hour pair recurs on the vast majority of weeknights across all 6 dataset years, and the hour flips precisely on EU DST transition weekends. External corroboration: OLD_EXPORT_ALSO_MISSING.",HIGH,False
gapf_1801800_20260204_2358,2026-02-04 23:58:00,2026-02-05 01:00:00,2026-02-04 23:59:00,2026-02-05 00:59:00,62.0,61,Wednesday,Thursday,23:58,01:00,2026,2,FINAL_TEST,SUSPICIOUS_INTRASESSION,EXPECTED_DAILY_SESSION_BREAK,Recurring nightly broker maintenance/session break.,"2026-02-04 23:58:00 -> 2026-02-05 01:00:00: ~62min nightly pause, standard-time (hour 23->01) variant; this exact close/reopen-hour pair recurs on the vast majority of weeknights across all 6 dataset years, and the hour flips precisely on EU DST transition weekends. External corroboration: OLD_EXPORT_ALSO_MISSING.",HIGH,False
gapf_1803179_20260205_2358,2026-02-05 23:58:00,2026-02-06 01:00:00,2026-02-05 23:59:00,2026-02-06 00:59:00,62.0,61,Thursday,Friday,23:58,01:00,2026,2,FINAL_TEST,SUSPICIOUS_INTRASESSION,EXPECTED_DAILY_SESSION_BREAK,Recurring nightly broker maintenance/session break.,"2026-02-05 23:58:00 -> 2026-02-06 01:00:00: ~62min nightly pause, standard-time (hour 23->01) variant; this exact close/reopen-hour pair recurs on the vast majority of weeknights across all 6 dataset years, and the hour flips precisely on EU DST transition weekends. External corroboration: OLD_EXPORT_ALSO_MISSING.",HIGH,False
gapf_1804557_20260206_2357,2026-02-06 23:57:00,2026-02-09 01:00:00,2026-02-06 23:58:00,2026-02-09 00:59:00,2943.0,2942,Friday,Monday,23:57,01:00,2026,2,FINAL_TEST,EXPECTED_WEEKEND,EXPECTED_WEEKEND,Recurring Friday-to-Monday/Tuesday weekend market closure.,"Friday 23:57 close -> Monday 01:00 reopen, delta=2943min; matches the dataset-wide weekend closure pattern observed on every trading week.",HIGH,False
gapf_1805936_20260209_2358,2026-02-09 23:58:00,2026-02-10 01:00:00,2026-02-09 23:59:00,2026-02-10 00:59:00,62.0,61,Monday,Tuesday,23:58,01:00,2026,2,FINAL_TEST,SUSPICIOUS_INTRASESSION,EXPECTED_DAILY_SESSION_BREAK,Recurring nightly broker maintenance/session break.,"2026-02-09 23:58:00 -> 2026-02-10 01:00:00: ~62min nightly pause, standard-time (hour 23->01) variant; this exact close/reopen-hour pair recurs on the vast majority of weeknights across all 6 dataset years, and the hour flips precisely on EU DST transition weekends. External corroboration: OLD_EXPORT_ALSO_MISSING.",HIGH,False
gapf_1807315_20260210_2358,2026-02-10 23:58:00,2026-02-11 01:00:00,2026-02-10 23:59:00,2026-02-11 00:59:00,62.0,61,Tuesday,Wednesday,23:58,01:00,2026,2,FINAL_TEST,SUSPICIOUS_INTRASESSION,EXPECTED_DAILY_SESSION_BREAK,Recurring nightly broker maintenance/session break.,"2026-02-10 23:58:00 -> 2026-02-11 01:00:00: ~62min nightly pause, standard-time (hour 23->01) variant; this exact close/reopen-hour pair recurs on the vast majority of weeknights across all 6 dataset years, and the hour flips precisely on EU DST transition weekends. External corroboration: OLD_EXPORT_ALSO_MISSING.",HIGH,False
gapf_1808694_20260211_2358,2026-02-11 23:58:00,2026-02-12 01:00:00,2026-02-11 23:59:00,2026-02-12 00:59:00,62.0,61,Wednesday,Thursday,23:58,01:00,2026,2,FINAL_TEST,SUSPICIOUS_INTRASESSION,EXPECTED_DAILY_SESSION_BREAK,Recurring nightly broker maintenance/session break.,"2026-02-11 23:58:00 -> 2026-02-12 01:00:00: ~62min nightly pause, standard-time (hour 23->01) variant; this exact close/reopen-hour pair recurs on the vast majority of weeknights across all 6 dataset years, and the hour flips precisely on EU DST transition weekends. External corroboration: OLD_EXPORT_ALSO_MISSING.",HIGH,False
gapf_1810073_20260212_2358,2026-02-12 23:58:00,2026-02-13 01:00:00,2026-02-12 23:59:00,2026-02-13 00:59:00,62.0,61,Thursday,Friday,23:58,01:00,2026,2,FINAL_TEST,SUSPICIOUS_INTRASESSION,EXPECTED_DAILY_SESSION_BREAK,Recurring nightly broker maintenance/session break.,"2026-02-12 23:58:00 -> 2026-02-13 01:00:00: ~62min nightly pause, standard-time (hour 23->01) variant; this exact close/reopen-hour pair recurs on the vast majority of weeknights across all 6 dataset years, and the hour flips precisely on EU DST transition weekends. External corroboration: OLD_EXPORT_ALSO_MISSING.",HIGH,False
gapf_1811451_20260213_2357,2026-02-13 23:57:00,2026-02-16 01:00:00,2026-02-13 23:58:00,2026-02-16 00:59:00,2943.0,2942,Friday,Monday,23:57,01:00,2026,2,FINAL_TEST,EXPECTED_WEEKEND,EXPECTED_WEEKEND,Recurring Friday-to-Monday/Tuesday weekend market closure.,"Friday 23:57 close -> Monday 01:00 reopen, delta=2943min; matches the dataset-wide weekend closure pattern observed on every trading week.",HIGH,False
gapf_1812676_20260216_2124,2026-02-16 21:24:00,2026-02-17 01:00:00,2026-02-16 21:25:00,2026-02-17 00:59:00,216.0,215,Monday,Tuesday,21:24,01:00,2026,2,FINAL_TEST,SUSPICIOUS_INTRASESSION,EXPECTED_HOLIDAY_OR_CLOSURE,US federal market holiday early close (PRESIDENTS_DAY).,"2026-02-16 21:24:00 matches computed US federal holiday date (PRESIDENTS_DAY); early close at 21:24 UTC, reopen 01:00 UTC next day; recurring pattern observed across multiple dataset years. External corroboration: OLD_EXPORT_ALSO_MISSING.",HIGH,False
gapf_1814055_20260217_2358,2026-02-17 23:58:00,2026-02-18 01:01:00,2026-02-17 23:59:00,2026-02-18 01:00:00,63.0,62,Tuesday,Wednesday,23:58,01:01,2026,2,FINAL_TEST,SUSPICIOUS_INTRASESSION,EXPECTED_DAILY_SESSION_BREAK,Recurring nightly broker maintenance/session break.,"2026-02-17 23:58:00 -> 2026-02-18 01:01:00: ~63min nightly pause, standard-time (hour 23->01) variant; this exact close/reopen-hour pair recurs on the vast majority of weeknights across all 6 dataset years, and the hour flips precisely on EU DST transition weekends.",MEDIUM,False
gapf_1815433_20260218_2358,2026-02-18 23:58:00,2026-02-19 01:00:00,2026-02-18 23:59:00,2026-02-19 00:59:00,62.0,61,Wednesday,Thursday,23:58,01:00,2026,2,FINAL_TEST,SUSPICIOUS_INTRASESSION,EXPECTED_DAILY_SESSION_BREAK,Recurring nightly broker maintenance/session break.,"2026-02-18 23:58:00 -> 2026-02-19 01:00:00: ~62min nightly pause, standard-time (hour 23->01) variant; this exact close/reopen-hour pair recurs on the vast majority of weeknights across all 6 dataset years, and the hour flips precisely on EU DST transition weekends. External corroboration: OLD_EXPORT_ALSO_MISSING.",HIGH,False
gapf_1816812_20260219_2358,2026-02-19 23:58:00,2026-02-20 01:00:00,2026-02-19 23:59:00,2026-02-20 00:59:00,62.0,61,Thursday,Friday,23:58,01:00,2026,2,FINAL_TEST,SUSPICIOUS_INTRASESSION,EXPECTED_DAILY_SESSION_BREAK,Recurring nightly broker maintenance/session break.,"2026-02-19 23:58:00 -> 2026-02-20 01:00:00: ~62min nightly pause, standard-time (hour 23->01) variant; this exact close/reopen-hour pair recurs on the vast majority of weeknights across all 6 dataset years, and the hour flips precisely on EU DST transition weekends. External corroboration: OLD_EXPORT_ALSO_MISSING.",HIGH,False
gapf_1818190_20260220_2357,2026-02-20 23:57:00,2026-02-23 01:00:00,2026-02-20 23:58:00,2026-02-23 00:59:00,2943.0,2942,Friday,Monday,23:57,01:00,2026,2,FINAL_TEST,EXPECTED_WEEKEND,EXPECTED_WEEKEND,Recurring Friday-to-Monday/Tuesday weekend market closure.,"Friday 23:57 close -> Monday 01:00 reopen, delta=2943min; matches the dataset-wide weekend closure pattern observed on every trading week.",HIGH,False
gapf_1819569_20260223_2358,2026-02-23 23:58:00,2026-02-24 01:00:00,2026-02-23 23:59:00,2026-02-24 00:59:00,62.0,61,Monday,Tuesday,23:58,01:00,2026,2,FINAL_TEST,SUSPICIOUS_INTRASESSION,EXPECTED_DAILY_SESSION_BREAK,Recurring nightly broker maintenance/session break.,"2026-02-23 23:58:00 -> 2026-02-24 01:00:00: ~62min nightly pause, standard-time (hour 23->01) variant; this exact close/reopen-hour pair recurs on the vast majority of weeknights across all 6 dataset years, and the hour flips precisely on EU DST transition weekends. External corroboration: OLD_EXPORT_ALSO_MISSING.",HIGH,False
gapf_1820948_20260224_2358,2026-02-24 23:58:00,2026-02-25 01:00:00,2026-02-24 23:59:00,2026-02-25 00:59:00,62.0,61,Tuesday,Wednesday,23:58,01:00,2026,2,FINAL_TEST,SUSPICIOUS_INTRASESSION,EXPECTED_DAILY_SESSION_BREAK,Recurring nightly broker maintenance/session break.,"2026-02-24 23:58:00 -> 2026-02-25 01:00:00: ~62min nightly pause, standard-time (hour 23->01) variant; this exact close/reopen-hour pair recurs on the vast majority of weeknights across all 6 dataset years, and the hour flips precisely on EU DST transition weekends. External corroboration: OLD_EXPORT_ALSO_MISSING.",HIGH,False
gapf_1822327_20260225_2358,2026-02-25 23:58:00,2026-02-26 01:00:00,2026-02-25 23:59:00,2026-02-26 00:59:00,62.0,61,Wednesday,Thursday,23:58,01:00,2026,2,FINAL_TEST,SUSPICIOUS_INTRASESSION,EXPECTED_DAILY_SESSION_BREAK,Recurring nightly broker maintenance/session break.,"2026-02-25 23:58:00 -> 2026-02-26 01:00:00: ~62min nightly pause, standard-time (hour 23->01) variant; this exact close/reopen-hour pair recurs on the vast majority of weeknights across all 6 dataset years, and the hour flips precisely on EU DST transition weekends. External corroboration: OLD_EXPORT_ALSO_MISSING.",HIGH,False
gapf_1823706_20260226_2358,2026-02-26 23:58:00,2026-02-27 01:00:00,2026-02-26 23:59:00,2026-02-27 00:59:00,62.0,61,Thursday,Friday,23:58,01:00,2026,2,FINAL_TEST,SUSPICIOUS_INTRASESSION,EXPECTED_DAILY_SESSION_BREAK,Recurring nightly broker maintenance/session break.,"2026-02-26 23:58:00 -> 2026-02-27 01:00:00: ~62min nightly pause, standard-time (hour 23->01) variant; this exact close/reopen-hour pair recurs on the vast majority of weeknights across all 6 dataset years, and the hour flips precisely on EU DST transition weekends. External corroboration: OLD_EXPORT_ALSO_MISSING.",HIGH,False
gapf_1825084_20260227_2357,2026-02-27 23:57:00,2026-03-02 01:00:00,2026-02-27 23:58:00,2026-03-02 00:59:00,2943.0,2942,Friday,Monday,23:57,01:00,2026,2,FINAL_TEST,EXPECTED_WEEKEND,EXPECTED_WEEKEND,Recurring Friday-to-Monday/Tuesday weekend market closure.,"Friday 23:57 close -> Monday 01:00 reopen, delta=2943min; matches the dataset-wide weekend closure pattern observed on every trading week.",HIGH,False
gapf_1826463_20260302_2358,2026-03-02 23:58:00,2026-03-03 01:00:00,2026-03-02 23:59:00,2026-03-03 00:59:00,62.0,61,Monday,Tuesday,23:58,01:00,2026,3,FINAL_TEST,SUSPICIOUS_INTRASESSION,EXPECTED_DAILY_SESSION_BREAK,Recurring nightly broker maintenance/session break.,"2026-03-02 23:58:00 -> 2026-03-03 01:00:00: ~62min nightly pause, standard-time (hour 23->01) variant; this exact close/reopen-hour pair recurs on the vast majority of weeknights across all 6 dataset years, and the hour flips precisely on EU DST transition weekends. External corroboration: OLD_EXPORT_ALSO_MISSING.",HIGH,False
gapf_1827842_20260303_2358,2026-03-03 23:58:00,2026-03-04 01:00:00,2026-03-03 23:59:00,2026-03-04 00:59:00,62.0,61,Tuesday,Wednesday,23:58,01:00,2026,3,FINAL_TEST,SUSPICIOUS_INTRASESSION,EXPECTED_DAILY_SESSION_BREAK,Recurring nightly broker maintenance/session break.,"2026-03-03 23:58:00 -> 2026-03-04 01:00:00: ~62min nightly pause, standard-time (hour 23->01) variant; this exact close/reopen-hour pair recurs on the vast majority of weeknights across all 6 dataset years, and the hour flips precisely on EU DST transition weekends. External corroboration: OLD_EXPORT_ALSO_MISSING.",HIGH,False
gapf_1829221_20260304_2358,2026-03-04 23:58:00,2026-03-05 01:00:00,2026-03-04 23:59:00,2026-03-05 00:59:00,62.0,61,Wednesday,Thursday,23:58,01:00,2026,3,FINAL_TEST,SUSPICIOUS_INTRASESSION,EXPECTED_DAILY_SESSION_BREAK,Recurring nightly broker maintenance/session break.,"2026-03-04 23:58:00 -> 2026-03-05 01:00:00: ~62min nightly pause, standard-time (hour 23->01) variant; this exact close/reopen-hour pair recurs on the vast majority of weeknights across all 6 dataset years, and the hour flips precisely on EU DST transition weekends. External corroboration: OLD_EXPORT_ALSO_MISSING.",HIGH,False
gapf_1830600_20260305_2358,2026-03-05 23:58:00,2026-03-06 01:00:00,2026-03-05 23:59:00,2026-03-06 00:59:00,62.0,61,Thursday,Friday,23:58,01:00,2026,3,FINAL_TEST,SUSPICIOUS_INTRASESSION,EXPECTED_DAILY_SESSION_BREAK,Recurring nightly broker maintenance/session break.,"2026-03-05 23:58:00 -> 2026-03-06 01:00:00: ~62min nightly pause, standard-time (hour 23->01) variant; this exact close/reopen-hour pair recurs on the vast majority of weeknights across all 6 dataset years, and the hour flips precisely on EU DST transition weekends. External corroboration: OLD_EXPORT_ALSO_MISSING.",HIGH,False
gapf_1831978_20260306_2357,2026-03-06 23:57:00,2026-03-09 00:00:00,2026-03-06 23:58:00,2026-03-08 23:59:00,2883.0,2882,Friday,Monday,23:57,00:00,2026,3,FINAL_TEST,EXPECTED_WEEKEND,EXPECTED_WEEKEND,Recurring Friday-to-Monday/Tuesday weekend market closure.,"Friday 23:57 close -> Monday 00:00 reopen, delta=2883min; matches the dataset-wide weekend closure pattern observed on every trading week.",HIGH,False
gapf_1833357_20260309_2258,2026-03-09 22:58:00,2026-03-10 00:00:00,2026-03-09 22:59:00,2026-03-09 23:59:00,62.0,61,Monday,Tuesday,22:58,00:00,2026,3,FINAL_TEST,EXPECTED_DAILY_SESSION_BREAK,EXPECTED_DAILY_SESSION_BREAK,Recurring nightly broker maintenance/session break.,"2026-03-09 22:58:00 -> 2026-03-10 00:00:00: ~62min nightly pause, EU-DST-shifted (hour 22->00) variant; this exact close/reopen-hour pair recurs on the vast majority of weeknights across all 6 dataset years, and the hour flips precisely on EU DST transition weekends. External corroboration: OLD_EXPORT_ALSO_MISSING.",HIGH,False
gapf_1834736_20260310_2258,2026-03-10 22:58:00,2026-03-11 00:00:00,2026-03-10 22:59:00,2026-03-10 23:59:00,62.0,61,Tuesday,Wednesday,22:58,00:00,2026,3,FINAL_TEST,EXPECTED_DAILY_SESSION_BREAK,EXPECTED_DAILY_SESSION_BREAK,Recurring nightly broker maintenance/session break.,"2026-03-10 22:58:00 -> 2026-03-11 00:00:00: ~62min nightly pause, EU-DST-shifted (hour 22->00) variant; this exact close/reopen-hour pair recurs on the vast majority of weeknights across all 6 dataset years, and the hour flips precisely on EU DST transition weekends. External corroboration: OLD_EXPORT_ALSO_MISSING.",HIGH,False
gapf_1836115_20260311_2258,2026-03-11 22:58:00,2026-03-12 00:00:00,2026-03-11 22:59:00,2026-03-11 23:59:00,62.0,61,Wednesday,Thursday,22:58,00:00,2026,3,FINAL_TEST,EXPECTED_DAILY_SESSION_BREAK,EXPECTED_DAILY_SESSION_BREAK,Recurring nightly broker maintenance/session break.,"2026-03-11 22:58:00 -> 2026-03-12 00:00:00: ~62min nightly pause, EU-DST-shifted (hour 22->00) variant; this exact close/reopen-hour pair recurs on the vast majority of weeknights across all 6 dataset years, and the hour flips precisely on EU DST transition weekends. External corroboration: OLD_EXPORT_ALSO_MISSING.",HIGH,False
gapf_1837494_20260312_2258,2026-03-12 22:58:00,2026-03-13 00:00:00,2026-03-12 22:59:00,2026-03-12 23:59:00,62.0,61,Thursday,Friday,22:58,00:00,2026,3,FINAL_TEST,EXPECTED_DAILY_SESSION_BREAK,EXPECTED_DAILY_SESSION_BREAK,Recurring nightly broker maintenance/session break.,"2026-03-12 22:58:00 -> 2026-03-13 00:00:00: ~62min nightly pause, EU-DST-shifted (hour 22->00) variant; this exact close/reopen-hour pair recurs on the vast majority of weeknights across all 6 dataset years, and the hour flips precisely on EU DST transition weekends. External corroboration: OLD_EXPORT_ALSO_MISSING.",HIGH,False
gapf_1838872_20260313_2257,2026-03-13 22:57:00,2026-03-16 00:00:00,2026-03-13 22:58:00,2026-03-15 23:59:00,2943.0,2942,Friday,Monday,22:57,00:00,2026,3,FINAL_TEST,EXPECTED_WEEKEND,EXPECTED_WEEKEND,Recurring Friday-to-Monday/Tuesday weekend market closure.,"Friday 22:57 close -> Monday 00:00 reopen, delta=2943min; matches the dataset-wide weekend closure pattern observed on every trading week.",HIGH,False
gapf_1840251_20260316_2258,2026-03-16 22:58:00,2026-03-17 00:00:00,2026-03-16 22:59:00,2026-03-16 23:59:00,62.0,61,Monday,Tuesday,22:58,00:00,2026,3,FINAL_TEST,EXPECTED_DAILY_SESSION_BREAK,EXPECTED_DAILY_SESSION_BREAK,Recurring nightly broker maintenance/session break.,"2026-03-16 22:58:00 -> 2026-03-17 00:00:00: ~62min nightly pause, EU-DST-shifted (hour 22->00) variant; this exact close/reopen-hour pair recurs on the vast majority of weeknights across all 6 dataset years, and the hour flips precisely on EU DST transition weekends. External corroboration: OLD_EXPORT_ALSO_MISSING.",HIGH,False
gapf_1841630_20260317_2258,2026-03-17 22:58:00,2026-03-18 00:00:00,2026-03-17 22:59:00,2026-03-17 23:59:00,62.0,61,Tuesday,Wednesday,22:58,00:00,2026,3,FINAL_TEST,EXPECTED_DAILY_SESSION_BREAK,EXPECTED_DAILY_SESSION_BREAK,Recurring nightly broker maintenance/session break.,"2026-03-17 22:58:00 -> 2026-03-18 00:00:00: ~62min nightly pause, EU-DST-shifted (hour 22->00) variant; this exact close/reopen-hour pair recurs on the vast majority of weeknights across all 6 dataset years, and the hour flips precisely on EU DST transition weekends. External corroboration: OLD_EXPORT_ALSO_MISSING.",HIGH,False
gapf_1843009_20260318_2258,2026-03-18 22:58:00,2026-03-19 00:00:00,2026-03-18 22:59:00,2026-03-18 23:59:00,62.0,61,Wednesday,Thursday,22:58,00:00,2026,3,FINAL_TEST,EXPECTED_DAILY_SESSION_BREAK,EXPECTED_DAILY_SESSION_BREAK,Recurring nightly broker maintenance/session break.,"2026-03-18 22:58:00 -> 2026-03-19 00:00:00: ~62min nightly pause, EU-DST-shifted (hour 22->00) variant; this exact close/reopen-hour pair recurs on the vast majority of weeknights across all 6 dataset years, and the hour flips precisely on EU DST transition weekends. External corroboration: OLD_EXPORT_ALSO_MISSING.",HIGH,False
gapf_1844388_20260319_2258,2026-03-19 22:58:00,2026-03-20 00:00:00,2026-03-19 22:59:00,2026-03-19 23:59:00,62.0,61,Thursday,Friday,22:58,00:00,2026,3,FINAL_TEST,EXPECTED_DAILY_SESSION_BREAK,EXPECTED_DAILY_SESSION_BREAK,Recurring nightly broker maintenance/session break.,"2026-03-19 22:58:00 -> 2026-03-20 00:00:00: ~62min nightly pause, EU-DST-shifted (hour 22->00) variant; this exact close/reopen-hour pair recurs on the vast majority of weeknights across all 6 dataset years, and the hour flips precisely on EU DST transition weekends. External corroboration: OLD_EXPORT_ALSO_MISSING.",HIGH,False
gapf_1845766_20260320_2257,2026-03-20 22:57:00,2026-03-23 00:00:00,2026-03-20 22:58:00,2026-03-22 23:59:00,2943.0,2942,Friday,Monday,22:57,00:00,2026,3,FINAL_TEST,EXPECTED_WEEKEND,EXPECTED_WEEKEND,Recurring Friday-to-Monday/Tuesday weekend market closure.,"Friday 22:57 close -> Monday 00:00 reopen, delta=2943min; matches the dataset-wide weekend closure pattern observed on every trading week.",HIGH,False
gapf_1847145_20260323_2258,2026-03-23 22:58:00,2026-03-24 00:00:00,2026-03-23 22:59:00,2026-03-23 23:59:00,62.0,61,Monday,Tuesday,22:58,00:00,2026,3,FINAL_TEST,EXPECTED_DAILY_SESSION_BREAK,EXPECTED_DAILY_SESSION_BREAK,Recurring nightly broker maintenance/session break.,"2026-03-23 22:58:00 -> 2026-03-24 00:00:00: ~62min nightly pause, EU-DST-shifted (hour 22->00) variant; this exact close/reopen-hour pair recurs on the vast majority of weeknights across all 6 dataset years, and the hour flips precisely on EU DST transition weekends. External corroboration: OLD_EXPORT_ALSO_MISSING.",HIGH,False
gapf_1848524_20260324_2258,2026-03-24 22:58:00,2026-03-25 00:00:00,2026-03-24 22:59:00,2026-03-24 23:59:00,62.0,61,Tuesday,Wednesday,22:58,00:00,2026,3,FINAL_TEST,EXPECTED_DAILY_SESSION_BREAK,EXPECTED_DAILY_SESSION_BREAK,Recurring nightly broker maintenance/session break.,"2026-03-24 22:58:00 -> 2026-03-25 00:00:00: ~62min nightly pause, EU-DST-shifted (hour 22->00) variant; this exact close/reopen-hour pair recurs on the vast majority of weeknights across all 6 dataset years, and the hour flips precisely on EU DST transition weekends. External corroboration: OLD_EXPORT_ALSO_MISSING.",HIGH,False
gapf_1849903_20260325_2258,2026-03-25 22:58:00,2026-03-26 00:00:00,2026-03-25 22:59:00,2026-03-25 23:59:00,62.0,61,Wednesday,Thursday,22:58,00:00,2026,3,FINAL_TEST,EXPECTED_DAILY_SESSION_BREAK,EXPECTED_DAILY_SESSION_BREAK,Recurring nightly broker maintenance/session break.,"2026-03-25 22:58:00 -> 2026-03-26 00:00:00: ~62min nightly pause, EU-DST-shifted (hour 22->00) variant; this exact close/reopen-hour pair recurs on the vast majority of weeknights across all 6 dataset years, and the hour flips precisely on EU DST transition weekends. External corroboration: OLD_EXPORT_ALSO_MISSING.",HIGH,False
gapf_1851282_20260326_2258,2026-03-26 22:58:00,2026-03-27 00:00:00,2026-03-26 22:59:00,2026-03-26 23:59:00,62.0,61,Thursday,Friday,22:58,00:00,2026,3,FINAL_TEST,EXPECTED_DAILY_SESSION_BREAK,EXPECTED_DAILY_SESSION_BREAK,Recurring nightly broker maintenance/session break.,"2026-03-26 22:58:00 -> 2026-03-27 00:00:00: ~62min nightly pause, EU-DST-shifted (hour 22->00) variant; this exact close/reopen-hour pair recurs on the vast majority of weeknights across all 6 dataset years, and the hour flips precisely on EU DST transition weekends. External corroboration: OLD_EXPORT_ALSO_MISSING.",HIGH,False
gapf_1852660_20260327_2257,2026-03-27 22:57:00,2026-03-30 01:00:00,2026-03-27 22:58:00,2026-03-30 00:59:00,3003.0,3002,Friday,Monday,22:57,01:00,2026,3,FINAL_TEST,EXPECTED_WEEKEND,EXPECTED_WEEKEND,Recurring Friday-to-Monday/Tuesday weekend market closure.,"Friday 22:57 close -> Monday 01:00 reopen, delta=3003min; matches the dataset-wide weekend closure pattern observed on every trading week.",HIGH,False
gapf_1854039_20260330_2358,2026-03-30 23:58:00,2026-03-31 01:00:00,2026-03-30 23:59:00,2026-03-31 00:59:00,62.0,61,Monday,Tuesday,23:58,01:00,2026,3,FINAL_TEST,SUSPICIOUS_INTRASESSION,EXPECTED_DAILY_SESSION_BREAK,Recurring nightly broker maintenance/session break.,"2026-03-30 23:58:00 -> 2026-03-31 01:00:00: ~62min nightly pause, standard-time (hour 23->01) variant; this exact close/reopen-hour pair recurs on the vast majority of weeknights across all 6 dataset years, and the hour flips precisely on EU DST transition weekends. External corroboration: OLD_EXPORT_ALSO_MISSING.",HIGH,False
gapf_1855418_20260331_2358,2026-03-31 23:58:00,2026-04-01 01:00:00,2026-03-31 23:59:00,2026-04-01 00:59:00,62.0,61,Tuesday,Wednesday,23:58,01:00,2026,3,FINAL_TEST,SUSPICIOUS_INTRASESSION,EXPECTED_DAILY_SESSION_BREAK,Recurring nightly broker maintenance/session break.,"2026-03-31 23:58:00 -> 2026-04-01 01:00:00: ~62min nightly pause, standard-time (hour 23->01) variant; this exact close/reopen-hour pair recurs on the vast majority of weeknights across all 6 dataset years, and the hour flips precisely on EU DST transition weekends. External corroboration: OLD_EXPORT_ALSO_MISSING.",HIGH,False
gapf_1856797_20260401_2358,2026-04-01 23:58:00,2026-04-02 01:03:00,2026-04-01 23:59:00,2026-04-02 01:02:00,65.0,64,Wednesday,Thursday,23:58,01:03,2026,4,FINAL_TEST,SUSPICIOUS_INTRASESSION,EXPECTED_DAILY_SESSION_BREAK,Recurring nightly broker maintenance/session break.,"2026-04-01 23:58:00 -> 2026-04-02 01:03:00: ~65min nightly pause, standard-time (hour 23->01) variant; this exact close/reopen-hour pair recurs on the vast majority of weeknights across all 6 dataset years, and the hour flips precisely on EU DST transition weekends.",MEDIUM,False
gapf_1858173_20260402_2358,2026-04-02 23:58:00,2026-04-06 01:00:00,2026-04-02 23:59:00,2026-04-06 00:59:00,4382.0,4381,Thursday,Monday,23:58,01:00,2026,4,FINAL_TEST,EXPECTED_WEEKEND,EXPECTED_HOLIDAY_OR_CLOSURE,Good Friday / Easter closure.,2026-04-02 23:58:00 falls within the computed Good-Friday/Easter window for 2026 (Easter Sunday 2026-04-05); ~73.0h closure. Only weakly recurring in this specific broker history (not every observed Good Friday produced a distinct extra gap beyond the ordinary weekend). External corroboration: OLD_EXPORT_ALSO_MISSING.,HIGH,False
gapf_1859552_20260406_2358,2026-04-06 23:58:00,2026-04-07 01:00:00,2026-04-06 23:59:00,2026-04-07 00:59:00,62.0,61,Monday,Tuesday,23:58,01:00,2026,4,FINAL_TEST,SUSPICIOUS_INTRASESSION,EXPECTED_DAILY_SESSION_BREAK,Recurring nightly broker maintenance/session break.,"2026-04-06 23:58:00 -> 2026-04-07 01:00:00: ~62min nightly pause, standard-time (hour 23->01) variant; this exact close/reopen-hour pair recurs on the vast majority of weeknights across all 6 dataset years, and the hour flips precisely on EU DST transition weekends. External corroboration: OLD_EXPORT_ALSO_MISSING.",HIGH,False
gapf_1860931_20260407_2358,2026-04-07 23:58:00,2026-04-08 01:00:00,2026-04-07 23:59:00,2026-04-08 00:59:00,62.0,61,Tuesday,Wednesday,23:58,01:00,2026,4,FINAL_TEST,SUSPICIOUS_INTRASESSION,EXPECTED_DAILY_SESSION_BREAK,Recurring nightly broker maintenance/session break.,"2026-04-07 23:58:00 -> 2026-04-08 01:00:00: ~62min nightly pause, standard-time (hour 23->01) variant; this exact close/reopen-hour pair recurs on the vast majority of weeknights across all 6 dataset years, and the hour flips precisely on EU DST transition weekends. External corroboration: OLD_EXPORT_ALSO_MISSING.",HIGH,False
gapf_1862310_20260408_2358,2026-04-08 23:58:00,2026-04-09 01:00:00,2026-04-08 23:59:00,2026-04-09 00:59:00,62.0,61,Wednesday,Thursday,23:58,01:00,2026,4,FINAL_TEST,SUSPICIOUS_INTRASESSION,EXPECTED_DAILY_SESSION_BREAK,Recurring nightly broker maintenance/session break.,"2026-04-08 23:58:00 -> 2026-04-09 01:00:00: ~62min nightly pause, standard-time (hour 23->01) variant; this exact close/reopen-hour pair recurs on the vast majority of weeknights across all 6 dataset years, and the hour flips precisely on EU DST transition weekends. External corroboration: OLD_EXPORT_ALSO_MISSING.",HIGH,False
gapf_1863689_20260409_2358,2026-04-09 23:58:00,2026-04-10 01:00:00,2026-04-09 23:59:00,2026-04-10 00:59:00,62.0,61,Thursday,Friday,23:58,01:00,2026,4,FINAL_TEST,SUSPICIOUS_INTRASESSION,EXPECTED_DAILY_SESSION_BREAK,Recurring nightly broker maintenance/session break.,"2026-04-09 23:58:00 -> 2026-04-10 01:00:00: ~62min nightly pause, standard-time (hour 23->01) variant; this exact close/reopen-hour pair recurs on the vast majority of weeknights across all 6 dataset years, and the hour flips precisely on EU DST transition weekends. External corroboration: OLD_EXPORT_ALSO_MISSING.",HIGH,False
gapf_1865067_20260410_2357,2026-04-10 23:57:00,2026-04-13 01:00:00,2026-04-10 23:58:00,2026-04-13 00:59:00,2943.0,2942,Friday,Monday,23:57,01:00,2026,4,FINAL_TEST,EXPECTED_WEEKEND,EXPECTED_WEEKEND,Recurring Friday-to-Monday/Tuesday weekend market closure.,"Friday 23:57 close -> Monday 01:00 reopen, delta=2943min; matches the dataset-wide weekend closure pattern observed on every trading week.",HIGH,False
gapf_1866446_20260413_2358,2026-04-13 23:58:00,2026-04-14 01:00:00,2026-04-13 23:59:00,2026-04-14 00:59:00,62.0,61,Monday,Tuesday,23:58,01:00,2026,4,FINAL_TEST,SUSPICIOUS_INTRASESSION,EXPECTED_DAILY_SESSION_BREAK,Recurring nightly broker maintenance/session break.,"2026-04-13 23:58:00 -> 2026-04-14 01:00:00: ~62min nightly pause, standard-time (hour 23->01) variant; this exact close/reopen-hour pair recurs on the vast majority of weeknights across all 6 dataset years, and the hour flips precisely on EU DST transition weekends. External corroboration: OLD_EXPORT_ALSO_MISSING.",HIGH,False
gapf_1867825_20260414_2358,2026-04-14 23:58:00,2026-04-15 01:00:00,2026-04-14 23:59:00,2026-04-15 00:59:00,62.0,61,Tuesday,Wednesday,23:58,01:00,2026,4,FINAL_TEST,SUSPICIOUS_INTRASESSION,EXPECTED_DAILY_SESSION_BREAK,Recurring nightly broker maintenance/session break.,"2026-04-14 23:58:00 -> 2026-04-15 01:00:00: ~62min nightly pause, standard-time (hour 23->01) variant; this exact close/reopen-hour pair recurs on the vast majority of weeknights across all 6 dataset years, and the hour flips precisely on EU DST transition weekends. External corroboration: OLD_EXPORT_ALSO_MISSING.",HIGH,False
gapf_1869204_20260415_2358,2026-04-15 23:58:00,2026-04-16 01:00:00,2026-04-15 23:59:00,2026-04-16 00:59:00,62.0,61,Wednesday,Thursday,23:58,01:00,2026,4,FINAL_TEST,SUSPICIOUS_INTRASESSION,EXPECTED_DAILY_SESSION_BREAK,Recurring nightly broker maintenance/session break.,"2026-04-15 23:58:00 -> 2026-04-16 01:00:00: ~62min nightly pause, standard-time (hour 23->01) variant; this exact close/reopen-hour pair recurs on the vast majority of weeknights across all 6 dataset years, and the hour flips precisely on EU DST transition weekends. External corroboration: OLD_EXPORT_ALSO_MISSING.",HIGH,False
gapf_1870583_20260416_2358,2026-04-16 23:58:00,2026-04-17 01:00:00,2026-04-16 23:59:00,2026-04-17 00:59:00,62.0,61,Thursday,Friday,23:58,01:00,2026,4,FINAL_TEST,SUSPICIOUS_INTRASESSION,EXPECTED_DAILY_SESSION_BREAK,Recurring nightly broker maintenance/session break.,"2026-04-16 23:58:00 -> 2026-04-17 01:00:00: ~62min nightly pause, standard-time (hour 23->01) variant; this exact close/reopen-hour pair recurs on the vast majority of weeknights across all 6 dataset years, and the hour flips precisely on EU DST transition weekends. External corroboration: OLD_EXPORT_ALSO_MISSING.",HIGH,False
gapf_1871961_20260417_2357,2026-04-17 23:57:00,2026-04-20 01:00:00,2026-04-17 23:58:00,2026-04-20 00:59:00,2943.0,2942,Friday,Monday,23:57,01:00,2026,4,FINAL_TEST,EXPECTED_WEEKEND,EXPECTED_WEEKEND,Recurring Friday-to-Monday/Tuesday weekend market closure.,"Friday 23:57 close -> Monday 01:00 reopen, delta=2943min; matches the dataset-wide weekend closure pattern observed on every trading week.",HIGH,False
gapf_1873340_20260420_2358,2026-04-20 23:58:00,2026-04-21 01:00:00,2026-04-20 23:59:00,2026-04-21 00:59:00,62.0,61,Monday,Tuesday,23:58,01:00,2026,4,FINAL_TEST,SUSPICIOUS_INTRASESSION,EXPECTED_DAILY_SESSION_BREAK,Recurring nightly broker maintenance/session break.,"2026-04-20 23:58:00 -> 2026-04-21 01:00:00: ~62min nightly pause, standard-time (hour 23->01) variant; this exact close/reopen-hour pair recurs on the vast majority of weeknights across all 6 dataset years, and the hour flips precisely on EU DST transition weekends. External corroboration: OLD_EXPORT_ALSO_MISSING.",HIGH,False
gapf_1874719_20260421_2358,2026-04-21 23:58:00,2026-04-22 01:00:00,2026-04-21 23:59:00,2026-04-22 00:59:00,62.0,61,Tuesday,Wednesday,23:58,01:00,2026,4,FINAL_TEST,SUSPICIOUS_INTRASESSION,EXPECTED_DAILY_SESSION_BREAK,Recurring nightly broker maintenance/session break.,"2026-04-21 23:58:00 -> 2026-04-22 01:00:00: ~62min nightly pause, standard-time (hour 23->01) variant; this exact close/reopen-hour pair recurs on the vast majority of weeknights across all 6 dataset years, and the hour flips precisely on EU DST transition weekends. External corroboration: OLD_EXPORT_ALSO_MISSING.",HIGH,False
gapf_1876098_20260422_2358,2026-04-22 23:58:00,2026-04-23 01:00:00,2026-04-22 23:59:00,2026-04-23 00:59:00,62.0,61,Wednesday,Thursday,23:58,01:00,2026,4,FINAL_TEST,SUSPICIOUS_INTRASESSION,EXPECTED_DAILY_SESSION_BREAK,Recurring nightly broker maintenance/session break.,"2026-04-22 23:58:00 -> 2026-04-23 01:00:00: ~62min nightly pause, standard-time (hour 23->01) variant; this exact close/reopen-hour pair recurs on the vast majority of weeknights across all 6 dataset years, and the hour flips precisely on EU DST transition weekends. External corroboration: OLD_EXPORT_ALSO_MISSING.",HIGH,False
gapf_1877477_20260423_2358,2026-04-23 23:58:00,2026-04-24 01:00:00,2026-04-23 23:59:00,2026-04-24 00:59:00,62.0,61,Thursday,Friday,23:58,01:00,2026,4,FINAL_TEST,SUSPICIOUS_INTRASESSION,EXPECTED_DAILY_SESSION_BREAK,Recurring nightly broker maintenance/session break.,"2026-04-23 23:58:00 -> 2026-04-24 01:00:00: ~62min nightly pause, standard-time (hour 23->01) variant; this exact close/reopen-hour pair recurs on the vast majority of weeknights across all 6 dataset years, and the hour flips precisely on EU DST transition weekends. External corroboration: OLD_EXPORT_ALSO_MISSING.",HIGH,False
gapf_1878855_20260424_2357,2026-04-24 23:57:00,2026-04-27 01:00:00,2026-04-24 23:58:00,2026-04-27 00:59:00,2943.0,2942,Friday,Monday,23:57,01:00,2026,4,FINAL_TEST,EXPECTED_WEEKEND,EXPECTED_WEEKEND,Recurring Friday-to-Monday/Tuesday weekend market closure.,"Friday 23:57 close -> Monday 01:00 reopen, delta=2943min; matches the dataset-wide weekend closure pattern observed on every trading week.",HIGH,False
gapf_1880234_20260427_2358,2026-04-27 23:58:00,2026-04-28 01:00:00,2026-04-27 23:59:00,2026-04-28 00:59:00,62.0,61,Monday,Tuesday,23:58,01:00,2026,4,FINAL_TEST,SUSPICIOUS_INTRASESSION,EXPECTED_DAILY_SESSION_BREAK,Recurring nightly broker maintenance/session break.,"2026-04-27 23:58:00 -> 2026-04-28 01:00:00: ~62min nightly pause, standard-time (hour 23->01) variant; this exact close/reopen-hour pair recurs on the vast majority of weeknights across all 6 dataset years, and the hour flips precisely on EU DST transition weekends. External corroboration: OLD_EXPORT_ALSO_MISSING.",HIGH,False
gapf_1881613_20260428_2358,2026-04-28 23:58:00,2026-04-29 01:00:00,2026-04-28 23:59:00,2026-04-29 00:59:00,62.0,61,Tuesday,Wednesday,23:58,01:00,2026,4,FINAL_TEST,SUSPICIOUS_INTRASESSION,EXPECTED_DAILY_SESSION_BREAK,Recurring nightly broker maintenance/session break.,"2026-04-28 23:58:00 -> 2026-04-29 01:00:00: ~62min nightly pause, standard-time (hour 23->01) variant; this exact close/reopen-hour pair recurs on the vast majority of weeknights across all 6 dataset years, and the hour flips precisely on EU DST transition weekends. External corroboration: OLD_EXPORT_ALSO_MISSING.",HIGH,False
gapf_1882992_20260429_2358,2026-04-29 23:58:00,2026-04-30 01:00:00,2026-04-29 23:59:00,2026-04-30 00:59:00,62.0,61,Wednesday,Thursday,23:58,01:00,2026,4,FINAL_TEST,SUSPICIOUS_INTRASESSION,EXPECTED_DAILY_SESSION_BREAK,Recurring nightly broker maintenance/session break.,"2026-04-29 23:58:00 -> 2026-04-30 01:00:00: ~62min nightly pause, standard-time (hour 23->01) variant; this exact close/reopen-hour pair recurs on the vast majority of weeknights across all 6 dataset years, and the hour flips precisely on EU DST transition weekends. External corroboration: OLD_EXPORT_ALSO_MISSING.",HIGH,False
gapf_1884371_20260430_2358,2026-04-30 23:58:00,2026-05-01 01:00:00,2026-04-30 23:59:00,2026-05-01 00:59:00,62.0,61,Thursday,Friday,23:58,01:00,2026,4,FINAL_TEST,SUSPICIOUS_INTRASESSION,EXPECTED_DAILY_SESSION_BREAK,Recurring nightly broker maintenance/session break.,"2026-04-30 23:58:00 -> 2026-05-01 01:00:00: ~62min nightly pause, standard-time (hour 23->01) variant; this exact close/reopen-hour pair recurs on the vast majority of weeknights across all 6 dataset years, and the hour flips precisely on EU DST transition weekends. External corroboration: OLD_EXPORT_ALSO_MISSING.",HIGH,False
gapf_1885749_20260501_2357,2026-05-01 23:57:00,2026-05-04 01:00:00,2026-05-01 23:58:00,2026-05-04 00:59:00,2943.0,2942,Friday,Monday,23:57,01:00,2026,5,FINAL_TEST,EXPECTED_WEEKEND,EXPECTED_WEEKEND,Recurring Friday-to-Monday/Tuesday weekend market closure.,"Friday 23:57 close -> Monday 01:00 reopen, delta=2943min; matches the dataset-wide weekend closure pattern observed on every trading week.",HIGH,False
gapf_1887128_20260504_2358,2026-05-04 23:58:00,2026-05-05 01:00:00,2026-05-04 23:59:00,2026-05-05 00:59:00,62.0,61,Monday,Tuesday,23:58,01:00,2026,5,FINAL_TEST,SUSPICIOUS_INTRASESSION,EXPECTED_DAILY_SESSION_BREAK,Recurring nightly broker maintenance/session break.,"2026-05-04 23:58:00 -> 2026-05-05 01:00:00: ~62min nightly pause, standard-time (hour 23->01) variant; this exact close/reopen-hour pair recurs on the vast majority of weeknights across all 6 dataset years, and the hour flips precisely on EU DST transition weekends. External corroboration: OLD_EXPORT_ALSO_MISSING.",HIGH,False
gapf_1888507_20260505_2358,2026-05-05 23:58:00,2026-05-06 01:00:00,2026-05-05 23:59:00,2026-05-06 00:59:00,62.0,61,Tuesday,Wednesday,23:58,01:00,2026,5,FINAL_TEST,SUSPICIOUS_INTRASESSION,EXPECTED_DAILY_SESSION_BREAK,Recurring nightly broker maintenance/session break.,"2026-05-05 23:58:00 -> 2026-05-06 01:00:00: ~62min nightly pause, standard-time (hour 23->01) variant; this exact close/reopen-hour pair recurs on the vast majority of weeknights across all 6 dataset years, and the hour flips precisely on EU DST transition weekends. External corroboration: OLD_EXPORT_ALSO_MISSING.",HIGH,False
gapf_1889886_20260506_2358,2026-05-06 23:58:00,2026-05-07 01:00:00,2026-05-06 23:59:00,2026-05-07 00:59:00,62.0,61,Wednesday,Thursday,23:58,01:00,2026,5,FINAL_TEST,SUSPICIOUS_INTRASESSION,EXPECTED_DAILY_SESSION_BREAK,Recurring nightly broker maintenance/session break.,"2026-05-06 23:58:00 -> 2026-05-07 01:00:00: ~62min nightly pause, standard-time (hour 23->01) variant; this exact close/reopen-hour pair recurs on the vast majority of weeknights across all 6 dataset years, and the hour flips precisely on EU DST transition weekends. External corroboration: OLD_EXPORT_ALSO_MISSING.",HIGH,False
gapf_1891265_20260507_2358,2026-05-07 23:58:00,2026-05-08 01:00:00,2026-05-07 23:59:00,2026-05-08 00:59:00,62.0,61,Thursday,Friday,23:58,01:00,2026,5,FINAL_TEST,SUSPICIOUS_INTRASESSION,EXPECTED_DAILY_SESSION_BREAK,Recurring nightly broker maintenance/session break.,"2026-05-07 23:58:00 -> 2026-05-08 01:00:00: ~62min nightly pause, standard-time (hour 23->01) variant; this exact close/reopen-hour pair recurs on the vast majority of weeknights across all 6 dataset years, and the hour flips precisely on EU DST transition weekends. External corroboration: OLD_EXPORT_ALSO_MISSING.",HIGH,False
gapf_1892643_20260508_2357,2026-05-08 23:57:00,2026-05-11 01:00:00,2026-05-08 23:58:00,2026-05-11 00:59:00,2943.0,2942,Friday,Monday,23:57,01:00,2026,5,FINAL_TEST,EXPECTED_WEEKEND,EXPECTED_WEEKEND,Recurring Friday-to-Monday/Tuesday weekend market closure.,"Friday 23:57 close -> Monday 01:00 reopen, delta=2943min; matches the dataset-wide weekend closure pattern observed on every trading week.",HIGH,False
gapf_1894022_20260511_2358,2026-05-11 23:58:00,2026-05-12 01:00:00,2026-05-11 23:59:00,2026-05-12 00:59:00,62.0,61,Monday,Tuesday,23:58,01:00,2026,5,FINAL_TEST,SUSPICIOUS_INTRASESSION,EXPECTED_DAILY_SESSION_BREAK,Recurring nightly broker maintenance/session break.,"2026-05-11 23:58:00 -> 2026-05-12 01:00:00: ~62min nightly pause, standard-time (hour 23->01) variant; this exact close/reopen-hour pair recurs on the vast majority of weeknights across all 6 dataset years, and the hour flips precisely on EU DST transition weekends. External corroboration: OLD_EXPORT_ALSO_MISSING.",HIGH,False
gapf_1895401_20260512_2358,2026-05-12 23:58:00,2026-05-13 01:00:00,2026-05-12 23:59:00,2026-05-13 00:59:00,62.0,61,Tuesday,Wednesday,23:58,01:00,2026,5,FINAL_TEST,SUSPICIOUS_INTRASESSION,EXPECTED_DAILY_SESSION_BREAK,Recurring nightly broker maintenance/session break.,"2026-05-12 23:58:00 -> 2026-05-13 01:00:00: ~62min nightly pause, standard-time (hour 23->01) variant; this exact close/reopen-hour pair recurs on the vast majority of weeknights across all 6 dataset years, and the hour flips precisely on EU DST transition weekends. External corroboration: OLD_EXPORT_ALSO_MISSING.",HIGH,False
gapf_1896780_20260513_2358,2026-05-13 23:58:00,2026-05-14 01:00:00,2026-05-13 23:59:00,2026-05-14 00:59:00,62.0,61,Wednesday,Thursday,23:58,01:00,2026,5,FINAL_TEST,SUSPICIOUS_INTRASESSION,EXPECTED_DAILY_SESSION_BREAK,Recurring nightly broker maintenance/session break.,"2026-05-13 23:58:00 -> 2026-05-14 01:00:00: ~62min nightly pause, standard-time (hour 23->01) variant; this exact close/reopen-hour pair recurs on the vast majority of weeknights across all 6 dataset years, and the hour flips precisely on EU DST transition weekends. External corroboration: OLD_EXPORT_ALSO_MISSING.",HIGH,False
gapf_1898159_20260514_2358,2026-05-14 23:58:00,2026-05-15 01:00:00,2026-05-14 23:59:00,2026-05-15 00:59:00,62.0,61,Thursday,Friday,23:58,01:00,2026,5,FINAL_TEST,SUSPICIOUS_INTRASESSION,EXPECTED_DAILY_SESSION_BREAK,Recurring nightly broker maintenance/session break.,"2026-05-14 23:58:00 -> 2026-05-15 01:00:00: ~62min nightly pause, standard-time (hour 23->01) variant; this exact close/reopen-hour pair recurs on the vast majority of weeknights across all 6 dataset years, and the hour flips precisely on EU DST transition weekends. External corroboration: OLD_EXPORT_ALSO_MISSING.",HIGH,False
gapf_1899537_20260515_2357,2026-05-15 23:57:00,2026-05-18 01:00:00,2026-05-15 23:58:00,2026-05-18 00:59:00,2943.0,2942,Friday,Monday,23:57,01:00,2026,5,FINAL_TEST,EXPECTED_WEEKEND,EXPECTED_WEEKEND,Recurring Friday-to-Monday/Tuesday weekend market closure.,"Friday 23:57 close -> Monday 01:00 reopen, delta=2943min; matches the dataset-wide weekend closure pattern observed on every trading week.",HIGH,False
gapf_1900916_20260518_2358,2026-05-18 23:58:00,2026-05-19 01:00:00,2026-05-18 23:59:00,2026-05-19 00:59:00,62.0,61,Monday,Tuesday,23:58,01:00,2026,5,FINAL_TEST,SUSPICIOUS_INTRASESSION,EXPECTED_DAILY_SESSION_BREAK,Recurring nightly broker maintenance/session break.,"2026-05-18 23:58:00 -> 2026-05-19 01:00:00: ~62min nightly pause, standard-time (hour 23->01) variant; this exact close/reopen-hour pair recurs on the vast majority of weeknights across all 6 dataset years, and the hour flips precisely on EU DST transition weekends. External corroboration: OLD_EXPORT_ALSO_MISSING.",HIGH,False
gapf_1902295_20260519_2358,2026-05-19 23:58:00,2026-05-20 01:00:00,2026-05-19 23:59:00,2026-05-20 00:59:00,62.0,61,Tuesday,Wednesday,23:58,01:00,2026,5,FINAL_TEST,SUSPICIOUS_INTRASESSION,EXPECTED_DAILY_SESSION_BREAK,Recurring nightly broker maintenance/session break.,"2026-05-19 23:58:00 -> 2026-05-20 01:00:00: ~62min nightly pause, standard-time (hour 23->01) variant; this exact close/reopen-hour pair recurs on the vast majority of weeknights across all 6 dataset years, and the hour flips precisely on EU DST transition weekends. External corroboration: OLD_EXPORT_ALSO_MISSING.",HIGH,False
gapf_1903674_20260520_2358,2026-05-20 23:58:00,2026-05-21 01:00:00,2026-05-20 23:59:00,2026-05-21 00:59:00,62.0,61,Wednesday,Thursday,23:58,01:00,2026,5,FINAL_TEST,SUSPICIOUS_INTRASESSION,EXPECTED_DAILY_SESSION_BREAK,Recurring nightly broker maintenance/session break.,"2026-05-20 23:58:00 -> 2026-05-21 01:00:00: ~62min nightly pause, standard-time (hour 23->01) variant; this exact close/reopen-hour pair recurs on the vast majority of weeknights across all 6 dataset years, and the hour flips precisely on EU DST transition weekends. External corroboration: OLD_EXPORT_ALSO_MISSING.",HIGH,False
gapf_1905053_20260521_2358,2026-05-21 23:58:00,2026-05-22 01:00:00,2026-05-21 23:59:00,2026-05-22 00:59:00,62.0,61,Thursday,Friday,23:58,01:00,2026,5,FINAL_TEST,SUSPICIOUS_INTRASESSION,EXPECTED_DAILY_SESSION_BREAK,Recurring nightly broker maintenance/session break.,"2026-05-21 23:58:00 -> 2026-05-22 01:00:00: ~62min nightly pause, standard-time (hour 23->01) variant; this exact close/reopen-hour pair recurs on the vast majority of weeknights across all 6 dataset years, and the hour flips precisely on EU DST transition weekends. External corroboration: OLD_EXPORT_ALSO_MISSING.",HIGH,False
gapf_1906431_20260522_2357,2026-05-22 23:57:00,2026-05-25 01:00:00,2026-05-22 23:58:00,2026-05-25 00:59:00,2943.0,2942,Friday,Monday,23:57,01:00,2026,5,FINAL_TEST,EXPECTED_WEEKEND,EXPECTED_WEEKEND,Recurring Friday-to-Monday/Tuesday weekend market closure.,"Friday 23:57 close -> Monday 01:00 reopen, delta=2943min; matches the dataset-wide weekend closure pattern observed on every trading week.",HIGH,False
gapf_1907656_20260525_2124,2026-05-25 21:24:00,2026-05-26 01:00:00,2026-05-25 21:25:00,2026-05-26 00:59:00,216.0,215,Monday,Tuesday,21:24,01:00,2026,5,FINAL_TEST,SUSPICIOUS_INTRASESSION,EXPECTED_HOLIDAY_OR_CLOSURE,US federal market holiday early close (MEMORIAL_DAY).,"2026-05-25 21:24:00 matches computed US federal holiday date (MEMORIAL_DAY); early close at 21:24 UTC, reopen 01:00 UTC next day; recurring pattern observed across multiple dataset years. External corroboration: OLD_EXPORT_ALSO_MISSING.",HIGH,False
gapf_1909035_20260526_2358,2026-05-26 23:58:00,2026-05-27 01:00:00,2026-05-26 23:59:00,2026-05-27 00:59:00,62.0,61,Tuesday,Wednesday,23:58,01:00,2026,5,FINAL_TEST,SUSPICIOUS_INTRASESSION,EXPECTED_DAILY_SESSION_BREAK,Recurring nightly broker maintenance/session break.,"2026-05-26 23:58:00 -> 2026-05-27 01:00:00: ~62min nightly pause, standard-time (hour 23->01) variant; this exact close/reopen-hour pair recurs on the vast majority of weeknights across all 6 dataset years, and the hour flips precisely on EU DST transition weekends. External corroboration: OLD_EXPORT_ALSO_MISSING.",HIGH,False
gapf_1909036_20260527_0100,2026-05-27 01:00:00,2026-05-27 01:02:00,2026-05-27 01:01:00,2026-05-27 01:01:00,2.0,1,Wednesday,Wednesday,01:00,01:02,2026,5,FINAL_TEST,LIKELY_PROVIDER_HISTORY_GAP,LIKELY_PROVIDER_HISTORY_GAP,"Isolated small active-session gap, no recurring pattern.","2026-05-27 01:00:00 -> 2026-05-27 01:02:00: isolated 1-bar active-session gap; does not match weekend, session-break, or holiday patterns; below the empirically observed natural break in the missing-bar distribution (no residual gap observed between 9 and 214 missing bars). External corroboration: OLD_EXPORT_ALSO_MISSING.",HIGH,False
gapf_1910413_20260527_2358,2026-05-27 23:58:00,2026-05-28 01:00:00,2026-05-27 23:59:00,2026-05-28 00:59:00,62.0,61,Wednesday,Thursday,23:58,01:00,2026,5,FINAL_TEST,SUSPICIOUS_INTRASESSION,EXPECTED_DAILY_SESSION_BREAK,Recurring nightly broker maintenance/session break.,"2026-05-27 23:58:00 -> 2026-05-28 01:00:00: ~62min nightly pause, standard-time (hour 23->01) variant; this exact close/reopen-hour pair recurs on the vast majority of weeknights across all 6 dataset years, and the hour flips precisely on EU DST transition weekends. External corroboration: OLD_EXPORT_ALSO_MISSING.",HIGH,False
gapf_1911792_20260528_2358,2026-05-28 23:58:00,2026-05-29 01:00:00,2026-05-28 23:59:00,2026-05-29 00:59:00,62.0,61,Thursday,Friday,23:58,01:00,2026,5,FINAL_TEST,SUSPICIOUS_INTRASESSION,EXPECTED_DAILY_SESSION_BREAK,Recurring nightly broker maintenance/session break.,"2026-05-28 23:58:00 -> 2026-05-29 01:00:00: ~62min nightly pause, standard-time (hour 23->01) variant; this exact close/reopen-hour pair recurs on the vast majority of weeknights across all 6 dataset years, and the hour flips precisely on EU DST transition weekends. External corroboration: OLD_EXPORT_ALSO_MISSING.",HIGH,False
gapf_1913170_20260529_2357,2026-05-29 23:57:00,2026-06-01 01:00:00,2026-05-29 23:58:00,2026-06-01 00:59:00,2943.0,2942,Friday,Monday,23:57,01:00,2026,5,FINAL_TEST,EXPECTED_WEEKEND,EXPECTED_WEEKEND,Recurring Friday-to-Monday/Tuesday weekend market closure.,"Friday 23:57 close -> Monday 01:00 reopen, delta=2943min; matches the dataset-wide weekend closure pattern observed on every trading week.",HIGH,False
gapf_1914549_20260601_2358,2026-06-01 23:58:00,2026-06-02 01:00:00,2026-06-01 23:59:00,2026-06-02 00:59:00,62.0,61,Monday,Tuesday,23:58,01:00,2026,6,FINAL_TEST,SUSPICIOUS_INTRASESSION,EXPECTED_DAILY_SESSION_BREAK,Recurring nightly broker maintenance/session break.,"2026-06-01 23:58:00 -> 2026-06-02 01:00:00: ~62min nightly pause, standard-time (hour 23->01) variant; this exact close/reopen-hour pair recurs on the vast majority of weeknights across all 6 dataset years, and the hour flips precisely on EU DST transition weekends. External corroboration: OLD_EXPORT_ALSO_MISSING.",HIGH,False
gapf_1915928_20260602_2358,2026-06-02 23:58:00,2026-06-03 01:00:00,2026-06-02 23:59:00,2026-06-03 00:59:00,62.0,61,Tuesday,Wednesday,23:58,01:00,2026,6,FINAL_TEST,SUSPICIOUS_INTRASESSION,EXPECTED_DAILY_SESSION_BREAK,Recurring nightly broker maintenance/session break.,"2026-06-02 23:58:00 -> 2026-06-03 01:00:00: ~62min nightly pause, standard-time (hour 23->01) variant; this exact close/reopen-hour pair recurs on the vast majority of weeknights across all 6 dataset years, and the hour flips precisely on EU DST transition weekends. External corroboration: OLD_EXPORT_ALSO_MISSING.",HIGH,False
gapf_1917307_20260603_2358,2026-06-03 23:58:00,2026-06-04 01:00:00,2026-06-03 23:59:00,2026-06-04 00:59:00,62.0,61,Wednesday,Thursday,23:58,01:00,2026,6,FINAL_TEST,SUSPICIOUS_INTRASESSION,EXPECTED_DAILY_SESSION_BREAK,Recurring nightly broker maintenance/session break.,"2026-06-03 23:58:00 -> 2026-06-04 01:00:00: ~62min nightly pause, standard-time (hour 23->01) variant; this exact close/reopen-hour pair recurs on the vast majority of weeknights across all 6 dataset years, and the hour flips precisely on EU DST transition weekends. External corroboration: OLD_EXPORT_ALSO_MISSING.",HIGH,False
gapf_1918686_20260604_2358,2026-06-04 23:58:00,2026-06-05 01:00:00,2026-06-04 23:59:00,2026-06-05 00:59:00,62.0,61,Thursday,Friday,23:58,01:00,2026,6,FINAL_TEST,SUSPICIOUS_INTRASESSION,EXPECTED_DAILY_SESSION_BREAK,Recurring nightly broker maintenance/session break.,"2026-06-04 23:58:00 -> 2026-06-05 01:00:00: ~62min nightly pause, standard-time (hour 23->01) variant; this exact close/reopen-hour pair recurs on the vast majority of weeknights across all 6 dataset years, and the hour flips precisely on EU DST transition weekends. External corroboration: OLD_EXPORT_ALSO_MISSING.",HIGH,False
gapf_1920064_20260605_2357,2026-06-05 23:57:00,2026-06-08 01:00:00,2026-06-05 23:58:00,2026-06-08 00:59:00,2943.0,2942,Friday,Monday,23:57,01:00,2026,6,FINAL_TEST,EXPECTED_WEEKEND,EXPECTED_WEEKEND,Recurring Friday-to-Monday/Tuesday weekend market closure.,"Friday 23:57 close -> Monday 01:00 reopen, delta=2943min; matches the dataset-wide weekend closure pattern observed on every trading week.",HIGH,False
gapf_1921443_20260608_2358,2026-06-08 23:58:00,2026-06-09 01:00:00,2026-06-08 23:59:00,2026-06-09 00:59:00,62.0,61,Monday,Tuesday,23:58,01:00,2026,6,FINAL_TEST,SUSPICIOUS_INTRASESSION,EXPECTED_DAILY_SESSION_BREAK,Recurring nightly broker maintenance/session break.,"2026-06-08 23:58:00 -> 2026-06-09 01:00:00: ~62min nightly pause, standard-time (hour 23->01) variant; this exact close/reopen-hour pair recurs on the vast majority of weeknights across all 6 dataset years, and the hour flips precisely on EU DST transition weekends. External corroboration: OLD_EXPORT_ALSO_MISSING.",HIGH,False
gapf_1922822_20260609_2358,2026-06-09 23:58:00,2026-06-10 01:00:00,2026-06-09 23:59:00,2026-06-10 00:59:00,62.0,61,Tuesday,Wednesday,23:58,01:00,2026,6,FINAL_TEST,SUSPICIOUS_INTRASESSION,EXPECTED_DAILY_SESSION_BREAK,Recurring nightly broker maintenance/session break.,"2026-06-09 23:58:00 -> 2026-06-10 01:00:00: ~62min nightly pause, standard-time (hour 23->01) variant; this exact close/reopen-hour pair recurs on the vast majority of weeknights across all 6 dataset years, and the hour flips precisely on EU DST transition weekends. External corroboration: OLD_EXPORT_ALSO_MISSING.",HIGH,False
gapf_1924201_20260610_2358,2026-06-10 23:58:00,2026-06-11 01:00:00,2026-06-10 23:59:00,2026-06-11 00:59:00,62.0,61,Wednesday,Thursday,23:58,01:00,2026,6,FINAL_TEST,SUSPICIOUS_INTRASESSION,EXPECTED_DAILY_SESSION_BREAK,Recurring nightly broker maintenance/session break.,"2026-06-10 23:58:00 -> 2026-06-11 01:00:00: ~62min nightly pause, standard-time (hour 23->01) variant; this exact close/reopen-hour pair recurs on the vast majority of weeknights across all 6 dataset years, and the hour flips precisely on EU DST transition weekends. External corroboration: OLD_EXPORT_ALSO_MISSING.",HIGH,False
gapf_1925580_20260611_2358,2026-06-11 23:58:00,2026-06-12 01:00:00,2026-06-11 23:59:00,2026-06-12 00:59:00,62.0,61,Thursday,Friday,23:58,01:00,2026,6,FINAL_TEST,SUSPICIOUS_INTRASESSION,EXPECTED_DAILY_SESSION_BREAK,Recurring nightly broker maintenance/session break.,"2026-06-11 23:58:00 -> 2026-06-12 01:00:00: ~62min nightly pause, standard-time (hour 23->01) variant; this exact close/reopen-hour pair recurs on the vast majority of weeknights across all 6 dataset years, and the hour flips precisely on EU DST transition weekends. External corroboration: OLD_EXPORT_ALSO_MISSING.",HIGH,False
gapf_1926958_20260612_2357,2026-06-12 23:57:00,2026-06-15 01:00:00,2026-06-12 23:58:00,2026-06-15 00:59:00,2943.0,2942,Friday,Monday,23:57,01:00,2026,6,FINAL_TEST,EXPECTED_WEEKEND,EXPECTED_WEEKEND,Recurring Friday-to-Monday/Tuesday weekend market closure.,"Friday 23:57 close -> Monday 01:00 reopen, delta=2943min; matches the dataset-wide weekend closure pattern observed on every trading week.",HIGH,False
gapf_1928337_20260615_2358,2026-06-15 23:58:00,2026-06-16 01:00:00,2026-06-15 23:59:00,2026-06-16 00:59:00,62.0,61,Monday,Tuesday,23:58,01:00,2026,6,FINAL_TEST,SUSPICIOUS_INTRASESSION,EXPECTED_DAILY_SESSION_BREAK,Recurring nightly broker maintenance/session break.,"2026-06-15 23:58:00 -> 2026-06-16 01:00:00: ~62min nightly pause, standard-time (hour 23->01) variant; this exact close/reopen-hour pair recurs on the vast majority of weeknights across all 6 dataset years, and the hour flips precisely on EU DST transition weekends. External corroboration: OLD_EXPORT_ALSO_MISSING.",HIGH,False
gapf_1929716_20260616_2358,2026-06-16 23:58:00,2026-06-17 01:00:00,2026-06-16 23:59:00,2026-06-17 00:59:00,62.0,61,Tuesday,Wednesday,23:58,01:00,2026,6,FINAL_TEST,SUSPICIOUS_INTRASESSION,EXPECTED_DAILY_SESSION_BREAK,Recurring nightly broker maintenance/session break.,"2026-06-16 23:58:00 -> 2026-06-17 01:00:00: ~62min nightly pause, standard-time (hour 23->01) variant; this exact close/reopen-hour pair recurs on the vast majority of weeknights across all 6 dataset years, and the hour flips precisely on EU DST transition weekends. External corroboration: OLD_EXPORT_ALSO_MISSING.",HIGH,False
gapf_1931095_20260617_2358,2026-06-17 23:58:00,2026-06-18 01:00:00,2026-06-17 23:59:00,2026-06-18 00:59:00,62.0,61,Wednesday,Thursday,23:58,01:00,2026,6,FINAL_TEST,SUSPICIOUS_INTRASESSION,EXPECTED_DAILY_SESSION_BREAK,Recurring nightly broker maintenance/session break.,"2026-06-17 23:58:00 -> 2026-06-18 01:00:00: ~62min nightly pause, standard-time (hour 23->01) variant; this exact close/reopen-hour pair recurs on the vast majority of weeknights across all 6 dataset years, and the hour flips precisely on EU DST transition weekends. External corroboration: OLD_EXPORT_ALSO_MISSING.",HIGH,False
gapf_1932474_20260618_2358,2026-06-18 23:58:00,2026-06-19 01:00:00,2026-06-18 23:59:00,2026-06-19 00:59:00,62.0,61,Thursday,Friday,23:58,01:00,2026,6,FINAL_TEST,SUSPICIOUS_INTRASESSION,EXPECTED_DAILY_SESSION_BREAK,Recurring nightly broker maintenance/session break.,"2026-06-18 23:58:00 -> 2026-06-19 01:00:00: ~62min nightly pause, standard-time (hour 23->01) variant; this exact close/reopen-hour pair recurs on the vast majority of weeknights across all 6 dataset years, and the hour flips precisely on EU DST transition weekends. External corroboration: OLD_EXPORT_ALSO_MISSING.",HIGH,False
gapf_1933609_20260619_1954,2026-06-19 19:54:00,2026-06-22 01:00:00,2026-06-19 19:55:00,2026-06-22 00:59:00,3186.0,3185,Friday,Monday,19:54,01:00,2026,6,FINAL_TEST,EXPECTED_WEEKEND,EXPECTED_WEEKEND,Recurring Friday-to-Monday/Tuesday weekend market closure.,"Friday 19:54 close -> Monday 01:00 reopen, delta=3186min; matches the dataset-wide weekend closure pattern observed on every trading week.",HIGH,False
gapf_1934988_20260622_2358,2026-06-22 23:58:00,2026-06-23 01:00:00,2026-06-22 23:59:00,2026-06-23 00:59:00,62.0,61,Monday,Tuesday,23:58,01:00,2026,6,FINAL_TEST,SUSPICIOUS_INTRASESSION,EXPECTED_DAILY_SESSION_BREAK,Recurring nightly broker maintenance/session break.,"2026-06-22 23:58:00 -> 2026-06-23 01:00:00: ~62min nightly pause, standard-time (hour 23->01) variant; this exact close/reopen-hour pair recurs on the vast majority of weeknights across all 6 dataset years, and the hour flips precisely on EU DST transition weekends. External corroboration: OLD_EXPORT_ALSO_MISSING.",HIGH,False
gapf_1936367_20260623_2358,2026-06-23 23:58:00,2026-06-24 01:00:00,2026-06-23 23:59:00,2026-06-24 00:59:00,62.0,61,Tuesday,Wednesday,23:58,01:00,2026,6,FINAL_TEST,SUSPICIOUS_INTRASESSION,EXPECTED_DAILY_SESSION_BREAK,Recurring nightly broker maintenance/session break.,"2026-06-23 23:58:00 -> 2026-06-24 01:00:00: ~62min nightly pause, standard-time (hour 23->01) variant; this exact close/reopen-hour pair recurs on the vast majority of weeknights across all 6 dataset years, and the hour flips precisely on EU DST transition weekends. External corroboration: OLD_EXPORT_ALSO_MISSING.",HIGH,False
gapf_1937746_20260624_2358,2026-06-24 23:58:00,2026-06-25 01:00:00,2026-06-24 23:59:00,2026-06-25 00:59:00,62.0,61,Wednesday,Thursday,23:58,01:00,2026,6,FINAL_TEST,SUSPICIOUS_INTRASESSION,EXPECTED_DAILY_SESSION_BREAK,Recurring nightly broker maintenance/session break.,"2026-06-24 23:58:00 -> 2026-06-25 01:00:00: ~62min nightly pause, standard-time (hour 23->01) variant; this exact close/reopen-hour pair recurs on the vast majority of weeknights across all 6 dataset years, and the hour flips precisely on EU DST transition weekends. External corroboration: OLD_EXPORT_ALSO_MISSING.",HIGH,False
gapf_1939125_20260625_2358,2026-06-25 23:58:00,2026-06-26 01:00:00,2026-06-25 23:59:00,2026-06-26 00:59:00,62.0,61,Thursday,Friday,23:58,01:00,2026,6,FINAL_TEST,SUSPICIOUS_INTRASESSION,EXPECTED_DAILY_SESSION_BREAK,Recurring nightly broker maintenance/session break.,"2026-06-25 23:58:00 -> 2026-06-26 01:00:00: ~62min nightly pause, standard-time (hour 23->01) variant; this exact close/reopen-hour pair recurs on the vast majority of weeknights across all 6 dataset years, and the hour flips precisely on EU DST transition weekends. External corroboration: OLD_EXPORT_ALSO_MISSING.",HIGH,False
gapf_1940503_20260626_2357,2026-06-26 23:57:00,2026-06-29 01:00:00,2026-06-26 23:58:00,2026-06-29 00:59:00,2943.0,2942,Friday,Monday,23:57,01:00,2026,6,FINAL_TEST,EXPECTED_WEEKEND,EXPECTED_WEEKEND,Recurring Friday-to-Monday/Tuesday weekend market closure.,"Friday 23:57 close -> Monday 01:00 reopen, delta=2943min; matches the dataset-wide weekend closure pattern observed on every trading week.",HIGH,False
gapf_1941882_20260629_2358,2026-06-29 23:58:00,2026-06-30 01:00:00,2026-06-29 23:59:00,2026-06-30 00:59:00,62.0,61,Monday,Tuesday,23:58,01:00,2026,6,FINAL_TEST,SUSPICIOUS_INTRASESSION,EXPECTED_DAILY_SESSION_BREAK,Recurring nightly broker maintenance/session break.,"2026-06-29 23:58:00 -> 2026-06-30 01:00:00: ~62min nightly pause, standard-time (hour 23->01) variant; this exact close/reopen-hour pair recurs on the vast majority of weeknights across all 6 dataset years, and the hour flips precisely on EU DST transition weekends. External corroboration: OLD_EXPORT_ALSO_MISSING.",HIGH,False
gapf_1943261_20260630_2358,2026-06-30 23:58:00,2026-07-01 01:00:00,2026-06-30 23:59:00,2026-07-01 00:59:00,62.0,61,Tuesday,Wednesday,23:58,01:00,2026,6,FINAL_TEST,SUSPICIOUS_INTRASESSION,EXPECTED_DAILY_SESSION_BREAK,Recurring nightly broker maintenance/session break.,"2026-06-30 23:58:00 -> 2026-07-01 01:00:00: ~62min nightly pause, standard-time (hour 23->01) variant; this exact close/reopen-hour pair recurs on the vast majority of weeknights across all 6 dataset years, and the hour flips precisely on EU DST transition weekends. External corroboration: OLD_EXPORT_ALSO_MISSING.",HIGH,False
gapf_1944640_20260701_2358,2026-07-01 23:58:00,2026-07-02 01:00:00,2026-07-01 23:59:00,2026-07-02 00:59:00,62.0,61,Wednesday,Thursday,23:58,01:00,2026,7,FINAL_TEST,SUSPICIOUS_INTRASESSION,EXPECTED_DAILY_SESSION_BREAK,Recurring nightly broker maintenance/session break.,"2026-07-01 23:58:00 -> 2026-07-02 01:00:00: ~62min nightly pause, standard-time (hour 23->01) variant; this exact close/reopen-hour pair recurs on the vast majority of weeknights across all 6 dataset years, and the hour flips precisely on EU DST transition weekends. External corroboration: OLD_EXPORT_ALSO_MISSING.",HIGH,False
gapf_1946019_20260702_2358,2026-07-02 23:58:00,2026-07-03 01:00:00,2026-07-02 23:59:00,2026-07-03 00:59:00,62.0,61,Thursday,Friday,23:58,01:00,2026,7,FINAL_TEST,SUSPICIOUS_INTRASESSION,EXPECTED_DAILY_SESSION_BREAK,Recurring nightly broker maintenance/session break.,"2026-07-02 23:58:00 -> 2026-07-03 01:00:00: ~62min nightly pause, standard-time (hour 23->01) variant; this exact close/reopen-hour pair recurs on the vast majority of weeknights across all 6 dataset years, and the hour flips precisely on EU DST transition weekends. External corroboration: OLD_EXPORT_ALSO_MISSING.",HIGH,False
gapf_1947154_20260703_1954,2026-07-03 19:54:00,2026-07-06 01:00:00,2026-07-03 19:55:00,2026-07-06 00:59:00,3186.0,3185,Friday,Monday,19:54,01:00,2026,7,FINAL_TEST,EXPECTED_WEEKEND,EXPECTED_WEEKEND,Recurring Friday-to-Monday/Tuesday weekend market closure.,"Friday 19:54 close -> Monday 01:00 reopen, delta=3186min; matches the dataset-wide weekend closure pattern observed on every trading week.",HIGH,False
gapf_1948533_20260706_2358,2026-07-06 23:58:00,2026-07-07 01:00:00,2026-07-06 23:59:00,2026-07-07 00:59:00,62.0,61,Monday,Tuesday,23:58,01:00,2026,7,FINAL_TEST,SUSPICIOUS_INTRASESSION,EXPECTED_DAILY_SESSION_BREAK,Recurring nightly broker maintenance/session break.,"2026-07-06 23:58:00 -> 2026-07-07 01:00:00: ~62min nightly pause, standard-time (hour 23->01) variant; this exact close/reopen-hour pair recurs on the vast majority of weeknights across all 6 dataset years, and the hour flips precisely on EU DST transition weekends. External corroboration: OLD_EXPORT_ALSO_MISSING.",HIGH,False
gapf_1949912_20260707_2358,2026-07-07 23:58:00,2026-07-08 01:00:00,2026-07-07 23:59:00,2026-07-08 00:59:00,62.0,61,Tuesday,Wednesday,23:58,01:00,2026,7,FINAL_TEST,SUSPICIOUS_INTRASESSION,EXPECTED_DAILY_SESSION_BREAK,Recurring nightly broker maintenance/session break.,"2026-07-07 23:58:00 -> 2026-07-08 01:00:00: ~62min nightly pause, standard-time (hour 23->01) variant; this exact close/reopen-hour pair recurs on the vast majority of weeknights across all 6 dataset years, and the hour flips precisely on EU DST transition weekends. External corroboration: OLD_EXPORT_ALSO_MISSING.",HIGH,False
gapf_1951291_20260708_2358,2026-07-08 23:58:00,2026-07-09 01:00:00,2026-07-08 23:59:00,2026-07-09 00:59:00,62.0,61,Wednesday,Thursday,23:58,01:00,2026,7,FINAL_TEST,SUSPICIOUS_INTRASESSION,EXPECTED_DAILY_SESSION_BREAK,Recurring nightly broker maintenance/session break.,"2026-07-08 23:58:00 -> 2026-07-09 01:00:00: ~62min nightly pause, standard-time (hour 23->01) variant; this exact close/reopen-hour pair recurs on the vast majority of weeknights across all 6 dataset years, and the hour flips precisely on EU DST transition weekends. External corroboration: OLD_EXPORT_ALSO_MISSING.",HIGH,False
gapf_1952670_20260709_2358,2026-07-09 23:58:00,2026-07-10 01:00:00,2026-07-09 23:59:00,2026-07-10 00:59:00,62.0,61,Thursday,Friday,23:58,01:00,2026,7,FINAL_TEST,SUSPICIOUS_INTRASESSION,EXPECTED_DAILY_SESSION_BREAK,Recurring nightly broker maintenance/session break.,"2026-07-09 23:58:00 -> 2026-07-10 01:00:00: ~62min nightly pause, standard-time (hour 23->01) variant; this exact close/reopen-hour pair recurs on the vast majority of weeknights across all 6 dataset years, and the hour flips precisely on EU DST transition weekends. External corroboration: OLD_EXPORT_ALSO_MISSING.",HIGH,False
gapf_1954048_20260710_2357,2026-07-10 23:57:00,2026-07-13 01:00:00,2026-07-10 23:58:00,2026-07-13 00:59:00,2943.0,2942,Friday,Monday,23:57,01:00,2026,7,FINAL_TEST,EXPECTED_WEEKEND,EXPECTED_WEEKEND,Recurring Friday-to-Monday/Tuesday weekend market closure.,"Friday 23:57 close -> Monday 01:00 reopen, delta=2943min; matches the dataset-wide weekend closure pattern observed on every trading week.",HIGH,False
gapf_1955427_20260713_2358,2026-07-13 23:58:00,2026-07-14 01:00:00,2026-07-13 23:59:00,2026-07-14 00:59:00,62.0,61,Monday,Tuesday,23:58,01:00,2026,7,FINAL_TEST,SUSPICIOUS_INTRASESSION,EXPECTED_DAILY_SESSION_BREAK,Recurring nightly broker maintenance/session break.,"2026-07-13 23:58:00 -> 2026-07-14 01:00:00: ~62min nightly pause, standard-time (hour 23->01) variant; this exact close/reopen-hour pair recurs on the vast majority of weeknights across all 6 dataset years, and the hour flips precisely on EU DST transition weekends. External corroboration: OLD_EXPORT_ALSO_MISSING.",HIGH,False
gapf_1956806_20260714_2358,2026-07-14 23:58:00,2026-07-15 01:00:00,2026-07-14 23:59:00,2026-07-15 00:59:00,62.0,61,Tuesday,Wednesday,23:58,01:00,2026,7,FINAL_TEST,SUSPICIOUS_INTRASESSION,EXPECTED_DAILY_SESSION_BREAK,Recurring nightly broker maintenance/session break.,"2026-07-14 23:58:00 -> 2026-07-15 01:00:00: ~62min nightly pause, standard-time (hour 23->01) variant; this exact close/reopen-hour pair recurs on the vast majority of weeknights across all 6 dataset years, and the hour flips precisely on EU DST transition weekends. External corroboration: OLD_EXPORT_ALSO_MISSING.",HIGH,False
gapf_1958185_20260715_2358,2026-07-15 23:58:00,2026-07-16 01:00:00,2026-07-15 23:59:00,2026-07-16 00:59:00,62.0,61,Wednesday,Thursday,23:58,01:00,2026,7,FINAL_TEST,SUSPICIOUS_INTRASESSION,EXPECTED_DAILY_SESSION_BREAK,Recurring nightly broker maintenance/session break.,"2026-07-15 23:58:00 -> 2026-07-16 01:00:00: ~62min nightly pause, standard-time (hour 23->01) variant; this exact close/reopen-hour pair recurs on the vast majority of weeknights across all 6 dataset years, and the hour flips precisely on EU DST transition weekends. External corroboration: OLD_EXPORT_ALSO_MISSING.",HIGH,False
gapf_1959564_20260716_2358,2026-07-16 23:58:00,2026-07-17 01:00:00,2026-07-16 23:59:00,2026-07-17 00:59:00,62.0,61,Thursday,Friday,23:58,01:00,2026,7,FINAL_TEST,SUSPICIOUS_INTRASESSION,EXPECTED_DAILY_SESSION_BREAK,Recurring nightly broker maintenance/session break.,"2026-07-16 23:58:00 -> 2026-07-17 01:00:00: ~62min nightly pause, standard-time (hour 23->01) variant; this exact close/reopen-hour pair recurs on the vast majority of weeknights across all 6 dataset years, and the hour flips precisely on EU DST transition weekends. External corroboration: OLD_EXPORT_ALSO_MISSING.",HIGH,False
gapf_1960942_20260717_2357,2026-07-17 23:57:00,2026-07-20 01:00:00,2026-07-17 23:58:00,2026-07-20 00:59:00,2943.0,2942,Friday,Monday,23:57,01:00,2026,7,FINAL_TEST,EXPECTED_WEEKEND,EXPECTED_WEEKEND,Recurring Friday-to-Monday/Tuesday weekend market closure.,"Friday 23:57 close -> Monday 01:00 reopen, delta=2943min; matches the dataset-wide weekend closure pattern observed on every trading week.",HIGH,False
gapf_1962321_20260720_2358,2026-07-20 23:58:00,2026-07-21 01:00:00,2026-07-20 23:59:00,2026-07-21 00:59:00,62.0,61,Monday,Tuesday,23:58,01:00,2026,7,FINAL_TEST,SUSPICIOUS_INTRASESSION,EXPECTED_DAILY_SESSION_BREAK,Recurring nightly broker maintenance/session break.,"2026-07-20 23:58:00 -> 2026-07-21 01:00:00: ~62min nightly pause, standard-time (hour 23->01) variant; this exact close/reopen-hour pair recurs on the vast majority of weeknights across all 6 dataset years, and the hour flips precisely on EU DST transition weekends. External corroboration: OLD_EXPORT_ALSO_MISSING.",HIGH,False
gapf_1963700_20260721_2358,2026-07-21 23:58:00,2026-07-22 01:00:00,2026-07-21 23:59:00,2026-07-22 00:59:00,62.0,61,Tuesday,Wednesday,23:58,01:00,2026,7,FINAL_TEST,SUSPICIOUS_INTRASESSION,EXPECTED_DAILY_SESSION_BREAK,Recurring nightly broker maintenance/session break.,"2026-07-21 23:58:00 -> 2026-07-22 01:00:00: ~62min nightly pause, standard-time (hour 23->01) variant; this exact close/reopen-hour pair recurs on the vast majority of weeknights across all 6 dataset years, and the hour flips precisely on EU DST transition weekends. External corroboration: OLD_EXPORT_ALSO_MISSING.",HIGH,False
gapf_1965079_20260722_2358,2026-07-22 23:58:00,2026-07-23 01:00:00,2026-07-22 23:59:00,2026-07-23 00:59:00,62.0,61,Wednesday,Thursday,23:58,01:00,2026,7,FINAL_TEST,SUSPICIOUS_INTRASESSION,EXPECTED_DAILY_SESSION_BREAK,Recurring nightly broker maintenance/session break.,"2026-07-22 23:58:00 -> 2026-07-23 01:00:00: ~62min nightly pause, standard-time (hour 23->01) variant; this exact close/reopen-hour pair recurs on the vast majority of weeknights across all 6 dataset years, and the hour flips precisely on EU DST transition weekends. External corroboration: OLD_EXPORT_ALSO_MISSING.",HIGH,False
gapf_1966458_20260723_2358,2026-07-23 23:58:00,2026-07-24 01:00:00,2026-07-23 23:59:00,2026-07-24 00:59:00,62.0,61,Thursday,Friday,23:58,01:00,2026,7,FINAL_TEST,SUSPICIOUS_INTRASESSION,EXPECTED_DAILY_SESSION_BREAK,Recurring nightly broker maintenance/session break.,"2026-07-23 23:58:00 -> 2026-07-24 01:00:00: ~62min nightly pause, standard-time (hour 23->01) variant; this exact close/reopen-hour pair recurs on the vast majority of weeknights across all 6 dataset years, and the hour flips precisely on EU DST transition weekends. External corroboration: OLD_EXPORT_ALSO_MISSING.",HIGH,False
gapf_1967836_20260724_2357,2026-07-24 23:57:00,2026-07-27 01:00:00,2026-07-24 23:58:00,2026-07-27 00:59:00,2943.0,2942,Friday,Monday,23:57,01:00,2026,7,FINAL_TEST,EXPECTED_WEEKEND,EXPECTED_WEEKEND,Recurring Friday-to-Monday/Tuesday weekend market closure.,"Friday 23:57 close -> Monday 01:00 reopen, delta=2943min; matches the dataset-wide weekend closure pattern observed on every trading week.",HIGH,False
gapf_1969215_20260727_2358,2026-07-27 23:58:00,2026-07-28 01:00:00,2026-07-27 23:59:00,2026-07-28 00:59:00,62.0,61,Monday,Tuesday,23:58,01:00,2026,7,FINAL_TEST,SUSPICIOUS_INTRASESSION,EXPECTED_DAILY_SESSION_BREAK,Recurring nightly broker maintenance/session break.,"2026-07-27 23:58:00 -> 2026-07-28 01:00:00: ~62min nightly pause, standard-time (hour 23->01) variant; this exact close/reopen-hour pair recurs on the vast majority of weeknights across all 6 dataset years, and the hour flips precisely on EU DST transition weekends.",MEDIUM,False
gapf_1970594_20260728_2358,2026-07-28 23:58:00,2026-07-29 01:00:00,2026-07-28 23:59:00,2026-07-29 00:59:00,62.0,61,Tuesday,Wednesday,23:58,01:00,2026,7,FINAL_TEST,SUSPICIOUS_INTRASESSION,EXPECTED_DAILY_SESSION_BREAK,Recurring nightly broker maintenance/session break.,"2026-07-28 23:58:00 -> 2026-07-29 01:00:00: ~62min nightly pause, standard-time (hour 23->01) variant; this exact close/reopen-hour pair recurs on the vast majority of weeknights across all 6 dataset years, and the hour flips precisely on EU DST transition weekends.",MEDIUM,False
gapf_1971973_20260729_2358,2026-07-29 23:58:00,2026-07-30 01:00:00,2026-07-29 23:59:00,2026-07-30 00:59:00,62.0,61,Wednesday,Thursday,23:58,01:00,2026,7,FINAL_TEST,SUSPICIOUS_INTRASESSION,EXPECTED_DAILY_SESSION_BREAK,Recurring nightly broker maintenance/session break.,"2026-07-29 23:58:00 -> 2026-07-30 01:00:00: ~62min nightly pause, standard-time (hour 23->01) variant; this exact close/reopen-hour pair recurs on the vast majority of weeknights across all 6 dataset years, and the hour flips precisely on EU DST transition weekends.",MEDIUM,False
gapf_1973352_20260730_2358,2026-07-30 23:58:00,2026-07-31 01:00:00,2026-07-30 23:59:00,2026-07-31 00:59:00,62.0,61,Thursday,Friday,23:58,01:00,2026,7,FINAL_TEST,SUSPICIOUS_INTRASESSION,EXPECTED_DAILY_SESSION_BREAK,Recurring nightly broker maintenance/session break.,"2026-07-30 23:58:00 -> 2026-07-31 01:00:00: ~62min nightly pause, standard-time (hour 23->01) variant; this exact close/reopen-hour pair recurs on the vast majority of weeknights across all 6 dataset years, and the hour flips precisely on EU DST transition weekends.",MEDIUM,False
gapf_1974730_20260731_2357,2026-07-31 23:57:00,2026-08-03 01:00:00,2026-07-31 23:58:00,2026-08-03 00:59:00,2943.0,2942,Friday,Monday,23:57,01:00,2026,7,FINAL_TEST,EXPECTED_WEEKEND,EXPECTED_WEEKEND,Recurring Friday-to-Monday/Tuesday weekend market closure.,"Friday 23:57 close -> Monday 01:00 reopen, delta=2943min; matches the dataset-wide weekend closure pattern observed on every trading week.",HIGH,False
gapf_1976109_20260803_2358,2026-08-03 23:58:00,2026-08-04 01:00:00,2026-08-03 23:59:00,2026-08-04 00:59:00,62.0,61,Monday,Tuesday,23:58,01:00,2026,8,FINAL_TEST,SUSPICIOUS_INTRASESSION,EXPECTED_DAILY_SESSION_BREAK,Recurring nightly broker maintenance/session break.,"2026-08-03 23:58:00 -> 2026-08-04 01:00:00: ~62min nightly pause, standard-time (hour 23->01) variant; this exact close/reopen-hour pair recurs on the vast majority of weeknights across all 6 dataset years, and the hour flips precisely on EU DST transition weekends.",MEDIUM,False
gapf_1977488_20260804_2358,2026-08-04 23:58:00,2026-08-05 01:00:00,2026-08-04 23:59:00,2026-08-05 00:59:00,62.0,61,Tuesday,Wednesday,23:58,01:00,2026,8,FINAL_TEST,SUSPICIOUS_INTRASESSION,EXPECTED_DAILY_SESSION_BREAK,Recurring nightly broker maintenance/session break.,"2026-08-04 23:58:00 -> 2026-08-05 01:00:00: ~62min nightly pause, standard-time (hour 23->01) variant; this exact close/reopen-hour pair recurs on the vast majority of weeknights across all 6 dataset years, and the hour flips precisely on EU DST transition weekends.",MEDIUM,False
gapf_1978867_20260805_2358,2026-08-05 23:58:00,2026-08-06 01:00:00,2026-08-05 23:59:00,2026-08-06 00:59:00,62.0,61,Wednesday,Thursday,23:58,01:00,2026,8,FINAL_TEST,SUSPICIOUS_INTRASESSION,EXPECTED_DAILY_SESSION_BREAK,Recurring nightly broker maintenance/session break.,"2026-08-05 23:58:00 -> 2026-08-06 01:00:00: ~62min nightly pause, standard-time (hour 23->01) variant; this exact close/reopen-hour pair recurs on the vast majority of weeknights across all 6 dataset years, and the hour flips precisely on EU DST transition weekends.",MEDIUM,False
gapf_1980246_20260806_2358,2026-08-06 23:58:00,2026-08-07 01:00:00,2026-08-06 23:59:00,2026-08-07 00:59:00,62.0,61,Thursday,Friday,23:58,01:00,2026,8,FINAL_TEST,SUSPICIOUS_INTRASESSION,EXPECTED_DAILY_SESSION_BREAK,Recurring nightly broker maintenance/session break.,"2026-08-06 23:58:00 -> 2026-08-07 01:00:00: ~62min nightly pause, standard-time (hour 23->01) variant; this exact close/reopen-hour pair recurs on the vast majority of weeknights across all 6 dataset years, and the hour flips precisely on EU DST transition weekends.",MEDIUM,False
