# run_classification=TRAIN_DISCOVERY_INCOMPLETE|PARTIAL_REAL_SMOKE
# dataset_id=V2_M1_LIVE_DATASET_V1
# dataset_fingerprint=8f5a20fd6b77dbebcfcf756b16e670cfb39712ff3e2b18a59f49073bd189e042
# experiment_fingerprint=4bae11977a441bb0a160eb8bf8258a325909968e3f303210e28847936946acca
timestamp_utc,thesis_id,candidate_id,passport_id,direction,parent_timeframe,candidate_timeframe,entry,stop_loss,take_profit,state,entry_touch_timestamp,outcome_timestamp,outcome,mae_r,mfe_r
2021-01-04 01:30:00,th_c6a3fea6cfabf2b7,cand_M5_th_c6a3fea6cfabf2b7_2021-01-04 01:30:00,pass_d4bbd3b8b2c9678d,LONG,M30,M5,1802.20,1792.20,1822.20,TARGET_REACHED,2021-01-04 01:30:00,2021-01-04 04:29:00,TARGET_REACHED,0.05,2.01
2021-01-04 01:30:00,th_c6a3fea6cfabf2b7,cand_M3_th_c6a3fea6cfabf2b7_2021-01-04 01:30:00,pass_266dd5738b2083af,LONG,M30,M3,1802.20,1792.20,1822.20,TARGET_REACHED,2021-01-04 01:30:00,2021-01-04 04:29:00,TARGET_REACHED,0.05,2.01
2021-01-04 01:33:00,th_c6a3fea6cfabf2b7,cand_M3_th_c6a3fea6cfabf2b7_2021-01-04 01:33:00,pass_57146c7f96276df6,LONG,M30,M3,1802.50,1792.50,1822.50,TARGET_REACHED,2021-01-04 01:33:00,2021-01-04 04:32:00,TARGET_REACHED,0.05,2.01
2021-01-04 01:35:00,th_c6a3fea6cfabf2b7,cand_M5_th_c6a3fea6cfabf2b7_2021-01-04 01:35:00,pass_f4ae26eb682ebb50,LONG,M30,M5,1802.70,1792.70,1822.70,TARGET_REACHED,2021-01-04 01:35:00,2021-01-04 04:34:00,TARGET_REACHED,0.05,2.01
2021-01-04 01:36:00,th_c6a3fea6cfabf2b7,cand_M3_th_c6a3fea6cfabf2b7_2021-01-04 01:36:00,pass_2096d78d6c9d2e00,LONG,M30,M3,1802.80,1792.80,1822.80,TARGET_REACHED,2021-01-04 01:36:00,2021-01-04 04:35:00,TARGET_REACHED,0.05,2.01
2021-01-04 01:39:00,th_c6a3fea6cfabf2b7,cand_M3_th_c6a3fea6cfabf2b7_2021-01-04 01:39:00,pass_1b6ed19af302cfed,LONG,M30,M3,1803.10,1793.10,1823.10,TARGET_REACHED,2021-01-04 01:39:00,2021-01-04 04:38:00,TARGET_REACHED,0.05,2.01
2021-01-04 01:40:00,th_c6a3fea6cfabf2b7,cand_M5_th_c6a3fea6cfabf2b7_2021-01-04 01:40:00,pass_97ec8f946cfad9c3,LONG,M30,M5,1803.20,1793.20,1823.20,TARGET_REACHED,2021-01-04 01:40:00,2021-01-04 04:39:00,TARGET_REACHED,0.05,2.01
2021-01-04 01:42:00,th_c6a3fea6cfabf2b7,cand_M3_th_c6a3fea6cfabf2b7_2021-01-04 01:42:00,pass_2c3a9c7cfa2f360c,LONG,M30,M3,1803.40,1793.40,1823.40,TARGET_REACHED,2021-01-04 01:42:00,2021-01-04 04:41:00,TARGET_REACHED,0.05,2.01
2021-01-04 01:45:00,th_c6a3fea6cfabf2b7,cand_M5_th_c6a3fea6cfabf2b7_2021-01-04 01:45:00,pass_511f76c76d507e88,LONG,M30,M5,1803.70,1793.70,1823.70,TARGET_REACHED,2021-01-04 01:45:00,2021-01-04 04:44:00,TARGET_REACHED,0.05,2.01
2021-01-04 01:45:00,th_c6a3fea6cfabf2b7,cand_M3_th_c6a3fea6cfabf2b7_2021-01-04 01:45:00,pass_ae7b875fea3aaf84,LONG,M30,M3,1803.70,1793.70,1823.70,TARGET_REACHED,2021-01-04 01:45:00,2021-01-04 04:44:00,TARGET_REACHED,0.05,2.01
2021-01-04 01:48:00,th_c6a3fea6cfabf2b7,cand_M3_th_c6a3fea6cfabf2b7_2021-01-04 01:48:00,pass_117568126ebc76c5,LONG,M30,M3,1804.00,1794.00,1824.00,TARGET_REACHED,2021-01-04 01:48:00,2021-01-04 04:47:00,TARGET_REACHED,0.05,2.01
2021-01-04 01:50:00,th_c6a3fea6cfabf2b7,cand_M5_th_c6a3fea6cfabf2b7_2021-01-04 01:50:00,pass_1b26f7dc51f18021,LONG,M30,M5,1804.20,1794.20,1824.20,TARGET_REACHED,2021-01-04 01:50:00,2021-01-04 04:49:00,TARGET_REACHED,0.05,2.01
2021-01-04 01:51:00,th_c6a3fea6cfabf2b7,cand_M3_th_c6a3fea6cfabf2b7_2021-01-04 01:51:00,pass_3c61f270b2f3fdd7,LONG,M30,M3,1804.30,1794.30,1824.30,TARGET_REACHED,2021-01-04 01:51:00,2021-01-04 04:50:00,TARGET_REACHED,0.05,2.01
2021-01-04 01:54:00,th_c6a3fea6cfabf2b7,cand_M3_th_c6a3fea6cfabf2b7_2021-01-04 01:54:00,pass_0cf63c03f09eeb02,LONG,M30,M3,1804.60,1794.60,1824.60,TARGET_REACHED,2021-01-04 01:54:00,2021-01-04 04:53:00,TARGET_REACHED,0.05,2.01
2021-01-04 01:55:00,th_c6a3fea6cfabf2b7,cand_M5_th_c6a3fea6cfabf2b7_2021-01-04 01:55:00,pass_fc450b03a0b19b03,LONG,M30,M5,1804.70,1794.70,1824.70,TARGET_REACHED,2021-01-04 01:55:00,2021-01-04 04:54:00,TARGET_REACHED,0.05,2.01
2021-01-04 01:57:00,th_c6a3fea6cfabf2b7,cand_M3_th_c6a3fea6cfabf2b7_2021-01-04 01:57:00,pass_634832d29d67cd4e,LONG,M30,M3,1804.90,1794.90,1824.90,TARGET_REACHED,2021-01-04 01:57:00,2021-01-04 04:56:00,TARGET_REACHED,0.05,2.01
2021-01-04 02:00:00,th_c6a3fea6cfabf2b7,cand_M5_th_c6a3fea6cfabf2b7_2021-01-04 02:00:00,pass_6b65dc4a3deb5987,LONG,M30,M5,1805.20,1795.20,1825.20,TARGET_REACHED,2021-01-04 02:00:00,2021-01-04 04:59:00,TARGET_REACHED,0.05,2.01
2021-01-04 02:00:00,th_ab2b87b6a68aba30,cand_M5_th_ab2b87b6a68aba30_2021-01-04 02:00:00,pass_f32e2dfb5c7eef48,LONG,M30,M5,1805.20,1795.20,1825.20,TARGET_REACHED,2021-01-04 02:00:00,2021-01-04 04:59:00,TARGET_REACHED,0.05,2.01
2021-01-04 02:00:00,th_c6a3fea6cfabf2b7,cand_M3_th_c6a3fea6cfabf2b7_2021-01-04 02:00:00,pass_bb1afc53c1ffd7c3,LONG,M30,M3,1805.20,1795.20,1825.20,TARGET_REACHED,2021-01-04 02:00:00,2021-01-04 04:59:00,TARGET_REACHED,0.05,2.01
2021-01-04 02:00:00,th_ab2b87b6a68aba30,cand_M3_th_ab2b87b6a68aba30_2021-01-04 02:00:00,pass_82f64cd33d1b7116,LONG,M30,M3,1805.20,1795.20,1825.20,TARGET_REACHED,2021-01-04 02:00:00,2021-01-04 04:59:00,TARGET_REACHED,0.05,2.01
2021-01-04 02:03:00,th_c6a3fea6cfabf2b7,cand_M3_th_c6a3fea6cfabf2b7_2021-01-04 02:03:00,pass_fe1b7dcdee3198c2,LONG,M30,M3,1805.50,1795.50,1825.50,TARGET_REACHED,2021-01-04 02:03:00,2021-01-04 05:02:00,TARGET_REACHED,0.05,2.01
2021-01-04 02:03:00,th_ab2b87b6a68aba30,cand_M3_th_ab2b87b6a68aba30_2021-01-04 02:03:00,pass_77175b0ec2bfc3db,LONG,M30,M3,1805.50,1795.50,1825.50,TARGET_REACHED,2021-01-04 02:03:00,2021-01-04 05:02:00,TARGET_REACHED,0.05,2.01
2021-01-04 02:05:00,th_c6a3fea6cfabf2b7,cand_M5_th_c6a3fea6cfabf2b7_2021-01-04 02:05:00,pass_0341764d908473b8,LONG,M30,M5,1805.70,1795.70,1825.70,TARGET_REACHED,2021-01-04 02:05:00,2021-01-04 05:04:00,TARGET_REACHED,0.05,2.01
2021-01-04 02:05:00,th_ab2b87b6a68aba30,cand_M5_th_ab2b87b6a68aba30_2021-01-04 02:05:00,pass_9764a1831de8cf3c,LONG,M30,M5,1805.70,1795.70,1825.70,TARGET_REACHED,2021-01-04 02:05:00,2021-01-04 05:04:00,TARGET_REACHED,0.05,2.01
2021-01-04 02:06:00,th_c6a3fea6cfabf2b7,cand_M3_th_c6a3fea6cfabf2b7_2021-01-04 02:06:00,pass_01d9c0241c54978a,LONG,M30,M3,1805.80,1795.80,1825.80,TARGET_REACHED,2021-01-04 02:06:00,2021-01-04 05:05:00,TARGET_REACHED,0.05,2.01
2021-01-04 02:06:00,th_ab2b87b6a68aba30,cand_M3_th_ab2b87b6a68aba30_2021-01-04 02:06:00,pass_830c92ab2bfd41dc,LONG,M30,M3,1805.80,1795.80,1825.80,TARGET_REACHED,2021-01-04 02:06:00,2021-01-04 05:05:00,TARGET_REACHED,0.05,2.01
2021-01-04 02:09:00,th_c6a3fea6cfabf2b7,cand_M3_th_c6a3fea6cfabf2b7_2021-01-04 02:09:00,pass_e67d3da68bf4babe,LONG,M30,M3,1806.10,1796.10,1826.10,TARGET_REACHED,2021-01-04 02:09:00,2021-01-04 05:08:00,TARGET_REACHED,0.05,2.01
2021-01-04 02:09:00,th_ab2b87b6a68aba30,cand_M3_th_ab2b87b6a68aba30_2021-01-04 02:09:00,pass_d3df8d89637db742,LONG,M30,M3,1806.10,1796.10,1826.10,TARGET_REACHED,2021-01-04 02:09:00,2021-01-04 05:08:00,TARGET_REACHED,0.05,2.01
2021-01-04 02:10:00,th_c6a3fea6cfabf2b7,cand_M5_th_c6a3fea6cfabf2b7_2021-01-04 02:10:00,pass_1d348638ccb6182b,LONG,M30,M5,1806.20,1796.20,1826.20,TARGET_REACHED,2021-01-04 02:10:00,2021-01-04 05:09:00,TARGET_REACHED,0.05,2.01
2021-01-04 02:10:00,th_ab2b87b6a68aba30,cand_M5_th_ab2b87b6a68aba30_2021-01-04 02:10:00,pass_59c261197a53bac3,LONG,M30,M5,1806.20,1796.20,1826.20,TARGET_REACHED,2021-01-04 02:10:00,2021-01-04 05:09:00,TARGET_REACHED,0.05,2.01
2021-01-04 02:12:00,th_c6a3fea6cfabf2b7,cand_M3_th_c6a3fea6cfabf2b7_2021-01-04 02:12:00,pass_1b20b17ae5fd3429,LONG,M30,M3,1806.40,1796.40,1826.40,TARGET_REACHED,2021-01-04 02:12:00,2021-01-04 05:11:00,TARGET_REACHED,0.05,2.01
2021-01-04 02:12:00,th_ab2b87b6a68aba30,cand_M3_th_ab2b87b6a68aba30_2021-01-04 02:12:00,pass_277c78bb22a519a6,LONG,M30,M3,1806.40,1796.40,1826.40,TARGET_REACHED,2021-01-04 02:12:00,2021-01-04 05:11:00,TARGET_REACHED,0.05,2.01
2021-01-04 02:15:00,th_c6a3fea6cfabf2b7,cand_M5_th_c6a3fea6cfabf2b7_2021-01-04 02:15:00,pass_2f4fa012bb8309e7,LONG,M30,M5,1806.70,1796.70,1826.70,TARGET_REACHED,2021-01-04 02:15:00,2021-01-04 05:14:00,TARGET_REACHED,0.05,2.01
2021-01-04 02:15:00,th_ab2b87b6a68aba30,cand_M5_th_ab2b87b6a68aba30_2021-01-04 02:15:00,pass_fd25ad214cba9282,LONG,M30,M5,1806.70,1796.70,1826.70,TARGET_REACHED,2021-01-04 02:15:00,2021-01-04 05:14:00,TARGET_REACHED,0.05,2.01
2021-01-04 02:15:00,th_c6a3fea6cfabf2b7,cand_M3_th_c6a3fea6cfabf2b7_2021-01-04 02:15:00,pass_77d4fb7f411674aa,LONG,M30,M3,1806.70,1796.70,1826.70,TARGET_REACHED,2021-01-04 02:15:00,2021-01-04 05:14:00,TARGET_REACHED,0.05,2.01
2021-01-04 02:15:00,th_ab2b87b6a68aba30,cand_M3_th_ab2b87b6a68aba30_2021-01-04 02:15:00,pass_dfffb561f9bf0460,LONG,M30,M3,1806.70,1796.70,1826.70,TARGET_REACHED,2021-01-04 02:15:00,2021-01-04 05:14:00,TARGET_REACHED,0.05,2.01
2021-01-04 02:18:00,th_c6a3fea6cfabf2b7,cand_M3_th_c6a3fea6cfabf2b7_2021-01-04 02:18:00,pass_21082aa8c066838c,LONG,M30,M3,1807.00,1797.00,1827.00,TARGET_REACHED,2021-01-04 02:18:00,2021-01-04 05:17:00,TARGET_REACHED,0.05,2.01
2021-01-04 02:18:00,th_ab2b87b6a68aba30,cand_M3_th_ab2b87b6a68aba30_2021-01-04 02:18:00,pass_90eddd7794a58e69,LONG,M30,M3,1807.00,1797.00,1827.00,TARGET_REACHED,2021-01-04 02:18:00,2021-01-04 05:17:00,TARGET_REACHED,0.05,2.01
2021-01-04 02:20:00,th_c6a3fea6cfabf2b7,cand_M5_th_c6a3fea6cfabf2b7_2021-01-04 02:20:00,pass_4d62e88418e08e08,LONG,M30,M5,1807.20,1797.20,1827.20,TARGET_REACHED,2021-01-04 02:20:00,2021-01-04 05:19:00,TARGET_REACHED,0.05,2.01
2021-01-04 02:20:00,th_ab2b87b6a68aba30,cand_M5_th_ab2b87b6a68aba30_2021-01-04 02:20:00,pass_afd29289afe8682e,LONG,M30,M5,1807.20,1797.20,1827.20,TARGET_REACHED,2021-01-04 02:20:00,2021-01-04 05:19:00,TARGET_REACHED,0.05,2.01
2021-01-04 02:21:00,th_c6a3fea6cfabf2b7,cand_M3_th_c6a3fea6cfabf2b7_2021-01-04 02:21:00,pass_813a55a372d63b33,LONG,M30,M3,1807.30,1797.30,1827.30,TARGET_REACHED,2021-01-04 02:21:00,2021-01-04 05:20:00,TARGET_REACHED,0.05,2.01
2021-01-04 02:21:00,th_ab2b87b6a68aba30,cand_M3_th_ab2b87b6a68aba30_2021-01-04 02:21:00,pass_74970f55a71d6a2c,LONG,M30,M3,1807.30,1797.30,1827.30,TARGET_REACHED,2021-01-04 02:21:00,2021-01-04 05:20:00,TARGET_REACHED,0.05,2.01
2021-01-04 02:24:00,th_c6a3fea6cfabf2b7,cand_M3_th_c6a3fea6cfabf2b7_2021-01-04 02:24:00,pass_297cefd6fb2d137e,LONG,M30,M3,1807.60,1797.60,1827.60,TARGET_REACHED,2021-01-04 02:24:00,2021-01-04 05:23:00,TARGET_REACHED,0.05,2.01
2021-01-04 02:24:00,th_ab2b87b6a68aba30,cand_M3_th_ab2b87b6a68aba30_2021-01-04 02:24:00,pass_67af8c63f65724ec,LONG,M30,M3,1807.60,1797.60,1827.60,TARGET_REACHED,2021-01-04 02:24:00,2021-01-04 05:23:00,TARGET_REACHED,0.05,2.01
2021-01-04 02:25:00,th_c6a3fea6cfabf2b7,cand_M5_th_c6a3fea6cfabf2b7_2021-01-04 02:25:00,pass_2d5eafb68c1ff024,LONG,M30,M5,1807.70,1797.70,1827.70,TARGET_REACHED,2021-01-04 02:25:00,2021-01-04 05:24:00,TARGET_REACHED,0.05,2.01
2021-01-04 02:25:00,th_ab2b87b6a68aba30,cand_M5_th_ab2b87b6a68aba30_2021-01-04 02:25:00,pass_f87c62a7db6d2573,LONG,M30,M5,1807.70,1797.70,1827.70,TARGET_REACHED,2021-01-04 02:25:00,2021-01-04 05:24:00,TARGET_REACHED,0.05,2.01
2021-01-04 02:27:00,th_c6a3fea6cfabf2b7,cand_M3_th_c6a3fea6cfabf2b7_2021-01-04 02:27:00,pass_e4d17a2555dabb3c,LONG,M30,M3,1807.90,1797.90,1827.90,TARGET_REACHED,2021-01-04 02:27:00,2021-01-04 05:26:00,TARGET_REACHED,0.05,2.01
2021-01-04 02:27:00,th_ab2b87b6a68aba30,cand_M3_th_ab2b87b6a68aba30_2021-01-04 02:27:00,pass_cb9961332084b272,LONG,M30,M3,1807.90,1797.90,1827.90,TARGET_REACHED,2021-01-04 02:27:00,2021-01-04 05:26:00,TARGET_REACHED,0.05,2.01
2021-01-04 02:30:00,th_c6a3fea6cfabf2b7,cand_M5_th_c6a3fea6cfabf2b7_2021-01-04 02:30:00,pass_066e0fbaed7f26f9,LONG,M30,M5,1808.20,1798.20,1828.20,TARGET_REACHED,2021-01-04 02:30:00,2021-01-04 05:29:00,TARGET_REACHED,0.05,2.01
2021-01-04 02:30:00,th_ab2b87b6a68aba30,cand_M5_th_ab2b87b6a68aba30_2021-01-04 02:30:00,pass_0c447877094a93c4,LONG,M30,M5,1808.20,1798.20,1828.20,TARGET_REACHED,2021-01-04 02:30:00,2021-01-04 05:29:00,TARGET_REACHED,0.05,2.01
2021-01-04 02:30:00,th_19305dc78a364622,cand_M5_th_19305dc78a364622_2021-01-04 02:30:00,pass_522872d51e51dcfd,LONG,M30,M5,1808.20,1798.20,1828.20,TARGET_REACHED,2021-01-04 02:30:00,2021-01-04 05:29:00,TARGET_REACHED,0.05,2.01
2021-01-04 02:30:00,th_c6a3fea6cfabf2b7,cand_M3_th_c6a3fea6cfabf2b7_2021-01-04 02:30:00,pass_398c278d3e5ea7b3,LONG,M30,M3,1808.20,1798.20,1828.20,TARGET_REACHED,2021-01-04 02:30:00,2021-01-04 05:29:00,TARGET_REACHED,0.05,2.01
2021-01-04 02:30:00,th_ab2b87b6a68aba30,cand_M3_th_ab2b87b6a68aba30_2021-01-04 02:30:00,pass_3412c2c77db229da,LONG,M30,M3,1808.20,1798.20,1828.20,TARGET_REACHED,2021-01-04 02:30:00,2021-01-04 05:29:00,TARGET_REACHED,0.05,2.01
2021-01-04 02:30:00,th_19305dc78a364622,cand_M3_th_19305dc78a364622_2021-01-04 02:30:00,pass_fd2f04d5eabf34c1,LONG,M30,M3,1808.20,1798.20,1828.20,TARGET_REACHED,2021-01-04 02:30:00,2021-01-04 05:29:00,TARGET_REACHED,0.05,2.01
2021-01-04 02:33:00,th_c6a3fea6cfabf2b7,cand_M3_th_c6a3fea6cfabf2b7_2021-01-04 02:33:00,pass_bc9d11217962790b,LONG,M30,M3,1808.50,1798.50,1828.50,TARGET_REACHED,2021-01-04 02:33:00,2021-01-04 05:32:00,TARGET_REACHED,0.05,2.01
2021-01-04 02:33:00,th_ab2b87b6a68aba30,cand_M3_th_ab2b87b6a68aba30_2021-01-04 02:33:00,pass_870ca40adef6986e,LONG,M30,M3,1808.50,1798.50,1828.50,TARGET_REACHED,2021-01-04 02:33:00,2021-01-04 05:32:00,TARGET_REACHED,0.05,2.01
2021-01-04 02:33:00,th_19305dc78a364622,cand_M3_th_19305dc78a364622_2021-01-04 02:33:00,pass_a47509cbda270085,LONG,M30,M3,1808.50,1798.50,1828.50,TARGET_REACHED,2021-01-04 02:33:00,2021-01-04 05:32:00,TARGET_REACHED,0.05,2.01
2021-01-04 02:35:00,th_c6a3fea6cfabf2b7,cand_M5_th_c6a3fea6cfabf2b7_2021-01-04 02:35:00,pass_4879a31fb13c730b,LONG,M30,M5,1808.70,1798.70,1828.70,TARGET_REACHED,2021-01-04 02:35:00,2021-01-04 05:34:00,TARGET_REACHED,0.05,2.01
2021-01-04 02:35:00,th_ab2b87b6a68aba30,cand_M5_th_ab2b87b6a68aba30_2021-01-04 02:35:00,pass_371bb3cadedd1b60,LONG,M30,M5,1808.70,1798.70,1828.70,TARGET_REACHED,2021-01-04 02:35:00,2021-01-04 05:34:00,TARGET_REACHED,0.05,2.01
2021-01-04 02:35:00,th_19305dc78a364622,cand_M5_th_19305dc78a364622_2021-01-04 02:35:00,pass_06ac621466ea3056,LONG,M30,M5,1808.70,1798.70,1828.70,TARGET_REACHED,2021-01-04 02:35:00,2021-01-04 05:34:00,TARGET_REACHED,0.05,2.01
2021-01-04 02:36:00,th_c6a3fea6cfabf2b7,cand_M3_th_c6a3fea6cfabf2b7_2021-01-04 02:36:00,pass_42a1b8b7a37f7ae1,LONG,M30,M3,1808.80,1798.80,1828.80,TARGET_REACHED,2021-01-04 02:36:00,2021-01-04 05:35:00,TARGET_REACHED,0.05,2.01
2021-01-04 02:36:00,th_ab2b87b6a68aba30,cand_M3_th_ab2b87b6a68aba30_2021-01-04 02:36:00,pass_f1867da683d45184,LONG,M30,M3,1808.80,1798.80,1828.80,TARGET_REACHED,2021-01-04 02:36:00,2021-01-04 05:35:00,TARGET_REACHED,0.05,2.01
2021-01-04 02:36:00,th_19305dc78a364622,cand_M3_th_19305dc78a364622_2021-01-04 02:36:00,pass_9908707b1f313415,LONG,M30,M3,1808.80,1798.80,1828.80,TARGET_REACHED,2021-01-04 02:36:00,2021-01-04 05:35:00,TARGET_REACHED,0.05,2.01
2021-01-04 02:39:00,th_c6a3fea6cfabf2b7,cand_M3_th_c6a3fea6cfabf2b7_2021-01-04 02:39:00,pass_4b2c843213fa7bed,LONG,M30,M3,1809.10,1799.10,1829.10,TARGET_REACHED,2021-01-04 02:39:00,2021-01-04 05:38:00,TARGET_REACHED,0.05,2.01
2021-01-04 02:39:00,th_ab2b87b6a68aba30,cand_M3_th_ab2b87b6a68aba30_2021-01-04 02:39:00,pass_4837c3f78ae59f0e,LONG,M30,M3,1809.10,1799.10,1829.10,TARGET_REACHED,2021-01-04 02:39:00,2021-01-04 05:38:00,TARGET_REACHED,0.05,2.01
2021-01-04 02:39:00,th_19305dc78a364622,cand_M3_th_19305dc78a364622_2021-01-04 02:39:00,pass_c5205769d5fda901,LONG,M30,M3,1809.10,1799.10,1829.10,TARGET_REACHED,2021-01-04 02:39:00,2021-01-04 05:38:00,TARGET_REACHED,0.05,2.01
2021-01-04 02:40:00,th_c6a3fea6cfabf2b7,cand_M5_th_c6a3fea6cfabf2b7_2021-01-04 02:40:00,pass_bdf5075a515e7f37,LONG,M30,M5,1809.20,1799.20,1829.20,TARGET_REACHED,2021-01-04 02:40:00,2021-01-04 05:39:00,TARGET_REACHED,0.05,2.01
2021-01-04 02:40:00,th_ab2b87b6a68aba30,cand_M5_th_ab2b87b6a68aba30_2021-01-04 02:40:00,pass_05fe1f019c5f3263,LONG,M30,M5,1809.20,1799.20,1829.20,TARGET_REACHED,2021-01-04 02:40:00,2021-01-04 05:39:00,TARGET_REACHED,0.05,2.01
2021-01-04 02:40:00,th_19305dc78a364622,cand_M5_th_19305dc78a364622_2021-01-04 02:40:00,pass_a62706e04a6d70e1,LONG,M30,M5,1809.20,1799.20,1829.20,TARGET_REACHED,2021-01-04 02:40:00,2021-01-04 05:39:00,TARGET_REACHED,0.05,2.01
2021-01-04 02:42:00,th_c6a3fea6cfabf2b7,cand_M3_th_c6a3fea6cfabf2b7_2021-01-04 02:42:00,pass_27fe385ce8d8ee26,LONG,M30,M3,1809.40,1799.40,1829.40,TARGET_REACHED,2021-01-04 02:42:00,2021-01-04 05:41:00,TARGET_REACHED,0.05,2.01
2021-01-04 02:42:00,th_ab2b87b6a68aba30,cand_M3_th_ab2b87b6a68aba30_2021-01-04 02:42:00,pass_e059842172cd0040,LONG,M30,M3,1809.40,1799.40,1829.40,TARGET_REACHED,2021-01-04 02:42:00,2021-01-04 05:41:00,TARGET_REACHED,0.05,2.01
2021-01-04 02:42:00,th_19305dc78a364622,cand_M3_th_19305dc78a364622_2021-01-04 02:42:00,pass_4ed84c1a99dc6071,LONG,M30,M3,1809.40,1799.40,1829.40,TARGET_REACHED,2021-01-04 02:42:00,2021-01-04 05:41:00,TARGET_REACHED,0.05,2.01
2021-01-04 02:45:00,th_c6a3fea6cfabf2b7,cand_M5_th_c6a3fea6cfabf2b7_2021-01-04 02:45:00,pass_ec92592c5db4eb7f,LONG,M30,M5,1809.70,1799.70,1829.70,TARGET_REACHED,2021-01-04 02:45:00,2021-01-04 05:44:00,TARGET_REACHED,0.05,2.01
2021-01-04 02:45:00,th_ab2b87b6a68aba30,cand_M5_th_ab2b87b6a68aba30_2021-01-04 02:45:00,pass_c1a9e21976ee2216,LONG,M30,M5,1809.70,1799.70,1829.70,TARGET_REACHED,2021-01-04 02:45:00,2021-01-04 05:44:00,TARGET_REACHED,0.05,2.01
2021-01-04 02:45:00,th_19305dc78a364622,cand_M5_th_19305dc78a364622_2021-01-04 02:45:00,pass_129098025e4c0703,LONG,M30,M5,1809.70,1799.70,1829.70,TARGET_REACHED,2021-01-04 02:45:00,2021-01-04 05:44:00,TARGET_REACHED,0.05,2.01
2021-01-04 02:45:00,th_c6a3fea6cfabf2b7,cand_M3_th_c6a3fea6cfabf2b7_2021-01-04 02:45:00,pass_4d53921a04856ff8,LONG,M30,M3,1809.70,1799.70,1829.70,TARGET_REACHED,2021-01-04 02:45:00,2021-01-04 05:44:00,TARGET_REACHED,0.05,2.01
2021-01-04 02:45:00,th_ab2b87b6a68aba30,cand_M3_th_ab2b87b6a68aba30_2021-01-04 02:45:00,pass_2233db3ecf67a2a5,LONG,M30,M3,1809.70,1799.70,1829.70,TARGET_REACHED,2021-01-04 02:45:00,2021-01-04 05:44:00,TARGET_REACHED,0.05,2.01
2021-01-04 02:45:00,th_19305dc78a364622,cand_M3_th_19305dc78a364622_2021-01-04 02:45:00,pass_1fc731e58d566f45,LONG,M30,M3,1809.70,1799.70,1829.70,TARGET_REACHED,2021-01-04 02:45:00,2021-01-04 05:44:00,TARGET_REACHED,0.05,2.01
2021-01-04 02:48:00,th_c6a3fea6cfabf2b7,cand_M3_th_c6a3fea6cfabf2b7_2021-01-04 02:48:00,pass_9b6e883f32eeefb6,LONG,M30,M3,1810.00,1800.00,1830.00,TARGET_REACHED,2021-01-04 02:48:00,2021-01-04 05:47:00,TARGET_REACHED,0.05,2.01
2021-01-04 02:48:00,th_ab2b87b6a68aba30,cand_M3_th_ab2b87b6a68aba30_2021-01-04 02:48:00,pass_97f23597989c0e78,LONG,M30,M3,1810.00,1800.00,1830.00,TARGET_REACHED,2021-01-04 02:48:00,2021-01-04 05:47:00,TARGET_REACHED,0.05,2.01
2021-01-04 02:48:00,th_19305dc78a364622,cand_M3_th_19305dc78a364622_2021-01-04 02:48:00,pass_bc9115f51f7dd73b,LONG,M30,M3,1810.00,1800.00,1830.00,TARGET_REACHED,2021-01-04 02:48:00,2021-01-04 05:47:00,TARGET_REACHED,0.05,2.01
2021-01-04 02:50:00,th_c6a3fea6cfabf2b7,cand_M5_th_c6a3fea6cfabf2b7_2021-01-04 02:50:00,pass_11bc6190ee44af90,LONG,M30,M5,1810.20,1800.20,1830.20,TARGET_REACHED,2021-01-04 02:50:00,2021-01-04 05:49:00,TARGET_REACHED,0.05,2.01
2021-01-04 02:50:00,th_ab2b87b6a68aba30,cand_M5_th_ab2b87b6a68aba30_2021-01-04 02:50:00,pass_ff95cd3449906293,LONG,M30,M5,1810.20,1800.20,1830.20,TARGET_REACHED,2021-01-04 02:50:00,2021-01-04 05:49:00,TARGET_REACHED,0.05,2.01
2021-01-04 02:50:00,th_19305dc78a364622,cand_M5_th_19305dc78a364622_2021-01-04 02:50:00,pass_95bd2d92a6287533,LONG,M30,M5,1810.20,1800.20,1830.20,TARGET_REACHED,2021-01-04 02:50:00,2021-01-04 05:49:00,TARGET_REACHED,0.05,2.01
2021-01-04 02:51:00,th_c6a3fea6cfabf2b7,cand_M3_th_c6a3fea6cfabf2b7_2021-01-04 02:51:00,pass_ea1a2eb1811c611b,LONG,M30,M3,1810.30,1800.30,1830.30,TARGET_REACHED,2021-01-04 02:51:00,2021-01-04 05:50:00,TARGET_REACHED,0.05,2.01
2021-01-04 02:51:00,th_ab2b87b6a68aba30,cand_M3_th_ab2b87b6a68aba30_2021-01-04 02:51:00,pass_653b00b487dc0971,LONG,M30,M3,1810.30,1800.30,1830.30,TARGET_REACHED,2021-01-04 02:51:00,2021-01-04 05:50:00,TARGET_REACHED,0.05,2.01
2021-01-04 02:51:00,th_19305dc78a364622,cand_M3_th_19305dc78a364622_2021-01-04 02:51:00,pass_742ecd5b2d46558f,LONG,M30,M3,1810.30,1800.30,1830.30,TARGET_REACHED,2021-01-04 02:51:00,2021-01-04 05:50:00,TARGET_REACHED,0.05,2.01
2021-01-04 02:54:00,th_c6a3fea6cfabf2b7,cand_M3_th_c6a3fea6cfabf2b7_2021-01-04 02:54:00,pass_3fc5901d672c0e27,LONG,M30,M3,1810.60,1800.60,1830.60,TARGET_REACHED,2021-01-04 02:54:00,2021-01-04 05:53:00,TARGET_REACHED,0.05,2.01
2021-01-04 02:54:00,th_ab2b87b6a68aba30,cand_M3_th_ab2b87b6a68aba30_2021-01-04 02:54:00,pass_003cb1ad15739b06,LONG,M30,M3,1810.60,1800.60,1830.60,TARGET_REACHED,2021-01-04 02:54:00,2021-01-04 05:53:00,TARGET_REACHED,0.05,2.01
2021-01-04 02:54:00,th_19305dc78a364622,cand_M3_th_19305dc78a364622_2021-01-04 02:54:00,pass_366000099a581a82,LONG,M30,M3,1810.60,1800.60,1830.60,TARGET_REACHED,2021-01-04 02:54:00,2021-01-04 05:53:00,TARGET_REACHED,0.05,2.01
2021-01-04 02:55:00,th_c6a3fea6cfabf2b7,cand_M5_th_c6a3fea6cfabf2b7_2021-01-04 02:55:00,pass_1928c6c648dc9351,LONG,M30,M5,1810.70,1800.70,1830.70,TARGET_REACHED,2021-01-04 02:55:00,2021-01-04 05:54:00,TARGET_REACHED,0.05,2.01
2021-01-04 02:55:00,th_ab2b87b6a68aba30,cand_M5_th_ab2b87b6a68aba30_2021-01-04 02:55:00,pass_2cd0ae2da1a9d62c,LONG,M30,M5,1810.70,1800.70,1830.70,TARGET_REACHED,2021-01-04 02:55:00,2021-01-04 05:54:00,TARGET_REACHED,0.05,2.01
2021-01-04 02:55:00,th_19305dc78a364622,cand_M5_th_19305dc78a364622_2021-01-04 02:55:00,pass_863dafba83301003,LONG,M30,M5,1810.70,1800.70,1830.70,TARGET_REACHED,2021-01-04 02:55:00,2021-01-04 05:54:00,TARGET_REACHED,0.05,2.01
2021-01-04 02:57:00,th_c6a3fea6cfabf2b7,cand_M3_th_c6a3fea6cfabf2b7_2021-01-04 02:57:00,pass_66da84f93a5a215c,LONG,M30,M3,1810.90,1800.90,1830.90,TARGET_REACHED,2021-01-04 02:57:00,2021-01-04 05:56:00,TARGET_REACHED,0.05,2.01
2021-01-04 02:57:00,th_ab2b87b6a68aba30,cand_M3_th_ab2b87b6a68aba30_2021-01-04 02:57:00,pass_beaacd68ad6151cf,LONG,M30,M3,1810.90,1800.90,1830.90,TARGET_REACHED,2021-01-04 02:57:00,2021-01-04 05:56:00,TARGET_REACHED,0.05,2.01
2021-01-04 02:57:00,th_19305dc78a364622,cand_M3_th_19305dc78a364622_2021-01-04 02:57:00,pass_df3a0ea86b40f5e2,LONG,M30,M3,1810.90,1800.90,1830.90,TARGET_REACHED,2021-01-04 02:57:00,2021-01-04 05:56:00,TARGET_REACHED,0.05,2.01
2021-01-04 03:00:00,th_c6a3fea6cfabf2b7,cand_M5_th_c6a3fea6cfabf2b7_2021-01-04 03:00:00,pass_6bbbf96e527e1b96,LONG,M30,M5,1811.20,1801.20,1831.20,TARGET_REACHED,2021-01-04 03:00:00,2021-01-04 05:59:00,TARGET_REACHED,0.05,2.01
2021-01-04 03:00:00,th_ab2b87b6a68aba30,cand_M5_th_ab2b87b6a68aba30_2021-01-04 03:00:00,pass_6b062c0304559ba9,LONG,M30,M5,1811.20,1801.20,1831.20,TARGET_REACHED,2021-01-04 03:00:00,2021-01-04 05:59:00,TARGET_REACHED,0.05,2.01
2021-01-04 03:00:00,th_19305dc78a364622,cand_M5_th_19305dc78a364622_2021-01-04 03:00:00,pass_2b5889a5a3dc37a5,LONG,M30,M5,1811.20,1801.20,1831.20,TARGET_REACHED,2021-01-04 03:00:00,2021-01-04 05:59:00,TARGET_REACHED,0.05,2.01
2021-01-04 03:00:00,th_e9804d1bd00856fe,cand_M5_th_e9804d1bd00856fe_2021-01-04 03:00:00,pass_d329d0b831d94d21,LONG,M30,M5,1811.20,1801.20,1831.20,TARGET_REACHED,2021-01-04 03:00:00,2021-01-04 05:59:00,TARGET_REACHED,0.05,2.01
2021-01-04 03:00:00,th_c6a3fea6cfabf2b7,cand_M3_th_c6a3fea6cfabf2b7_2021-01-04 03:00:00,pass_3eff2496f415f4df,LONG,M30,M3,1811.20,1801.20,1831.20,TARGET_REACHED,2021-01-04 03:00:00,2021-01-04 05:59:00,TARGET_REACHED,0.05,2.01
2021-01-04 03:00:00,th_ab2b87b6a68aba30,cand_M3_th_ab2b87b6a68aba30_2021-01-04 03:00:00,pass_68ac96916fecfa6c,LONG,M30,M3,1811.20,1801.20,1831.20,TARGET_REACHED,2021-01-04 03:00:00,2021-01-04 05:59:00,TARGET_REACHED,0.05,2.01
2021-01-04 03:00:00,th_19305dc78a364622,cand_M3_th_19305dc78a364622_2021-01-04 03:00:00,pass_3f0399a59597afb8,LONG,M30,M3,1811.20,1801.20,1831.20,TARGET_REACHED,2021-01-04 03:00:00,2021-01-04 05:59:00,TARGET_REACHED,0.05,2.01
2021-01-04 03:00:00,th_e9804d1bd00856fe,cand_M3_th_e9804d1bd00856fe_2021-01-04 03:00:00,pass_d19ef8fb4fbab202,LONG,M30,M3,1811.20,1801.20,1831.20,TARGET_REACHED,2021-01-04 03:00:00,2021-01-04 05:59:00,TARGET_REACHED,0.05,2.01
2021-01-04 03:03:00,th_c6a3fea6cfabf2b7,cand_M3_th_c6a3fea6cfabf2b7_2021-01-04 03:03:00,pass_dbb6b228414ee331,LONG,M30,M3,1811.50,1801.50,1831.50,TARGET_REACHED,2021-01-04 03:03:00,2021-01-04 06:02:00,TARGET_REACHED,0.05,2.01
2021-01-04 03:03:00,th_ab2b87b6a68aba30,cand_M3_th_ab2b87b6a68aba30_2021-01-04 03:03:00,pass_0f0890e4446d48a4,LONG,M30,M3,1811.50,1801.50,1831.50,TARGET_REACHED,2021-01-04 03:03:00,2021-01-04 06:02:00,TARGET_REACHED,0.05,2.01
2021-01-04 03:03:00,th_19305dc78a364622,cand_M3_th_19305dc78a364622_2021-01-04 03:03:00,pass_0f299fc9a6e35a8e,LONG,M30,M3,1811.50,1801.50,1831.50,TARGET_REACHED,2021-01-04 03:03:00,2021-01-04 06:02:00,TARGET_REACHED,0.05,2.01
2021-01-04 03:03:00,th_e9804d1bd00856fe,cand_M3_th_e9804d1bd00856fe_2021-01-04 03:03:00,pass_d2725c183bf0ae78,LONG,M30,M3,1811.50,1801.50,1831.50,TARGET_REACHED,2021-01-04 03:03:00,2021-01-04 06:02:00,TARGET_REACHED,0.05,2.01
2021-01-04 03:05:00,th_c6a3fea6cfabf2b7,cand_M5_th_c6a3fea6cfabf2b7_2021-01-04 03:05:00,pass_e9cd87b217ccfb27,LONG,M30,M5,1811.70,1801.70,1831.70,TARGET_REACHED,2021-01-04 03:05:00,2021-01-04 06:04:00,TARGET_REACHED,0.05,2.01
2021-01-04 03:05:00,th_ab2b87b6a68aba30,cand_M5_th_ab2b87b6a68aba30_2021-01-04 03:05:00,pass_63b7dcb7f28bd8dc,LONG,M30,M5,1811.70,1801.70,1831.70,TARGET_REACHED,2021-01-04 03:05:00,2021-01-04 06:04:00,TARGET_REACHED,0.05,2.01
2021-01-04 03:05:00,th_19305dc78a364622,cand_M5_th_19305dc78a364622_2021-01-04 03:05:00,pass_66ec6502592a3f4f,LONG,M30,M5,1811.70,1801.70,1831.70,TARGET_REACHED,2021-01-04 03:05:00,2021-01-04 06:04:00,TARGET_REACHED,0.05,2.01
2021-01-04 03:05:00,th_e9804d1bd00856fe,cand_M5_th_e9804d1bd00856fe_2021-01-04 03:05:00,pass_c0e4d6859aed55d4,LONG,M30,M5,1811.70,1801.70,1831.70,TARGET_REACHED,2021-01-04 03:05:00,2021-01-04 06:04:00,TARGET_REACHED,0.05,2.01
2021-01-04 03:06:00,th_c6a3fea6cfabf2b7,cand_M3_th_c6a3fea6cfabf2b7_2021-01-04 03:06:00,pass_b3fa25949ab877ba,LONG,M30,M3,1811.80,1801.80,1831.80,TARGET_REACHED,2021-01-04 03:06:00,2021-01-04 06:05:00,TARGET_REACHED,0.05,2.01
2021-01-04 03:06:00,th_ab2b87b6a68aba30,cand_M3_th_ab2b87b6a68aba30_2021-01-04 03:06:00,pass_3089dbd0066ce7ff,LONG,M30,M3,1811.80,1801.80,1831.80,TARGET_REACHED,2021-01-04 03:06:00,2021-01-04 06:05:00,TARGET_REACHED,0.05,2.01
2021-01-04 03:06:00,th_19305dc78a364622,cand_M3_th_19305dc78a364622_2021-01-04 03:06:00,pass_2f98483194cd54db,LONG,M30,M3,1811.80,1801.80,1831.80,TARGET_REACHED,2021-01-04 03:06:00,2021-01-04 06:05:00,TARGET_REACHED,0.05,2.01
2021-01-04 03:06:00,th_e9804d1bd00856fe,cand_M3_th_e9804d1bd00856fe_2021-01-04 03:06:00,pass_da017a0afc1b4fb0,LONG,M30,M3,1811.80,1801.80,1831.80,TARGET_REACHED,2021-01-04 03:06:00,2021-01-04 06:05:00,TARGET_REACHED,0.05,2.01
2021-01-04 03:09:00,th_c6a3fea6cfabf2b7,cand_M3_th_c6a3fea6cfabf2b7_2021-01-04 03:09:00,pass_c122fd08b722190b,LONG,M30,M3,1812.10,1802.10,1832.10,TARGET_REACHED,2021-01-04 03:09:00,2021-01-04 06:08:00,TARGET_REACHED,0.05,2.01
2021-01-04 03:09:00,th_ab2b87b6a68aba30,cand_M3_th_ab2b87b6a68aba30_2021-01-04 03:09:00,pass_b51c39d72f05fa06,LONG,M30,M3,1812.10,1802.10,1832.10,TARGET_REACHED,2021-01-04 03:09:00,2021-01-04 06:08:00,TARGET_REACHED,0.05,2.01
2021-01-04 03:09:00,th_19305dc78a364622,cand_M3_th_19305dc78a364622_2021-01-04 03:09:00,pass_4f85023b7077b322,LONG,M30,M3,1812.10,1802.10,1832.10,TARGET_REACHED,2021-01-04 03:09:00,2021-01-04 06:08:00,TARGET_REACHED,0.05,2.01
2021-01-04 03:09:00,th_e9804d1bd00856fe,cand_M3_th_e9804d1bd00856fe_2021-01-04 03:09:00,pass_33efc609a7d40a64,LONG,M30,M3,1812.10,1802.10,1832.10,TARGET_REACHED,2021-01-04 03:09:00,2021-01-04 06:08:00,TARGET_REACHED,0.05,2.01
2021-01-04 03:10:00,th_c6a3fea6cfabf2b7,cand_M5_th_c6a3fea6cfabf2b7_2021-01-04 03:10:00,pass_359def59c4c70bd7,LONG,M30,M5,1812.20,1802.20,1832.20,TARGET_REACHED,2021-01-04 03:10:00,2021-01-04 06:09:00,TARGET_REACHED,0.05,2.01
2021-01-04 03:10:00,th_ab2b87b6a68aba30,cand_M5_th_ab2b87b6a68aba30_2021-01-04 03:10:00,pass_4fcd11489aa03635,LONG,M30,M5,1812.20,1802.20,1832.20,TARGET_REACHED,2021-01-04 03:10:00,2021-01-04 06:09:00,TARGET_REACHED,0.05,2.01
2021-01-04 03:10:00,th_19305dc78a364622,cand_M5_th_19305dc78a364622_2021-01-04 03:10:00,pass_ad83de7fd00bc7c3,LONG,M30,M5,1812.20,1802.20,1832.20,TARGET_REACHED,2021-01-04 03:10:00,2021-01-04 06:09:00,TARGET_REACHED,0.05,2.01
2021-01-04 03:10:00,th_e9804d1bd00856fe,cand_M5_th_e9804d1bd00856fe_2021-01-04 03:10:00,pass_f60c5b354055a599,LONG,M30,M5,1812.20,1802.20,1832.20,TARGET_REACHED,2021-01-04 03:10:00,2021-01-04 06:09:00,TARGET_REACHED,0.05,2.01
2021-01-04 03:12:00,th_c6a3fea6cfabf2b7,cand_M3_th_c6a3fea6cfabf2b7_2021-01-04 03:12:00,pass_d838ce8660662084,LONG,M30,M3,1812.40,1802.40,1832.40,TARGET_REACHED,2021-01-04 03:12:00,2021-01-04 06:11:00,TARGET_REACHED,0.05,2.01
2021-01-04 03:12:00,th_ab2b87b6a68aba30,cand_M3_th_ab2b87b6a68aba30_2021-01-04 03:12:00,pass_87cc33d4ab56d4c6,LONG,M30,M3,1812.40,1802.40,1832.40,TARGET_REACHED,2021-01-04 03:12:00,2021-01-04 06:11:00,TARGET_REACHED,0.05,2.01
2021-01-04 03:12:00,th_19305dc78a364622,cand_M3_th_19305dc78a364622_2021-01-04 03:12:00,pass_c3b98e30b5c68ad4,LONG,M30,M3,1812.40,1802.40,1832.40,TARGET_REACHED,2021-01-04 03:12:00,2021-01-04 06:11:00,TARGET_REACHED,0.05,2.01
2021-01-04 03:12:00,th_e9804d1bd00856fe,cand_M3_th_e9804d1bd00856fe_2021-01-04 03:12:00,pass_21d0f9e4ae504891,LONG,M30,M3,1812.40,1802.40,1832.40,TARGET_REACHED,2021-01-04 03:12:00,2021-01-04 06:11:00,TARGET_REACHED,0.05,2.01
2021-01-04 03:15:00,th_c6a3fea6cfabf2b7,cand_M5_th_c6a3fea6cfabf2b7_2021-01-04 03:15:00,pass_89832be017efc046,LONG,M30,M5,1812.70,1802.70,1832.70,TARGET_REACHED,2021-01-04 03:15:00,2021-01-04 06:14:00,TARGET_REACHED,0.05,2.01
2021-01-04 03:15:00,th_ab2b87b6a68aba30,cand_M5_th_ab2b87b6a68aba30_2021-01-04 03:15:00,pass_c496612277b34a2c,LONG,M30,M5,1812.70,1802.70,1832.70,TARGET_REACHED,2021-01-04 03:15:00,2021-01-04 06:14:00,TARGET_REACHED,0.05,2.01
2021-01-04 03:15:00,th_19305dc78a364622,cand_M5_th_19305dc78a364622_2021-01-04 03:15:00,pass_a4b902e7ed3bdeb1,LONG,M30,M5,1812.70,1802.70,1832.70,TARGET_REACHED,2021-01-04 03:15:00,2021-01-04 06:14:00,TARGET_REACHED,0.05,2.01
2021-01-04 03:15:00,th_e9804d1bd00856fe,cand_M5_th_e9804d1bd00856fe_2021-01-04 03:15:00,pass_1e0fb7f6c142c3c6,LONG,M30,M5,1812.70,1802.70,1832.70,TARGET_REACHED,2021-01-04 03:15:00,2021-01-04 06:14:00,TARGET_REACHED,0.05,2.01
2021-01-04 03:15:00,th_c6a3fea6cfabf2b7,cand_M3_th_c6a3fea6cfabf2b7_2021-01-04 03:15:00,pass_4520d1b1eff10e67,LONG,M30,M3,1812.70,1802.70,1832.70,TARGET_REACHED,2021-01-04 03:15:00,2021-01-04 06:14:00,TARGET_REACHED,0.05,2.01
2021-01-04 03:15:00,th_ab2b87b6a68aba30,cand_M3_th_ab2b87b6a68aba30_2021-01-04 03:15:00,pass_4e3b4dbcb41c2ee1,LONG,M30,M3,1812.70,1802.70,1832.70,TARGET_REACHED,2021-01-04 03:15:00,2021-01-04 06:14:00,TARGET_REACHED,0.05,2.01
2021-01-04 03:15:00,th_19305dc78a364622,cand_M3_th_19305dc78a364622_2021-01-04 03:15:00,pass_84d1e0f556f0cb74,LONG,M30,M3,1812.70,1802.70,1832.70,TARGET_REACHED,2021-01-04 03:15:00,2021-01-04 06:14:00,TARGET_REACHED,0.05,2.01
2021-01-04 03:15:00,th_e9804d1bd00856fe,cand_M3_th_e9804d1bd00856fe_2021-01-04 03:15:00,pass_5d08cf45f3854cab,LONG,M30,M3,1812.70,1802.70,1832.70,TARGET_REACHED,2021-01-04 03:15:00,2021-01-04 06:14:00,TARGET_REACHED,0.05,2.01
2021-01-04 03:18:00,th_c6a3fea6cfabf2b7,cand_M3_th_c6a3fea6cfabf2b7_2021-01-04 03:18:00,pass_2cb6958158d013f4,LONG,M30,M3,1813.00,1803.00,1833.00,TARGET_REACHED,2021-01-04 03:18:00,2021-01-04 06:17:00,TARGET_REACHED,0.05,2.01
2021-01-04 03:18:00,th_ab2b87b6a68aba30,cand_M3_th_ab2b87b6a68aba30_2021-01-04 03:18:00,pass_869909173fedac70,LONG,M30,M3,1813.00,1803.00,1833.00,TARGET_REACHED,2021-01-04 03:18:00,2021-01-04 06:17:00,TARGET_REACHED,0.05,2.01
2021-01-04 03:18:00,th_19305dc78a364622,cand_M3_th_19305dc78a364622_2021-01-04 03:18:00,pass_d731ff73916487e8,LONG,M30,M3,1813.00,1803.00,1833.00,TARGET_REACHED,2021-01-04 03:18:00,2021-01-04 06:17:00,TARGET_REACHED,0.05,2.01
2021-01-04 03:18:00,th_e9804d1bd00856fe,cand_M3_th_e9804d1bd00856fe_2021-01-04 03:18:00,pass_998407f88b4e7046,LONG,M30,M3,1813.00,1803.00,1833.00,TARGET_REACHED,2021-01-04 03:18:00,2021-01-04 06:17:00,TARGET_REACHED,0.05,2.01
2021-01-04 03:20:00,th_c6a3fea6cfabf2b7,cand_M5_th_c6a3fea6cfabf2b7_2021-01-04 03:20:00,pass_dbfdceeb9c64f7f2,LONG,M30,M5,1813.20,1803.20,1833.20,TARGET_REACHED,2021-01-04 03:20:00,2021-01-04 06:19:00,TARGET_REACHED,0.05,2.01
2021-01-04 03:20:00,th_ab2b87b6a68aba30,cand_M5_th_ab2b87b6a68aba30_2021-01-04 03:20:00,pass_747822c14591cf9c,LONG,M30,M5,1813.20,1803.20,1833.20,TARGET_REACHED,2021-01-04 03:20:00,2021-01-04 06:19:00,TARGET_REACHED,0.05,2.01
2021-01-04 03:20:00,th_19305dc78a364622,cand_M5_th_19305dc78a364622_2021-01-04 03:20:00,pass_8f07c6d6bcb8491c,LONG,M30,M5,1813.20,1803.20,1833.20,TARGET_REACHED,2021-01-04 03:20:00,2021-01-04 06:19:00,TARGET_REACHED,0.05,2.01
2021-01-04 03:20:00,th_e9804d1bd00856fe,cand_M5_th_e9804d1bd00856fe_2021-01-04 03:20:00,pass_880e9a05fd63a1f7,LONG,M30,M5,1813.20,1803.20,1833.20,TARGET_REACHED,2021-01-04 03:20:00,2021-01-04 06:19:00,TARGET_REACHED,0.05,2.01
2021-01-04 03:21:00,th_c6a3fea6cfabf2b7,cand_M3_th_c6a3fea6cfabf2b7_2021-01-04 03:21:00,pass_3fc90d6d50c46ffb,LONG,M30,M3,1813.30,1803.30,1833.30,TARGET_REACHED,2021-01-04 03:21:00,2021-01-04 06:20:00,TARGET_REACHED,0.05,2.01
2021-01-04 03:21:00,th_ab2b87b6a68aba30,cand_M3_th_ab2b87b6a68aba30_2021-01-04 03:21:00,pass_bdafc308beb79a86,LONG,M30,M3,1813.30,1803.30,1833.30,TARGET_REACHED,2021-01-04 03:21:00,2021-01-04 06:20:00,TARGET_REACHED,0.05,2.01
2021-01-04 03:21:00,th_19305dc78a364622,cand_M3_th_19305dc78a364622_2021-01-04 03:21:00,pass_7e2789f396a5048b,LONG,M30,M3,1813.30,1803.30,1833.30,TARGET_REACHED,2021-01-04 03:21:00,2021-01-04 06:20:00,TARGET_REACHED,0.05,2.01
2021-01-04 03:21:00,th_e9804d1bd00856fe,cand_M3_th_e9804d1bd00856fe_2021-01-04 03:21:00,pass_2e89715c0fb1118a,LONG,M30,M3,1813.30,1803.30,1833.30,TARGET_REACHED,2021-01-04 03:21:00,2021-01-04 06:20:00,TARGET_REACHED,0.05,2.01
2021-01-04 03:24:00,th_c6a3fea6cfabf2b7,cand_M3_th_c6a3fea6cfabf2b7_2021-01-04 03:24:00,pass_7962661bd6f26e9f,LONG,M30,M3,1813.60,1803.60,1833.60,TARGET_REACHED,2021-01-04 03:24:00,2021-01-04 06:23:00,TARGET_REACHED,0.05,2.01
2021-01-04 03:24:00,th_ab2b87b6a68aba30,cand_M3_th_ab2b87b6a68aba30_2021-01-04 03:24:00,pass_154bbc809d0e749b,LONG,M30,M3,1813.60,1803.60,1833.60,TARGET_REACHED,2021-01-04 03:24:00,2021-01-04 06:23:00,TARGET_REACHED,0.05,2.01
2021-01-04 03:24:00,th_19305dc78a364622,cand_M3_th_19305dc78a364622_2021-01-04 03:24:00,pass_c147c6fc05cc02d8,LONG,M30,M3,1813.60,1803.60,1833.60,TARGET_REACHED,2021-01-04 03:24:00,2021-01-04 06:23:00,TARGET_REACHED,0.05,2.01
2021-01-04 03:24:00,th_e9804d1bd00856fe,cand_M3_th_e9804d1bd00856fe_2021-01-04 03:24:00,pass_ef88207d50c27bc1,LONG,M30,M3,1813.60,1803.60,1833.60,TARGET_REACHED,2021-01-04 03:24:00,2021-01-04 06:23:00,TARGET_REACHED,0.05,2.01
2021-01-04 03:25:00,th_c6a3fea6cfabf2b7,cand_M5_th_c6a3fea6cfabf2b7_2021-01-04 03:25:00,pass_36081442c73688ad,LONG,M30,M5,1813.70,1803.70,1833.70,TARGET_REACHED,2021-01-04 03:25:00,2021-01-04 06:24:00,TARGET_REACHED,0.05,2.01
2021-01-04 03:25:00,th_ab2b87b6a68aba30,cand_M5_th_ab2b87b6a68aba30_2021-01-04 03:25:00,pass_844fc71b2152b48a,LONG,M30,M5,1813.70,1803.70,1833.70,TARGET_REACHED,2021-01-04 03:25:00,2021-01-04 06:24:00,TARGET_REACHED,0.05,2.01
2021-01-04 03:25:00,th_19305dc78a364622,cand_M5_th_19305dc78a364622_2021-01-04 03:25:00,pass_0a340bb2c16de5d2,LONG,M30,M5,1813.70,1803.70,1833.70,TARGET_REACHED,2021-01-04 03:25:00,2021-01-04 06:24:00,TARGET_REACHED,0.05,2.01
2021-01-04 03:25:00,th_e9804d1bd00856fe,cand_M5_th_e9804d1bd00856fe_2021-01-04 03:25:00,pass_7cd7e0e15427f4d4,LONG,M30,M5,1813.70,1803.70,1833.70,TARGET_REACHED,2021-01-04 03:25:00,2021-01-04 06:24:00,TARGET_REACHED,0.05,2.01
2021-01-04 03:27:00,th_c6a3fea6cfabf2b7,cand_M3_th_c6a3fea6cfabf2b7_2021-01-04 03:27:00,pass_d080529b5715420e,LONG,M30,M3,1813.90,1803.90,1833.90,TARGET_REACHED,2021-01-04 03:27:00,2021-01-04 06:26:00,TARGET_REACHED,0.05,2.01
2021-01-04 03:27:00,th_ab2b87b6a68aba30,cand_M3_th_ab2b87b6a68aba30_2021-01-04 03:27:00,pass_b932e372b0de7442,LONG,M30,M3,1813.90,1803.90,1833.90,TARGET_REACHED,2021-01-04 03:27:00,2021-01-04 06:26:00,TARGET_REACHED,0.05,2.01
2021-01-04 03:27:00,th_19305dc78a364622,cand_M3_th_19305dc78a364622_2021-01-04 03:27:00,pass_ab59006d32f1c0ce,LONG,M30,M3,1813.90,1803.90,1833.90,TARGET_REACHED,2021-01-04 03:27:00,2021-01-04 06:26:00,TARGET_REACHED,0.05,2.01
2021-01-04 03:27:00,th_e9804d1bd00856fe,cand_M3_th_e9804d1bd00856fe_2021-01-04 03:27:00,pass_20aed76608b3a5c0,LONG,M30,M3,1813.90,1803.90,1833.90,TARGET_REACHED,2021-01-04 03:27:00,2021-01-04 06:26:00,TARGET_REACHED,0.05,2.01
2021-01-04 03:30:00,th_c6a3fea6cfabf2b7,cand_M5_th_c6a3fea6cfabf2b7_2021-01-04 03:30:00,pass_0d43454440104568,LONG,M30,M5,1814.20,1804.20,1834.20,TARGET_REACHED,2021-01-04 03:30:00,2021-01-04 06:29:00,TARGET_REACHED,0.05,2.01
2021-01-04 03:30:00,th_ab2b87b6a68aba30,cand_M5_th_ab2b87b6a68aba30_2021-01-04 03:30:00,pass_4ef0de653994edfa,LONG,M30,M5,1814.20,1804.20,1834.20,TARGET_REACHED,2021-01-04 03:30:00,2021-01-04 06:29:00,TARGET_REACHED,0.05,2.01
2021-01-04 03:30:00,th_19305dc78a364622,cand_M5_th_19305dc78a364622_2021-01-04 03:30:00,pass_ee1df456499135a8,LONG,M30,M5,1814.20,1804.20,1834.20,TARGET_REACHED,2021-01-04 03:30:00,2021-01-04 06:29:00,TARGET_REACHED,0.05,2.01
2021-01-04 03:30:00,th_e9804d1bd00856fe,cand_M5_th_e9804d1bd00856fe_2021-01-04 03:30:00,pass_91e46b7e14dbca09,LONG,M30,M5,1814.20,1804.20,1834.20,TARGET_REACHED,2021-01-04 03:30:00,2021-01-04 06:29:00,TARGET_REACHED,0.05,2.01
2021-01-04 03:30:00,th_748ea98708c94abb,cand_M5_th_748ea98708c94abb_2021-01-04 03:30:00,pass_1b678f66e9d0d651,LONG,M30,M5,1814.20,1804.20,1834.20,TARGET_REACHED,2021-01-04 03:30:00,2021-01-04 06:29:00,TARGET_REACHED,0.05,2.01
2021-01-04 03:30:00,th_c6a3fea6cfabf2b7,cand_M3_th_c6a3fea6cfabf2b7_2021-01-04 03:30:00,pass_1d43e41546a8432a,LONG,M30,M3,1814.20,1804.20,1834.20,TARGET_REACHED,2021-01-04 03:30:00,2021-01-04 06:29:00,TARGET_REACHED,0.05,2.01
2021-01-04 03:30:00,th_ab2b87b6a68aba30,cand_M3_th_ab2b87b6a68aba30_2021-01-04 03:30:00,pass_9cb5566e148d843c,LONG,M30,M3,1814.20,1804.20,1834.20,TARGET_REACHED,2021-01-04 03:30:00,2021-01-04 06:29:00,TARGET_REACHED,0.05,2.01
2021-01-04 03:30:00,th_19305dc78a364622,cand_M3_th_19305dc78a364622_2021-01-04 03:30:00,pass_9a62e258ead71e9e,LONG,M30,M3,1814.20,1804.20,1834.20,TARGET_REACHED,2021-01-04 03:30:00,2021-01-04 06:29:00,TARGET_REACHED,0.05,2.01
2021-01-04 03:30:00,th_e9804d1bd00856fe,cand_M3_th_e9804d1bd00856fe_2021-01-04 03:30:00,pass_227429160beb990b,LONG,M30,M3,1814.20,1804.20,1834.20,TARGET_REACHED,2021-01-04 03:30:00,2021-01-04 06:29:00,TARGET_REACHED,0.05,2.01
2021-01-04 03:30:00,th_748ea98708c94abb,cand_M3_th_748ea98708c94abb_2021-01-04 03:30:00,pass_64cdd3f40dd09c08,LONG,M30,M3,1814.20,1804.20,1834.20,TARGET_REACHED,2021-01-04 03:30:00,2021-01-04 06:29:00,TARGET_REACHED,0.05,2.01
2021-01-04 03:33:00,th_c6a3fea6cfabf2b7,cand_M3_th_c6a3fea6cfabf2b7_2021-01-04 03:33:00,pass_5f05352d1ed1226b,LONG,M30,M3,1814.50,1804.50,1834.50,TARGET_REACHED,2021-01-04 03:33:00,2021-01-04 06:32:00,TARGET_REACHED,0.05,2.01
2021-01-04 03:33:00,th_ab2b87b6a68aba30,cand_M3_th_ab2b87b6a68aba30_2021-01-04 03:33:00,pass_aa929cdb775ca3a0,LONG,M30,M3,1814.50,1804.50,1834.50,TARGET_REACHED,2021-01-04 03:33:00,2021-01-04 06:32:00,TARGET_REACHED,0.05,2.01
2021-01-04 03:33:00,th_19305dc78a364622,cand_M3_th_19305dc78a364622_2021-01-04 03:33:00,pass_5fe0b4a75d52c80f,LONG,M30,M3,1814.50,1804.50,1834.50,TARGET_REACHED,2021-01-04 03:33:00,2021-01-04 06:32:00,TARGET_REACHED,0.05,2.01
2021-01-04 03:33:00,th_e9804d1bd00856fe,cand_M3_th_e9804d1bd00856fe_2021-01-04 03:33:00,pass_79c8ebd9a2645bd5,LONG,M30,M3,1814.50,1804.50,1834.50,TARGET_REACHED,2021-01-04 03:33:00,2021-01-04 06:32:00,TARGET_REACHED,0.05,2.01
2021-01-04 03:33:00,th_748ea98708c94abb,cand_M3_th_748ea98708c94abb_2021-01-04 03:33:00,pass_a57c5e9c87a79510,LONG,M30,M3,1814.50,1804.50,1834.50,TARGET_REACHED,2021-01-04 03:33:00,2021-01-04 06:32:00,TARGET_REACHED,0.05,2.01
2021-01-04 03:35:00,th_c6a3fea6cfabf2b7,cand_M5_th_c6a3fea6cfabf2b7_2021-01-04 03:35:00,pass_3ff4b21c11ac6956,LONG,M30,M5,1814.70,1804.70,1834.70,TARGET_REACHED,2021-01-04 03:35:00,2021-01-04 06:34:00,TARGET_REACHED,0.05,2.01
2021-01-04 03:35:00,th_ab2b87b6a68aba30,cand_M5_th_ab2b87b6a68aba30_2021-01-04 03:35:00,pass_5eeaf72f18a7c2ae,LONG,M30,M5,1814.70,1804.70,1834.70,TARGET_REACHED,2021-01-04 03:35:00,2021-01-04 06:34:00,TARGET_REACHED,0.05,2.01
2021-01-04 03:35:00,th_19305dc78a364622,cand_M5_th_19305dc78a364622_2021-01-04 03:35:00,pass_5cb18bcf8b999431,LONG,M30,M5,1814.70,1804.70,1834.70,TARGET_REACHED,2021-01-04 03:35:00,2021-01-04 06:34:00,TARGET_REACHED,0.05,2.01
2021-01-04 03:35:00,th_e9804d1bd00856fe,cand_M5_th_e9804d1bd00856fe_2021-01-04 03:35:00,pass_6ce7e7f750d15f5c,LONG,M30,M5,1814.70,1804.70,1834.70,TARGET_REACHED,2021-01-04 03:35:00,2021-01-04 06:34:00,TARGET_REACHED,0.05,2.01
2021-01-04 03:35:00,th_748ea98708c94abb,cand_M5_th_748ea98708c94abb_2021-01-04 03:35:00,pass_49909c1245f0bb2a,LONG,M30,M5,1814.70,1804.70,1834.70,TARGET_REACHED,2021-01-04 03:35:00,2021-01-04 06:34:00,TARGET_REACHED,0.05,2.01
2021-01-04 03:36:00,th_c6a3fea6cfabf2b7,cand_M3_th_c6a3fea6cfabf2b7_2021-01-04 03:36:00,pass_7164e03c9cea7305,LONG,M30,M3,1814.80,1804.80,1834.80,TARGET_REACHED,2021-01-04 03:36:00,2021-01-04 06:35:00,TARGET_REACHED,0.05,2.01
2021-01-04 03:36:00,th_ab2b87b6a68aba30,cand_M3_th_ab2b87b6a68aba30_2021-01-04 03:36:00,pass_fcf7c6e8c6fef379,LONG,M30,M3,1814.80,1804.80,1834.80,TARGET_REACHED,2021-01-04 03:36:00,2021-01-04 06:35:00,TARGET_REACHED,0.05,2.01
2021-01-04 03:36:00,th_19305dc78a364622,cand_M3_th_19305dc78a364622_2021-01-04 03:36:00,pass_31ad9a6f2515fb70,LONG,M30,M3,1814.80,1804.80,1834.80,TARGET_REACHED,2021-01-04 03:36:00,2021-01-04 06:35:00,TARGET_REACHED,0.05,2.01
2021-01-04 03:36:00,th_e9804d1bd00856fe,cand_M3_th_e9804d1bd00856fe_2021-01-04 03:36:00,pass_c0cd6b95628b9b21,LONG,M30,M3,1814.80,1804.80,1834.80,TARGET_REACHED,2021-01-04 03:36:00,2021-01-04 06:35:00,TARGET_REACHED,0.05,2.01
2021-01-04 03:36:00,th_748ea98708c94abb,cand_M3_th_748ea98708c94abb_2021-01-04 03:36:00,pass_264c9f07810c48ce,LONG,M30,M3,1814.80,1804.80,1834.80,TARGET_REACHED,2021-01-04 03:36:00,2021-01-04 06:35:00,TARGET_REACHED,0.05,2.01
2021-01-04 03:39:00,th_c6a3fea6cfabf2b7,cand_M3_th_c6a3fea6cfabf2b7_2021-01-04 03:39:00,pass_0cf52b099d8a684d,LONG,M30,M3,1815.10,1805.10,1835.10,TARGET_REACHED,2021-01-04 03:39:00,2021-01-04 06:38:00,TARGET_REACHED,0.05,2.01
2021-01-04 03:39:00,th_ab2b87b6a68aba30,cand_M3_th_ab2b87b6a68aba30_2021-01-04 03:39:00,pass_71b94095c58d81af,LONG,M30,M3,1815.10,1805.10,1835.10,TARGET_REACHED,2021-01-04 03:39:00,2021-01-04 06:38:00,TARGET_REACHED,0.05,2.01
2021-01-04 03:39:00,th_19305dc78a364622,cand_M3_th_19305dc78a364622_2021-01-04 03:39:00,pass_ad056d5800ddbe7b,LONG,M30,M3,1815.10,1805.10,1835.10,TARGET_REACHED,2021-01-04 03:39:00,2021-01-04 06:38:00,TARGET_REACHED,0.05,2.01
2021-01-04 03:39:00,th_e9804d1bd00856fe,cand_M3_th_e9804d1bd00856fe_2021-01-04 03:39:00,pass_983f38b8a8dc68ce,LONG,M30,M3,1815.10,1805.10,1835.10,TARGET_REACHED,2021-01-04 03:39:00,2021-01-04 06:38:00,TARGET_REACHED,0.05,2.01
2021-01-04 03:39:00,th_748ea98708c94abb,cand_M3_th_748ea98708c94abb_2021-01-04 03:39:00,pass_9f31078ee3f26198,LONG,M30,M3,1815.10,1805.10,1835.10,TARGET_REACHED,2021-01-04 03:39:00,2021-01-04 06:38:00,TARGET_REACHED,0.05,2.01
2021-01-04 03:40:00,th_c6a3fea6cfabf2b7,cand_M5_th_c6a3fea6cfabf2b7_2021-01-04 03:40:00,pass_77c57cb387dbcce2,LONG,M30,M5,1815.20,1805.20,1835.20,TARGET_REACHED,2021-01-04 03:40:00,2021-01-04 06:39:00,TARGET_REACHED,0.05,2.01
2021-01-04 03:40:00,th_ab2b87b6a68aba30,cand_M5_th_ab2b87b6a68aba30_2021-01-04 03:40:00,pass_1c6f97343a499e45,LONG,M30,M5,1815.20,1805.20,1835.20,TARGET_REACHED,2021-01-04 03:40:00,2021-01-04 06:39:00,TARGET_REACHED,0.05,2.01
2021-01-04 03:40:00,th_19305dc78a364622,cand_M5_th_19305dc78a364622_2021-01-04 03:40:00,pass_a7eb16a02fb00c54,LONG,M30,M5,1815.20,1805.20,1835.20,TARGET_REACHED,2021-01-04 03:40:00,2021-01-04 06:39:00,TARGET_REACHED,0.05,2.01
2021-01-04 03:40:00,th_e9804d1bd00856fe,cand_M5_th_e9804d1bd00856fe_2021-01-04 03:40:00,pass_d0f02566d5c839f8,LONG,M30,M5,1815.20,1805.20,1835.20,TARGET_REACHED,2021-01-04 03:40:00,2021-01-04 06:39:00,TARGET_REACHED,0.05,2.01
2021-01-04 03:40:00,th_748ea98708c94abb,cand_M5_th_748ea98708c94abb_2021-01-04 03:40:00,pass_799163bdc7b041ab,LONG,M30,M5,1815.20,1805.20,1835.20,TARGET_REACHED,2021-01-04 03:40:00,2021-01-04 06:39:00,TARGET_REACHED,0.05,2.01
2021-01-04 03:42:00,th_c6a3fea6cfabf2b7,cand_M3_th_c6a3fea6cfabf2b7_2021-01-04 03:42:00,pass_e0d613ed8efe1e9d,LONG,M30,M3,1815.40,1805.40,1835.40,TARGET_REACHED,2021-01-04 03:42:00,2021-01-04 06:41:00,TARGET_REACHED,0.05,2.01
2021-01-04 03:42:00,th_ab2b87b6a68aba30,cand_M3_th_ab2b87b6a68aba30_2021-01-04 03:42:00,pass_1717f913dc406e17,LONG,M30,M3,1815.40,1805.40,1835.40,TARGET_REACHED,2021-01-04 03:42:00,2021-01-04 06:41:00,TARGET_REACHED,0.05,2.01
2021-01-04 03:42:00,th_19305dc78a364622,cand_M3_th_19305dc78a364622_2021-01-04 03:42:00,pass_330190899606ccf6,LONG,M30,M3,1815.40,1805.40,1835.40,TARGET_REACHED,2021-01-04 03:42:00,2021-01-04 06:41:00,TARGET_REACHED,0.05,2.01
2021-01-04 03:42:00,th_e9804d1bd00856fe,cand_M3_th_e9804d1bd00856fe_2021-01-04 03:42:00,pass_844868e18b5b2133,LONG,M30,M3,1815.40,1805.40,1835.40,TARGET_REACHED,2021-01-04 03:42:00,2021-01-04 06:41:00,TARGET_REACHED,0.05,2.01
2021-01-04 03:42:00,th_748ea98708c94abb,cand_M3_th_748ea98708c94abb_2021-01-04 03:42:00,pass_f6d469127fa04f0d,LONG,M30,M3,1815.40,1805.40,1835.40,TARGET_REACHED,2021-01-04 03:42:00,2021-01-04 06:41:00,TARGET_REACHED,0.05,2.01
2021-01-04 03:45:00,th_c6a3fea6cfabf2b7,cand_M5_th_c6a3fea6cfabf2b7_2021-01-04 03:45:00,pass_f717a4c11985d35a,LONG,M30,M5,1815.70,1805.70,1835.70,TARGET_REACHED,2021-01-04 03:45:00,2021-01-04 06:44:00,TARGET_REACHED,0.05,2.01
2021-01-04 03:45:00,th_ab2b87b6a68aba30,cand_M5_th_ab2b87b6a68aba30_2021-01-04 03:45:00,pass_1cea9a712e259a71,LONG,M30,M5,1815.70,1805.70,1835.70,TARGET_REACHED,2021-01-04 03:45:00,2021-01-04 06:44:00,TARGET_REACHED,0.05,2.01
2021-01-04 03:45:00,th_19305dc78a364622,cand_M5_th_19305dc78a364622_2021-01-04 03:45:00,pass_f4563ac4e8920fab,LONG,M30,M5,1815.70,1805.70,1835.70,TARGET_REACHED,2021-01-04 03:45:00,2021-01-04 06:44:00,TARGET_REACHED,0.05,2.01
2021-01-04 03:45:00,th_e9804d1bd00856fe,cand_M5_th_e9804d1bd00856fe_2021-01-04 03:45:00,pass_f2bbe15937595dd4,LONG,M30,M5,1815.70,1805.70,1835.70,TARGET_REACHED,2021-01-04 03:45:00,2021-01-04 06:44:00,TARGET_REACHED,0.05,2.01
2021-01-04 03:45:00,th_748ea98708c94abb,cand_M5_th_748ea98708c94abb_2021-01-04 03:45:00,pass_0e7e73e676f0953b,LONG,M30,M5,1815.70,1805.70,1835.70,TARGET_REACHED,2021-01-04 03:45:00,2021-01-04 06:44:00,TARGET_REACHED,0.05,2.01
2021-01-04 03:45:00,th_c6a3fea6cfabf2b7,cand_M3_th_c6a3fea6cfabf2b7_2021-01-04 03:45:00,pass_037979559716df07,LONG,M30,M3,1815.70,1805.70,1835.70,TARGET_REACHED,2021-01-04 03:45:00,2021-01-04 06:44:00,TARGET_REACHED,0.05,2.01
2021-01-04 03:45:00,th_ab2b87b6a68aba30,cand_M3_th_ab2b87b6a68aba30_2021-01-04 03:45:00,pass_58cc84c8821f85ba,LONG,M30,M3,1815.70,1805.70,1835.70,TARGET_REACHED,2021-01-04 03:45:00,2021-01-04 06:44:00,TARGET_REACHED,0.05,2.01
2021-01-04 03:45:00,th_19305dc78a364622,cand_M3_th_19305dc78a364622_2021-01-04 03:45:00,pass_26967d08f40fae8a,LONG,M30,M3,1815.70,1805.70,1835.70,TARGET_REACHED,2021-01-04 03:45:00,2021-01-04 06:44:00,TARGET_REACHED,0.05,2.01
2021-01-04 03:45:00,th_e9804d1bd00856fe,cand_M3_th_e9804d1bd00856fe_2021-01-04 03:45:00,pass_b20702bb05b247f7,LONG,M30,M3,1815.70,1805.70,1835.70,TARGET_REACHED,2021-01-04 03:45:00,2021-01-04 06:44:00,TARGET_REACHED,0.05,2.01
2021-01-04 03:45:00,th_748ea98708c94abb,cand_M3_th_748ea98708c94abb_2021-01-04 03:45:00,pass_a2fdf6cfae046241,LONG,M30,M3,1815.70,1805.70,1835.70,TARGET_REACHED,2021-01-04 03:45:00,2021-01-04 06:44:00,TARGET_REACHED,0.05,2.01
2021-01-04 03:48:00,th_c6a3fea6cfabf2b7,cand_M3_th_c6a3fea6cfabf2b7_2021-01-04 03:48:00,pass_4b76cc4e64d267d8,LONG,M30,M3,1816.00,1806.00,1836.00,TARGET_REACHED,2021-01-04 03:48:00,2021-01-04 06:47:00,TARGET_REACHED,0.05,2.01
2021-01-04 03:48:00,th_ab2b87b6a68aba30,cand_M3_th_ab2b87b6a68aba30_2021-01-04 03:48:00,pass_7e347d6ce1b15b80,LONG,M30,M3,1816.00,1806.00,1836.00,TARGET_REACHED,2021-01-04 03:48:00,2021-01-04 06:47:00,TARGET_REACHED,0.05,2.01
2021-01-04 03:48:00,th_19305dc78a364622,cand_M3_th_19305dc78a364622_2021-01-04 03:48:00,pass_a5a324b02a9eae9c,LONG,M30,M3,1816.00,1806.00,1836.00,TARGET_REACHED,2021-01-04 03:48:00,2021-01-04 06:47:00,TARGET_REACHED,0.05,2.01
2021-01-04 03:48:00,th_e9804d1bd00856fe,cand_M3_th_e9804d1bd00856fe_2021-01-04 03:48:00,pass_f8903f7516f1e578,LONG,M30,M3,1816.00,1806.00,1836.00,TARGET_REACHED,2021-01-04 03:48:00,2021-01-04 06:47:00,TARGET_REACHED,0.05,2.01
2021-01-04 03:48:00,th_748ea98708c94abb,cand_M3_th_748ea98708c94abb_2021-01-04 03:48:00,pass_6700f0fdf113d90b,LONG,M30,M3,1816.00,1806.00,1836.00,TARGET_REACHED,2021-01-04 03:48:00,2021-01-04 06:47:00,TARGET_REACHED,0.05,2.01
2021-01-04 03:50:00,th_c6a3fea6cfabf2b7,cand_M5_th_c6a3fea6cfabf2b7_2021-01-04 03:50:00,pass_8f7663f28e6e6bb5,LONG,M30,M5,1816.20,1806.20,1836.20,TARGET_REACHED,2021-01-04 03:50:00,2021-01-04 06:49:00,TARGET_REACHED,0.05,2.01
2021-01-04 03:50:00,th_ab2b87b6a68aba30,cand_M5_th_ab2b87b6a68aba30_2021-01-04 03:50:00,pass_605be3efd0b0eea3,LONG,M30,M5,1816.20,1806.20,1836.20,TARGET_REACHED,2021-01-04 03:50:00,2021-01-04 06:49:00,TARGET_REACHED,0.05,2.01
2021-01-04 03:50:00,th_19305dc78a364622,cand_M5_th_19305dc78a364622_2021-01-04 03:50:00,pass_0d01e3b55057c074,LONG,M30,M5,1816.20,1806.20,1836.20,TARGET_REACHED,2021-01-04 03:50:00,2021-01-04 06:49:00,TARGET_REACHED,0.05,2.01
2021-01-04 03:50:00,th_e9804d1bd00856fe,cand_M5_th_e9804d1bd00856fe_2021-01-04 03:50:00,pass_4250cbf3ae7493b6,LONG,M30,M5,1816.20,1806.20,1836.20,TARGET_REACHED,2021-01-04 03:50:00,2021-01-04 06:49:00,TARGET_REACHED,0.05,2.01
2021-01-04 03:50:00,th_748ea98708c94abb,cand_M5_th_748ea98708c94abb_2021-01-04 03:50:00,pass_97627a087622c884,LONG,M30,M5,1816.20,1806.20,1836.20,TARGET_REACHED,2021-01-04 03:50:00,2021-01-04 06:49:00,TARGET_REACHED,0.05,2.01
2021-01-04 03:51:00,th_c6a3fea6cfabf2b7,cand_M3_th_c6a3fea6cfabf2b7_2021-01-04 03:51:00,pass_862489198aa085ca,LONG,M30,M3,1816.30,1806.30,1836.30,TARGET_REACHED,2021-01-04 03:51:00,2021-01-04 06:50:00,TARGET_REACHED,0.05,2.01
2021-01-04 03:51:00,th_ab2b87b6a68aba30,cand_M3_th_ab2b87b6a68aba30_2021-01-04 03:51:00,pass_53d4bab8e4de6bc7,LONG,M30,M3,1816.30,1806.30,1836.30,TARGET_REACHED,2021-01-04 03:51:00,2021-01-04 06:50:00,TARGET_REACHED,0.05,2.01
2021-01-04 03:51:00,th_19305dc78a364622,cand_M3_th_19305dc78a364622_2021-01-04 03:51:00,pass_2193f73cac9d0e8a,LONG,M30,M3,1816.30,1806.30,1836.30,TARGET_REACHED,2021-01-04 03:51:00,2021-01-04 06:50:00,TARGET_REACHED,0.05,2.01
2021-01-04 03:51:00,th_e9804d1bd00856fe,cand_M3_th_e9804d1bd00856fe_2021-01-04 03:51:00,pass_2826f21480cbd3b8,LONG,M30,M3,1816.30,1806.30,1836.30,TARGET_REACHED,2021-01-04 03:51:00,2021-01-04 06:50:00,TARGET_REACHED,0.05,2.01
2021-01-04 03:51:00,th_748ea98708c94abb,cand_M3_th_748ea98708c94abb_2021-01-04 03:51:00,pass_8a1c32a3e01ea3df,LONG,M30,M3,1816.30,1806.30,1836.30,TARGET_REACHED,2021-01-04 03:51:00,2021-01-04 06:50:00,TARGET_REACHED,0.05,2.01
2021-01-04 03:54:00,th_c6a3fea6cfabf2b7,cand_M3_th_c6a3fea6cfabf2b7_2021-01-04 03:54:00,pass_16fbb19926ddc373,LONG,M30,M3,1816.60,1806.60,1836.60,TARGET_REACHED,2021-01-04 03:54:00,2021-01-04 06:53:00,TARGET_REACHED,0.05,2.01
2021-01-04 03:54:00,th_ab2b87b6a68aba30,cand_M3_th_ab2b87b6a68aba30_2021-01-04 03:54:00,pass_22071d933423fbbd,LONG,M30,M3,1816.60,1806.60,1836.60,TARGET_REACHED,2021-01-04 03:54:00,2021-01-04 06:53:00,TARGET_REACHED,0.05,2.01
2021-01-04 03:54:00,th_19305dc78a364622,cand_M3_th_19305dc78a364622_2021-01-04 03:54:00,pass_93d8a71bd4c80000,LONG,M30,M3,1816.60,1806.60,1836.60,TARGET_REACHED,2021-01-04 03:54:00,2021-01-04 06:53:00,TARGET_REACHED,0.05,2.01
2021-01-04 03:54:00,th_e9804d1bd00856fe,cand_M3_th_e9804d1bd00856fe_2021-01-04 03:54:00,pass_44f4a30b97262579,LONG,M30,M3,1816.60,1806.60,1836.60,TARGET_REACHED,2021-01-04 03:54:00,2021-01-04 06:53:00,TARGET_REACHED,0.05,2.01
2021-01-04 03:54:00,th_748ea98708c94abb,cand_M3_th_748ea98708c94abb_2021-01-04 03:54:00,pass_3bf345f08a5bd43d,LONG,M30,M3,1816.60,1806.60,1836.60,TARGET_REACHED,2021-01-04 03:54:00,2021-01-04 06:53:00,TARGET_REACHED,0.05,2.01
2021-01-04 03:55:00,th_c6a3fea6cfabf2b7,cand_M5_th_c6a3fea6cfabf2b7_2021-01-04 03:55:00,pass_cf0fe3b402a37539,LONG,M30,M5,1816.70,1806.70,1836.70,TARGET_REACHED,2021-01-04 03:55:00,2021-01-04 06:54:00,TARGET_REACHED,0.05,2.01
2021-01-04 03:55:00,th_ab2b87b6a68aba30,cand_M5_th_ab2b87b6a68aba30_2021-01-04 03:55:00,pass_90d5cd6082aacaa7,LONG,M30,M5,1816.70,1806.70,1836.70,TARGET_REACHED,2021-01-04 03:55:00,2021-01-04 06:54:00,TARGET_REACHED,0.05,2.01
2021-01-04 03:55:00,th_19305dc78a364622,cand_M5_th_19305dc78a364622_2021-01-04 03:55:00,pass_695ec41683bafa0d,LONG,M30,M5,1816.70,1806.70,1836.70,TARGET_REACHED,2021-01-04 03:55:00,2021-01-04 06:54:00,TARGET_REACHED,0.05,2.01
2021-01-04 03:55:00,th_e9804d1bd00856fe,cand_M5_th_e9804d1bd00856fe_2021-01-04 03:55:00,pass_4bb52f68514873fe,LONG,M30,M5,1816.70,1806.70,1836.70,TARGET_REACHED,2021-01-04 03:55:00,2021-01-04 06:54:00,TARGET_REACHED,0.05,2.01
2021-01-04 03:55:00,th_748ea98708c94abb,cand_M5_th_748ea98708c94abb_2021-01-04 03:55:00,pass_8cfaca343cdaff70,LONG,M30,M5,1816.70,1806.70,1836.70,TARGET_REACHED,2021-01-04 03:55:00,2021-01-04 06:54:00,TARGET_REACHED,0.05,2.01
2021-01-04 03:57:00,th_c6a3fea6cfabf2b7,cand_M3_th_c6a3fea6cfabf2b7_2021-01-04 03:57:00,pass_12b0e2fc70c855c0,LONG,M30,M3,1816.90,1806.90,1836.90,TARGET_REACHED,2021-01-04 03:57:00,2021-01-04 06:56:00,TARGET_REACHED,0.05,2.01
2021-01-04 03:57:00,th_ab2b87b6a68aba30,cand_M3_th_ab2b87b6a68aba30_2021-01-04 03:57:00,pass_c0b9cdf9ba775304,LONG,M30,M3,1816.90,1806.90,1836.90,TARGET_REACHED,2021-01-04 03:57:00,2021-01-04 06:56:00,TARGET_REACHED,0.05,2.01
2021-01-04 03:57:00,th_19305dc78a364622,cand_M3_th_19305dc78a364622_2021-01-04 03:57:00,pass_4beb1285ef62fc2b,LONG,M30,M3,1816.90,1806.90,1836.90,TARGET_REACHED,2021-01-04 03:57:00,2021-01-04 06:56:00,TARGET_REACHED,0.05,2.01
2021-01-04 03:57:00,th_e9804d1bd00856fe,cand_M3_th_e9804d1bd00856fe_2021-01-04 03:57:00,pass_5ed171121cec5964,LONG,M30,M3,1816.90,1806.90,1836.90,TARGET_REACHED,2021-01-04 03:57:00,2021-01-04 06:56:00,TARGET_REACHED,0.05,2.01
2021-01-04 03:57:00,th_748ea98708c94abb,cand_M3_th_748ea98708c94abb_2021-01-04 03:57:00,pass_173de3a1dc554a8b,LONG,M30,M3,1816.90,1806.90,1836.90,TARGET_REACHED,2021-01-04 03:57:00,2021-01-04 06:56:00,TARGET_REACHED,0.05,2.01
2021-01-04 04:00:00,th_c6a3fea6cfabf2b7,cand_M5_th_c6a3fea6cfabf2b7_2021-01-04 04:00:00,pass_50d9ee0b128a60e2,LONG,M30,M5,1817.20,1807.20,1837.20,TARGET_REACHED,2021-01-04 04:00:00,2021-01-04 06:59:00,TARGET_REACHED,0.05,2.01
2021-01-04 04:00:00,th_ab2b87b6a68aba30,cand_M5_th_ab2b87b6a68aba30_2021-01-04 04:00:00,pass_6ecbe3e70bcbfb0c,LONG,M30,M5,1817.20,1807.20,1837.20,TARGET_REACHED,2021-01-04 04:00:00,2021-01-04 06:59:00,TARGET_REACHED,0.05,2.01
2021-01-04 04:00:00,th_19305dc78a364622,cand_M5_th_19305dc78a364622_2021-01-04 04:00:00,pass_53d0b9db5a7d5bd5,LONG,M30,M5,1817.20,1807.20,1837.20,TARGET_REACHED,2021-01-04 04:00:00,2021-01-04 06:59:00,TARGET_REACHED,0.05,2.01
2021-01-04 04:00:00,th_e9804d1bd00856fe,cand_M5_th_e9804d1bd00856fe_2021-01-04 04:00:00,pass_0b9e8757675699fa,LONG,M30,M5,1817.20,1807.20,1837.20,TARGET_REACHED,2021-01-04 04:00:00,2021-01-04 06:59:00,TARGET_REACHED,0.05,2.01
2021-01-04 04:00:00,th_748ea98708c94abb,cand_M5_th_748ea98708c94abb_2021-01-04 04:00:00,pass_87ccb42c8e16c680,LONG,M30,M5,1817.20,1807.20,1837.20,TARGET_REACHED,2021-01-04 04:00:00,2021-01-04 06:59:00,TARGET_REACHED,0.05,2.01
2021-01-04 04:00:00,th_818f74a02dbe690b,cand_M5_th_818f74a02dbe690b_2021-01-04 04:00:00,pass_a3ba31a49290c91e,LONG,M30,M5,1817.20,1807.20,1837.20,TARGET_REACHED,2021-01-04 04:00:00,2021-01-04 06:59:00,TARGET_REACHED,0.05,2.01
2021-01-04 04:00:00,th_c6a3fea6cfabf2b7,cand_M3_th_c6a3fea6cfabf2b7_2021-01-04 04:00:00,pass_3febf66e95f82667,LONG,M30,M3,1817.20,1807.20,1837.20,TARGET_REACHED,2021-01-04 04:00:00,2021-01-04 06:59:00,TARGET_REACHED,0.05,2.01
2021-01-04 04:00:00,th_ab2b87b6a68aba30,cand_M3_th_ab2b87b6a68aba30_2021-01-04 04:00:00,pass_c164dba203d2775b,LONG,M30,M3,1817.20,1807.20,1837.20,TARGET_REACHED,2021-01-04 04:00:00,2021-01-04 06:59:00,TARGET_REACHED,0.05,2.01
2021-01-04 04:00:00,th_19305dc78a364622,cand_M3_th_19305dc78a364622_2021-01-04 04:00:00,pass_8232d149f7e84304,LONG,M30,M3,1817.20,1807.20,1837.20,TARGET_REACHED,2021-01-04 04:00:00,2021-01-04 06:59:00,TARGET_REACHED,0.05,2.01
2021-01-04 04:00:00,th_e9804d1bd00856fe,cand_M3_th_e9804d1bd00856fe_2021-01-04 04:00:00,pass_f4aecefab5260ab0,LONG,M30,M3,1817.20,1807.20,1837.20,TARGET_REACHED,2021-01-04 04:00:00,2021-01-04 06:59:00,TARGET_REACHED,0.05,2.01
2021-01-04 04:00:00,th_748ea98708c94abb,cand_M3_th_748ea98708c94abb_2021-01-04 04:00:00,pass_ade3db8e255bb4eb,LONG,M30,M3,1817.20,1807.20,1837.20,TARGET_REACHED,2021-01-04 04:00:00,2021-01-04 06:59:00,TARGET_REACHED,0.05,2.01
2021-01-04 04:00:00,th_818f74a02dbe690b,cand_M3_th_818f74a02dbe690b_2021-01-04 04:00:00,pass_3437de31d4ad56d7,LONG,M30,M3,1817.20,1807.20,1837.20,TARGET_REACHED,2021-01-04 04:00:00,2021-01-04 06:59:00,TARGET_REACHED,0.05,2.01
2021-01-04 04:03:00,th_c6a3fea6cfabf2b7,cand_M3_th_c6a3fea6cfabf2b7_2021-01-04 04:03:00,pass_2fb7b8411c1d9cb1,LONG,M30,M3,1817.50,1807.50,1837.50,TARGET_REACHED,2021-01-04 04:03:00,2021-01-04 07:02:00,TARGET_REACHED,0.05,2.01
2021-01-04 04:03:00,th_ab2b87b6a68aba30,cand_M3_th_ab2b87b6a68aba30_2021-01-04 04:03:00,pass_0481e565bd9b9db7,LONG,M30,M3,1817.50,1807.50,1837.50,TARGET_REACHED,2021-01-04 04:03:00,2021-01-04 07:02:00,TARGET_REACHED,0.05,2.01
2021-01-04 04:03:00,th_19305dc78a364622,cand_M3_th_19305dc78a364622_2021-01-04 04:03:00,pass_f3bd3445972ae6a5,LONG,M30,M3,1817.50,1807.50,1837.50,TARGET_REACHED,2021-01-04 04:03:00,2021-01-04 07:02:00,TARGET_REACHED,0.05,2.01
2021-01-04 04:03:00,th_e9804d1bd00856fe,cand_M3_th_e9804d1bd00856fe_2021-01-04 04:03:00,pass_c4025d8a34a5b4bc,LONG,M30,M3,1817.50,1807.50,1837.50,TARGET_REACHED,2021-01-04 04:03:00,2021-01-04 07:02:00,TARGET_REACHED,0.05,2.01
2021-01-04 04:03:00,th_748ea98708c94abb,cand_M3_th_748ea98708c94abb_2021-01-04 04:03:00,pass_aa581f892603fa4a,LONG,M30,M3,1817.50,1807.50,1837.50,TARGET_REACHED,2021-01-04 04:03:00,2021-01-04 07:02:00,TARGET_REACHED,0.05,2.01
2021-01-04 04:03:00,th_818f74a02dbe690b,cand_M3_th_818f74a02dbe690b_2021-01-04 04:03:00,pass_ad86c252f7ec3655,LONG,M30,M3,1817.50,1807.50,1837.50,TARGET_REACHED,2021-01-04 04:03:00,2021-01-04 07:02:00,TARGET_REACHED,0.05,2.01
2021-01-04 04:05:00,th_c6a3fea6cfabf2b7,cand_M5_th_c6a3fea6cfabf2b7_2021-01-04 04:05:00,pass_720582d2a7e37a58,LONG,M30,M5,1817.70,1807.70,1837.70,TARGET_REACHED,2021-01-04 04:05:00,2021-01-04 07:04:00,TARGET_REACHED,0.05,2.01
2021-01-04 04:05:00,th_ab2b87b6a68aba30,cand_M5_th_ab2b87b6a68aba30_2021-01-04 04:05:00,pass_f1b75ed8c4c3fa24,LONG,M30,M5,1817.70,1807.70,1837.70,TARGET_REACHED,2021-01-04 04:05:00,2021-01-04 07:04:00,TARGET_REACHED,0.05,2.01
2021-01-04 04:05:00,th_19305dc78a364622,cand_M5_th_19305dc78a364622_2021-01-04 04:05:00,pass_55fbaff612d620eb,LONG,M30,M5,1817.70,1807.70,1837.70,TARGET_REACHED,2021-01-04 04:05:00,2021-01-04 07:04:00,TARGET_REACHED,0.05,2.01
2021-01-04 04:05:00,th_e9804d1bd00856fe,cand_M5_th_e9804d1bd00856fe_2021-01-04 04:05:00,pass_5d16c0c8c9328e05,LONG,M30,M5,1817.70,1807.70,1837.70,TARGET_REACHED,2021-01-04 04:05:00,2021-01-04 07:04:00,TARGET_REACHED,0.05,2.01
2021-01-04 04:05:00,th_748ea98708c94abb,cand_M5_th_748ea98708c94abb_2021-01-04 04:05:00,pass_e55e2ce6fe47cc4b,LONG,M30,M5,1817.70,1807.70,1837.70,TARGET_REACHED,2021-01-04 04:05:00,2021-01-04 07:04:00,TARGET_REACHED,0.05,2.01
2021-01-04 04:05:00,th_818f74a02dbe690b,cand_M5_th_818f74a02dbe690b_2021-01-04 04:05:00,pass_6bbf033ea666e134,LONG,M30,M5,1817.70,1807.70,1837.70,TARGET_REACHED,2021-01-04 04:05:00,2021-01-04 07:04:00,TARGET_REACHED,0.05,2.01
2021-01-04 04:06:00,th_c6a3fea6cfabf2b7,cand_M3_th_c6a3fea6cfabf2b7_2021-01-04 04:06:00,pass_85e4c77cf2f312a1,LONG,M30,M3,1817.80,1807.80,1837.80,TARGET_REACHED,2021-01-04 04:06:00,2021-01-04 07:05:00,TARGET_REACHED,0.05,2.01
2021-01-04 04:06:00,th_ab2b87b6a68aba30,cand_M3_th_ab2b87b6a68aba30_2021-01-04 04:06:00,pass_7ae47628b6b371f9,LONG,M30,M3,1817.80,1807.80,1837.80,TARGET_REACHED,2021-01-04 04:06:00,2021-01-04 07:05:00,TARGET_REACHED,0.05,2.01
2021-01-04 04:06:00,th_19305dc78a364622,cand_M3_th_19305dc78a364622_2021-01-04 04:06:00,pass_acce09314b5d4461,LONG,M30,M3,1817.80,1807.80,1837.80,TARGET_REACHED,2021-01-04 04:06:00,2021-01-04 07:05:00,TARGET_REACHED,0.05,2.01
2021-01-04 04:06:00,th_e9804d1bd00856fe,cand_M3_th_e9804d1bd00856fe_2021-01-04 04:06:00,pass_735c6d6f51af669e,LONG,M30,M3,1817.80,1807.80,1837.80,TARGET_REACHED,2021-01-04 04:06:00,2021-01-04 07:05:00,TARGET_REACHED,0.05,2.01
2021-01-04 04:06:00,th_748ea98708c94abb,cand_M3_th_748ea98708c94abb_2021-01-04 04:06:00,pass_d8b71583f113d973,LONG,M30,M3,1817.80,1807.80,1837.80,TARGET_REACHED,2021-01-04 04:06:00,2021-01-04 07:05:00,TARGET_REACHED,0.05,2.01
2021-01-04 04:06:00,th_818f74a02dbe690b,cand_M3_th_818f74a02dbe690b_2021-01-04 04:06:00,pass_7dd0abb4ae9bd6bb,LONG,M30,M3,1817.80,1807.80,1837.80,TARGET_REACHED,2021-01-04 04:06:00,2021-01-04 07:05:00,TARGET_REACHED,0.05,2.01
2021-01-04 04:09:00,th_c6a3fea6cfabf2b7,cand_M3_th_c6a3fea6cfabf2b7_2021-01-04 04:09:00,pass_0b0fc2512a39c307,LONG,M30,M3,1818.10,1808.10,1838.10,TARGET_REACHED,2021-01-04 04:09:00,2021-01-04 07:08:00,TARGET_REACHED,0.05,2.01
2021-01-04 04:09:00,th_ab2b87b6a68aba30,cand_M3_th_ab2b87b6a68aba30_2021-01-04 04:09:00,pass_4e8ef8b3eea41eb1,LONG,M30,M3,1818.10,1808.10,1838.10,TARGET_REACHED,2021-01-04 04:09:00,2021-01-04 07:08:00,TARGET_REACHED,0.05,2.01
2021-01-04 04:09:00,th_19305dc78a364622,cand_M3_th_19305dc78a364622_2021-01-04 04:09:00,pass_8b0fdfce36466a85,LONG,M30,M3,1818.10,1808.10,1838.10,TARGET_REACHED,2021-01-04 04:09:00,2021-01-04 07:08:00,TARGET_REACHED,0.05,2.01
2021-01-04 04:09:00,th_e9804d1bd00856fe,cand_M3_th_e9804d1bd00856fe_2021-01-04 04:09:00,pass_0de0bb5c0af84201,LONG,M30,M3,1818.10,1808.10,1838.10,TARGET_REACHED,2021-01-04 04:09:00,2021-01-04 07:08:00,TARGET_REACHED,0.05,2.01
2021-01-04 04:09:00,th_748ea98708c94abb,cand_M3_th_748ea98708c94abb_2021-01-04 04:09:00,pass_1b5287809d747bfc,LONG,M30,M3,1818.10,1808.10,1838.10,TARGET_REACHED,2021-01-04 04:09:00,2021-01-04 07:08:00,TARGET_REACHED,0.05,2.01
2021-01-04 04:09:00,th_818f74a02dbe690b,cand_M3_th_818f74a02dbe690b_2021-01-04 04:09:00,pass_e494bc84c10b1eb3,LONG,M30,M3,1818.10,1808.10,1838.10,TARGET_REACHED,2021-01-04 04:09:00,2021-01-04 07:08:00,TARGET_REACHED,0.05,2.01
2021-01-04 04:10:00,th_c6a3fea6cfabf2b7,cand_M5_th_c6a3fea6cfabf2b7_2021-01-04 04:10:00,pass_d4ca966c73be289b,LONG,M30,M5,1818.20,1808.20,1838.20,TARGET_REACHED,2021-01-04 04:10:00,2021-01-04 07:09:00,TARGET_REACHED,0.05,2.01
2021-01-04 04:10:00,th_ab2b87b6a68aba30,cand_M5_th_ab2b87b6a68aba30_2021-01-04 04:10:00,pass_ee7c074d81391d0b,LONG,M30,M5,1818.20,1808.20,1838.20,TARGET_REACHED,2021-01-04 04:10:00,2021-01-04 07:09:00,TARGET_REACHED,0.05,2.01
2021-01-04 04:10:00,th_19305dc78a364622,cand_M5_th_19305dc78a364622_2021-01-04 04:10:00,pass_484f025e9f2c011e,LONG,M30,M5,1818.20,1808.20,1838.20,TARGET_REACHED,2021-01-04 04:10:00,2021-01-04 07:09:00,TARGET_REACHED,0.05,2.01
2021-01-04 04:10:00,th_e9804d1bd00856fe,cand_M5_th_e9804d1bd00856fe_2021-01-04 04:10:00,pass_a3d4b410a187429a,LONG,M30,M5,1818.20,1808.20,1838.20,TARGET_REACHED,2021-01-04 04:10:00,2021-01-04 07:09:00,TARGET_REACHED,0.05,2.01
2021-01-04 04:10:00,th_748ea98708c94abb,cand_M5_th_748ea98708c94abb_2021-01-04 04:10:00,pass_7f34fb1adbb64b2c,LONG,M30,M5,1818.20,1808.20,1838.20,TARGET_REACHED,2021-01-04 04:10:00,2021-01-04 07:09:00,TARGET_REACHED,0.05,2.01
2021-01-04 04:10:00,th_818f74a02dbe690b,cand_M5_th_818f74a02dbe690b_2021-01-04 04:10:00,pass_0413fb85d35fce92,LONG,M30,M5,1818.20,1808.20,1838.20,TARGET_REACHED,2021-01-04 04:10:00,2021-01-04 07:09:00,TARGET_REACHED,0.05,2.01
2021-01-04 04:12:00,th_c6a3fea6cfabf2b7,cand_M3_th_c6a3fea6cfabf2b7_2021-01-04 04:12:00,pass_65adfa3a98d5e86e,LONG,M30,M3,1818.40,1808.40,1838.40,TARGET_REACHED,2021-01-04 04:12:00,2021-01-04 07:11:00,TARGET_REACHED,0.05,2.01
2021-01-04 04:12:00,th_ab2b87b6a68aba30,cand_M3_th_ab2b87b6a68aba30_2021-01-04 04:12:00,pass_38170beb6340255a,LONG,M30,M3,1818.40,1808.40,1838.40,TARGET_REACHED,2021-01-04 04:12:00,2021-01-04 07:11:00,TARGET_REACHED,0.05,2.01
2021-01-04 04:12:00,th_19305dc78a364622,cand_M3_th_19305dc78a364622_2021-01-04 04:12:00,pass_2f282e96720fe48d,LONG,M30,M3,1818.40,1808.40,1838.40,TARGET_REACHED,2021-01-04 04:12:00,2021-01-04 07:11:00,TARGET_REACHED,0.05,2.01
2021-01-04 04:12:00,th_e9804d1bd00856fe,cand_M3_th_e9804d1bd00856fe_2021-01-04 04:12:00,pass_29502aa36bbff091,LONG,M30,M3,1818.40,1808.40,1838.40,TARGET_REACHED,2021-01-04 04:12:00,2021-01-04 07:11:00,TARGET_REACHED,0.05,2.01
2021-01-04 04:12:00,th_748ea98708c94abb,cand_M3_th_748ea98708c94abb_2021-01-04 04:12:00,pass_581a75a5b83497b5,LONG,M30,M3,1818.40,1808.40,1838.40,TARGET_REACHED,2021-01-04 04:12:00,2021-01-04 07:11:00,TARGET_REACHED,0.05,2.01
2021-01-04 04:12:00,th_818f74a02dbe690b,cand_M3_th_818f74a02dbe690b_2021-01-04 04:12:00,pass_e8e40d394cba221b,LONG,M30,M3,1818.40,1808.40,1838.40,TARGET_REACHED,2021-01-04 04:12:00,2021-01-04 07:11:00,TARGET_REACHED,0.05,2.01
2021-01-04 04:15:00,th_c6a3fea6cfabf2b7,cand_M5_th_c6a3fea6cfabf2b7_2021-01-04 04:15:00,pass_c890f152da45067e,LONG,M30,M5,1818.70,1808.70,1838.70,TARGET_REACHED,2021-01-04 04:15:00,2021-01-04 07:14:00,TARGET_REACHED,0.05,2.01
2021-01-04 04:15:00,th_ab2b87b6a68aba30,cand_M5_th_ab2b87b6a68aba30_2021-01-04 04:15:00,pass_fdbf27b38ca5b27f,LONG,M30,M5,1818.70,1808.70,1838.70,TARGET_REACHED,2021-01-04 04:15:00,2021-01-04 07:14:00,TARGET_REACHED,0.05,2.01
2021-01-04 04:15:00,th_19305dc78a364622,cand_M5_th_19305dc78a364622_2021-01-04 04:15:00,pass_1349c78f86c55c23,LONG,M30,M5,1818.70,1808.70,1838.70,TARGET_REACHED,2021-01-04 04:15:00,2021-01-04 07:14:00,TARGET_REACHED,0.05,2.01
2021-01-04 04:15:00,th_e9804d1bd00856fe,cand_M5_th_e9804d1bd00856fe_2021-01-04 04:15:00,pass_fdddd1329dd2f8f1,LONG,M30,M5,1818.70,1808.70,1838.70,TARGET_REACHED,2021-01-04 04:15:00,2021-01-04 07:14:00,TARGET_REACHED,0.05,2.01
2021-01-04 04:15:00,th_748ea98708c94abb,cand_M5_th_748ea98708c94abb_2021-01-04 04:15:00,pass_ba6fd4d6ae751311,LONG,M30,M5,1818.70,1808.70,1838.70,TARGET_REACHED,2021-01-04 04:15:00,2021-01-04 07:14:00,TARGET_REACHED,0.05,2.01
2021-01-04 04:15:00,th_818f74a02dbe690b,cand_M5_th_818f74a02dbe690b_2021-01-04 04:15:00,pass_9b18c7d42d6b4932,LONG,M30,M5,1818.70,1808.70,1838.70,TARGET_REACHED,2021-01-04 04:15:00,2021-01-04 07:14:00,TARGET_REACHED,0.05,2.01
2021-01-04 04:15:00,th_c6a3fea6cfabf2b7,cand_M3_th_c6a3fea6cfabf2b7_2021-01-04 04:15:00,pass_e6331be566e226ea,LONG,M30,M3,1818.70,1808.70,1838.70,TARGET_REACHED,2021-01-04 04:15:00,2021-01-04 07:14:00,TARGET_REACHED,0.05,2.01
2021-01-04 04:15:00,th_ab2b87b6a68aba30,cand_M3_th_ab2b87b6a68aba30_2021-01-04 04:15:00,pass_bc3e4fd62dd40c15,LONG,M30,M3,1818.70,1808.70,1838.70,TARGET_REACHED,2021-01-04 04:15:00,2021-01-04 07:14:00,TARGET_REACHED,0.05,2.01
2021-01-04 04:15:00,th_19305dc78a364622,cand_M3_th_19305dc78a364622_2021-01-04 04:15:00,pass_d8f1a0cc2444716d,LONG,M30,M3,1818.70,1808.70,1838.70,TARGET_REACHED,2021-01-04 04:15:00,2021-01-04 07:14:00,TARGET_REACHED,0.05,2.01
2021-01-04 04:15:00,th_e9804d1bd00856fe,cand_M3_th_e9804d1bd00856fe_2021-01-04 04:15:00,pass_f7463d86501b7f06,LONG,M30,M3,1818.70,1808.70,1838.70,TARGET_REACHED,2021-01-04 04:15:00,2021-01-04 07:14:00,TARGET_REACHED,0.05,2.01
2021-01-04 04:15:00,th_748ea98708c94abb,cand_M3_th_748ea98708c94abb_2021-01-04 04:15:00,pass_8ff1b947e6b76c91,LONG,M30,M3,1818.70,1808.70,1838.70,TARGET_REACHED,2021-01-04 04:15:00,2021-01-04 07:14:00,TARGET_REACHED,0.05,2.01
2021-01-04 04:15:00,th_818f74a02dbe690b,cand_M3_th_818f74a02dbe690b_2021-01-04 04:15:00,pass_11004745212bde0e,LONG,M30,M3,1818.70,1808.70,1838.70,TARGET_REACHED,2021-01-04 04:15:00,2021-01-04 07:14:00,TARGET_REACHED,0.05,2.01
2021-01-04 04:18:00,th_c6a3fea6cfabf2b7,cand_M3_th_c6a3fea6cfabf2b7_2021-01-04 04:18:00,pass_4d25988b8de79596,LONG,M30,M3,1819.00,1809.00,1839.00,TARGET_REACHED,2021-01-04 04:18:00,2021-01-04 07:17:00,TARGET_REACHED,0.05,2.01
2021-01-04 04:18:00,th_ab2b87b6a68aba30,cand_M3_th_ab2b87b6a68aba30_2021-01-04 04:18:00,pass_56c8613e0bf3b370,LONG,M30,M3,1819.00,1809.00,1839.00,TARGET_REACHED,2021-01-04 04:18:00,2021-01-04 07:17:00,TARGET_REACHED,0.05,2.01
2021-01-04 04:18:00,th_19305dc78a364622,cand_M3_th_19305dc78a364622_2021-01-04 04:18:00,pass_8db5499cd8fb1caf,LONG,M30,M3,1819.00,1809.00,1839.00,TARGET_REACHED,2021-01-04 04:18:00,2021-01-04 07:17:00,TARGET_REACHED,0.05,2.01
2021-01-04 04:18:00,th_e9804d1bd00856fe,cand_M3_th_e9804d1bd00856fe_2021-01-04 04:18:00,pass_b6f393ee5a6cff77,LONG,M30,M3,1819.00,1809.00,1839.00,TARGET_REACHED,2021-01-04 04:18:00,2021-01-04 07:17:00,TARGET_REACHED,0.05,2.01
2021-01-04 04:18:00,th_748ea98708c94abb,cand_M3_th_748ea98708c94abb_2021-01-04 04:18:00,pass_65c545f270550b24,LONG,M30,M3,1819.00,1809.00,1839.00,TARGET_REACHED,2021-01-04 04:18:00,2021-01-04 07:17:00,TARGET_REACHED,0.05,2.01
2021-01-04 04:18:00,th_818f74a02dbe690b,cand_M3_th_818f74a02dbe690b_2021-01-04 04:18:00,pass_780725b5c10d70ac,LONG,M30,M3,1819.00,1809.00,1839.00,TARGET_REACHED,2021-01-04 04:18:00,2021-01-04 07:17:00,TARGET_REACHED,0.05,2.01
2021-01-04 04:20:00,th_c6a3fea6cfabf2b7,cand_M5_th_c6a3fea6cfabf2b7_2021-01-04 04:20:00,pass_8f8f76d9f049ef74,LONG,M30,M5,1819.20,1809.20,1839.20,TARGET_REACHED,2021-01-04 04:20:00,2021-01-04 07:19:00,TARGET_REACHED,0.05,2.01
2021-01-04 04:20:00,th_ab2b87b6a68aba30,cand_M5_th_ab2b87b6a68aba30_2021-01-04 04:20:00,pass_06a7aa8c14758fc0,LONG,M30,M5,1819.20,1809.20,1839.20,TARGET_REACHED,2021-01-04 04:20:00,2021-01-04 07:19:00,TARGET_REACHED,0.05,2.01
2021-01-04 04:20:00,th_19305dc78a364622,cand_M5_th_19305dc78a364622_2021-01-04 04:20:00,pass_458faba3d951e558,LONG,M30,M5,1819.20,1809.20,1839.20,TARGET_REACHED,2021-01-04 04:20:00,2021-01-04 07:19:00,TARGET_REACHED,0.05,2.01
2021-01-04 04:20:00,th_e9804d1bd00856fe,cand_M5_th_e9804d1bd00856fe_2021-01-04 04:20:00,pass_4ebace7a60b839cc,LONG,M30,M5,1819.20,1809.20,1839.20,TARGET_REACHED,2021-01-04 04:20:00,2021-01-04 07:19:00,TARGET_REACHED,0.05,2.01
2021-01-04 04:20:00,th_748ea98708c94abb,cand_M5_th_748ea98708c94abb_2021-01-04 04:20:00,pass_8be94ea91ed01cbc,LONG,M30,M5,1819.20,1809.20,1839.20,TARGET_REACHED,2021-01-04 04:20:00,2021-01-04 07:19:00,TARGET_REACHED,0.05,2.01
2021-01-04 04:20:00,th_818f74a02dbe690b,cand_M5_th_818f74a02dbe690b_2021-01-04 04:20:00,pass_11040541d9cd1aa5,LONG,M30,M5,1819.20,1809.20,1839.20,TARGET_REACHED,2021-01-04 04:20:00,2021-01-04 07:19:00,TARGET_REACHED,0.05,2.01
2021-01-04 04:21:00,th_c6a3fea6cfabf2b7,cand_M3_th_c6a3fea6cfabf2b7_2021-01-04 04:21:00,pass_5d5d6822327b4aea,LONG,M30,M3,1819.30,1809.30,1839.30,TARGET_REACHED,2021-01-04 04:21:00,2021-01-04 07:20:00,TARGET_REACHED,0.05,2.01
2021-01-04 04:21:00,th_ab2b87b6a68aba30,cand_M3_th_ab2b87b6a68aba30_2021-01-04 04:21:00,pass_25991c9b4f43336d,LONG,M30,M3,1819.30,1809.30,1839.30,TARGET_REACHED,2021-01-04 04:21:00,2021-01-04 07:20:00,TARGET_REACHED,0.05,2.01
2021-01-04 04:21:00,th_19305dc78a364622,cand_M3_th_19305dc78a364622_2021-01-04 04:21:00,pass_7715c03c5ca0ee28,LONG,M30,M3,1819.30,1809.30,1839.30,TARGET_REACHED,2021-01-04 04:21:00,2021-01-04 07:20:00,TARGET_REACHED,0.05,2.01
2021-01-04 04:21:00,th_e9804d1bd00856fe,cand_M3_th_e9804d1bd00856fe_2021-01-04 04:21:00,pass_5ff36b3fadab1ffd,LONG,M30,M3,1819.30,1809.30,1839.30,TARGET_REACHED,2021-01-04 04:21:00,2021-01-04 07:20:00,TARGET_REACHED,0.05,2.01
2021-01-04 04:21:00,th_748ea98708c94abb,cand_M3_th_748ea98708c94abb_2021-01-04 04:21:00,pass_d87f188725fd04bb,LONG,M30,M3,1819.30,1809.30,1839.30,TARGET_REACHED,2021-01-04 04:21:00,2021-01-04 07:20:00,TARGET_REACHED,0.05,2.01
2021-01-04 04:21:00,th_818f74a02dbe690b,cand_M3_th_818f74a02dbe690b_2021-01-04 04:21:00,pass_6cc2e0bd994da17f,LONG,M30,M3,1819.30,1809.30,1839.30,TARGET_REACHED,2021-01-04 04:21:00,2021-01-04 07:20:00,TARGET_REACHED,0.05,2.01
2021-01-04 04:24:00,th_c6a3fea6cfabf2b7,cand_M3_th_c6a3fea6cfabf2b7_2021-01-04 04:24:00,pass_24679e2ce7f9b58c,LONG,M30,M3,1819.60,1809.60,1839.60,TARGET_REACHED,2021-01-04 04:24:00,2021-01-04 07:23:00,TARGET_REACHED,0.05,2.01
2021-01-04 04:24:00,th_ab2b87b6a68aba30,cand_M3_th_ab2b87b6a68aba30_2021-01-04 04:24:00,pass_88c81c9da9c054e8,LONG,M30,M3,1819.60,1809.60,1839.60,TARGET_REACHED,2021-01-04 04:24:00,2021-01-04 07:23:00,TARGET_REACHED,0.05,2.01
2021-01-04 04:24:00,th_19305dc78a364622,cand_M3_th_19305dc78a364622_2021-01-04 04:24:00,pass_a88a54301adeb531,LONG,M30,M3,1819.60,1809.60,1839.60,TARGET_REACHED,2021-01-04 04:24:00,2021-01-04 07:23:00,TARGET_REACHED,0.05,2.01
2021-01-04 04:24:00,th_e9804d1bd00856fe,cand_M3_th_e9804d1bd00856fe_2021-01-04 04:24:00,pass_d2b8462fda16a1d5,LONG,M30,M3,1819.60,1809.60,1839.60,TARGET_REACHED,2021-01-04 04:24:00,2021-01-04 07:23:00,TARGET_REACHED,0.05,2.01
2021-01-04 04:24:00,th_748ea98708c94abb,cand_M3_th_748ea98708c94abb_2021-01-04 04:24:00,pass_ead60f3f3d7b71db,LONG,M30,M3,1819.60,1809.60,1839.60,TARGET_REACHED,2021-01-04 04:24:00,2021-01-04 07:23:00,TARGET_REACHED,0.05,2.01
2021-01-04 04:24:00,th_818f74a02dbe690b,cand_M3_th_818f74a02dbe690b_2021-01-04 04:24:00,pass_9d02923034856a8d,LONG,M30,M3,1819.60,1809.60,1839.60,TARGET_REACHED,2021-01-04 04:24:00,2021-01-04 07:23:00,TARGET_REACHED,0.05,2.01
2021-01-04 04:25:00,th_c6a3fea6cfabf2b7,cand_M5_th_c6a3fea6cfabf2b7_2021-01-04 04:25:00,pass_a9f0897fa42d5f49,LONG,M30,M5,1819.70,1809.70,1839.70,TARGET_REACHED,2021-01-04 04:25:00,2021-01-04 07:24:00,TARGET_REACHED,0.05,2.01
2021-01-04 04:25:00,th_ab2b87b6a68aba30,cand_M5_th_ab2b87b6a68aba30_2021-01-04 04:25:00,pass_5d3e020f9e44f1b7,LONG,M30,M5,1819.70,1809.70,1839.70,TARGET_REACHED,2021-01-04 04:25:00,2021-01-04 07:24:00,TARGET_REACHED,0.05,2.01
2021-01-04 04:25:00,th_19305dc78a364622,cand_M5_th_19305dc78a364622_2021-01-04 04:25:00,pass_87bff427cae3362c,LONG,M30,M5,1819.70,1809.70,1839.70,TARGET_REACHED,2021-01-04 04:25:00,2021-01-04 07:24:00,TARGET_REACHED,0.05,2.01
2021-01-04 04:25:00,th_e9804d1bd00856fe,cand_M5_th_e9804d1bd00856fe_2021-01-04 04:25:00,pass_64521126ce571c4f,LONG,M30,M5,1819.70,1809.70,1839.70,TARGET_REACHED,2021-01-04 04:25:00,2021-01-04 07:24:00,TARGET_REACHED,0.05,2.01
2021-01-04 04:25:00,th_748ea98708c94abb,cand_M5_th_748ea98708c94abb_2021-01-04 04:25:00,pass_9469ed2d8b5587d4,LONG,M30,M5,1819.70,1809.70,1839.70,TARGET_REACHED,2021-01-04 04:25:00,2021-01-04 07:24:00,TARGET_REACHED,0.05,2.01
2021-01-04 04:25:00,th_818f74a02dbe690b,cand_M5_th_818f74a02dbe690b_2021-01-04 04:25:00,pass_19dc93b322c36d12,LONG,M30,M5,1819.70,1809.70,1839.70,TARGET_REACHED,2021-01-04 04:25:00,2021-01-04 07:24:00,TARGET_REACHED,0.05,2.01
2021-01-04 04:27:00,th_c6a3fea6cfabf2b7,cand_M3_th_c6a3fea6cfabf2b7_2021-01-04 04:27:00,pass_b6a2b92119be6824,LONG,M30,M3,1819.90,1809.90,1839.90,TARGET_REACHED,2021-01-04 04:27:00,2021-01-04 07:26:00,TARGET_REACHED,0.05,2.01
2021-01-04 04:27:00,th_ab2b87b6a68aba30,cand_M3_th_ab2b87b6a68aba30_2021-01-04 04:27:00,pass_64244aada57778f7,LONG,M30,M3,1819.90,1809.90,1839.90,TARGET_REACHED,2021-01-04 04:27:00,2021-01-04 07:26:00,TARGET_REACHED,0.05,2.01
2021-01-04 04:27:00,th_19305dc78a364622,cand_M3_th_19305dc78a364622_2021-01-04 04:27:00,pass_17c315c2808927e9,LONG,M30,M3,1819.90,1809.90,1839.90,TARGET_REACHED,2021-01-04 04:27:00,2021-01-04 07:26:00,TARGET_REACHED,0.05,2.01
2021-01-04 04:27:00,th_e9804d1bd00856fe,cand_M3_th_e9804d1bd00856fe_2021-01-04 04:27:00,pass_352dc297e3c1ae0f,LONG,M30,M3,1819.90,1809.90,1839.90,TARGET_REACHED,2021-01-04 04:27:00,2021-01-04 07:26:00,TARGET_REACHED,0.05,2.01
2021-01-04 04:27:00,th_748ea98708c94abb,cand_M3_th_748ea98708c94abb_2021-01-04 04:27:00,pass_fa14e4db77837e09,LONG,M30,M3,1819.90,1809.90,1839.90,TARGET_REACHED,2021-01-04 04:27:00,2021-01-04 07:26:00,TARGET_REACHED,0.05,2.01
2021-01-04 04:27:00,th_818f74a02dbe690b,cand_M3_th_818f74a02dbe690b_2021-01-04 04:27:00,pass_67773d44af34017e,LONG,M30,M3,1819.90,1809.90,1839.90,TARGET_REACHED,2021-01-04 04:27:00,2021-01-04 07:26:00,TARGET_REACHED,0.05,2.01
2021-01-04 04:30:00,th_c6a3fea6cfabf2b7,cand_M5_th_c6a3fea6cfabf2b7_2021-01-04 04:30:00,pass_924aee69a55a087b,LONG,M30,M5,1820.20,1810.20,1840.20,TARGET_REACHED,2021-01-04 04:30:00,2021-01-04 07:29:00,TARGET_REACHED,0.05,2.01
2021-01-04 04:30:00,th_ab2b87b6a68aba30,cand_M5_th_ab2b87b6a68aba30_2021-01-04 04:30:00,pass_0a1bc4ae192fbd7a,LONG,M30,M5,1820.20,1810.20,1840.20,TARGET_REACHED,2021-01-04 04:30:00,2021-01-04 07:29:00,TARGET_REACHED,0.05,2.01
2021-01-04 04:30:00,th_19305dc78a364622,cand_M5_th_19305dc78a364622_2021-01-04 04:30:00,pass_92d5c60db85dd31a,LONG,M30,M5,1820.20,1810.20,1840.20,TARGET_REACHED,2021-01-04 04:30:00,2021-01-04 07:29:00,TARGET_REACHED,0.05,2.01
2021-01-04 04:30:00,th_e9804d1bd00856fe,cand_M5_th_e9804d1bd00856fe_2021-01-04 04:30:00,pass_335828f074b8d27b,LONG,M30,M5,1820.20,1810.20,1840.20,TARGET_REACHED,2021-01-04 04:30:00,2021-01-04 07:29:00,TARGET_REACHED,0.05,2.01
2021-01-04 04:30:00,th_748ea98708c94abb,cand_M5_th_748ea98708c94abb_2021-01-04 04:30:00,pass_a768cc76b069b97e,LONG,M30,M5,1820.20,1810.20,1840.20,TARGET_REACHED,2021-01-04 04:30:00,2021-01-04 07:29:00,TARGET_REACHED,0.05,2.01
2021-01-04 04:30:00,th_818f74a02dbe690b,cand_M5_th_818f74a02dbe690b_2021-01-04 04:30:00,pass_4e95896d8758d183,LONG,M30,M5,1820.20,1810.20,1840.20,TARGET_REACHED,2021-01-04 04:30:00,2021-01-04 07:29:00,TARGET_REACHED,0.05,2.01
2021-01-04 04:30:00,th_1de6b90c3de92f9d,cand_M5_th_1de6b90c3de92f9d_2021-01-04 04:30:00,pass_1761012bb1956c54,LONG,M30,M5,1820.20,1810.20,1840.20,TARGET_REACHED,2021-01-04 04:30:00,2021-01-04 07:29:00,TARGET_REACHED,0.05,2.01
2021-01-04 04:30:00,th_c6a3fea6cfabf2b7,cand_M3_th_c6a3fea6cfabf2b7_2021-01-04 04:30:00,pass_2398d64ce16f48b8,LONG,M30,M3,1820.20,1810.20,1840.20,TARGET_REACHED,2021-01-04 04:30:00,2021-01-04 07:29:00,TARGET_REACHED,0.05,2.01
2021-01-04 04:30:00,th_ab2b87b6a68aba30,cand_M3_th_ab2b87b6a68aba30_2021-01-04 04:30:00,pass_79c6ef07d41bafa8,LONG,M30,M3,1820.20,1810.20,1840.20,TARGET_REACHED,2021-01-04 04:30:00,2021-01-04 07:29:00,TARGET_REACHED,0.05,2.01
2021-01-04 04:30:00,th_19305dc78a364622,cand_M3_th_19305dc78a364622_2021-01-04 04:30:00,pass_3c0419e4c230ddba,LONG,M30,M3,1820.20,1810.20,1840.20,TARGET_REACHED,2021-01-04 04:30:00,2021-01-04 07:29:00,TARGET_REACHED,0.05,2.01
2021-01-04 04:30:00,th_e9804d1bd00856fe,cand_M3_th_e9804d1bd00856fe_2021-01-04 04:30:00,pass_5c4ebd491a43785c,LONG,M30,M3,1820.20,1810.20,1840.20,TARGET_REACHED,2021-01-04 04:30:00,2021-01-04 07:29:00,TARGET_REACHED,0.05,2.01
2021-01-04 04:30:00,th_748ea98708c94abb,cand_M3_th_748ea98708c94abb_2021-01-04 04:30:00,pass_5894ab7ccd42bf30,LONG,M30,M3,1820.20,1810.20,1840.20,TARGET_REACHED,2021-01-04 04:30:00,2021-01-04 07:29:00,TARGET_REACHED,0.05,2.01
2021-01-04 04:30:00,th_818f74a02dbe690b,cand_M3_th_818f74a02dbe690b_2021-01-04 04:30:00,pass_542e5d09ef0fa4ac,LONG,M30,M3,1820.20,1810.20,1840.20,TARGET_REACHED,2021-01-04 04:30:00,2021-01-04 07:29:00,TARGET_REACHED,0.05,2.01
2021-01-04 04:30:00,th_1de6b90c3de92f9d,cand_M3_th_1de6b90c3de92f9d_2021-01-04 04:30:00,pass_e77562e5daab8fb9,LONG,M30,M3,1820.20,1810.20,1840.20,TARGET_REACHED,2021-01-04 04:30:00,2021-01-04 07:29:00,TARGET_REACHED,0.05,2.01
2021-01-04 04:33:00,th_c6a3fea6cfabf2b7,cand_M3_th_c6a3fea6cfabf2b7_2021-01-04 04:33:00,pass_01f6063851ccaefa,LONG,M30,M3,1820.50,1810.50,1840.50,TARGET_REACHED,2021-01-04 04:33:00,2021-01-04 07:32:00,TARGET_REACHED,0.05,2.01
2021-01-04 04:33:00,th_ab2b87b6a68aba30,cand_M3_th_ab2b87b6a68aba30_2021-01-04 04:33:00,pass_27d76ef89276ae6b,LONG,M30,M3,1820.50,1810.50,1840.50,TARGET_REACHED,2021-01-04 04:33:00,2021-01-04 07:32:00,TARGET_REACHED,0.05,2.01
2021-01-04 04:33:00,th_19305dc78a364622,cand_M3_th_19305dc78a364622_2021-01-04 04:33:00,pass_40c08f060fe0aa83,LONG,M30,M3,1820.50,1810.50,1840.50,TARGET_REACHED,2021-01-04 04:33:00,2021-01-04 07:32:00,TARGET_REACHED,0.05,2.01
2021-01-04 04:33:00,th_e9804d1bd00856fe,cand_M3_th_e9804d1bd00856fe_2021-01-04 04:33:00,pass_d551927b4ec99447,LONG,M30,M3,1820.50,1810.50,1840.50,TARGET_REACHED,2021-01-04 04:33:00,2021-01-04 07:32:00,TARGET_REACHED,0.05,2.01
2021-01-04 04:33:00,th_748ea98708c94abb,cand_M3_th_748ea98708c94abb_2021-01-04 04:33:00,pass_83e5ecfaf3de25c0,LONG,M30,M3,1820.50,1810.50,1840.50,TARGET_REACHED,2021-01-04 04:33:00,2021-01-04 07:32:00,TARGET_REACHED,0.05,2.01
2021-01-04 04:33:00,th_818f74a02dbe690b,cand_M3_th_818f74a02dbe690b_2021-01-04 04:33:00,pass_3509f6e82d602232,LONG,M30,M3,1820.50,1810.50,1840.50,TARGET_REACHED,2021-01-04 04:33:00,2021-01-04 07:32:00,TARGET_REACHED,0.05,2.01
2021-01-04 04:33:00,th_1de6b90c3de92f9d,cand_M3_th_1de6b90c3de92f9d_2021-01-04 04:33:00,pass_bad6feb32103b22b,LONG,M30,M3,1820.50,1810.50,1840.50,TARGET_REACHED,2021-01-04 04:33:00,2021-01-04 07:32:00,TARGET_REACHED,0.05,2.01
2021-01-04 04:35:00,th_c6a3fea6cfabf2b7,cand_M5_th_c6a3fea6cfabf2b7_2021-01-04 04:35:00,pass_0e202a553cded04e,LONG,M30,M5,1820.70,1810.70,1840.70,TARGET_REACHED,2021-01-04 04:35:00,2021-01-04 07:34:00,TARGET_REACHED,0.05,2.01
2021-01-04 04:35:00,th_ab2b87b6a68aba30,cand_M5_th_ab2b87b6a68aba30_2021-01-04 04:35:00,pass_264c94de6eae411e,LONG,M30,M5,1820.70,1810.70,1840.70,TARGET_REACHED,2021-01-04 04:35:00,2021-01-04 07:34:00,TARGET_REACHED,0.05,2.01
2021-01-04 04:35:00,th_19305dc78a364622,cand_M5_th_19305dc78a364622_2021-01-04 04:35:00,pass_d65bf8f1d8cec342,LONG,M30,M5,1820.70,1810.70,1840.70,TARGET_REACHED,2021-01-04 04:35:00,2021-01-04 07:34:00,TARGET_REACHED,0.05,2.01
2021-01-04 04:35:00,th_e9804d1bd00856fe,cand_M5_th_e9804d1bd00856fe_2021-01-04 04:35:00,pass_45a8b01fa16f43d1,LONG,M30,M5,1820.70,1810.70,1840.70,TARGET_REACHED,2021-01-04 04:35:00,2021-01-04 07:34:00,TARGET_REACHED,0.05,2.01
2021-01-04 04:35:00,th_748ea98708c94abb,cand_M5_th_748ea98708c94abb_2021-01-04 04:35:00,pass_17fec598e5e9ca87,LONG,M30,M5,1820.70,1810.70,1840.70,TARGET_REACHED,2021-01-04 04:35:00,2021-01-04 07:34:00,TARGET_REACHED,0.05,2.01
2021-01-04 04:35:00,th_818f74a02dbe690b,cand_M5_th_818f74a02dbe690b_2021-01-04 04:35:00,pass_52455375a385b822,LONG,M30,M5,1820.70,1810.70,1840.70,TARGET_REACHED,2021-01-04 04:35:00,2021-01-04 07:34:00,TARGET_REACHED,0.05,2.01
2021-01-04 04:35:00,th_1de6b90c3de92f9d,cand_M5_th_1de6b90c3de92f9d_2021-01-04 04:35:00,pass_4be83b791efa5d1b,LONG,M30,M5,1820.70,1810.70,1840.70,TARGET_REACHED,2021-01-04 04:35:00,2021-01-04 07:34:00,TARGET_REACHED,0.05,2.01
2021-01-04 04:36:00,th_c6a3fea6cfabf2b7,cand_M3_th_c6a3fea6cfabf2b7_2021-01-04 04:36:00,pass_953f6917e26b7e86,LONG,M30,M3,1820.80,1810.80,1840.80,TARGET_REACHED,2021-01-04 04:36:00,2021-01-04 07:35:00,TARGET_REACHED,0.05,2.01
2021-01-04 04:36:00,th_ab2b87b6a68aba30,cand_M3_th_ab2b87b6a68aba30_2021-01-04 04:36:00,pass_004515eb18b6cb77,LONG,M30,M3,1820.80,1810.80,1840.80,TARGET_REACHED,2021-01-04 04:36:00,2021-01-04 07:35:00,TARGET_REACHED,0.05,2.01
2021-01-04 04:36:00,th_19305dc78a364622,cand_M3_th_19305dc78a364622_2021-01-04 04:36:00,pass_8d32d4f385a556f8,LONG,M30,M3,1820.80,1810.80,1840.80,TARGET_REACHED,2021-01-04 04:36:00,2021-01-04 07:35:00,TARGET_REACHED,0.05,2.01
2021-01-04 04:36:00,th_e9804d1bd00856fe,cand_M3_th_e9804d1bd00856fe_2021-01-04 04:36:00,pass_2f9320dc2de47498,LONG,M30,M3,1820.80,1810.80,1840.80,TARGET_REACHED,2021-01-04 04:36:00,2021-01-04 07:35:00,TARGET_REACHED,0.05,2.01
2021-01-04 04:36:00,th_748ea98708c94abb,cand_M3_th_748ea98708c94abb_2021-01-04 04:36:00,pass_66dd7a240b713352,LONG,M30,M3,1820.80,1810.80,1840.80,TARGET_REACHED,2021-01-04 04:36:00,2021-01-04 07:35:00,TARGET_REACHED,0.05,2.01
2021-01-04 04:36:00,th_818f74a02dbe690b,cand_M3_th_818f74a02dbe690b_2021-01-04 04:36:00,pass_8d18fe558ce7602c,LONG,M30,M3,1820.80,1810.80,1840.80,TARGET_REACHED,2021-01-04 04:36:00,2021-01-04 07:35:00,TARGET_REACHED,0.05,2.01
2021-01-04 04:36:00,th_1de6b90c3de92f9d,cand_M3_th_1de6b90c3de92f9d_2021-01-04 04:36:00,pass_5f893b88379d3425,LONG,M30,M3,1820.80,1810.80,1840.80,TARGET_REACHED,2021-01-04 04:36:00,2021-01-04 07:35:00,TARGET_REACHED,0.05,2.01
2021-01-04 04:39:00,th_c6a3fea6cfabf2b7,cand_M3_th_c6a3fea6cfabf2b7_2021-01-04 04:39:00,pass_6e818c1850ce455a,LONG,M30,M3,1821.10,1811.10,1841.10,TARGET_REACHED,2021-01-04 04:39:00,2021-01-04 07:38:00,TARGET_REACHED,0.05,2.01
2021-01-04 04:39:00,th_ab2b87b6a68aba30,cand_M3_th_ab2b87b6a68aba30_2021-01-04 04:39:00,pass_128f56b2670f3bf1,LONG,M30,M3,1821.10,1811.10,1841.10,TARGET_REACHED,2021-01-04 04:39:00,2021-01-04 07:38:00,TARGET_REACHED,0.05,2.01
2021-01-04 04:39:00,th_19305dc78a364622,cand_M3_th_19305dc78a364622_2021-01-04 04:39:00,pass_2843235739c3cc8b,LONG,M30,M3,1821.10,1811.10,1841.10,TARGET_REACHED,2021-01-04 04:39:00,2021-01-04 07:38:00,TARGET_REACHED,0.05,2.01
2021-01-04 04:39:00,th_e9804d1bd00856fe,cand_M3_th_e9804d1bd00856fe_2021-01-04 04:39:00,pass_12354bf60d466a5c,LONG,M30,M3,1821.10,1811.10,1841.10,TARGET_REACHED,2021-01-04 04:39:00,2021-01-04 07:38:00,TARGET_REACHED,0.05,2.01
2021-01-04 04:39:00,th_748ea98708c94abb,cand_M3_th_748ea98708c94abb_2021-01-04 04:39:00,pass_5e3b02b1e000f81f,LONG,M30,M3,1821.10,1811.10,1841.10,TARGET_REACHED,2021-01-04 04:39:00,2021-01-04 07:38:00,TARGET_REACHED,0.05,2.01
2021-01-04 04:39:00,th_818f74a02dbe690b,cand_M3_th_818f74a02dbe690b_2021-01-04 04:39:00,pass_0f70506437ffab7a,LONG,M30,M3,1821.10,1811.10,1841.10,TARGET_REACHED,2021-01-04 04:39:00,2021-01-04 07:38:00,TARGET_REACHED,0.05,2.01
2021-01-04 04:39:00,th_1de6b90c3de92f9d,cand_M3_th_1de6b90c3de92f9d_2021-01-04 04:39:00,pass_7878a8a27bab411b,LONG,M30,M3,1821.10,1811.10,1841.10,TARGET_REACHED,2021-01-04 04:39:00,2021-01-04 07:38:00,TARGET_REACHED,0.05,2.01
2021-01-04 04:40:00,th_c6a3fea6cfabf2b7,cand_M5_th_c6a3fea6cfabf2b7_2021-01-04 04:40:00,pass_5019c26f0878c638,LONG,M30,M5,1821.20,1811.20,1841.20,TARGET_REACHED,2021-01-04 04:40:00,2021-01-04 07:39:00,TARGET_REACHED,0.05,2.01
2021-01-04 04:40:00,th_ab2b87b6a68aba30,cand_M5_th_ab2b87b6a68aba30_2021-01-04 04:40:00,pass_d6e98fe1f4559d39,LONG,M30,M5,1821.20,1811.20,1841.20,TARGET_REACHED,2021-01-04 04:40:00,2021-01-04 07:39:00,TARGET_REACHED,0.05,2.01
2021-01-04 04:40:00,th_19305dc78a364622,cand_M5_th_19305dc78a364622_2021-01-04 04:40:00,pass_259c542f7fa43b49,LONG,M30,M5,1821.20,1811.20,1841.20,TARGET_REACHED,2021-01-04 04:40:00,2021-01-04 07:39:00,TARGET_REACHED,0.05,2.01
2021-01-04 04:40:00,th_e9804d1bd00856fe,cand_M5_th_e9804d1bd00856fe_2021-01-04 04:40:00,pass_bb734fcf25a16c11,LONG,M30,M5,1821.20,1811.20,1841.20,TARGET_REACHED,2021-01-04 04:40:00,2021-01-04 07:39:00,TARGET_REACHED,0.05,2.01
2021-01-04 04:40:00,th_748ea98708c94abb,cand_M5_th_748ea98708c94abb_2021-01-04 04:40:00,pass_887b695196cb4ca2,LONG,M30,M5,1821.20,1811.20,1841.20,TARGET_REACHED,2021-01-04 04:40:00,2021-01-04 07:39:00,TARGET_REACHED,0.05,2.01
2021-01-04 04:40:00,th_818f74a02dbe690b,cand_M5_th_818f74a02dbe690b_2021-01-04 04:40:00,pass_10428292ef91ec65,LONG,M30,M5,1821.20,1811.20,1841.20,TARGET_REACHED,2021-01-04 04:40:00,2021-01-04 07:39:00,TARGET_REACHED,0.05,2.01
2021-01-04 04:40:00,th_1de6b90c3de92f9d,cand_M5_th_1de6b90c3de92f9d_2021-01-04 04:40:00,pass_964710a09bddd7f9,LONG,M30,M5,1821.20,1811.20,1841.20,TARGET_REACHED,2021-01-04 04:40:00,2021-01-04 07:39:00,TARGET_REACHED,0.05,2.01
2021-01-04 04:42:00,th_c6a3fea6cfabf2b7,cand_M3_th_c6a3fea6cfabf2b7_2021-01-04 04:42:00,pass_63639045f9bde502,LONG,M30,M3,1821.40,1811.40,1841.40,TARGET_REACHED,2021-01-04 04:42:00,2021-01-04 07:41:00,TARGET_REACHED,0.05,2.01
2021-01-04 04:42:00,th_ab2b87b6a68aba30,cand_M3_th_ab2b87b6a68aba30_2021-01-04 04:42:00,pass_8c1350f0ef4f7ac4,LONG,M30,M3,1821.40,1811.40,1841.40,TARGET_REACHED,2021-01-04 04:42:00,2021-01-04 07:41:00,TARGET_REACHED,0.05,2.01
2021-01-04 04:42:00,th_19305dc78a364622,cand_M3_th_19305dc78a364622_2021-01-04 04:42:00,pass_3c21e73406797baf,LONG,M30,M3,1821.40,1811.40,1841.40,TARGET_REACHED,2021-01-04 04:42:00,2021-01-04 07:41:00,TARGET_REACHED,0.05,2.01
2021-01-04 04:42:00,th_e9804d1bd00856fe,cand_M3_th_e9804d1bd00856fe_2021-01-04 04:42:00,pass_a5601399322f3de3,LONG,M30,M3,1821.40,1811.40,1841.40,TARGET_REACHED,2021-01-04 04:42:00,2021-01-04 07:41:00,TARGET_REACHED,0.05,2.01
2021-01-04 04:42:00,th_748ea98708c94abb,cand_M3_th_748ea98708c94abb_2021-01-04 04:42:00,pass_7cce1a7fead30e57,LONG,M30,M3,1821.40,1811.40,1841.40,TARGET_REACHED,2021-01-04 04:42:00,2021-01-04 07:41:00,TARGET_REACHED,0.05,2.01
2021-01-04 04:42:00,th_818f74a02dbe690b,cand_M3_th_818f74a02dbe690b_2021-01-04 04:42:00,pass_1b1d9646dd2ea318,LONG,M30,M3,1821.40,1811.40,1841.40,TARGET_REACHED,2021-01-04 04:42:00,2021-01-04 07:41:00,TARGET_REACHED,0.05,2.01
2021-01-04 04:42:00,th_1de6b90c3de92f9d,cand_M3_th_1de6b90c3de92f9d_2021-01-04 04:42:00,pass_e9d5abc94868462b,LONG,M30,M3,1821.40,1811.40,1841.40,TARGET_REACHED,2021-01-04 04:42:00,2021-01-04 07:41:00,TARGET_REACHED,0.05,2.01
2021-01-04 04:45:00,th_c6a3fea6cfabf2b7,cand_M5_th_c6a3fea6cfabf2b7_2021-01-04 04:45:00,pass_370a0b950c871f9d,LONG,M30,M5,1821.70,1811.70,1841.70,TARGET_REACHED,2021-01-04 04:45:00,2021-01-04 07:44:00,TARGET_REACHED,0.05,2.01
2021-01-04 04:45:00,th_ab2b87b6a68aba30,cand_M5_th_ab2b87b6a68aba30_2021-01-04 04:45:00,pass_8a302065a5baa9cf,LONG,M30,M5,1821.70,1811.70,1841.70,TARGET_REACHED,2021-01-04 04:45:00,2021-01-04 07:44:00,TARGET_REACHED,0.05,2.01
2021-01-04 04:45:00,th_19305dc78a364622,cand_M5_th_19305dc78a364622_2021-01-04 04:45:00,pass_4ef4c1655a604e2d,LONG,M30,M5,1821.70,1811.70,1841.70,TARGET_REACHED,2021-01-04 04:45:00,2021-01-04 07:44:00,TARGET_REACHED,0.05,2.01
2021-01-04 04:45:00,th_e9804d1bd00856fe,cand_M5_th_e9804d1bd00856fe_2021-01-04 04:45:00,pass_5ff9ed22eed2d2fc,LONG,M30,M5,1821.70,1811.70,1841.70,TARGET_REACHED,2021-01-04 04:45:00,2021-01-04 07:44:00,TARGET_REACHED,0.05,2.01
2021-01-04 04:45:00,th_748ea98708c94abb,cand_M5_th_748ea98708c94abb_2021-01-04 04:45:00,pass_240abc9337474ff9,LONG,M30,M5,1821.70,1811.70,1841.70,TARGET_REACHED,2021-01-04 04:45:00,2021-01-04 07:44:00,TARGET_REACHED,0.05,2.01
2021-01-04 04:45:00,th_818f74a02dbe690b,cand_M5_th_818f74a02dbe690b_2021-01-04 04:45:00,pass_62fc312dc9f75d99,LONG,M30,M5,1821.70,1811.70,1841.70,TARGET_REACHED,2021-01-04 04:45:00,2021-01-04 07:44:00,TARGET_REACHED,0.05,2.01
2021-01-04 04:45:00,th_1de6b90c3de92f9d,cand_M5_th_1de6b90c3de92f9d_2021-01-04 04:45:00,pass_bdd986e29fbb29e8,LONG,M30,M5,1821.70,1811.70,1841.70,TARGET_REACHED,2021-01-04 04:45:00,2021-01-04 07:44:00,TARGET_REACHED,0.05,2.01
2021-01-04 04:45:00,th_c6a3fea6cfabf2b7,cand_M3_th_c6a3fea6cfabf2b7_2021-01-04 04:45:00,pass_3077d4a54d1adc50,LONG,M30,M3,1821.70,1811.70,1841.70,TARGET_REACHED,2021-01-04 04:45:00,2021-01-04 07:44:00,TARGET_REACHED,0.05,2.01
2021-01-04 04:45:00,th_ab2b87b6a68aba30,cand_M3_th_ab2b87b6a68aba30_2021-01-04 04:45:00,pass_d7b2ab3a8bf355d6,LONG,M30,M3,1821.70,1811.70,1841.70,TARGET_REACHED,2021-01-04 04:45:00,2021-01-04 07:44:00,TARGET_REACHED,0.05,2.01
2021-01-04 04:45:00,th_19305dc78a364622,cand_M3_th_19305dc78a364622_2021-01-04 04:45:00,pass_32d3cce8e9de5160,LONG,M30,M3,1821.70,1811.70,1841.70,TARGET_REACHED,2021-01-04 04:45:00,2021-01-04 07:44:00,TARGET_REACHED,0.05,2.01
2021-01-04 04:45:00,th_e9804d1bd00856fe,cand_M3_th_e9804d1bd00856fe_2021-01-04 04:45:00,pass_a1ac2469e0edbad9,LONG,M30,M3,1821.70,1811.70,1841.70,TARGET_REACHED,2021-01-04 04:45:00,2021-01-04 07:44:00,TARGET_REACHED,0.05,2.01
2021-01-04 04:45:00,th_748ea98708c94abb,cand_M3_th_748ea98708c94abb_2021-01-04 04:45:00,pass_a7b98c62dd891080,LONG,M30,M3,1821.70,1811.70,1841.70,TARGET_REACHED,2021-01-04 04:45:00,2021-01-04 07:44:00,TARGET_REACHED,0.05,2.01
2021-01-04 04:45:00,th_818f74a02dbe690b,cand_M3_th_818f74a02dbe690b_2021-01-04 04:45:00,pass_6c92f47950f6d407,LONG,M30,M3,1821.70,1811.70,1841.70,TARGET_REACHED,2021-01-04 04:45:00,2021-01-04 07:44:00,TARGET_REACHED,0.05,2.01
2021-01-04 04:45:00,th_1de6b90c3de92f9d,cand_M3_th_1de6b90c3de92f9d_2021-01-04 04:45:00,pass_3e1cec3263f04d9a,LONG,M30,M3,1821.70,1811.70,1841.70,TARGET_REACHED,2021-01-04 04:45:00,2021-01-04 07:44:00,TARGET_REACHED,0.05,2.01
2021-01-04 04:48:00,th_c6a3fea6cfabf2b7,cand_M3_th_c6a3fea6cfabf2b7_2021-01-04 04:48:00,pass_449f65e4ee916d92,LONG,M30,M3,1822.00,1812.00,1842.00,TARGET_REACHED,2021-01-04 04:48:00,2021-01-04 07:47:00,TARGET_REACHED,0.05,2.01
2021-01-04 04:48:00,th_ab2b87b6a68aba30,cand_M3_th_ab2b87b6a68aba30_2021-01-04 04:48:00,pass_1c3bf6d631edfd5d,LONG,M30,M3,1822.00,1812.00,1842.00,TARGET_REACHED,2021-01-04 04:48:00,2021-01-04 07:47:00,TARGET_REACHED,0.05,2.01
2021-01-04 04:48:00,th_19305dc78a364622,cand_M3_th_19305dc78a364622_2021-01-04 04:48:00,pass_293ab305566abc3d,LONG,M30,M3,1822.00,1812.00,1842.00,TARGET_REACHED,2021-01-04 04:48:00,2021-01-04 07:47:00,TARGET_REACHED,0.05,2.01
2021-01-04 04:48:00,th_e9804d1bd00856fe,cand_M3_th_e9804d1bd00856fe_2021-01-04 04:48:00,pass_91491976b608ea63,LONG,M30,M3,1822.00,1812.00,1842.00,TARGET_REACHED,2021-01-04 04:48:00,2021-01-04 07:47:00,TARGET_REACHED,0.05,2.01
2021-01-04 04:48:00,th_748ea98708c94abb,cand_M3_th_748ea98708c94abb_2021-01-04 04:48:00,pass_caeb844210494665,LONG,M30,M3,1822.00,1812.00,1842.00,TARGET_REACHED,2021-01-04 04:48:00,2021-01-04 07:47:00,TARGET_REACHED,0.05,2.01
2021-01-04 04:48:00,th_818f74a02dbe690b,cand_M3_th_818f74a02dbe690b_2021-01-04 04:48:00,pass_ef484a6fd23587de,LONG,M30,M3,1822.00,1812.00,1842.00,TARGET_REACHED,2021-01-04 04:48:00,2021-01-04 07:47:00,TARGET_REACHED,0.05,2.01
2021-01-04 04:48:00,th_1de6b90c3de92f9d,cand_M3_th_1de6b90c3de92f9d_2021-01-04 04:48:00,pass_c128b4db090b82fe,LONG,M30,M3,1822.00,1812.00,1842.00,TARGET_REACHED,2021-01-04 04:48:00,2021-01-04 07:47:00,TARGET_REACHED,0.05,2.01
2021-01-04 04:50:00,th_c6a3fea6cfabf2b7,cand_M5_th_c6a3fea6cfabf2b7_2021-01-04 04:50:00,pass_886f3e67c8724fdd,LONG,M30,M5,1822.20,1812.20,1842.20,TARGET_REACHED,2021-01-04 04:50:00,2021-01-04 07:49:00,TARGET_REACHED,0.05,2.01
2021-01-04 04:50:00,th_ab2b87b6a68aba30,cand_M5_th_ab2b87b6a68aba30_2021-01-04 04:50:00,pass_93be0c42e0a45935,LONG,M30,M5,1822.20,1812.20,1842.20,TARGET_REACHED,2021-01-04 04:50:00,2021-01-04 07:49:00,TARGET_REACHED,0.05,2.01
2021-01-04 04:50:00,th_19305dc78a364622,cand_M5_th_19305dc78a364622_2021-01-04 04:50:00,pass_9146b9e5be23d291,LONG,M30,M5,1822.20,1812.20,1842.20,TARGET_REACHED,2021-01-04 04:50:00,2021-01-04 07:49:00,TARGET_REACHED,0.05,2.01
2021-01-04 04:50:00,th_e9804d1bd00856fe,cand_M5_th_e9804d1bd00856fe_2021-01-04 04:50:00,pass_42cd14f961ca5520,LONG,M30,M5,1822.20,1812.20,1842.20,TARGET_REACHED,2021-01-04 04:50:00,2021-01-04 07:49:00,TARGET_REACHED,0.05,2.01
2021-01-04 04:50:00,th_748ea98708c94abb,cand_M5_th_748ea98708c94abb_2021-01-04 04:50:00,pass_5be28b2a74c539c9,LONG,M30,M5,1822.20,1812.20,1842.20,TARGET_REACHED,2021-01-04 04:50:00,2021-01-04 07:49:00,TARGET_REACHED,0.05,2.01
2021-01-04 04:50:00,th_818f74a02dbe690b,cand_M5_th_818f74a02dbe690b_2021-01-04 04:50:00,pass_4612dcf0c28d833d,LONG,M30,M5,1822.20,1812.20,1842.20,TARGET_REACHED,2021-01-04 04:50:00,2021-01-04 07:49:00,TARGET_REACHED,0.05,2.01
2021-01-04 04:50:00,th_1de6b90c3de92f9d,cand_M5_th_1de6b90c3de92f9d_2021-01-04 04:50:00,pass_152e4474805ecb24,LONG,M30,M5,1822.20,1812.20,1842.20,TARGET_REACHED,2021-01-04 04:50:00,2021-01-04 07:49:00,TARGET_REACHED,0.05,2.01
2021-01-04 04:51:00,th_c6a3fea6cfabf2b7,cand_M3_th_c6a3fea6cfabf2b7_2021-01-04 04:51:00,pass_fafb2b1b5257accb,LONG,M30,M3,1822.30,1812.30,1842.30,TARGET_REACHED,2021-01-04 04:51:00,2021-01-04 07:50:00,TARGET_REACHED,0.05,2.01
2021-01-04 04:51:00,th_ab2b87b6a68aba30,cand_M3_th_ab2b87b6a68aba30_2021-01-04 04:51:00,pass_48ed8ea8e1c73a67,LONG,M30,M3,1822.30,1812.30,1842.30,TARGET_REACHED,2021-01-04 04:51:00,2021-01-04 07:50:00,TARGET_REACHED,0.05,2.01
2021-01-04 04:51:00,th_19305dc78a364622,cand_M3_th_19305dc78a364622_2021-01-04 04:51:00,pass_9eca6aa565faeb20,LONG,M30,M3,1822.30,1812.30,1842.30,TARGET_REACHED,2021-01-04 04:51:00,2021-01-04 07:50:00,TARGET_REACHED,0.05,2.01
2021-01-04 04:51:00,th_e9804d1bd00856fe,cand_M3_th_e9804d1bd00856fe_2021-01-04 04:51:00,pass_28a3b8619f91e0e5,LONG,M30,M3,1822.30,1812.30,1842.30,TARGET_REACHED,2021-01-04 04:51:00,2021-01-04 07:50:00,TARGET_REACHED,0.05,2.01
2021-01-04 04:51:00,th_748ea98708c94abb,cand_M3_th_748ea98708c94abb_2021-01-04 04:51:00,pass_3c807711dce0813d,LONG,M30,M3,1822.30,1812.30,1842.30,TARGET_REACHED,2021-01-04 04:51:00,2021-01-04 07:50:00,TARGET_REACHED,0.05,2.01
2021-01-04 04:51:00,th_818f74a02dbe690b,cand_M3_th_818f74a02dbe690b_2021-01-04 04:51:00,pass_5e1d69dddecac80e,LONG,M30,M3,1822.30,1812.30,1842.30,TARGET_REACHED,2021-01-04 04:51:00,2021-01-04 07:50:00,TARGET_REACHED,0.05,2.01
2021-01-04 04:51:00,th_1de6b90c3de92f9d,cand_M3_th_1de6b90c3de92f9d_2021-01-04 04:51:00,pass_c36897fde37a9832,LONG,M30,M3,1822.30,1812.30,1842.30,TARGET_REACHED,2021-01-04 04:51:00,2021-01-04 07:50:00,TARGET_REACHED,0.05,2.01
2021-01-04 04:54:00,th_c6a3fea6cfabf2b7,cand_M3_th_c6a3fea6cfabf2b7_2021-01-04 04:54:00,pass_32c67afe76a3fc60,LONG,M30,M3,1822.60,1812.60,1842.60,TARGET_REACHED,2021-01-04 04:54:00,2021-01-04 07:53:00,TARGET_REACHED,0.05,2.01
2021-01-04 04:54:00,th_ab2b87b6a68aba30,cand_M3_th_ab2b87b6a68aba30_2021-01-04 04:54:00,pass_7b648aca8b3db695,LONG,M30,M3,1822.60,1812.60,1842.60,TARGET_REACHED,2021-01-04 04:54:00,2021-01-04 07:53:00,TARGET_REACHED,0.05,2.01
2021-01-04 04:54:00,th_19305dc78a364622,cand_M3_th_19305dc78a364622_2021-01-04 04:54:00,pass_9f6fd9bf19cb8961,LONG,M30,M3,1822.60,1812.60,1842.60,TARGET_REACHED,2021-01-04 04:54:00,2021-01-04 07:53:00,TARGET_REACHED,0.05,2.01
2021-01-04 04:54:00,th_e9804d1bd00856fe,cand_M3_th_e9804d1bd00856fe_2021-01-04 04:54:00,pass_6523e7157bc87d37,LONG,M30,M3,1822.60,1812.60,1842.60,TARGET_REACHED,2021-01-04 04:54:00,2021-01-04 07:53:00,TARGET_REACHED,0.05,2.01
2021-01-04 04:54:00,th_748ea98708c94abb,cand_M3_th_748ea98708c94abb_2021-01-04 04:54:00,pass_78780c471f4a290f,LONG,M30,M3,1822.60,1812.60,1842.60,TARGET_REACHED,2021-01-04 04:54:00,2021-01-04 07:53:00,TARGET_REACHED,0.05,2.01
2021-01-04 04:54:00,th_818f74a02dbe690b,cand_M3_th_818f74a02dbe690b_2021-01-04 04:54:00,pass_61ea93404c8ca3fe,LONG,M30,M3,1822.60,1812.60,1842.60,TARGET_REACHED,2021-01-04 04:54:00,2021-01-04 07:53:00,TARGET_REACHED,0.05,2.01
2021-01-04 04:54:00,th_1de6b90c3de92f9d,cand_M3_th_1de6b90c3de92f9d_2021-01-04 04:54:00,pass_6410d9e46897cb71,LONG,M30,M3,1822.60,1812.60,1842.60,TARGET_REACHED,2021-01-04 04:54:00,2021-01-04 07:53:00,TARGET_REACHED,0.05,2.01
2021-01-04 04:55:00,th_c6a3fea6cfabf2b7,cand_M5_th_c6a3fea6cfabf2b7_2021-01-04 04:55:00,pass_b6941ef479d6bd8f,LONG,M30,M5,1822.70,1812.70,1842.70,TARGET_REACHED,2021-01-04 04:55:00,2021-01-04 07:54:00,TARGET_REACHED,0.05,2.01
2021-01-04 04:55:00,th_ab2b87b6a68aba30,cand_M5_th_ab2b87b6a68aba30_2021-01-04 04:55:00,pass_a5db39d18c48c8a9,LONG,M30,M5,1822.70,1812.70,1842.70,TARGET_REACHED,2021-01-04 04:55:00,2021-01-04 07:54:00,TARGET_REACHED,0.05,2.01
2021-01-04 04:55:00,th_19305dc78a364622,cand_M5_th_19305dc78a364622_2021-01-04 04:55:00,pass_3f0ad6a4e496349c,LONG,M30,M5,1822.70,1812.70,1842.70,TARGET_REACHED,2021-01-04 04:55:00,2021-01-04 07:54:00,TARGET_REACHED,0.05,2.01
2021-01-04 04:55:00,th_e9804d1bd00856fe,cand_M5_th_e9804d1bd00856fe_2021-01-04 04:55:00,pass_e6d0ece4369eaaed,LONG,M30,M5,1822.70,1812.70,1842.70,TARGET_REACHED,2021-01-04 04:55:00,2021-01-04 07:54:00,TARGET_REACHED,0.05,2.01
2021-01-04 04:55:00,th_748ea98708c94abb,cand_M5_th_748ea98708c94abb_2021-01-04 04:55:00,pass_eb31c46bba0ed194,LONG,M30,M5,1822.70,1812.70,1842.70,TARGET_REACHED,2021-01-04 04:55:00,2021-01-04 07:54:00,TARGET_REACHED,0.05,2.01
2021-01-04 04:55:00,th_818f74a02dbe690b,cand_M5_th_818f74a02dbe690b_2021-01-04 04:55:00,pass_a3ee91520c130f23,LONG,M30,M5,1822.70,1812.70,1842.70,TARGET_REACHED,2021-01-04 04:55:00,2021-01-04 07:54:00,TARGET_REACHED,0.05,2.01
2021-01-04 04:55:00,th_1de6b90c3de92f9d,cand_M5_th_1de6b90c3de92f9d_2021-01-04 04:55:00,pass_3d2caa2693baef18,LONG,M30,M5,1822.70,1812.70,1842.70,TARGET_REACHED,2021-01-04 04:55:00,2021-01-04 07:54:00,TARGET_REACHED,0.05,2.01
2021-01-04 04:57:00,th_c6a3fea6cfabf2b7,cand_M3_th_c6a3fea6cfabf2b7_2021-01-04 04:57:00,pass_522ccea14d92873b,LONG,M30,M3,1822.90,1812.90,1842.90,TARGET_REACHED,2021-01-04 04:57:00,2021-01-04 07:56:00,TARGET_REACHED,0.05,2.01
2021-01-04 04:57:00,th_ab2b87b6a68aba30,cand_M3_th_ab2b87b6a68aba30_2021-01-04 04:57:00,pass_16710cd113ed9c38,LONG,M30,M3,1822.90,1812.90,1842.90,TARGET_REACHED,2021-01-04 04:57:00,2021-01-04 07:56:00,TARGET_REACHED,0.05,2.01
2021-01-04 04:57:00,th_19305dc78a364622,cand_M3_th_19305dc78a364622_2021-01-04 04:57:00,pass_3f84b8b7c73008ce,LONG,M30,M3,1822.90,1812.90,1842.90,TARGET_REACHED,2021-01-04 04:57:00,2021-01-04 07:56:00,TARGET_REACHED,0.05,2.01
2021-01-04 04:57:00,th_e9804d1bd00856fe,cand_M3_th_e9804d1bd00856fe_2021-01-04 04:57:00,pass_bd274978d8770202,LONG,M30,M3,1822.90,1812.90,1842.90,TARGET_REACHED,2021-01-04 04:57:00,2021-01-04 07:56:00,TARGET_REACHED,0.05,2.01
2021-01-04 04:57:00,th_748ea98708c94abb,cand_M3_th_748ea98708c94abb_2021-01-04 04:57:00,pass_b0183be78cb276de,LONG,M30,M3,1822.90,1812.90,1842.90,TARGET_REACHED,2021-01-04 04:57:00,2021-01-04 07:56:00,TARGET_REACHED,0.05,2.01
2021-01-04 04:57:00,th_818f74a02dbe690b,cand_M3_th_818f74a02dbe690b_2021-01-04 04:57:00,pass_fa5d14c968acda2c,LONG,M30,M3,1822.90,1812.90,1842.90,TARGET_REACHED,2021-01-04 04:57:00,2021-01-04 07:56:00,TARGET_REACHED,0.05,2.01
2021-01-04 04:57:00,th_1de6b90c3de92f9d,cand_M3_th_1de6b90c3de92f9d_2021-01-04 04:57:00,pass_168ea8147d0687ee,LONG,M30,M3,1822.90,1812.90,1842.90,TARGET_REACHED,2021-01-04 04:57:00,2021-01-04 07:56:00,TARGET_REACHED,0.05,2.01
2021-01-04 05:00:00,th_c6a3fea6cfabf2b7,cand_M5_th_c6a3fea6cfabf2b7_2021-01-04 05:00:00,pass_67cf057a24a51e56,LONG,M30,M5,1823.20,1813.20,1843.20,TARGET_REACHED,2021-01-04 05:00:00,2021-01-04 07:59:00,TARGET_REACHED,0.05,2.01
2021-01-04 05:00:00,th_ab2b87b6a68aba30,cand_M5_th_ab2b87b6a68aba30_2021-01-04 05:00:00,pass_2c9aedb7d309965f,LONG,M30,M5,1823.20,1813.20,1843.20,TARGET_REACHED,2021-01-04 05:00:00,2021-01-04 07:59:00,TARGET_REACHED,0.05,2.01
2021-01-04 05:00:00,th_19305dc78a364622,cand_M5_th_19305dc78a364622_2021-01-04 05:00:00,pass_be08fa3bf6718341,LONG,M30,M5,1823.20,1813.20,1843.20,TARGET_REACHED,2021-01-04 05:00:00,2021-01-04 07:59:00,TARGET_REACHED,0.05,2.01
2021-01-04 05:00:00,th_e9804d1bd00856fe,cand_M5_th_e9804d1bd00856fe_2021-01-04 05:00:00,pass_0ee504bf459b0e8d,LONG,M30,M5,1823.20,1813.20,1843.20,TARGET_REACHED,2021-01-04 05:00:00,2021-01-04 07:59:00,TARGET_REACHED,0.05,2.01
2021-01-04 05:00:00,th_748ea98708c94abb,cand_M5_th_748ea98708c94abb_2021-01-04 05:00:00,pass_5f4baf78823fe5d8,LONG,M30,M5,1823.20,1813.20,1843.20,TARGET_REACHED,2021-01-04 05:00:00,2021-01-04 07:59:00,TARGET_REACHED,0.05,2.01
2021-01-04 05:00:00,th_818f74a02dbe690b,cand_M5_th_818f74a02dbe690b_2021-01-04 05:00:00,pass_e912e9467fe2f7ce,LONG,M30,M5,1823.20,1813.20,1843.20,TARGET_REACHED,2021-01-04 05:00:00,2021-01-04 07:59:00,TARGET_REACHED,0.05,2.01
2021-01-04 05:00:00,th_1de6b90c3de92f9d,cand_M5_th_1de6b90c3de92f9d_2021-01-04 05:00:00,pass_7118e36e16f5abb5,LONG,M30,M5,1823.20,1813.20,1843.20,TARGET_REACHED,2021-01-04 05:00:00,2021-01-04 07:59:00,TARGET_REACHED,0.05,2.01
2021-01-04 05:00:00,th_ec561c13dfa995be,cand_M5_th_ec561c13dfa995be_2021-01-04 05:00:00,pass_da00826d4d2b657b,LONG,M30,M5,1823.20,1813.20,1843.20,TARGET_REACHED,2021-01-04 05:00:00,2021-01-04 07:59:00,TARGET_REACHED,0.05,2.01
2021-01-04 05:00:00,th_c6a3fea6cfabf2b7,cand_M3_th_c6a3fea6cfabf2b7_2021-01-04 05:00:00,pass_81fd854838b8acdc,LONG,M30,M3,1823.20,1813.20,1843.20,TARGET_REACHED,2021-01-04 05:00:00,2021-01-04 07:59:00,TARGET_REACHED,0.05,2.01
2021-01-04 05:00:00,th_ab2b87b6a68aba30,cand_M3_th_ab2b87b6a68aba30_2021-01-04 05:00:00,pass_6b96bdb625ba4eb5,LONG,M30,M3,1823.20,1813.20,1843.20,TARGET_REACHED,2021-01-04 05:00:00,2021-01-04 07:59:00,TARGET_REACHED,0.05,2.01
2021-01-04 05:00:00,th_19305dc78a364622,cand_M3_th_19305dc78a364622_2021-01-04 05:00:00,pass_be9faf9514b5a8cb,LONG,M30,M3,1823.20,1813.20,1843.20,TARGET_REACHED,2021-01-04 05:00:00,2021-01-04 07:59:00,TARGET_REACHED,0.05,2.01
2021-01-04 05:00:00,th_e9804d1bd00856fe,cand_M3_th_e9804d1bd00856fe_2021-01-04 05:00:00,pass_b25c65b3616f378c,LONG,M30,M3,1823.20,1813.20,1843.20,TARGET_REACHED,2021-01-04 05:00:00,2021-01-04 07:59:00,TARGET_REACHED,0.05,2.01
2021-01-04 05:00:00,th_748ea98708c94abb,cand_M3_th_748ea98708c94abb_2021-01-04 05:00:00,pass_3213cdbb647099c6,LONG,M30,M3,1823.20,1813.20,1843.20,TARGET_REACHED,2021-01-04 05:00:00,2021-01-04 07:59:00,TARGET_REACHED,0.05,2.01
2021-01-04 05:00:00,th_818f74a02dbe690b,cand_M3_th_818f74a02dbe690b_2021-01-04 05:00:00,pass_4ae92d1867c05ae9,LONG,M30,M3,1823.20,1813.20,1843.20,TARGET_REACHED,2021-01-04 05:00:00,2021-01-04 07:59:00,TARGET_REACHED,0.05,2.01
2021-01-04 05:00:00,th_1de6b90c3de92f9d,cand_M3_th_1de6b90c3de92f9d_2021-01-04 05:00:00,pass_d1e90e1b02cdb643,LONG,M30,M3,1823.20,1813.20,1843.20,TARGET_REACHED,2021-01-04 05:00:00,2021-01-04 07:59:00,TARGET_REACHED,0.05,2.01
2021-01-04 05:00:00,th_ec561c13dfa995be,cand_M3_th_ec561c13dfa995be_2021-01-04 05:00:00,pass_7d38660221c17e81,LONG,M30,M3,1823.20,1813.20,1843.20,TARGET_REACHED,2021-01-04 05:00:00,2021-01-04 07:59:00,TARGET_REACHED,0.05,2.01
2021-01-04 05:03:00,th_c6a3fea6cfabf2b7,cand_M3_th_c6a3fea6cfabf2b7_2021-01-04 05:03:00,pass_7ed85d91c5de4832,LONG,M30,M3,1823.50,1813.50,1843.50,TARGET_REACHED,2021-01-04 05:03:00,2021-01-04 08:02:00,TARGET_REACHED,0.05,2.01
2021-01-04 05:03:00,th_ab2b87b6a68aba30,cand_M3_th_ab2b87b6a68aba30_2021-01-04 05:03:00,pass_e848b33eba48498d,LONG,M30,M3,1823.50,1813.50,1843.50,TARGET_REACHED,2021-01-04 05:03:00,2021-01-04 08:02:00,TARGET_REACHED,0.05,2.01
2021-01-04 05:03:00,th_19305dc78a364622,cand_M3_th_19305dc78a364622_2021-01-04 05:03:00,pass_ccdf333a48f7f329,LONG,M30,M3,1823.50,1813.50,1843.50,TARGET_REACHED,2021-01-04 05:03:00,2021-01-04 08:02:00,TARGET_REACHED,0.05,2.01
2021-01-04 05:03:00,th_e9804d1bd00856fe,cand_M3_th_e9804d1bd00856fe_2021-01-04 05:03:00,pass_bd2757d9da9a09ca,LONG,M30,M3,1823.50,1813.50,1843.50,TARGET_REACHED,2021-01-04 05:03:00,2021-01-04 08:02:00,TARGET_REACHED,0.05,2.01
2021-01-04 05:03:00,th_748ea98708c94abb,cand_M3_th_748ea98708c94abb_2021-01-04 05:03:00,pass_2cdf5b687dff086f,LONG,M30,M3,1823.50,1813.50,1843.50,TARGET_REACHED,2021-01-04 05:03:00,2021-01-04 08:02:00,TARGET_REACHED,0.05,2.01
2021-01-04 05:03:00,th_818f74a02dbe690b,cand_M3_th_818f74a02dbe690b_2021-01-04 05:03:00,pass_11b9d81b6f84eb09,LONG,M30,M3,1823.50,1813.50,1843.50,TARGET_REACHED,2021-01-04 05:03:00,2021-01-04 08:02:00,TARGET_REACHED,0.05,2.01
2021-01-04 05:03:00,th_1de6b90c3de92f9d,cand_M3_th_1de6b90c3de92f9d_2021-01-04 05:03:00,pass_fecdeafbefdc1d82,LONG,M30,M3,1823.50,1813.50,1843.50,TARGET_REACHED,2021-01-04 05:03:00,2021-01-04 08:02:00,TARGET_REACHED,0.05,2.01
2021-01-04 05:03:00,th_ec561c13dfa995be,cand_M3_th_ec561c13dfa995be_2021-01-04 05:03:00,pass_2a090516db89e7b7,LONG,M30,M3,1823.50,1813.50,1843.50,TARGET_REACHED,2021-01-04 05:03:00,2021-01-04 08:02:00,TARGET_REACHED,0.05,2.01
2021-01-04 05:05:00,th_c6a3fea6cfabf2b7,cand_M5_th_c6a3fea6cfabf2b7_2021-01-04 05:05:00,pass_f95d329e45c58d9e,LONG,M30,M5,1823.70,1813.70,1843.70,TARGET_REACHED,2021-01-04 05:05:00,2021-01-04 08:04:00,TARGET_REACHED,0.05,2.01
2021-01-04 05:05:00,th_ab2b87b6a68aba30,cand_M5_th_ab2b87b6a68aba30_2021-01-04 05:05:00,pass_4f6cf8cfbb4446f2,LONG,M30,M5,1823.70,1813.70,1843.70,TARGET_REACHED,2021-01-04 05:05:00,2021-01-04 08:04:00,TARGET_REACHED,0.05,2.01
2021-01-04 05:05:00,th_19305dc78a364622,cand_M5_th_19305dc78a364622_2021-01-04 05:05:00,pass_fc1bc007fb96e48e,LONG,M30,M5,1823.70,1813.70,1843.70,TARGET_REACHED,2021-01-04 05:05:00,2021-01-04 08:04:00,TARGET_REACHED,0.05,2.01
2021-01-04 05:05:00,th_e9804d1bd00856fe,cand_M5_th_e9804d1bd00856fe_2021-01-04 05:05:00,pass_fa7035b6598df62e,LONG,M30,M5,1823.70,1813.70,1843.70,TARGET_REACHED,2021-01-04 05:05:00,2021-01-04 08:04:00,TARGET_REACHED,0.05,2.01
2021-01-04 05:05:00,th_748ea98708c94abb,cand_M5_th_748ea98708c94abb_2021-01-04 05:05:00,pass_7229d0b27dbbb41f,LONG,M30,M5,1823.70,1813.70,1843.70,TARGET_REACHED,2021-01-04 05:05:00,2021-01-04 08:04:00,TARGET_REACHED,0.05,2.01
2021-01-04 05:05:00,th_818f74a02dbe690b,cand_M5_th_818f74a02dbe690b_2021-01-04 05:05:00,pass_35d7399920dbed00,LONG,M30,M5,1823.70,1813.70,1843.70,TARGET_REACHED,2021-01-04 05:05:00,2021-01-04 08:04:00,TARGET_REACHED,0.05,2.01
2021-01-04 05:05:00,th_1de6b90c3de92f9d,cand_M5_th_1de6b90c3de92f9d_2021-01-04 05:05:00,pass_8206c3a7a3572f49,LONG,M30,M5,1823.70,1813.70,1843.70,TARGET_REACHED,2021-01-04 05:05:00,2021-01-04 08:04:00,TARGET_REACHED,0.05,2.01
2021-01-04 05:05:00,th_ec561c13dfa995be,cand_M5_th_ec561c13dfa995be_2021-01-04 05:05:00,pass_461ee619cc93f1d6,LONG,M30,M5,1823.70,1813.70,1843.70,TARGET_REACHED,2021-01-04 05:05:00,2021-01-04 08:04:00,TARGET_REACHED,0.05,2.01
2021-01-04 05:06:00,th_c6a3fea6cfabf2b7,cand_M3_th_c6a3fea6cfabf2b7_2021-01-04 05:06:00,pass_0586ee6ed9ba68fd,LONG,M30,M3,1823.80,1813.80,1843.80,TARGET_REACHED,2021-01-04 05:06:00,2021-01-04 08:05:00,TARGET_REACHED,0.05,2.01
2021-01-04 05:06:00,th_ab2b87b6a68aba30,cand_M3_th_ab2b87b6a68aba30_2021-01-04 05:06:00,pass_b6a37bbbd9e28200,LONG,M30,M3,1823.80,1813.80,1843.80,TARGET_REACHED,2021-01-04 05:06:00,2021-01-04 08:05:00,TARGET_REACHED,0.05,2.01
2021-01-04 05:06:00,th_19305dc78a364622,cand_M3_th_19305dc78a364622_2021-01-04 05:06:00,pass_e57b1e2698f59f44,LONG,M30,M3,1823.80,1813.80,1843.80,TARGET_REACHED,2021-01-04 05:06:00,2021-01-04 08:05:00,TARGET_REACHED,0.05,2.01
2021-01-04 05:06:00,th_e9804d1bd00856fe,cand_M3_th_e9804d1bd00856fe_2021-01-04 05:06:00,pass_ad24f014ac079dac,LONG,M30,M3,1823.80,1813.80,1843.80,TARGET_REACHED,2021-01-04 05:06:00,2021-01-04 08:05:00,TARGET_REACHED,0.05,2.01
2021-01-04 05:06:00,th_748ea98708c94abb,cand_M3_th_748ea98708c94abb_2021-01-04 05:06:00,pass_ec2eb59086b5ac96,LONG,M30,M3,1823.80,1813.80,1843.80,TARGET_REACHED,2021-01-04 05:06:00,2021-01-04 08:05:00,TARGET_REACHED,0.05,2.01
2021-01-04 05:06:00,th_818f74a02dbe690b,cand_M3_th_818f74a02dbe690b_2021-01-04 05:06:00,pass_e2c2ae890cb0c971,LONG,M30,M3,1823.80,1813.80,1843.80,TARGET_REACHED,2021-01-04 05:06:00,2021-01-04 08:05:00,TARGET_REACHED,0.05,2.01
2021-01-04 05:06:00,th_1de6b90c3de92f9d,cand_M3_th_1de6b90c3de92f9d_2021-01-04 05:06:00,pass_78c53b3afcd4e378,LONG,M30,M3,1823.80,1813.80,1843.80,TARGET_REACHED,2021-01-04 05:06:00,2021-01-04 08:05:00,TARGET_REACHED,0.05,2.01
2021-01-04 05:06:00,th_ec561c13dfa995be,cand_M3_th_ec561c13dfa995be_2021-01-04 05:06:00,pass_76f96c36d61594fc,LONG,M30,M3,1823.80,1813.80,1843.80,TARGET_REACHED,2021-01-04 05:06:00,2021-01-04 08:05:00,TARGET_REACHED,0.05,2.01
2021-01-04 05:09:00,th_c6a3fea6cfabf2b7,cand_M3_th_c6a3fea6cfabf2b7_2021-01-04 05:09:00,pass_af6355aca579da8c,LONG,M30,M3,1824.10,1814.10,1844.10,TARGET_REACHED,2021-01-04 05:09:00,2021-01-04 08:08:00,TARGET_REACHED,0.05,2.01
2021-01-04 05:09:00,th_ab2b87b6a68aba30,cand_M3_th_ab2b87b6a68aba30_2021-01-04 05:09:00,pass_db63201b00aed609,LONG,M30,M3,1824.10,1814.10,1844.10,TARGET_REACHED,2021-01-04 05:09:00,2021-01-04 08:08:00,TARGET_REACHED,0.05,2.01
2021-01-04 05:09:00,th_19305dc78a364622,cand_M3_th_19305dc78a364622_2021-01-04 05:09:00,pass_2f895481b8e4e7e4,LONG,M30,M3,1824.10,1814.10,1844.10,TARGET_REACHED,2021-01-04 05:09:00,2021-01-04 08:08:00,TARGET_REACHED,0.05,2.01
2021-01-04 05:09:00,th_e9804d1bd00856fe,cand_M3_th_e9804d1bd00856fe_2021-01-04 05:09:00,pass_c0e5630abdd6c3a7,LONG,M30,M3,1824.10,1814.10,1844.10,TARGET_REACHED,2021-01-04 05:09:00,2021-01-04 08:08:00,TARGET_REACHED,0.05,2.01
2021-01-04 05:09:00,th_748ea98708c94abb,cand_M3_th_748ea98708c94abb_2021-01-04 05:09:00,pass_f40bec68ec74e6a6,LONG,M30,M3,1824.10,1814.10,1844.10,TARGET_REACHED,2021-01-04 05:09:00,2021-01-04 08:08:00,TARGET_REACHED,0.05,2.01
2021-01-04 05:09:00,th_818f74a02dbe690b,cand_M3_th_818f74a02dbe690b_2021-01-04 05:09:00,pass_0bb4ac2cc3a92264,LONG,M30,M3,1824.10,1814.10,1844.10,TARGET_REACHED,2021-01-04 05:09:00,2021-01-04 08:08:00,TARGET_REACHED,0.05,2.01
2021-01-04 05:09:00,th_1de6b90c3de92f9d,cand_M3_th_1de6b90c3de92f9d_2021-01-04 05:09:00,pass_e7857039433f8039,LONG,M30,M3,1824.10,1814.10,1844.10,TARGET_REACHED,2021-01-04 05:09:00,2021-01-04 08:08:00,TARGET_REACHED,0.05,2.01
2021-01-04 05:09:00,th_ec561c13dfa995be,cand_M3_th_ec561c13dfa995be_2021-01-04 05:09:00,pass_b6fd252669169d7e,LONG,M30,M3,1824.10,1814.10,1844.10,TARGET_REACHED,2021-01-04 05:09:00,2021-01-04 08:08:00,TARGET_REACHED,0.05,2.01
2021-01-04 05:10:00,th_c6a3fea6cfabf2b7,cand_M5_th_c6a3fea6cfabf2b7_2021-01-04 05:10:00,pass_7d3e531379897ba4,LONG,M30,M5,1824.20,1814.20,1844.20,TARGET_REACHED,2021-01-04 05:10:00,2021-01-04 08:09:00,TARGET_REACHED,0.05,2.01
2021-01-04 05:10:00,th_ab2b87b6a68aba30,cand_M5_th_ab2b87b6a68aba30_2021-01-04 05:10:00,pass_4112f4ad18870b8a,LONG,M30,M5,1824.20,1814.20,1844.20,TARGET_REACHED,2021-01-04 05:10:00,2021-01-04 08:09:00,TARGET_REACHED,0.05,2.01
2021-01-04 05:10:00,th_19305dc78a364622,cand_M5_th_19305dc78a364622_2021-01-04 05:10:00,pass_86276f0483569106,LONG,M30,M5,1824.20,1814.20,1844.20,TARGET_REACHED,2021-01-04 05:10:00,2021-01-04 08:09:00,TARGET_REACHED,0.05,2.01
2021-01-04 05:10:00,th_e9804d1bd00856fe,cand_M5_th_e9804d1bd00856fe_2021-01-04 05:10:00,pass_b91f00b61c6348bf,LONG,M30,M5,1824.20,1814.20,1844.20,TARGET_REACHED,2021-01-04 05:10:00,2021-01-04 08:09:00,TARGET_REACHED,0.05,2.01
2021-01-04 05:10:00,th_748ea98708c94abb,cand_M5_th_748ea98708c94abb_2021-01-04 05:10:00,pass_81b9c973f92347e0,LONG,M30,M5,1824.20,1814.20,1844.20,TARGET_REACHED,2021-01-04 05:10:00,2021-01-04 08:09:00,TARGET_REACHED,0.05,2.01
2021-01-04 05:10:00,th_818f74a02dbe690b,cand_M5_th_818f74a02dbe690b_2021-01-04 05:10:00,pass_c3943a36c61f6e6c,LONG,M30,M5,1824.20,1814.20,1844.20,TARGET_REACHED,2021-01-04 05:10:00,2021-01-04 08:09:00,TARGET_REACHED,0.05,2.01
2021-01-04 05:10:00,th_1de6b90c3de92f9d,cand_M5_th_1de6b90c3de92f9d_2021-01-04 05:10:00,pass_4b21d0b760c4b346,LONG,M30,M5,1824.20,1814.20,1844.20,TARGET_REACHED,2021-01-04 05:10:00,2021-01-04 08:09:00,TARGET_REACHED,0.05,2.01
2021-01-04 05:10:00,th_ec561c13dfa995be,cand_M5_th_ec561c13dfa995be_2021-01-04 05:10:00,pass_fccb6b2bd18eb333,LONG,M30,M5,1824.20,1814.20,1844.20,TARGET_REACHED,2021-01-04 05:10:00,2021-01-04 08:09:00,TARGET_REACHED,0.05,2.01
2021-01-04 05:12:00,th_c6a3fea6cfabf2b7,cand_M3_th_c6a3fea6cfabf2b7_2021-01-04 05:12:00,pass_a3c46ddf1b5a09a0,LONG,M30,M3,1824.40,1814.40,1844.40,TARGET_REACHED,2021-01-04 05:12:00,2021-01-04 08:11:00,TARGET_REACHED,0.05,2.01
2021-01-04 05:12:00,th_ab2b87b6a68aba30,cand_M3_th_ab2b87b6a68aba30_2021-01-04 05:12:00,pass_e5318ee268d36f54,LONG,M30,M3,1824.40,1814.40,1844.40,TARGET_REACHED,2021-01-04 05:12:00,2021-01-04 08:11:00,TARGET_REACHED,0.05,2.01
2021-01-04 05:12:00,th_19305dc78a364622,cand_M3_th_19305dc78a364622_2021-01-04 05:12:00,pass_cbf4d7db49cebd92,LONG,M30,M3,1824.40,1814.40,1844.40,TARGET_REACHED,2021-01-04 05:12:00,2021-01-04 08:11:00,TARGET_REACHED,0.05,2.01
2021-01-04 05:12:00,th_e9804d1bd00856fe,cand_M3_th_e9804d1bd00856fe_2021-01-04 05:12:00,pass_34ee62faf15d58b1,LONG,M30,M3,1824.40,1814.40,1844.40,TARGET_REACHED,2021-01-04 05:12:00,2021-01-04 08:11:00,TARGET_REACHED,0.05,2.01
2021-01-04 05:12:00,th_748ea98708c94abb,cand_M3_th_748ea98708c94abb_2021-01-04 05:12:00,pass_5308fdb4faecd437,LONG,M30,M3,1824.40,1814.40,1844.40,TARGET_REACHED,2021-01-04 05:12:00,2021-01-04 08:11:00,TARGET_REACHED,0.05,2.01
2021-01-04 05:12:00,th_818f74a02dbe690b,cand_M3_th_818f74a02dbe690b_2021-01-04 05:12:00,pass_0e683b00f28c972c,LONG,M30,M3,1824.40,1814.40,1844.40,TARGET_REACHED,2021-01-04 05:12:00,2021-01-04 08:11:00,TARGET_REACHED,0.05,2.01
2021-01-04 05:12:00,th_1de6b90c3de92f9d,cand_M3_th_1de6b90c3de92f9d_2021-01-04 05:12:00,pass_ed4a56fd43819d3c,LONG,M30,M3,1824.40,1814.40,1844.40,TARGET_REACHED,2021-01-04 05:12:00,2021-01-04 08:11:00,TARGET_REACHED,0.05,2.01
2021-01-04 05:12:00,th_ec561c13dfa995be,cand_M3_th_ec561c13dfa995be_2021-01-04 05:12:00,pass_4055e6b66dbb97eb,LONG,M30,M3,1824.40,1814.40,1844.40,TARGET_REACHED,2021-01-04 05:12:00,2021-01-04 08:11:00,TARGET_REACHED,0.05,2.01
2021-01-04 05:15:00,th_c6a3fea6cfabf2b7,cand_M5_th_c6a3fea6cfabf2b7_2021-01-04 05:15:00,pass_753630352e3175b0,LONG,M30,M5,1824.70,1814.70,1844.70,TARGET_REACHED,2021-01-04 05:15:00,2021-01-04 08:14:00,TARGET_REACHED,0.05,2.01
2021-01-04 05:15:00,th_ab2b87b6a68aba30,cand_M5_th_ab2b87b6a68aba30_2021-01-04 05:15:00,pass_6c7ef91c72a6b6b0,LONG,M30,M5,1824.70,1814.70,1844.70,TARGET_REACHED,2021-01-04 05:15:00,2021-01-04 08:14:00,TARGET_REACHED,0.05,2.01
2021-01-04 05:15:00,th_19305dc78a364622,cand_M5_th_19305dc78a364622_2021-01-04 05:15:00,pass_30822363680a2846,LONG,M30,M5,1824.70,1814.70,1844.70,TARGET_REACHED,2021-01-04 05:15:00,2021-01-04 08:14:00,TARGET_REACHED,0.05,2.01
2021-01-04 05:15:00,th_e9804d1bd00856fe,cand_M5_th_e9804d1bd00856fe_2021-01-04 05:15:00,pass_ce3a0f23a5b3d155,LONG,M30,M5,1824.70,1814.70,1844.70,TARGET_REACHED,2021-01-04 05:15:00,2021-01-04 08:14:00,TARGET_REACHED,0.05,2.01
2021-01-04 05:15:00,th_748ea98708c94abb,cand_M5_th_748ea98708c94abb_2021-01-04 05:15:00,pass_1ab26a62371756c8,LONG,M30,M5,1824.70,1814.70,1844.70,TARGET_REACHED,2021-01-04 05:15:00,2021-01-04 08:14:00,TARGET_REACHED,0.05,2.01
2021-01-04 05:15:00,th_818f74a02dbe690b,cand_M5_th_818f74a02dbe690b_2021-01-04 05:15:00,pass_dc87d7979f773afd,LONG,M30,M5,1824.70,1814.70,1844.70,TARGET_REACHED,2021-01-04 05:15:00,2021-01-04 08:14:00,TARGET_REACHED,0.05,2.01
2021-01-04 05:15:00,th_1de6b90c3de92f9d,cand_M5_th_1de6b90c3de92f9d_2021-01-04 05:15:00,pass_ea6521df9be2589c,LONG,M30,M5,1824.70,1814.70,1844.70,TARGET_REACHED,2021-01-04 05:15:00,2021-01-04 08:14:00,TARGET_REACHED,0.05,2.01
2021-01-04 05:15:00,th_ec561c13dfa995be,cand_M5_th_ec561c13dfa995be_2021-01-04 05:15:00,pass_bc22bce9e357423b,LONG,M30,M5,1824.70,1814.70,1844.70,TARGET_REACHED,2021-01-04 05:15:00,2021-01-04 08:14:00,TARGET_REACHED,0.05,2.01
2021-01-04 05:15:00,th_c6a3fea6cfabf2b7,cand_M3_th_c6a3fea6cfabf2b7_2021-01-04 05:15:00,pass_8035833c4c7d054b,LONG,M30,M3,1824.70,1814.70,1844.70,TARGET_REACHED,2021-01-04 05:15:00,2021-01-04 08:14:00,TARGET_REACHED,0.05,2.01
2021-01-04 05:15:00,th_ab2b87b6a68aba30,cand_M3_th_ab2b87b6a68aba30_2021-01-04 05:15:00,pass_ecfd7829a2ff559c,LONG,M30,M3,1824.70,1814.70,1844.70,TARGET_REACHED,2021-01-04 05:15:00,2021-01-04 08:14:00,TARGET_REACHED,0.05,2.01
2021-01-04 05:15:00,th_19305dc78a364622,cand_M3_th_19305dc78a364622_2021-01-04 05:15:00,pass_278692ef72eba79d,LONG,M30,M3,1824.70,1814.70,1844.70,TARGET_REACHED,2021-01-04 05:15:00,2021-01-04 08:14:00,TARGET_REACHED,0.05,2.01
2021-01-04 05:15:00,th_e9804d1bd00856fe,cand_M3_th_e9804d1bd00856fe_2021-01-04 05:15:00,pass_e330057ffcb32564,LONG,M30,M3,1824.70,1814.70,1844.70,TARGET_REACHED,2021-01-04 05:15:00,2021-01-04 08:14:00,TARGET_REACHED,0.05,2.01
2021-01-04 05:15:00,th_748ea98708c94abb,cand_M3_th_748ea98708c94abb_2021-01-04 05:15:00,pass_44653db30054411c,LONG,M30,M3,1824.70,1814.70,1844.70,TARGET_REACHED,2021-01-04 05:15:00,2021-01-04 08:14:00,TARGET_REACHED,0.05,2.01
2021-01-04 05:15:00,th_818f74a02dbe690b,cand_M3_th_818f74a02dbe690b_2021-01-04 05:15:00,pass_3989b5475f93d143,LONG,M30,M3,1824.70,1814.70,1844.70,TARGET_REACHED,2021-01-04 05:15:00,2021-01-04 08:14:00,TARGET_REACHED,0.05,2.01
2021-01-04 05:15:00,th_1de6b90c3de92f9d,cand_M3_th_1de6b90c3de92f9d_2021-01-04 05:15:00,pass_236c3772a6c022cb,LONG,M30,M3,1824.70,1814.70,1844.70,TARGET_REACHED,2021-01-04 05:15:00,2021-01-04 08:14:00,TARGET_REACHED,0.05,2.01
2021-01-04 05:15:00,th_ec561c13dfa995be,cand_M3_th_ec561c13dfa995be_2021-01-04 05:15:00,pass_82288e4aa1a9a531,LONG,M30,M3,1824.70,1814.70,1844.70,TARGET_REACHED,2021-01-04 05:15:00,2021-01-04 08:14:00,TARGET_REACHED,0.05,2.01
2021-01-04 05:18:00,th_c6a3fea6cfabf2b7,cand_M3_th_c6a3fea6cfabf2b7_2021-01-04 05:18:00,pass_dbf61b2f3044bb17,LONG,M30,M3,1825.00,1815.00,1845.00,TARGET_REACHED,2021-01-04 05:18:00,2021-01-04 08:17:00,TARGET_REACHED,0.05,2.01
2021-01-04 05:18:00,th_ab2b87b6a68aba30,cand_M3_th_ab2b87b6a68aba30_2021-01-04 05:18:00,pass_3cd1a608efc130a4,LONG,M30,M3,1825.00,1815.00,1845.00,TARGET_REACHED,2021-01-04 05:18:00,2021-01-04 08:17:00,TARGET_REACHED,0.05,2.01
2021-01-04 05:18:00,th_19305dc78a364622,cand_M3_th_19305dc78a364622_2021-01-04 05:18:00,pass_6c0353b2f90a6f3a,LONG,M30,M3,1825.00,1815.00,1845.00,TARGET_REACHED,2021-01-04 05:18:00,2021-01-04 08:17:00,TARGET_REACHED,0.05,2.01
2021-01-04 05:18:00,th_e9804d1bd00856fe,cand_M3_th_e9804d1bd00856fe_2021-01-04 05:18:00,pass_01b73ddc95a58ed8,LONG,M30,M3,1825.00,1815.00,1845.00,TARGET_REACHED,2021-01-04 05:18:00,2021-01-04 08:17:00,TARGET_REACHED,0.05,2.01
2021-01-04 05:18:00,th_748ea98708c94abb,cand_M3_th_748ea98708c94abb_2021-01-04 05:18:00,pass_a69e45966bfd80ce,LONG,M30,M3,1825.00,1815.00,1845.00,TARGET_REACHED,2021-01-04 05:18:00,2021-01-04 08:17:00,TARGET_REACHED,0.05,2.01
2021-01-04 05:18:00,th_818f74a02dbe690b,cand_M3_th_818f74a02dbe690b_2021-01-04 05:18:00,pass_8c99d788fcd2b8fb,LONG,M30,M3,1825.00,1815.00,1845.00,TARGET_REACHED,2021-01-04 05:18:00,2021-01-04 08:17:00,TARGET_REACHED,0.05,2.01
2021-01-04 05:18:00,th_1de6b90c3de92f9d,cand_M3_th_1de6b90c3de92f9d_2021-01-04 05:18:00,pass_47cc3b04152793c4,LONG,M30,M3,1825.00,1815.00,1845.00,TARGET_REACHED,2021-01-04 05:18:00,2021-01-04 08:17:00,TARGET_REACHED,0.05,2.01
2021-01-04 05:18:00,th_ec561c13dfa995be,cand_M3_th_ec561c13dfa995be_2021-01-04 05:18:00,pass_4043b820db522e89,LONG,M30,M3,1825.00,1815.00,1845.00,TARGET_REACHED,2021-01-04 05:18:00,2021-01-04 08:17:00,TARGET_REACHED,0.05,2.01
2021-01-04 05:20:00,th_c6a3fea6cfabf2b7,cand_M5_th_c6a3fea6cfabf2b7_2021-01-04 05:20:00,pass_86ada310592d32f9,LONG,M30,M5,1825.20,1815.20,1845.20,TARGET_REACHED,2021-01-04 05:20:00,2021-01-04 08:19:00,TARGET_REACHED,0.05,2.01
2021-01-04 05:20:00,th_ab2b87b6a68aba30,cand_M5_th_ab2b87b6a68aba30_2021-01-04 05:20:00,pass_d80de25cc468c6e0,LONG,M30,M5,1825.20,1815.20,1845.20,TARGET_REACHED,2021-01-04 05:20:00,2021-01-04 08:19:00,TARGET_REACHED,0.05,2.01
2021-01-04 05:20:00,th_19305dc78a364622,cand_M5_th_19305dc78a364622_2021-01-04 05:20:00,pass_1eb2df289a4abb03,LONG,M30,M5,1825.20,1815.20,1845.20,TARGET_REACHED,2021-01-04 05:20:00,2021-01-04 08:19:00,TARGET_REACHED,0.05,2.01
2021-01-04 05:20:00,th_e9804d1bd00856fe,cand_M5_th_e9804d1bd00856fe_2021-01-04 05:20:00,pass_424c1c1d01132cdf,LONG,M30,M5,1825.20,1815.20,1845.20,TARGET_REACHED,2021-01-04 05:20:00,2021-01-04 08:19:00,TARGET_REACHED,0.05,2.01
2021-01-04 05:20:00,th_748ea98708c94abb,cand_M5_th_748ea98708c94abb_2021-01-04 05:20:00,pass_ca35479fc0f00424,LONG,M30,M5,1825.20,1815.20,1845.20,TARGET_REACHED,2021-01-04 05:20:00,2021-01-04 08:19:00,TARGET_REACHED,0.05,2.01
2021-01-04 05:20:00,th_818f74a02dbe690b,cand_M5_th_818f74a02dbe690b_2021-01-04 05:20:00,pass_d3e9d1a1f7bd3176,LONG,M30,M5,1825.20,1815.20,1845.20,TARGET_REACHED,2021-01-04 05:20:00,2021-01-04 08:19:00,TARGET_REACHED,0.05,2.01
2021-01-04 05:20:00,th_1de6b90c3de92f9d,cand_M5_th_1de6b90c3de92f9d_2021-01-04 05:20:00,pass_34b0df970e5b0487,LONG,M30,M5,1825.20,1815.20,1845.20,TARGET_REACHED,2021-01-04 05:20:00,2021-01-04 08:19:00,TARGET_REACHED,0.05,2.01
2021-01-04 05:20:00,th_ec561c13dfa995be,cand_M5_th_ec561c13dfa995be_2021-01-04 05:20:00,pass_3313959488b19c5e,LONG,M30,M5,1825.20,1815.20,1845.20,TARGET_REACHED,2021-01-04 05:20:00,2021-01-04 08:19:00,TARGET_REACHED,0.05,2.01
2021-01-04 05:21:00,th_c6a3fea6cfabf2b7,cand_M3_th_c6a3fea6cfabf2b7_2021-01-04 05:21:00,pass_eae8a01f213b7c11,LONG,M30,M3,1825.30,1815.30,1845.30,TARGET_REACHED,2021-01-04 05:21:00,2021-01-04 08:20:00,TARGET_REACHED,0.05,2.01
2021-01-04 05:21:00,th_ab2b87b6a68aba30,cand_M3_th_ab2b87b6a68aba30_2021-01-04 05:21:00,pass_f49cdf29b05812da,LONG,M30,M3,1825.30,1815.30,1845.30,TARGET_REACHED,2021-01-04 05:21:00,2021-01-04 08:20:00,TARGET_REACHED,0.05,2.01
2021-01-04 05:21:00,th_19305dc78a364622,cand_M3_th_19305dc78a364622_2021-01-04 05:21:00,pass_ab08740a50a22d2c,LONG,M30,M3,1825.30,1815.30,1845.30,TARGET_REACHED,2021-01-04 05:21:00,2021-01-04 08:20:00,TARGET_REACHED,0.05,2.01
2021-01-04 05:21:00,th_e9804d1bd00856fe,cand_M3_th_e9804d1bd00856fe_2021-01-04 05:21:00,pass_a0106715ddd5bc66,LONG,M30,M3,1825.30,1815.30,1845.30,TARGET_REACHED,2021-01-04 05:21:00,2021-01-04 08:20:00,TARGET_REACHED,0.05,2.01
2021-01-04 05:21:00,th_748ea98708c94abb,cand_M3_th_748ea98708c94abb_2021-01-04 05:21:00,pass_2cfa44d58d2a2034,LONG,M30,M3,1825.30,1815.30,1845.30,TARGET_REACHED,2021-01-04 05:21:00,2021-01-04 08:20:00,TARGET_REACHED,0.05,2.01
2021-01-04 05:21:00,th_818f74a02dbe690b,cand_M3_th_818f74a02dbe690b_2021-01-04 05:21:00,pass_21a172567a46929c,LONG,M30,M3,1825.30,1815.30,1845.30,TARGET_REACHED,2021-01-04 05:21:00,2021-01-04 08:20:00,TARGET_REACHED,0.05,2.01
2021-01-04 05:21:00,th_1de6b90c3de92f9d,cand_M3_th_1de6b90c3de92f9d_2021-01-04 05:21:00,pass_e19c8a4ce11d56f2,LONG,M30,M3,1825.30,1815.30,1845.30,TARGET_REACHED,2021-01-04 05:21:00,2021-01-04 08:20:00,TARGET_REACHED,0.05,2.01
2021-01-04 05:21:00,th_ec561c13dfa995be,cand_M3_th_ec561c13dfa995be_2021-01-04 05:21:00,pass_d6b38bda00baa5aa,LONG,M30,M3,1825.30,1815.30,1845.30,TARGET_REACHED,2021-01-04 05:21:00,2021-01-04 08:20:00,TARGET_REACHED,0.05,2.01
2021-01-04 05:24:00,th_c6a3fea6cfabf2b7,cand_M3_th_c6a3fea6cfabf2b7_2021-01-04 05:24:00,pass_88dd9ecabe24f3ed,LONG,M30,M3,1825.60,1815.60,1845.60,TARGET_REACHED,2021-01-04 05:24:00,2021-01-04 08:23:00,TARGET_REACHED,0.05,2.01
2021-01-04 05:24:00,th_ab2b87b6a68aba30,cand_M3_th_ab2b87b6a68aba30_2021-01-04 05:24:00,pass_e8064c5298e31ca1,LONG,M30,M3,1825.60,1815.60,1845.60,TARGET_REACHED,2021-01-04 05:24:00,2021-01-04 08:23:00,TARGET_REACHED,0.05,2.01
2021-01-04 05:24:00,th_19305dc78a364622,cand_M3_th_19305dc78a364622_2021-01-04 05:24:00,pass_2bc84d8ebd158a90,LONG,M30,M3,1825.60,1815.60,1845.60,TARGET_REACHED,2021-01-04 05:24:00,2021-01-04 08:23:00,TARGET_REACHED,0.05,2.01
2021-01-04 05:24:00,th_e9804d1bd00856fe,cand_M3_th_e9804d1bd00856fe_2021-01-04 05:24:00,pass_ffa4ff77eadd37df,LONG,M30,M3,1825.60,1815.60,1845.60,TARGET_REACHED,2021-01-04 05:24:00,2021-01-04 08:23:00,TARGET_REACHED,0.05,2.01
2021-01-04 05:24:00,th_748ea98708c94abb,cand_M3_th_748ea98708c94abb_2021-01-04 05:24:00,pass_5b32d0dcf202e21e,LONG,M30,M3,1825.60,1815.60,1845.60,TARGET_REACHED,2021-01-04 05:24:00,2021-01-04 08:23:00,TARGET_REACHED,0.05,2.01
2021-01-04 05:24:00,th_818f74a02dbe690b,cand_M3_th_818f74a02dbe690b_2021-01-04 05:24:00,pass_7063af2e494f41ac,LONG,M30,M3,1825.60,1815.60,1845.60,TARGET_REACHED,2021-01-04 05:24:00,2021-01-04 08:23:00,TARGET_REACHED,0.05,2.01
2021-01-04 05:24:00,th_1de6b90c3de92f9d,cand_M3_th_1de6b90c3de92f9d_2021-01-04 05:24:00,pass_340c43098fb2dcc0,LONG,M30,M3,1825.60,1815.60,1845.60,TARGET_REACHED,2021-01-04 05:24:00,2021-01-04 08:23:00,TARGET_REACHED,0.05,2.01
2021-01-04 05:24:00,th_ec561c13dfa995be,cand_M3_th_ec561c13dfa995be_2021-01-04 05:24:00,pass_86657600ca6c5540,LONG,M30,M3,1825.60,1815.60,1845.60,TARGET_REACHED,2021-01-04 05:24:00,2021-01-04 08:23:00,TARGET_REACHED,0.05,2.01
2021-01-04 05:25:00,th_c6a3fea6cfabf2b7,cand_M5_th_c6a3fea6cfabf2b7_2021-01-04 05:25:00,pass_f1976ec81e7ec846,LONG,M30,M5,1825.70,1815.70,1845.70,TARGET_REACHED,2021-01-04 05:25:00,2021-01-04 08:24:00,TARGET_REACHED,0.05,2.01
2021-01-04 05:25:00,th_ab2b87b6a68aba30,cand_M5_th_ab2b87b6a68aba30_2021-01-04 05:25:00,pass_45986588bb9cb89c,LONG,M30,M5,1825.70,1815.70,1845.70,TARGET_REACHED,2021-01-04 05:25:00,2021-01-04 08:24:00,TARGET_REACHED,0.05,2.01
2021-01-04 05:25:00,th_19305dc78a364622,cand_M5_th_19305dc78a364622_2021-01-04 05:25:00,pass_716fe1acc1a48310,LONG,M30,M5,1825.70,1815.70,1845.70,TARGET_REACHED,2021-01-04 05:25:00,2021-01-04 08:24:00,TARGET_REACHED,0.05,2.01
2021-01-04 05:25:00,th_e9804d1bd00856fe,cand_M5_th_e9804d1bd00856fe_2021-01-04 05:25:00,pass_769940e3a2a798c4,LONG,M30,M5,1825.70,1815.70,1845.70,TARGET_REACHED,2021-01-04 05:25:00,2021-01-04 08:24:00,TARGET_REACHED,0.05,2.01
2021-01-04 05:25:00,th_748ea98708c94abb,cand_M5_th_748ea98708c94abb_2021-01-04 05:25:00,pass_dd265c85a02dd12e,LONG,M30,M5,1825.70,1815.70,1845.70,TARGET_REACHED,2021-01-04 05:25:00,2021-01-04 08:24:00,TARGET_REACHED,0.05,2.01
2021-01-04 05:25:00,th_818f74a02dbe690b,cand_M5_th_818f74a02dbe690b_2021-01-04 05:25:00,pass_604c30aa16beb621,LONG,M30,M5,1825.70,1815.70,1845.70,TARGET_REACHED,2021-01-04 05:25:00,2021-01-04 08:24:00,TARGET_REACHED,0.05,2.01
2021-01-04 05:25:00,th_1de6b90c3de92f9d,cand_M5_th_1de6b90c3de92f9d_2021-01-04 05:25:00,pass_2f1aabb6afabc708,LONG,M30,M5,1825.70,1815.70,1845.70,TARGET_REACHED,2021-01-04 05:25:00,2021-01-04 08:24:00,TARGET_REACHED,0.05,2.01
2021-01-04 05:25:00,th_ec561c13dfa995be,cand_M5_th_ec561c13dfa995be_2021-01-04 05:25:00,pass_640d05b6a3d5ec3b,LONG,M30,M5,1825.70,1815.70,1845.70,TARGET_REACHED,2021-01-04 05:25:00,2021-01-04 08:24:00,TARGET_REACHED,0.05,2.01
2021-01-04 05:27:00,th_c6a3fea6cfabf2b7,cand_M3_th_c6a3fea6cfabf2b7_2021-01-04 05:27:00,pass_166f6d65c2184db9,LONG,M30,M3,1825.90,1815.90,1845.90,TARGET_REACHED,2021-01-04 05:27:00,2021-01-04 08:26:00,TARGET_REACHED,0.05,2.01
2021-01-04 05:27:00,th_ab2b87b6a68aba30,cand_M3_th_ab2b87b6a68aba30_2021-01-04 05:27:00,pass_650aa274379b000f,LONG,M30,M3,1825.90,1815.90,1845.90,TARGET_REACHED,2021-01-04 05:27:00,2021-01-04 08:26:00,TARGET_REACHED,0.05,2.01
2021-01-04 05:27:00,th_19305dc78a364622,cand_M3_th_19305dc78a364622_2021-01-04 05:27:00,pass_a67625f31fae723f,LONG,M30,M3,1825.90,1815.90,1845.90,TARGET_REACHED,2021-01-04 05:27:00,2021-01-04 08:26:00,TARGET_REACHED,0.05,2.01
2021-01-04 05:27:00,th_e9804d1bd00856fe,cand_M3_th_e9804d1bd00856fe_2021-01-04 05:27:00,pass_01f4ac7c5ae362fa,LONG,M30,M3,1825.90,1815.90,1845.90,TARGET_REACHED,2021-01-04 05:27:00,2021-01-04 08:26:00,TARGET_REACHED,0.05,2.01
2021-01-04 05:27:00,th_748ea98708c94abb,cand_M3_th_748ea98708c94abb_2021-01-04 05:27:00,pass_9cf41eda954596ea,LONG,M30,M3,1825.90,1815.90,1845.90,TARGET_REACHED,2021-01-04 05:27:00,2021-01-04 08:26:00,TARGET_REACHED,0.05,2.01
2021-01-04 05:27:00,th_818f74a02dbe690b,cand_M3_th_818f74a02dbe690b_2021-01-04 05:27:00,pass_a09def75b1bd0fd9,LONG,M30,M3,1825.90,1815.90,1845.90,TARGET_REACHED,2021-01-04 05:27:00,2021-01-04 08:26:00,TARGET_REACHED,0.05,2.01
2021-01-04 05:27:00,th_1de6b90c3de92f9d,cand_M3_th_1de6b90c3de92f9d_2021-01-04 05:27:00,pass_e6ba87c434eaa942,LONG,M30,M3,1825.90,1815.90,1845.90,TARGET_REACHED,2021-01-04 05:27:00,2021-01-04 08:26:00,TARGET_REACHED,0.05,2.01
2021-01-04 05:27:00,th_ec561c13dfa995be,cand_M3_th_ec561c13dfa995be_2021-01-04 05:27:00,pass_15e075c66f579f2d,LONG,M30,M3,1825.90,1815.90,1845.90,TARGET_REACHED,2021-01-04 05:27:00,2021-01-04 08:26:00,TARGET_REACHED,0.05,2.01
2021-01-04 05:30:00,th_c6a3fea6cfabf2b7,cand_M5_th_c6a3fea6cfabf2b7_2021-01-04 05:30:00,pass_0ad611c6e3d0d9f6,LONG,M30,M5,1826.20,1816.20,1846.20,TARGET_REACHED,2021-01-04 05:30:00,2021-01-04 08:29:00,TARGET_REACHED,0.05,2.01
2021-01-04 05:30:00,th_ab2b87b6a68aba30,cand_M5_th_ab2b87b6a68aba30_2021-01-04 05:30:00,pass_c228f2fdb5ef66b0,LONG,M30,M5,1826.20,1816.20,1846.20,TARGET_REACHED,2021-01-04 05:30:00,2021-01-04 08:29:00,TARGET_REACHED,0.05,2.01
2021-01-04 05:30:00,th_19305dc78a364622,cand_M5_th_19305dc78a364622_2021-01-04 05:30:00,pass_8066977911c48618,LONG,M30,M5,1826.20,1816.20,1846.20,TARGET_REACHED,2021-01-04 05:30:00,2021-01-04 08:29:00,TARGET_REACHED,0.05,2.01
2021-01-04 05:30:00,th_e9804d1bd00856fe,cand_M5_th_e9804d1bd00856fe_2021-01-04 05:30:00,pass_8a162bf6be00c26b,LONG,M30,M5,1826.20,1816.20,1846.20,TARGET_REACHED,2021-01-04 05:30:00,2021-01-04 08:29:00,TARGET_REACHED,0.05,2.01
2021-01-04 05:30:00,th_748ea98708c94abb,cand_M5_th_748ea98708c94abb_2021-01-04 05:30:00,pass_2be6386272582f23,LONG,M30,M5,1826.20,1816.20,1846.20,TARGET_REACHED,2021-01-04 05:30:00,2021-01-04 08:29:00,TARGET_REACHED,0.05,2.01
2021-01-04 05:30:00,th_818f74a02dbe690b,cand_M5_th_818f74a02dbe690b_2021-01-04 05:30:00,pass_e9ae9e1672cdd407,LONG,M30,M5,1826.20,1816.20,1846.20,TARGET_REACHED,2021-01-04 05:30:00,2021-01-04 08:29:00,TARGET_REACHED,0.05,2.01
2021-01-04 05:30:00,th_1de6b90c3de92f9d,cand_M5_th_1de6b90c3de92f9d_2021-01-04 05:30:00,pass_7eef34e5f2beec8d,LONG,M30,M5,1826.20,1816.20,1846.20,TARGET_REACHED,2021-01-04 05:30:00,2021-01-04 08:29:00,TARGET_REACHED,0.05,2.01
2021-01-04 05:30:00,th_ec561c13dfa995be,cand_M5_th_ec561c13dfa995be_2021-01-04 05:30:00,pass_910f4893e53f988a,LONG,M30,M5,1826.20,1816.20,1846.20,TARGET_REACHED,2021-01-04 05:30:00,2021-01-04 08:29:00,TARGET_REACHED,0.05,2.01
2021-01-04 05:30:00,th_a8e2cd8e2710a9e1,cand_M5_th_a8e2cd8e2710a9e1_2021-01-04 05:30:00,pass_d6fa5725caeeb151,LONG,M30,M5,1826.20,1816.20,1846.20,TARGET_REACHED,2021-01-04 05:30:00,2021-01-04 08:29:00,TARGET_REACHED,0.05,2.01
2021-01-04 05:30:00,th_c6a3fea6cfabf2b7,cand_M3_th_c6a3fea6cfabf2b7_2021-01-04 05:30:00,pass_0f75ff34c4980afe,LONG,M30,M3,1826.20,1816.20,1846.20,TARGET_REACHED,2021-01-04 05:30:00,2021-01-04 08:29:00,TARGET_REACHED,0.05,2.01
2021-01-04 05:30:00,th_ab2b87b6a68aba30,cand_M3_th_ab2b87b6a68aba30_2021-01-04 05:30:00,pass_38be641986a61ae7,LONG,M30,M3,1826.20,1816.20,1846.20,TARGET_REACHED,2021-01-04 05:30:00,2021-01-04 08:29:00,TARGET_REACHED,0.05,2.01
2021-01-04 05:30:00,th_19305dc78a364622,cand_M3_th_19305dc78a364622_2021-01-04 05:30:00,pass_5472ca27fa302862,LONG,M30,M3,1826.20,1816.20,1846.20,TARGET_REACHED,2021-01-04 05:30:00,2021-01-04 08:29:00,TARGET_REACHED,0.05,2.01
2021-01-04 05:30:00,th_e9804d1bd00856fe,cand_M3_th_e9804d1bd00856fe_2021-01-04 05:30:00,pass_0761554b72cfd258,LONG,M30,M3,1826.20,1816.20,1846.20,TARGET_REACHED,2021-01-04 05:30:00,2021-01-04 08:29:00,TARGET_REACHED,0.05,2.01
2021-01-04 05:30:00,th_748ea98708c94abb,cand_M3_th_748ea98708c94abb_2021-01-04 05:30:00,pass_b77b2b840bba706c,LONG,M30,M3,1826.20,1816.20,1846.20,TARGET_REACHED,2021-01-04 05:30:00,2021-01-04 08:29:00,TARGET_REACHED,0.05,2.01
2021-01-04 05:30:00,th_818f74a02dbe690b,cand_M3_th_818f74a02dbe690b_2021-01-04 05:30:00,pass_e9320db9b759aa9e,LONG,M30,M3,1826.20,1816.20,1846.20,TARGET_REACHED,2021-01-04 05:30:00,2021-01-04 08:29:00,TARGET_REACHED,0.05,2.01
2021-01-04 05:30:00,th_1de6b90c3de92f9d,cand_M3_th_1de6b90c3de92f9d_2021-01-04 05:30:00,pass_21cf49a103cbbad0,LONG,M30,M3,1826.20,1816.20,1846.20,TARGET_REACHED,2021-01-04 05:30:00,2021-01-04 08:29:00,TARGET_REACHED,0.05,2.01
2021-01-04 05:30:00,th_ec561c13dfa995be,cand_M3_th_ec561c13dfa995be_2021-01-04 05:30:00,pass_07efd79e15d1f21d,LONG,M30,M3,1826.20,1816.20,1846.20,TARGET_REACHED,2021-01-04 05:30:00,2021-01-04 08:29:00,TARGET_REACHED,0.05,2.01
2021-01-04 05:30:00,th_a8e2cd8e2710a9e1,cand_M3_th_a8e2cd8e2710a9e1_2021-01-04 05:30:00,pass_d5716f5492d3cae3,LONG,M30,M3,1826.20,1816.20,1846.20,TARGET_REACHED,2021-01-04 05:30:00,2021-01-04 08:29:00,TARGET_REACHED,0.05,2.01
2021-01-04 05:33:00,th_c6a3fea6cfabf2b7,cand_M3_th_c6a3fea6cfabf2b7_2021-01-04 05:33:00,pass_a7a3db413f907bf1,LONG,M30,M3,1826.50,1816.50,1846.50,TARGET_REACHED,2021-01-04 05:33:00,2021-01-04 08:32:00,TARGET_REACHED,0.05,2.01
2021-01-04 05:33:00,th_ab2b87b6a68aba30,cand_M3_th_ab2b87b6a68aba30_2021-01-04 05:33:00,pass_2997144f0470eec5,LONG,M30,M3,1826.50,1816.50,1846.50,TARGET_REACHED,2021-01-04 05:33:00,2021-01-04 08:32:00,TARGET_REACHED,0.05,2.01
2021-01-04 05:33:00,th_19305dc78a364622,cand_M3_th_19305dc78a364622_2021-01-04 05:33:00,pass_76328cac3fba3207,LONG,M30,M3,1826.50,1816.50,1846.50,TARGET_REACHED,2021-01-04 05:33:00,2021-01-04 08:32:00,TARGET_REACHED,0.05,2.01
2021-01-04 05:33:00,th_e9804d1bd00856fe,cand_M3_th_e9804d1bd00856fe_2021-01-04 05:33:00,pass_69ad0ed298f10700,LONG,M30,M3,1826.50,1816.50,1846.50,TARGET_REACHED,2021-01-04 05:33:00,2021-01-04 08:32:00,TARGET_REACHED,0.05,2.01
2021-01-04 05:33:00,th_748ea98708c94abb,cand_M3_th_748ea98708c94abb_2021-01-04 05:33:00,pass_2d398c43398c4584,LONG,M30,M3,1826.50,1816.50,1846.50,TARGET_REACHED,2021-01-04 05:33:00,2021-01-04 08:32:00,TARGET_REACHED,0.05,2.01
2021-01-04 05:33:00,th_818f74a02dbe690b,cand_M3_th_818f74a02dbe690b_2021-01-04 05:33:00,pass_cf135ef4e7325964,LONG,M30,M3,1826.50,1816.50,1846.50,TARGET_REACHED,2021-01-04 05:33:00,2021-01-04 08:32:00,TARGET_REACHED,0.05,2.01
2021-01-04 05:33:00,th_1de6b90c3de92f9d,cand_M3_th_1de6b90c3de92f9d_2021-01-04 05:33:00,pass_0adee83a30f67063,LONG,M30,M3,1826.50,1816.50,1846.50,TARGET_REACHED,2021-01-04 05:33:00,2021-01-04 08:32:00,TARGET_REACHED,0.05,2.01
2021-01-04 05:33:00,th_ec561c13dfa995be,cand_M3_th_ec561c13dfa995be_2021-01-04 05:33:00,pass_72180de6b770289e,LONG,M30,M3,1826.50,1816.50,1846.50,TARGET_REACHED,2021-01-04 05:33:00,2021-01-04 08:32:00,TARGET_REACHED,0.05,2.01
2021-01-04 05:33:00,th_a8e2cd8e2710a9e1,cand_M3_th_a8e2cd8e2710a9e1_2021-01-04 05:33:00,pass_49c3da129c72a387,LONG,M30,M3,1826.50,1816.50,1846.50,TARGET_REACHED,2021-01-04 05:33:00,2021-01-04 08:32:00,TARGET_REACHED,0.05,2.01
2021-01-04 05:35:00,th_c6a3fea6cfabf2b7,cand_M5_th_c6a3fea6cfabf2b7_2021-01-04 05:35:00,pass_402e8a68e24af7f7,LONG,M30,M5,1826.70,1816.70,1846.70,TARGET_REACHED,2021-01-04 05:35:00,2021-01-04 08:34:00,TARGET_REACHED,0.05,2.01
2021-01-04 05:35:00,th_ab2b87b6a68aba30,cand_M5_th_ab2b87b6a68aba30_2021-01-04 05:35:00,pass_2ab8ca3c53fcaa02,LONG,M30,M5,1826.70,1816.70,1846.70,TARGET_REACHED,2021-01-04 05:35:00,2021-01-04 08:34:00,TARGET_REACHED,0.05,2.01
2021-01-04 05:35:00,th_19305dc78a364622,cand_M5_th_19305dc78a364622_2021-01-04 05:35:00,pass_f543db6bd141f218,LONG,M30,M5,1826.70,1816.70,1846.70,TARGET_REACHED,2021-01-04 05:35:00,2021-01-04 08:34:00,TARGET_REACHED,0.05,2.01
2021-01-04 05:35:00,th_e9804d1bd00856fe,cand_M5_th_e9804d1bd00856fe_2021-01-04 05:35:00,pass_15a4dbe850de2aa6,LONG,M30,M5,1826.70,1816.70,1846.70,TARGET_REACHED,2021-01-04 05:35:00,2021-01-04 08:34:00,TARGET_REACHED,0.05,2.01
2021-01-04 05:35:00,th_748ea98708c94abb,cand_M5_th_748ea98708c94abb_2021-01-04 05:35:00,pass_14b559499d93a70d,LONG,M30,M5,1826.70,1816.70,1846.70,TARGET_REACHED,2021-01-04 05:35:00,2021-01-04 08:34:00,TARGET_REACHED,0.05,2.01
2021-01-04 05:35:00,th_818f74a02dbe690b,cand_M5_th_818f74a02dbe690b_2021-01-04 05:35:00,pass_070a0401799e79a5,LONG,M30,M5,1826.70,1816.70,1846.70,TARGET_REACHED,2021-01-04 05:35:00,2021-01-04 08:34:00,TARGET_REACHED,0.05,2.01
2021-01-04 05:35:00,th_1de6b90c3de92f9d,cand_M5_th_1de6b90c3de92f9d_2021-01-04 05:35:00,pass_5edcfcd9a6eff77f,LONG,M30,M5,1826.70,1816.70,1846.70,TARGET_REACHED,2021-01-04 05:35:00,2021-01-04 08:34:00,TARGET_REACHED,0.05,2.01
2021-01-04 05:35:00,th_ec561c13dfa995be,cand_M5_th_ec561c13dfa995be_2021-01-04 05:35:00,pass_f66229b170bea13b,LONG,M30,M5,1826.70,1816.70,1846.70,TARGET_REACHED,2021-01-04 05:35:00,2021-01-04 08:34:00,TARGET_REACHED,0.05,2.01
2021-01-04 05:35:00,th_a8e2cd8e2710a9e1,cand_M5_th_a8e2cd8e2710a9e1_2021-01-04 05:35:00,pass_e83ad1d58e9bb3ec,LONG,M30,M5,1826.70,1816.70,1846.70,TARGET_REACHED,2021-01-04 05:35:00,2021-01-04 08:34:00,TARGET_REACHED,0.05,2.01
2021-01-04 05:36:00,th_c6a3fea6cfabf2b7,cand_M3_th_c6a3fea6cfabf2b7_2021-01-04 05:36:00,pass_bce751c330651239,LONG,M30,M3,1826.80,1816.80,1846.80,TARGET_REACHED,2021-01-04 05:36:00,2021-01-04 08:35:00,TARGET_REACHED,0.05,2.01
2021-01-04 05:36:00,th_ab2b87b6a68aba30,cand_M3_th_ab2b87b6a68aba30_2021-01-04 05:36:00,pass_419a6be74227fd39,LONG,M30,M3,1826.80,1816.80,1846.80,TARGET_REACHED,2021-01-04 05:36:00,2021-01-04 08:35:00,TARGET_REACHED,0.05,2.01
2021-01-04 05:36:00,th_19305dc78a364622,cand_M3_th_19305dc78a364622_2021-01-04 05:36:00,pass_7df34564960c1c2b,LONG,M30,M3,1826.80,1816.80,1846.80,TARGET_REACHED,2021-01-04 05:36:00,2021-01-04 08:35:00,TARGET_REACHED,0.05,2.01
2021-01-04 05:36:00,th_e9804d1bd00856fe,cand_M3_th_e9804d1bd00856fe_2021-01-04 05:36:00,pass_f8606d31bda4f74c,LONG,M30,M3,1826.80,1816.80,1846.80,TARGET_REACHED,2021-01-04 05:36:00,2021-01-04 08:35:00,TARGET_REACHED,0.05,2.01
2021-01-04 05:36:00,th_748ea98708c94abb,cand_M3_th_748ea98708c94abb_2021-01-04 05:36:00,pass_a697fff8a18face3,LONG,M30,M3,1826.80,1816.80,1846.80,TARGET_REACHED,2021-01-04 05:36:00,2021-01-04 08:35:00,TARGET_REACHED,0.05,2.01
2021-01-04 05:36:00,th_818f74a02dbe690b,cand_M3_th_818f74a02dbe690b_2021-01-04 05:36:00,pass_0ba9b13d16b94443,LONG,M30,M3,1826.80,1816.80,1846.80,TARGET_REACHED,2021-01-04 05:36:00,2021-01-04 08:35:00,TARGET_REACHED,0.05,2.01
2021-01-04 05:36:00,th_1de6b90c3de92f9d,cand_M3_th_1de6b90c3de92f9d_2021-01-04 05:36:00,pass_2c1764e84020cbd5,LONG,M30,M3,1826.80,1816.80,1846.80,TARGET_REACHED,2021-01-04 05:36:00,2021-01-04 08:35:00,TARGET_REACHED,0.05,2.01
2021-01-04 05:36:00,th_ec561c13dfa995be,cand_M3_th_ec561c13dfa995be_2021-01-04 05:36:00,pass_47118f440e686348,LONG,M30,M3,1826.80,1816.80,1846.80,TARGET_REACHED,2021-01-04 05:36:00,2021-01-04 08:35:00,TARGET_REACHED,0.05,2.01
2021-01-04 05:36:00,th_a8e2cd8e2710a9e1,cand_M3_th_a8e2cd8e2710a9e1_2021-01-04 05:36:00,pass_119ec7df6ca4e7c2,LONG,M30,M3,1826.80,1816.80,1846.80,TARGET_REACHED,2021-01-04 05:36:00,2021-01-04 08:35:00,TARGET_REACHED,0.05,2.01
2021-01-04 05:39:00,th_c6a3fea6cfabf2b7,cand_M3_th_c6a3fea6cfabf2b7_2021-01-04 05:39:00,pass_e2a1ef8550416f6a,LONG,M30,M3,1827.10,1817.10,1847.10,TARGET_REACHED,2021-01-04 05:39:00,2021-01-04 08:38:00,TARGET_REACHED,0.05,2.01
2021-01-04 05:39:00,th_ab2b87b6a68aba30,cand_M3_th_ab2b87b6a68aba30_2021-01-04 05:39:00,pass_ff6e154ae00074a3,LONG,M30,M3,1827.10,1817.10,1847.10,TARGET_REACHED,2021-01-04 05:39:00,2021-01-04 08:38:00,TARGET_REACHED,0.05,2.01
2021-01-04 05:39:00,th_19305dc78a364622,cand_M3_th_19305dc78a364622_2021-01-04 05:39:00,pass_4aaecb43d96305c5,LONG,M30,M3,1827.10,1817.10,1847.10,TARGET_REACHED,2021-01-04 05:39:00,2021-01-04 08:38:00,TARGET_REACHED,0.05,2.01
2021-01-04 05:39:00,th_e9804d1bd00856fe,cand_M3_th_e9804d1bd00856fe_2021-01-04 05:39:00,pass_f57b194f649d9363,LONG,M30,M3,1827.10,1817.10,1847.10,TARGET_REACHED,2021-01-04 05:39:00,2021-01-04 08:38:00,TARGET_REACHED,0.05,2.01
2021-01-04 05:39:00,th_748ea98708c94abb,cand_M3_th_748ea98708c94abb_2021-01-04 05:39:00,pass_07a6ed730d52946a,LONG,M30,M3,1827.10,1817.10,1847.10,TARGET_REACHED,2021-01-04 05:39:00,2021-01-04 08:38:00,TARGET_REACHED,0.05,2.01
2021-01-04 05:39:00,th_818f74a02dbe690b,cand_M3_th_818f74a02dbe690b_2021-01-04 05:39:00,pass_93d1243f9a127d5a,LONG,M30,M3,1827.10,1817.10,1847.10,TARGET_REACHED,2021-01-04 05:39:00,2021-01-04 08:38:00,TARGET_REACHED,0.05,2.01
2021-01-04 05:39:00,th_1de6b90c3de92f9d,cand_M3_th_1de6b90c3de92f9d_2021-01-04 05:39:00,pass_72412cbb79c9eaa7,LONG,M30,M3,1827.10,1817.10,1847.10,TARGET_REACHED,2021-01-04 05:39:00,2021-01-04 08:38:00,TARGET_REACHED,0.05,2.01
2021-01-04 05:39:00,th_ec561c13dfa995be,cand_M3_th_ec561c13dfa995be_2021-01-04 05:39:00,pass_e22781b153bc074d,LONG,M30,M3,1827.10,1817.10,1847.10,TARGET_REACHED,2021-01-04 05:39:00,2021-01-04 08:38:00,TARGET_REACHED,0.05,2.01
2021-01-04 05:39:00,th_a8e2cd8e2710a9e1,cand_M3_th_a8e2cd8e2710a9e1_2021-01-04 05:39:00,pass_f7aeed6685486524,LONG,M30,M3,1827.10,1817.10,1847.10,TARGET_REACHED,2021-01-04 05:39:00,2021-01-04 08:38:00,TARGET_REACHED,0.05,2.01
2021-01-04 05:40:00,th_c6a3fea6cfabf2b7,cand_M5_th_c6a3fea6cfabf2b7_2021-01-04 05:40:00,pass_8f13e2f693b2fc44,LONG,M30,M5,1827.20,1817.20,1847.20,TARGET_REACHED,2021-01-04 05:40:00,2021-01-04 08:39:00,TARGET_REACHED,0.05,2.01
2021-01-04 05:40:00,th_ab2b87b6a68aba30,cand_M5_th_ab2b87b6a68aba30_2021-01-04 05:40:00,pass_b7d603c714c6a105,LONG,M30,M5,1827.20,1817.20,1847.20,TARGET_REACHED,2021-01-04 05:40:00,2021-01-04 08:39:00,TARGET_REACHED,0.05,2.01
2021-01-04 05:40:00,th_19305dc78a364622,cand_M5_th_19305dc78a364622_2021-01-04 05:40:00,pass_e110b28fac23d9c5,LONG,M30,M5,1827.20,1817.20,1847.20,TARGET_REACHED,2021-01-04 05:40:00,2021-01-04 08:39:00,TARGET_REACHED,0.05,2.01
2021-01-04 05:40:00,th_e9804d1bd00856fe,cand_M5_th_e9804d1bd00856fe_2021-01-04 05:40:00,pass_3734b888ed08ef69,LONG,M30,M5,1827.20,1817.20,1847.20,TARGET_REACHED,2021-01-04 05:40:00,2021-01-04 08:39:00,TARGET_REACHED,0.05,2.01
2021-01-04 05:40:00,th_748ea98708c94abb,cand_M5_th_748ea98708c94abb_2021-01-04 05:40:00,pass_7bdedd9c80e0db45,LONG,M30,M5,1827.20,1817.20,1847.20,TARGET_REACHED,2021-01-04 05:40:00,2021-01-04 08:39:00,TARGET_REACHED,0.05,2.01
2021-01-04 05:40:00,th_818f74a02dbe690b,cand_M5_th_818f74a02dbe690b_2021-01-04 05:40:00,pass_2eec1a2d46a0cc27,LONG,M30,M5,1827.20,1817.20,1847.20,TARGET_REACHED,2021-01-04 05:40:00,2021-01-04 08:39:00,TARGET_REACHED,0.05,2.01
2021-01-04 05:40:00,th_1de6b90c3de92f9d,cand_M5_th_1de6b90c3de92f9d_2021-01-04 05:40:00,pass_e5e6ecb3573313e5,LONG,M30,M5,1827.20,1817.20,1847.20,TARGET_REACHED,2021-01-04 05:40:00,2021-01-04 08:39:00,TARGET_REACHED,0.05,2.01
2021-01-04 05:40:00,th_ec561c13dfa995be,cand_M5_th_ec561c13dfa995be_2021-01-04 05:40:00,pass_d3cfcf3b23926d2a,LONG,M30,M5,1827.20,1817.20,1847.20,TARGET_REACHED,2021-01-04 05:40:00,2021-01-04 08:39:00,TARGET_REACHED,0.05,2.01
2021-01-04 05:40:00,th_a8e2cd8e2710a9e1,cand_M5_th_a8e2cd8e2710a9e1_2021-01-04 05:40:00,pass_a9000ce284b12760,LONG,M30,M5,1827.20,1817.20,1847.20,TARGET_REACHED,2021-01-04 05:40:00,2021-01-04 08:39:00,TARGET_REACHED,0.05,2.01
2021-01-04 05:42:00,th_c6a3fea6cfabf2b7,cand_M3_th_c6a3fea6cfabf2b7_2021-01-04 05:42:00,pass_f8be63e4a1075f93,LONG,M30,M3,1827.40,1817.40,1847.40,TARGET_REACHED,2021-01-04 05:42:00,2021-01-04 08:41:00,TARGET_REACHED,0.05,2.01
2021-01-04 05:42:00,th_ab2b87b6a68aba30,cand_M3_th_ab2b87b6a68aba30_2021-01-04 05:42:00,pass_833c4ee5cc49e524,LONG,M30,M3,1827.40,1817.40,1847.40,TARGET_REACHED,2021-01-04 05:42:00,2021-01-04 08:41:00,TARGET_REACHED,0.05,2.01
2021-01-04 05:42:00,th_19305dc78a364622,cand_M3_th_19305dc78a364622_2021-01-04 05:42:00,pass_bfb9ef556722709f,LONG,M30,M3,1827.40,1817.40,1847.40,TARGET_REACHED,2021-01-04 05:42:00,2021-01-04 08:41:00,TARGET_REACHED,0.05,2.01
2021-01-04 05:42:00,th_e9804d1bd00856fe,cand_M3_th_e9804d1bd00856fe_2021-01-04 05:42:00,pass_f6971ce4bdf21595,LONG,M30,M3,1827.40,1817.40,1847.40,TARGET_REACHED,2021-01-04 05:42:00,2021-01-04 08:41:00,TARGET_REACHED,0.05,2.01
2021-01-04 05:42:00,th_748ea98708c94abb,cand_M3_th_748ea98708c94abb_2021-01-04 05:42:00,pass_deb48f6966227b03,LONG,M30,M3,1827.40,1817.40,1847.40,TARGET_REACHED,2021-01-04 05:42:00,2021-01-04 08:41:00,TARGET_REACHED,0.05,2.01
2021-01-04 05:42:00,th_818f74a02dbe690b,cand_M3_th_818f74a02dbe690b_2021-01-04 05:42:00,pass_438db671a53af652,LONG,M30,M3,1827.40,1817.40,1847.40,TARGET_REACHED,2021-01-04 05:42:00,2021-01-04 08:41:00,TARGET_REACHED,0.05,2.01
2021-01-04 05:42:00,th_1de6b90c3de92f9d,cand_M3_th_1de6b90c3de92f9d_2021-01-04 05:42:00,pass_9214b2ce031f2127,LONG,M30,M3,1827.40,1817.40,1847.40,TARGET_REACHED,2021-01-04 05:42:00,2021-01-04 08:41:00,TARGET_REACHED,0.05,2.01
2021-01-04 05:42:00,th_ec561c13dfa995be,cand_M3_th_ec561c13dfa995be_2021-01-04 05:42:00,pass_dafc255aea24b29a,LONG,M30,M3,1827.40,1817.40,1847.40,TARGET_REACHED,2021-01-04 05:42:00,2021-01-04 08:41:00,TARGET_REACHED,0.05,2.01
2021-01-04 05:42:00,th_a8e2cd8e2710a9e1,cand_M3_th_a8e2cd8e2710a9e1_2021-01-04 05:42:00,pass_78437df9c4fb353c,LONG,M30,M3,1827.40,1817.40,1847.40,TARGET_REACHED,2021-01-04 05:42:00,2021-01-04 08:41:00,TARGET_REACHED,0.05,2.01
2021-01-04 05:45:00,th_c6a3fea6cfabf2b7,cand_M5_th_c6a3fea6cfabf2b7_2021-01-04 05:45:00,pass_c1f83b00f504f261,LONG,M30,M5,1827.70,1817.70,1847.70,TARGET_REACHED,2021-01-04 05:45:00,2021-01-04 08:44:00,TARGET_REACHED,0.05,2.01
2021-01-04 05:45:00,th_ab2b87b6a68aba30,cand_M5_th_ab2b87b6a68aba30_2021-01-04 05:45:00,pass_29ad9501fc4cfc68,LONG,M30,M5,1827.70,1817.70,1847.70,TARGET_REACHED,2021-01-04 05:45:00,2021-01-04 08:44:00,TARGET_REACHED,0.05,2.01
2021-01-04 05:45:00,th_19305dc78a364622,cand_M5_th_19305dc78a364622_2021-01-04 05:45:00,pass_df6770969e9c3e88,LONG,M30,M5,1827.70,1817.70,1847.70,TARGET_REACHED,2021-01-04 05:45:00,2021-01-04 08:44:00,TARGET_REACHED,0.05,2.01
2021-01-04 05:45:00,th_e9804d1bd00856fe,cand_M5_th_e9804d1bd00856fe_2021-01-04 05:45:00,pass_040b6fbee576e217,LONG,M30,M5,1827.70,1817.70,1847.70,TARGET_REACHED,2021-01-04 05:45:00,2021-01-04 08:44:00,TARGET_REACHED,0.05,2.01
2021-01-04 05:45:00,th_748ea98708c94abb,cand_M5_th_748ea98708c94abb_2021-01-04 05:45:00,pass_b3d46a636e51f38a,LONG,M30,M5,1827.70,1817.70,1847.70,TARGET_REACHED,2021-01-04 05:45:00,2021-01-04 08:44:00,TARGET_REACHED,0.05,2.01
2021-01-04 05:45:00,th_818f74a02dbe690b,cand_M5_th_818f74a02dbe690b_2021-01-04 05:45:00,pass_40ff82a50477051b,LONG,M30,M5,1827.70,1817.70,1847.70,TARGET_REACHED,2021-01-04 05:45:00,2021-01-04 08:44:00,TARGET_REACHED,0.05,2.01
2021-01-04 05:45:00,th_1de6b90c3de92f9d,cand_M5_th_1de6b90c3de92f9d_2021-01-04 05:45:00,pass_6c9fc61aec44974c,LONG,M30,M5,1827.70,1817.70,1847.70,TARGET_REACHED,2021-01-04 05:45:00,2021-01-04 08:44:00,TARGET_REACHED,0.05,2.01
2021-01-04 05:45:00,th_ec561c13dfa995be,cand_M5_th_ec561c13dfa995be_2021-01-04 05:45:00,pass_e8e53a01e108163b,LONG,M30,M5,1827.70,1817.70,1847.70,TARGET_REACHED,2021-01-04 05:45:00,2021-01-04 08:44:00,TARGET_REACHED,0.05,2.01
2021-01-04 05:45:00,th_a8e2cd8e2710a9e1,cand_M5_th_a8e2cd8e2710a9e1_2021-01-04 05:45:00,pass_77cef0c4e3bb742f,LONG,M30,M5,1827.70,1817.70,1847.70,TARGET_REACHED,2021-01-04 05:45:00,2021-01-04 08:44:00,TARGET_REACHED,0.05,2.01
2021-01-04 05:45:00,th_c6a3fea6cfabf2b7,cand_M3_th_c6a3fea6cfabf2b7_2021-01-04 05:45:00,pass_f8aaccd6b3a880d7,LONG,M30,M3,1827.70,1817.70,1847.70,TARGET_REACHED,2021-01-04 05:45:00,2021-01-04 08:44:00,TARGET_REACHED,0.05,2.01
2021-01-04 05:45:00,th_ab2b87b6a68aba30,cand_M3_th_ab2b87b6a68aba30_2021-01-04 05:45:00,pass_c82e5e739952d135,LONG,M30,M3,1827.70,1817.70,1847.70,TARGET_REACHED,2021-01-04 05:45:00,2021-01-04 08:44:00,TARGET_REACHED,0.05,2.01
2021-01-04 05:45:00,th_19305dc78a364622,cand_M3_th_19305dc78a364622_2021-01-04 05:45:00,pass_df20129147281d92,LONG,M30,M3,1827.70,1817.70,1847.70,TARGET_REACHED,2021-01-04 05:45:00,2021-01-04 08:44:00,TARGET_REACHED,0.05,2.01
2021-01-04 05:45:00,th_e9804d1bd00856fe,cand_M3_th_e9804d1bd00856fe_2021-01-04 05:45:00,pass_e237e1afcddf5d93,LONG,M30,M3,1827.70,1817.70,1847.70,TARGET_REACHED,2021-01-04 05:45:00,2021-01-04 08:44:00,TARGET_REACHED,0.05,2.01
2021-01-04 05:45:00,th_748ea98708c94abb,cand_M3_th_748ea98708c94abb_2021-01-04 05:45:00,pass_ea51eb696c8eaab4,LONG,M30,M3,1827.70,1817.70,1847.70,TARGET_REACHED,2021-01-04 05:45:00,2021-01-04 08:44:00,TARGET_REACHED,0.05,2.01
2021-01-04 05:45:00,th_818f74a02dbe690b,cand_M3_th_818f74a02dbe690b_2021-01-04 05:45:00,pass_8dc7a0a5e1b66bfc,LONG,M30,M3,1827.70,1817.70,1847.70,TARGET_REACHED,2021-01-04 05:45:00,2021-01-04 08:44:00,TARGET_REACHED,0.05,2.01
2021-01-04 05:45:00,th_1de6b90c3de92f9d,cand_M3_th_1de6b90c3de92f9d_2021-01-04 05:45:00,pass_52360bf90c92fa17,LONG,M30,M3,1827.70,1817.70,1847.70,TARGET_REACHED,2021-01-04 05:45:00,2021-01-04 08:44:00,TARGET_REACHED,0.05,2.01
2021-01-04 05:45:00,th_ec561c13dfa995be,cand_M3_th_ec561c13dfa995be_2021-01-04 05:45:00,pass_cc4ecadef4797481,LONG,M30,M3,1827.70,1817.70,1847.70,TARGET_REACHED,2021-01-04 05:45:00,2021-01-04 08:44:00,TARGET_REACHED,0.05,2.01
2021-01-04 05:45:00,th_a8e2cd8e2710a9e1,cand_M3_th_a8e2cd8e2710a9e1_2021-01-04 05:45:00,pass_1fad126832d0750f,LONG,M30,M3,1827.70,1817.70,1847.70,TARGET_REACHED,2021-01-04 05:45:00,2021-01-04 08:44:00,TARGET_REACHED,0.05,2.01
2021-01-04 05:48:00,th_c6a3fea6cfabf2b7,cand_M3_th_c6a3fea6cfabf2b7_2021-01-04 05:48:00,pass_34f7ce5402a77409,LONG,M30,M3,1828.00,1818.00,1848.00,TARGET_REACHED,2021-01-04 05:48:00,2021-01-04 08:47:00,TARGET_REACHED,0.05,2.01
2021-01-04 05:48:00,th_ab2b87b6a68aba30,cand_M3_th_ab2b87b6a68aba30_2021-01-04 05:48:00,pass_16fb1f09673564de,LONG,M30,M3,1828.00,1818.00,1848.00,TARGET_REACHED,2021-01-04 05:48:00,2021-01-04 08:47:00,TARGET_REACHED,0.05,2.01
2021-01-04 05:48:00,th_19305dc78a364622,cand_M3_th_19305dc78a364622_2021-01-04 05:48:00,pass_a7ad640b2e3f1d20,LONG,M30,M3,1828.00,1818.00,1848.00,TARGET_REACHED,2021-01-04 05:48:00,2021-01-04 08:47:00,TARGET_REACHED,0.05,2.01
2021-01-04 05:48:00,th_e9804d1bd00856fe,cand_M3_th_e9804d1bd00856fe_2021-01-04 05:48:00,pass_0e190ea53dfa7b81,LONG,M30,M3,1828.00,1818.00,1848.00,TARGET_REACHED,2021-01-04 05:48:00,2021-01-04 08:47:00,TARGET_REACHED,0.05,2.01
2021-01-04 05:48:00,th_748ea98708c94abb,cand_M3_th_748ea98708c94abb_2021-01-04 05:48:00,pass_111252b7b3d775d7,LONG,M30,M3,1828.00,1818.00,1848.00,TARGET_REACHED,2021-01-04 05:48:00,2021-01-04 08:47:00,TARGET_REACHED,0.05,2.01
2021-01-04 05:48:00,th_818f74a02dbe690b,cand_M3_th_818f74a02dbe690b_2021-01-04 05:48:00,pass_ff2fce81d0bbb7ef,LONG,M30,M3,1828.00,1818.00,1848.00,TARGET_REACHED,2021-01-04 05:48:00,2021-01-04 08:47:00,TARGET_REACHED,0.05,2.01
2021-01-04 05:48:00,th_1de6b90c3de92f9d,cand_M3_th_1de6b90c3de92f9d_2021-01-04 05:48:00,pass_b8a04895bcef492c,LONG,M30,M3,1828.00,1818.00,1848.00,TARGET_REACHED,2021-01-04 05:48:00,2021-01-04 08:47:00,TARGET_REACHED,0.05,2.01
2021-01-04 05:48:00,th_ec561c13dfa995be,cand_M3_th_ec561c13dfa995be_2021-01-04 05:48:00,pass_fd8e81323c5b2b59,LONG,M30,M3,1828.00,1818.00,1848.00,TARGET_REACHED,2021-01-04 05:48:00,2021-01-04 08:47:00,TARGET_REACHED,0.05,2.01
2021-01-04 05:48:00,th_a8e2cd8e2710a9e1,cand_M3_th_a8e2cd8e2710a9e1_2021-01-04 05:48:00,pass_3727d7c51084f078,LONG,M30,M3,1828.00,1818.00,1848.00,TARGET_REACHED,2021-01-04 05:48:00,2021-01-04 08:47:00,TARGET_REACHED,0.05,2.01
2021-01-04 05:50:00,th_c6a3fea6cfabf2b7,cand_M5_th_c6a3fea6cfabf2b7_2021-01-04 05:50:00,pass_e674b9cf6340f0e5,LONG,M30,M5,1828.20,1818.20,1848.20,TARGET_REACHED,2021-01-04 05:50:00,2021-01-04 08:49:00,TARGET_REACHED,0.05,2.01
2021-01-04 05:50:00,th_ab2b87b6a68aba30,cand_M5_th_ab2b87b6a68aba30_2021-01-04 05:50:00,pass_8bfe3718af173304,LONG,M30,M5,1828.20,1818.20,1848.20,TARGET_REACHED,2021-01-04 05:50:00,2021-01-04 08:49:00,TARGET_REACHED,0.05,2.01
2021-01-04 05:50:00,th_19305dc78a364622,cand_M5_th_19305dc78a364622_2021-01-04 05:50:00,pass_1b79536912d2392e,LONG,M30,M5,1828.20,1818.20,1848.20,TARGET_REACHED,2021-01-04 05:50:00,2021-01-04 08:49:00,TARGET_REACHED,0.05,2.01
2021-01-04 05:50:00,th_e9804d1bd00856fe,cand_M5_th_e9804d1bd00856fe_2021-01-04 05:50:00,pass_6033f31d83721250,LONG,M30,M5,1828.20,1818.20,1848.20,TARGET_REACHED,2021-01-04 05:50:00,2021-01-04 08:49:00,TARGET_REACHED,0.05,2.01
2021-01-04 05:50:00,th_748ea98708c94abb,cand_M5_th_748ea98708c94abb_2021-01-04 05:50:00,pass_b2606c6c661839df,LONG,M30,M5,1828.20,1818.20,1848.20,TARGET_REACHED,2021-01-04 05:50:00,2021-01-04 08:49:00,TARGET_REACHED,0.05,2.01
2021-01-04 05:50:00,th_818f74a02dbe690b,cand_M5_th_818f74a02dbe690b_2021-01-04 05:50:00,pass_95a17670bf1792b0,LONG,M30,M5,1828.20,1818.20,1848.20,TARGET_REACHED,2021-01-04 05:50:00,2021-01-04 08:49:00,TARGET_REACHED,0.05,2.01
2021-01-04 05:50:00,th_1de6b90c3de92f9d,cand_M5_th_1de6b90c3de92f9d_2021-01-04 05:50:00,pass_84e5f7420028cc19,LONG,M30,M5,1828.20,1818.20,1848.20,TARGET_REACHED,2021-01-04 05:50:00,2021-01-04 08:49:00,TARGET_REACHED,0.05,2.01
2021-01-04 05:50:00,th_ec561c13dfa995be,cand_M5_th_ec561c13dfa995be_2021-01-04 05:50:00,pass_3d5efd0e9c97ebd9,LONG,M30,M5,1828.20,1818.20,1848.20,TARGET_REACHED,2021-01-04 05:50:00,2021-01-04 08:49:00,TARGET_REACHED,0.05,2.01
2021-01-04 05:50:00,th_a8e2cd8e2710a9e1,cand_M5_th_a8e2cd8e2710a9e1_2021-01-04 05:50:00,pass_7cbbab5ad130b18d,LONG,M30,M5,1828.20,1818.20,1848.20,TARGET_REACHED,2021-01-04 05:50:00,2021-01-04 08:49:00,TARGET_REACHED,0.05,2.01
2021-01-04 05:51:00,th_c6a3fea6cfabf2b7,cand_M3_th_c6a3fea6cfabf2b7_2021-01-04 05:51:00,pass_c2dcb425aa4d496c,LONG,M30,M3,1828.30,1818.30,1848.30,TARGET_REACHED,2021-01-04 05:51:00,2021-01-04 08:50:00,TARGET_REACHED,0.05,2.01
2021-01-04 05:51:00,th_ab2b87b6a68aba30,cand_M3_th_ab2b87b6a68aba30_2021-01-04 05:51:00,pass_b3fd898c0b58b199,LONG,M30,M3,1828.30,1818.30,1848.30,TARGET_REACHED,2021-01-04 05:51:00,2021-01-04 08:50:00,TARGET_REACHED,0.05,2.01
2021-01-04 05:51:00,th_19305dc78a364622,cand_M3_th_19305dc78a364622_2021-01-04 05:51:00,pass_99756bea115815e8,LONG,M30,M3,1828.30,1818.30,1848.30,TARGET_REACHED,2021-01-04 05:51:00,2021-01-04 08:50:00,TARGET_REACHED,0.05,2.01
2021-01-04 05:51:00,th_e9804d1bd00856fe,cand_M3_th_e9804d1bd00856fe_2021-01-04 05:51:00,pass_7034b92f8dc18d45,LONG,M30,M3,1828.30,1818.30,1848.30,TARGET_REACHED,2021-01-04 05:51:00,2021-01-04 08:50:00,TARGET_REACHED,0.05,2.01
2021-01-04 05:51:00,th_748ea98708c94abb,cand_M3_th_748ea98708c94abb_2021-01-04 05:51:00,pass_17a41ad777ed1105,LONG,M30,M3,1828.30,1818.30,1848.30,TARGET_REACHED,2021-01-04 05:51:00,2021-01-04 08:50:00,TARGET_REACHED,0.05,2.01
2021-01-04 05:51:00,th_818f74a02dbe690b,cand_M3_th_818f74a02dbe690b_2021-01-04 05:51:00,pass_d723195a2855fcf4,LONG,M30,M3,1828.30,1818.30,1848.30,TARGET_REACHED,2021-01-04 05:51:00,2021-01-04 08:50:00,TARGET_REACHED,0.05,2.01
2021-01-04 05:51:00,th_1de6b90c3de92f9d,cand_M3_th_1de6b90c3de92f9d_2021-01-04 05:51:00,pass_1261ba39b94b1bb4,LONG,M30,M3,1828.30,1818.30,1848.30,TARGET_REACHED,2021-01-04 05:51:00,2021-01-04 08:50:00,TARGET_REACHED,0.05,2.01
2021-01-04 05:51:00,th_ec561c13dfa995be,cand_M3_th_ec561c13dfa995be_2021-01-04 05:51:00,pass_62bdc71913faad85,LONG,M30,M3,1828.30,1818.30,1848.30,TARGET_REACHED,2021-01-04 05:51:00,2021-01-04 08:50:00,TARGET_REACHED,0.05,2.01
2021-01-04 05:51:00,th_a8e2cd8e2710a9e1,cand_M3_th_a8e2cd8e2710a9e1_2021-01-04 05:51:00,pass_f051b11ecb3170c4,LONG,M30,M3,1828.30,1818.30,1848.30,TARGET_REACHED,2021-01-04 05:51:00,2021-01-04 08:50:00,TARGET_REACHED,0.05,2.01
2021-01-04 05:54:00,th_c6a3fea6cfabf2b7,cand_M3_th_c6a3fea6cfabf2b7_2021-01-04 05:54:00,pass_5c72992c5ef80ff8,LONG,M30,M3,1828.60,1818.60,1848.60,TARGET_REACHED,2021-01-04 05:54:00,2021-01-04 08:53:00,TARGET_REACHED,0.05,2.01
2021-01-04 05:54:00,th_ab2b87b6a68aba30,cand_M3_th_ab2b87b6a68aba30_2021-01-04 05:54:00,pass_975668537a5f13b7,LONG,M30,M3,1828.60,1818.60,1848.60,TARGET_REACHED,2021-01-04 05:54:00,2021-01-04 08:53:00,TARGET_REACHED,0.05,2.01
2021-01-04 05:54:00,th_19305dc78a364622,cand_M3_th_19305dc78a364622_2021-01-04 05:54:00,pass_15d999b9f78a455f,LONG,M30,M3,1828.60,1818.60,1848.60,TARGET_REACHED,2021-01-04 05:54:00,2021-01-04 08:53:00,TARGET_REACHED,0.05,2.01
2021-01-04 05:54:00,th_e9804d1bd00856fe,cand_M3_th_e9804d1bd00856fe_2021-01-04 05:54:00,pass_d14f3c2eac057348,LONG,M30,M3,1828.60,1818.60,1848.60,TARGET_REACHED,2021-01-04 05:54:00,2021-01-04 08:53:00,TARGET_REACHED,0.05,2.01
2021-01-04 05:54:00,th_748ea98708c94abb,cand_M3_th_748ea98708c94abb_2021-01-04 05:54:00,pass_f7fb5e1088e6feb7,LONG,M30,M3,1828.60,1818.60,1848.60,TARGET_REACHED,2021-01-04 05:54:00,2021-01-04 08:53:00,TARGET_REACHED,0.05,2.01
2021-01-04 05:54:00,th_818f74a02dbe690b,cand_M3_th_818f74a02dbe690b_2021-01-04 05:54:00,pass_ceb40df3a0dffd99,LONG,M30,M3,1828.60,1818.60,1848.60,TARGET_REACHED,2021-01-04 05:54:00,2021-01-04 08:53:00,TARGET_REACHED,0.05,2.01
2021-01-04 05:54:00,th_1de6b90c3de92f9d,cand_M3_th_1de6b90c3de92f9d_2021-01-04 05:54:00,pass_49c489b6fd27ccfa,LONG,M30,M3,1828.60,1818.60,1848.60,TARGET_REACHED,2021-01-04 05:54:00,2021-01-04 08:53:00,TARGET_REACHED,0.05,2.01
2021-01-04 05:54:00,th_ec561c13dfa995be,cand_M3_th_ec561c13dfa995be_2021-01-04 05:54:00,pass_7dc633dd6dd8825e,LONG,M30,M3,1828.60,1818.60,1848.60,TARGET_REACHED,2021-01-04 05:54:00,2021-01-04 08:53:00,TARGET_REACHED,0.05,2.01
2021-01-04 05:54:00,th_a8e2cd8e2710a9e1,cand_M3_th_a8e2cd8e2710a9e1_2021-01-04 05:54:00,pass_b6344db83ed404a8,LONG,M30,M3,1828.60,1818.60,1848.60,TARGET_REACHED,2021-01-04 05:54:00,2021-01-04 08:53:00,TARGET_REACHED,0.05,2.01
2021-01-04 05:55:00,th_c6a3fea6cfabf2b7,cand_M5_th_c6a3fea6cfabf2b7_2021-01-04 05:55:00,pass_14f90e48024afabc,LONG,M30,M5,1828.70,1818.70,1848.70,TARGET_REACHED,2021-01-04 05:55:00,2021-01-04 08:54:00,TARGET_REACHED,0.05,2.01
2021-01-04 05:55:00,th_ab2b87b6a68aba30,cand_M5_th_ab2b87b6a68aba30_2021-01-04 05:55:00,pass_7e776d11576e0f58,LONG,M30,M5,1828.70,1818.70,1848.70,TARGET_REACHED,2021-01-04 05:55:00,2021-01-04 08:54:00,TARGET_REACHED,0.05,2.01
2021-01-04 05:55:00,th_19305dc78a364622,cand_M5_th_19305dc78a364622_2021-01-04 05:55:00,pass_9299c76a184eb527,LONG,M30,M5,1828.70,1818.70,1848.70,TARGET_REACHED,2021-01-04 05:55:00,2021-01-04 08:54:00,TARGET_REACHED,0.05,2.01
2021-01-04 05:55:00,th_e9804d1bd00856fe,cand_M5_th_e9804d1bd00856fe_2021-01-04 05:55:00,pass_ad5ddcd8884132b8,LONG,M30,M5,1828.70,1818.70,1848.70,TARGET_REACHED,2021-01-04 05:55:00,2021-01-04 08:54:00,TARGET_REACHED,0.05,2.01
2021-01-04 05:55:00,th_748ea98708c94abb,cand_M5_th_748ea98708c94abb_2021-01-04 05:55:00,pass_764a1ba85d3b3ce1,LONG,M30,M5,1828.70,1818.70,1848.70,TARGET_REACHED,2021-01-04 05:55:00,2021-01-04 08:54:00,TARGET_REACHED,0.05,2.01
2021-01-04 05:55:00,th_818f74a02dbe690b,cand_M5_th_818f74a02dbe690b_2021-01-04 05:55:00,pass_a80393feb4049b6e,LONG,M30,M5,1828.70,1818.70,1848.70,TARGET_REACHED,2021-01-04 05:55:00,2021-01-04 08:54:00,TARGET_REACHED,0.05,2.01
2021-01-04 05:55:00,th_1de6b90c3de92f9d,cand_M5_th_1de6b90c3de92f9d_2021-01-04 05:55:00,pass_b8c11b10236daf88,LONG,M30,M5,1828.70,1818.70,1848.70,TARGET_REACHED,2021-01-04 05:55:00,2021-01-04 08:54:00,TARGET_REACHED,0.05,2.01
2021-01-04 05:55:00,th_ec561c13dfa995be,cand_M5_th_ec561c13dfa995be_2021-01-04 05:55:00,pass_0a49777481c133e2,LONG,M30,M5,1828.70,1818.70,1848.70,TARGET_REACHED,2021-01-04 05:55:00,2021-01-04 08:54:00,TARGET_REACHED,0.05,2.01
2021-01-04 05:55:00,th_a8e2cd8e2710a9e1,cand_M5_th_a8e2cd8e2710a9e1_2021-01-04 05:55:00,pass_3ccda2ab405062b8,LONG,M30,M5,1828.70,1818.70,1848.70,TARGET_REACHED,2021-01-04 05:55:00,2021-01-04 08:54:00,TARGET_REACHED,0.05,2.01
2021-01-04 05:57:00,th_c6a3fea6cfabf2b7,cand_M3_th_c6a3fea6cfabf2b7_2021-01-04 05:57:00,pass_cee232e62b98ace3,LONG,M30,M3,1828.90,1818.90,1848.90,TARGET_REACHED,2021-01-04 05:57:00,2021-01-04 08:56:00,TARGET_REACHED,0.05,2.01
2021-01-04 05:57:00,th_ab2b87b6a68aba30,cand_M3_th_ab2b87b6a68aba30_2021-01-04 05:57:00,pass_a4e7b95a210dba4b,LONG,M30,M3,1828.90,1818.90,1848.90,TARGET_REACHED,2021-01-04 05:57:00,2021-01-04 08:56:00,TARGET_REACHED,0.05,2.01
2021-01-04 05:57:00,th_19305dc78a364622,cand_M3_th_19305dc78a364622_2021-01-04 05:57:00,pass_25af413897284805,LONG,M30,M3,1828.90,1818.90,1848.90,TARGET_REACHED,2021-01-04 05:57:00,2021-01-04 08:56:00,TARGET_REACHED,0.05,2.01
2021-01-04 05:57:00,th_e9804d1bd00856fe,cand_M3_th_e9804d1bd00856fe_2021-01-04 05:57:00,pass_8f70c0fcdb86e535,LONG,M30,M3,1828.90,1818.90,1848.90,TARGET_REACHED,2021-01-04 05:57:00,2021-01-04 08:56:00,TARGET_REACHED,0.05,2.01
2021-01-04 05:57:00,th_748ea98708c94abb,cand_M3_th_748ea98708c94abb_2021-01-04 05:57:00,pass_52eb5004b9288425,LONG,M30,M3,1828.90,1818.90,1848.90,TARGET_REACHED,2021-01-04 05:57:00,2021-01-04 08:56:00,TARGET_REACHED,0.05,2.01
2021-01-04 05:57:00,th_818f74a02dbe690b,cand_M3_th_818f74a02dbe690b_2021-01-04 05:57:00,pass_e5b4ffec8221c2ad,LONG,M30,M3,1828.90,1818.90,1848.90,TARGET_REACHED,2021-01-04 05:57:00,2021-01-04 08:56:00,TARGET_REACHED,0.05,2.01
2021-01-04 05:57:00,th_1de6b90c3de92f9d,cand_M3_th_1de6b90c3de92f9d_2021-01-04 05:57:00,pass_30e7cc1eceb8a070,LONG,M30,M3,1828.90,1818.90,1848.90,TARGET_REACHED,2021-01-04 05:57:00,2021-01-04 08:56:00,TARGET_REACHED,0.05,2.01
2021-01-04 05:57:00,th_ec561c13dfa995be,cand_M3_th_ec561c13dfa995be_2021-01-04 05:57:00,pass_a8462282013e34da,LONG,M30,M3,1828.90,1818.90,1848.90,TARGET_REACHED,2021-01-04 05:57:00,2021-01-04 08:56:00,TARGET_REACHED,0.05,2.01
2021-01-04 05:57:00,th_a8e2cd8e2710a9e1,cand_M3_th_a8e2cd8e2710a9e1_2021-01-04 05:57:00,pass_72099944161a0894,LONG,M30,M3,1828.90,1818.90,1848.90,TARGET_REACHED,2021-01-04 05:57:00,2021-01-04 08:56:00,TARGET_REACHED,0.05,2.01
2021-01-04 06:00:00,th_c6a3fea6cfabf2b7,cand_M5_th_c6a3fea6cfabf2b7_2021-01-04 06:00:00,pass_8df53965dc0a9441,LONG,M30,M5,1829.20,1819.20,1849.20,TARGET_REACHED,2021-01-04 06:00:00,2021-01-04 08:59:00,TARGET_REACHED,0.05,2.01
2021-01-04 06:00:00,th_ab2b87b6a68aba30,cand_M5_th_ab2b87b6a68aba30_2021-01-04 06:00:00,pass_4ac3328b8254d2cb,LONG,M30,M5,1829.20,1819.20,1849.20,TARGET_REACHED,2021-01-04 06:00:00,2021-01-04 08:59:00,TARGET_REACHED,0.05,2.01
2021-01-04 06:00:00,th_19305dc78a364622,cand_M5_th_19305dc78a364622_2021-01-04 06:00:00,pass_1f59a97f0e0abb34,LONG,M30,M5,1829.20,1819.20,1849.20,TARGET_REACHED,2021-01-04 06:00:00,2021-01-04 08:59:00,TARGET_REACHED,0.05,2.01
2021-01-04 06:00:00,th_e9804d1bd00856fe,cand_M5_th_e9804d1bd00856fe_2021-01-04 06:00:00,pass_1b72c8b78cbfd5ee,LONG,M30,M5,1829.20,1819.20,1849.20,TARGET_REACHED,2021-01-04 06:00:00,2021-01-04 08:59:00,TARGET_REACHED,0.05,2.01
2021-01-04 06:00:00,th_748ea98708c94abb,cand_M5_th_748ea98708c94abb_2021-01-04 06:00:00,pass_27a35d39ee326d31,LONG,M30,M5,1829.20,1819.20,1849.20,TARGET_REACHED,2021-01-04 06:00:00,2021-01-04 08:59:00,TARGET_REACHED,0.05,2.01
2021-01-04 06:00:00,th_818f74a02dbe690b,cand_M5_th_818f74a02dbe690b_2021-01-04 06:00:00,pass_13da2db1cb22ef72,LONG,M30,M5,1829.20,1819.20,1849.20,TARGET_REACHED,2021-01-04 06:00:00,2021-01-04 08:59:00,TARGET_REACHED,0.05,2.01
2021-01-04 06:00:00,th_1de6b90c3de92f9d,cand_M5_th_1de6b90c3de92f9d_2021-01-04 06:00:00,pass_0ecaa572a06cf352,LONG,M30,M5,1829.20,1819.20,1849.20,TARGET_REACHED,2021-01-04 06:00:00,2021-01-04 08:59:00,TARGET_REACHED,0.05,2.01
2021-01-04 06:00:00,th_ec561c13dfa995be,cand_M5_th_ec561c13dfa995be_2021-01-04 06:00:00,pass_2251b3f4da46a0b7,LONG,M30,M5,1829.20,1819.20,1849.20,TARGET_REACHED,2021-01-04 06:00:00,2021-01-04 08:59:00,TARGET_REACHED,0.05,2.01
2021-01-04 06:00:00,th_a8e2cd8e2710a9e1,cand_M5_th_a8e2cd8e2710a9e1_2021-01-04 06:00:00,pass_83f73a973085d8da,LONG,M30,M5,1829.20,1819.20,1849.20,TARGET_REACHED,2021-01-04 06:00:00,2021-01-04 08:59:00,TARGET_REACHED,0.05,2.01
2021-01-04 06:00:00,th_54d643bf03d15a1f,cand_M5_th_54d643bf03d15a1f_2021-01-04 06:00:00,pass_78426b30d798e511,LONG,M30,M5,1829.20,1819.20,1849.20,TARGET_REACHED,2021-01-04 06:00:00,2021-01-04 08:59:00,TARGET_REACHED,0.05,2.01
2021-01-04 06:00:00,th_c6a3fea6cfabf2b7,cand_M3_th_c6a3fea6cfabf2b7_2021-01-04 06:00:00,pass_4117164e3a313b78,LONG,M30,M3,1829.20,1819.20,1849.20,TARGET_REACHED,2021-01-04 06:00:00,2021-01-04 08:59:00,TARGET_REACHED,0.05,2.01
2021-01-04 06:00:00,th_ab2b87b6a68aba30,cand_M3_th_ab2b87b6a68aba30_2021-01-04 06:00:00,pass_b381074b13beb488,LONG,M30,M3,1829.20,1819.20,1849.20,TARGET_REACHED,2021-01-04 06:00:00,2021-01-04 08:59:00,TARGET_REACHED,0.05,2.01
2021-01-04 06:00:00,th_19305dc78a364622,cand_M3_th_19305dc78a364622_2021-01-04 06:00:00,pass_a9375c32818a276b,LONG,M30,M3,1829.20,1819.20,1849.20,TARGET_REACHED,2021-01-04 06:00:00,2021-01-04 08:59:00,TARGET_REACHED,0.05,2.01
2021-01-04 06:00:00,th_e9804d1bd00856fe,cand_M3_th_e9804d1bd00856fe_2021-01-04 06:00:00,pass_7139ab4fccc8ca4e,LONG,M30,M3,1829.20,1819.20,1849.20,TARGET_REACHED,2021-01-04 06:00:00,2021-01-04 08:59:00,TARGET_REACHED,0.05,2.01
2021-01-04 06:00:00,th_748ea98708c94abb,cand_M3_th_748ea98708c94abb_2021-01-04 06:00:00,pass_b89e794063b5f5b4,LONG,M30,M3,1829.20,1819.20,1849.20,TARGET_REACHED,2021-01-04 06:00:00,2021-01-04 08:59:00,TARGET_REACHED,0.05,2.01
2021-01-04 06:00:00,th_818f74a02dbe690b,cand_M3_th_818f74a02dbe690b_2021-01-04 06:00:00,pass_73d6a60478181883,LONG,M30,M3,1829.20,1819.20,1849.20,TARGET_REACHED,2021-01-04 06:00:00,2021-01-04 08:59:00,TARGET_REACHED,0.05,2.01
2021-01-04 06:00:00,th_1de6b90c3de92f9d,cand_M3_th_1de6b90c3de92f9d_2021-01-04 06:00:00,pass_63a7349b2d461839,LONG,M30,M3,1829.20,1819.20,1849.20,TARGET_REACHED,2021-01-04 06:00:00,2021-01-04 08:59:00,TARGET_REACHED,0.05,2.01
2021-01-04 06:00:00,th_ec561c13dfa995be,cand_M3_th_ec561c13dfa995be_2021-01-04 06:00:00,pass_fa766df4951c68c5,LONG,M30,M3,1829.20,1819.20,1849.20,TARGET_REACHED,2021-01-04 06:00:00,2021-01-04 08:59:00,TARGET_REACHED,0.05,2.01
2021-01-04 06:00:00,th_a8e2cd8e2710a9e1,cand_M3_th_a8e2cd8e2710a9e1_2021-01-04 06:00:00,pass_ba00ed07d180089d,LONG,M30,M3,1829.20,1819.20,1849.20,TARGET_REACHED,2021-01-04 06:00:00,2021-01-04 08:59:00,TARGET_REACHED,0.05,2.01
2021-01-04 06:00:00,th_54d643bf03d15a1f,cand_M3_th_54d643bf03d15a1f_2021-01-04 06:00:00,pass_83779fe6ddcf0bf0,LONG,M30,M3,1829.20,1819.20,1849.20,TARGET_REACHED,2021-01-04 06:00:00,2021-01-04 08:59:00,TARGET_REACHED,0.05,2.01
2021-01-04 06:03:00,th_c6a3fea6cfabf2b7,cand_M3_th_c6a3fea6cfabf2b7_2021-01-04 06:03:00,pass_eca095c096b0f5ac,LONG,M30,M3,1829.50,1819.50,1849.50,TARGET_REACHED,2021-01-04 06:03:00,2021-01-04 09:02:00,TARGET_REACHED,0.05,2.01
2021-01-04 06:03:00,th_ab2b87b6a68aba30,cand_M3_th_ab2b87b6a68aba30_2021-01-04 06:03:00,pass_a11310b5b990bcec,LONG,M30,M3,1829.50,1819.50,1849.50,TARGET_REACHED,2021-01-04 06:03:00,2021-01-04 09:02:00,TARGET_REACHED,0.05,2.01
2021-01-04 06:03:00,th_19305dc78a364622,cand_M3_th_19305dc78a364622_2021-01-04 06:03:00,pass_d72fe4f17a624002,LONG,M30,M3,1829.50,1819.50,1849.50,TARGET_REACHED,2021-01-04 06:03:00,2021-01-04 09:02:00,TARGET_REACHED,0.05,2.01
2021-01-04 06:03:00,th_e9804d1bd00856fe,cand_M3_th_e9804d1bd00856fe_2021-01-04 06:03:00,pass_00bc56aef8e54229,LONG,M30,M3,1829.50,1819.50,1849.50,TARGET_REACHED,2021-01-04 06:03:00,2021-01-04 09:02:00,TARGET_REACHED,0.05,2.01
2021-01-04 06:03:00,th_748ea98708c94abb,cand_M3_th_748ea98708c94abb_2021-01-04 06:03:00,pass_89cc767d86b5683b,LONG,M30,M3,1829.50,1819.50,1849.50,TARGET_REACHED,2021-01-04 06:03:00,2021-01-04 09:02:00,TARGET_REACHED,0.05,2.01
2021-01-04 06:03:00,th_818f74a02dbe690b,cand_M3_th_818f74a02dbe690b_2021-01-04 06:03:00,pass_723e302006d32f69,LONG,M30,M3,1829.50,1819.50,1849.50,TARGET_REACHED,2021-01-04 06:03:00,2021-01-04 09:02:00,TARGET_REACHED,0.05,2.01
2021-01-04 06:03:00,th_1de6b90c3de92f9d,cand_M3_th_1de6b90c3de92f9d_2021-01-04 06:03:00,pass_a0f7507916f35b58,LONG,M30,M3,1829.50,1819.50,1849.50,TARGET_REACHED,2021-01-04 06:03:00,2021-01-04 09:02:00,TARGET_REACHED,0.05,2.01
2021-01-04 06:03:00,th_ec561c13dfa995be,cand_M3_th_ec561c13dfa995be_2021-01-04 06:03:00,pass_9e7f40606b7b8205,LONG,M30,M3,1829.50,1819.50,1849.50,TARGET_REACHED,2021-01-04 06:03:00,2021-01-04 09:02:00,TARGET_REACHED,0.05,2.01
2021-01-04 06:03:00,th_a8e2cd8e2710a9e1,cand_M3_th_a8e2cd8e2710a9e1_2021-01-04 06:03:00,pass_9067a83375ba88ad,LONG,M30,M3,1829.50,1819.50,1849.50,TARGET_REACHED,2021-01-04 06:03:00,2021-01-04 09:02:00,TARGET_REACHED,0.05,2.01
2021-01-04 06:03:00,th_54d643bf03d15a1f,cand_M3_th_54d643bf03d15a1f_2021-01-04 06:03:00,pass_8684722d2b52a1b8,LONG,M30,M3,1829.50,1819.50,1849.50,TARGET_REACHED,2021-01-04 06:03:00,2021-01-04 09:02:00,TARGET_REACHED,0.05,2.01
2021-01-04 06:05:00,th_c6a3fea6cfabf2b7,cand_M5_th_c6a3fea6cfabf2b7_2021-01-04 06:05:00,pass_5913eb115901325e,LONG,M30,M5,1829.70,1819.70,1849.70,TARGET_REACHED,2021-01-04 06:05:00,2021-01-04 09:04:00,TARGET_REACHED,0.05,2.01
2021-01-04 06:05:00,th_ab2b87b6a68aba30,cand_M5_th_ab2b87b6a68aba30_2021-01-04 06:05:00,pass_928a8924dafccc45,LONG,M30,M5,1829.70,1819.70,1849.70,TARGET_REACHED,2021-01-04 06:05:00,2021-01-04 09:04:00,TARGET_REACHED,0.05,2.01
2021-01-04 06:05:00,th_19305dc78a364622,cand_M5_th_19305dc78a364622_2021-01-04 06:05:00,pass_139fcf50e6c5dd4a,LONG,M30,M5,1829.70,1819.70,1849.70,TARGET_REACHED,2021-01-04 06:05:00,2021-01-04 09:04:00,TARGET_REACHED,0.05,2.01
2021-01-04 06:05:00,th_e9804d1bd00856fe,cand_M5_th_e9804d1bd00856fe_2021-01-04 06:05:00,pass_c37f746c79b09556,LONG,M30,M5,1829.70,1819.70,1849.70,TARGET_REACHED,2021-01-04 06:05:00,2021-01-04 09:04:00,TARGET_REACHED,0.05,2.01
2021-01-04 06:05:00,th_748ea98708c94abb,cand_M5_th_748ea98708c94abb_2021-01-04 06:05:00,pass_72e16c84980e2ad4,LONG,M30,M5,1829.70,1819.70,1849.70,TARGET_REACHED,2021-01-04 06:05:00,2021-01-04 09:04:00,TARGET_REACHED,0.05,2.01
2021-01-04 06:05:00,th_818f74a02dbe690b,cand_M5_th_818f74a02dbe690b_2021-01-04 06:05:00,pass_9057333ca0bc14cc,LONG,M30,M5,1829.70,1819.70,1849.70,TARGET_REACHED,2021-01-04 06:05:00,2021-01-04 09:04:00,TARGET_REACHED,0.05,2.01
2021-01-04 06:05:00,th_1de6b90c3de92f9d,cand_M5_th_1de6b90c3de92f9d_2021-01-04 06:05:00,pass_7ac427bf504a20ea,LONG,M30,M5,1829.70,1819.70,1849.70,TARGET_REACHED,2021-01-04 06:05:00,2021-01-04 09:04:00,TARGET_REACHED,0.05,2.01
2021-01-04 06:05:00,th_ec561c13dfa995be,cand_M5_th_ec561c13dfa995be_2021-01-04 06:05:00,pass_1c14e66315be318d,LONG,M30,M5,1829.70,1819.70,1849.70,TARGET_REACHED,2021-01-04 06:05:00,2021-01-04 09:04:00,TARGET_REACHED,0.05,2.01
2021-01-04 06:05:00,th_a8e2cd8e2710a9e1,cand_M5_th_a8e2cd8e2710a9e1_2021-01-04 06:05:00,pass_745874eccf4a09f7,LONG,M30,M5,1829.70,1819.70,1849.70,TARGET_REACHED,2021-01-04 06:05:00,2021-01-04 09:04:00,TARGET_REACHED,0.05,2.01
2021-01-04 06:05:00,th_54d643bf03d15a1f,cand_M5_th_54d643bf03d15a1f_2021-01-04 06:05:00,pass_739d88c829b16e38,LONG,M30,M5,1829.70,1819.70,1849.70,TARGET_REACHED,2021-01-04 06:05:00,2021-01-04 09:04:00,TARGET_REACHED,0.05,2.01
2021-01-04 06:06:00,th_c6a3fea6cfabf2b7,cand_M3_th_c6a3fea6cfabf2b7_2021-01-04 06:06:00,pass_c70915c15f70c276,LONG,M30,M3,1829.80,1819.80,1849.80,TARGET_REACHED,2021-01-04 06:06:00,2021-01-04 09:05:00,TARGET_REACHED,0.05,2.01
2021-01-04 06:06:00,th_ab2b87b6a68aba30,cand_M3_th_ab2b87b6a68aba30_2021-01-04 06:06:00,pass_df92bf59eb4c285d,LONG,M30,M3,1829.80,1819.80,1849.80,TARGET_REACHED,2021-01-04 06:06:00,2021-01-04 09:05:00,TARGET_REACHED,0.05,2.01
2021-01-04 06:06:00,th_19305dc78a364622,cand_M3_th_19305dc78a364622_2021-01-04 06:06:00,pass_7b886cde10698aa4,LONG,M30,M3,1829.80,1819.80,1849.80,TARGET_REACHED,2021-01-04 06:06:00,2021-01-04 09:05:00,TARGET_REACHED,0.05,2.01
2021-01-04 06:06:00,th_e9804d1bd00856fe,cand_M3_th_e9804d1bd00856fe_2021-01-04 06:06:00,pass_6e166c2c9011cecf,LONG,M30,M3,1829.80,1819.80,1849.80,TARGET_REACHED,2021-01-04 06:06:00,2021-01-04 09:05:00,TARGET_REACHED,0.05,2.01
2021-01-04 06:06:00,th_748ea98708c94abb,cand_M3_th_748ea98708c94abb_2021-01-04 06:06:00,pass_90827ce838a8b488,LONG,M30,M3,1829.80,1819.80,1849.80,TARGET_REACHED,2021-01-04 06:06:00,2021-01-04 09:05:00,TARGET_REACHED,0.05,2.01
2021-01-04 06:06:00,th_818f74a02dbe690b,cand_M3_th_818f74a02dbe690b_2021-01-04 06:06:00,pass_7c959952222bf271,LONG,M30,M3,1829.80,1819.80,1849.80,TARGET_REACHED,2021-01-04 06:06:00,2021-01-04 09:05:00,TARGET_REACHED,0.05,2.01
2021-01-04 06:06:00,th_1de6b90c3de92f9d,cand_M3_th_1de6b90c3de92f9d_2021-01-04 06:06:00,pass_fd239cd5fcdb7f95,LONG,M30,M3,1829.80,1819.80,1849.80,TARGET_REACHED,2021-01-04 06:06:00,2021-01-04 09:05:00,TARGET_REACHED,0.05,2.01
2021-01-04 06:06:00,th_ec561c13dfa995be,cand_M3_th_ec561c13dfa995be_2021-01-04 06:06:00,pass_8d95ffe14f532a68,LONG,M30,M3,1829.80,1819.80,1849.80,TARGET_REACHED,2021-01-04 06:06:00,2021-01-04 09:05:00,TARGET_REACHED,0.05,2.01
2021-01-04 06:06:00,th_a8e2cd8e2710a9e1,cand_M3_th_a8e2cd8e2710a9e1_2021-01-04 06:06:00,pass_ac91aac46a73b656,LONG,M30,M3,1829.80,1819.80,1849.80,TARGET_REACHED,2021-01-04 06:06:00,2021-01-04 09:05:00,TARGET_REACHED,0.05,2.01
2021-01-04 06:06:00,th_54d643bf03d15a1f,cand_M3_th_54d643bf03d15a1f_2021-01-04 06:06:00,pass_d40f6879eeb7972f,LONG,M30,M3,1829.80,1819.80,1849.80,TARGET_REACHED,2021-01-04 06:06:00,2021-01-04 09:05:00,TARGET_REACHED,0.05,2.01
2021-01-04 06:09:00,th_c6a3fea6cfabf2b7,cand_M3_th_c6a3fea6cfabf2b7_2021-01-04 06:09:00,pass_b46bddf37b617fe4,LONG,M30,M3,1830.10,1820.10,1850.10,TARGET_REACHED,2021-01-04 06:09:00,2021-01-04 09:08:00,TARGET_REACHED,0.05,2.01
2021-01-04 06:09:00,th_ab2b87b6a68aba30,cand_M3_th_ab2b87b6a68aba30_2021-01-04 06:09:00,pass_6a678d10aa2ea43d,LONG,M30,M3,1830.10,1820.10,1850.10,TARGET_REACHED,2021-01-04 06:09:00,2021-01-04 09:08:00,TARGET_REACHED,0.05,2.01
2021-01-04 06:09:00,th_19305dc78a364622,cand_M3_th_19305dc78a364622_2021-01-04 06:09:00,pass_8f072e641a079a13,LONG,M30,M3,1830.10,1820.10,1850.10,TARGET_REACHED,2021-01-04 06:09:00,2021-01-04 09:08:00,TARGET_REACHED,0.05,2.01
2021-01-04 06:09:00,th_e9804d1bd00856fe,cand_M3_th_e9804d1bd00856fe_2021-01-04 06:09:00,pass_e63af58a4f5423da,LONG,M30,M3,1830.10,1820.10,1850.10,TARGET_REACHED,2021-01-04 06:09:00,2021-01-04 09:08:00,TARGET_REACHED,0.05,2.01
2021-01-04 06:09:00,th_748ea98708c94abb,cand_M3_th_748ea98708c94abb_2021-01-04 06:09:00,pass_7227bf6675c7ed76,LONG,M30,M3,1830.10,1820.10,1850.10,TARGET_REACHED,2021-01-04 06:09:00,2021-01-04 09:08:00,TARGET_REACHED,0.05,2.01
2021-01-04 06:09:00,th_818f74a02dbe690b,cand_M3_th_818f74a02dbe690b_2021-01-04 06:09:00,pass_3bfdcde802bea91b,LONG,M30,M3,1830.10,1820.10,1850.10,TARGET_REACHED,2021-01-04 06:09:00,2021-01-04 09:08:00,TARGET_REACHED,0.05,2.01
2021-01-04 06:09:00,th_1de6b90c3de92f9d,cand_M3_th_1de6b90c3de92f9d_2021-01-04 06:09:00,pass_f7300f586ecdf4a1,LONG,M30,M3,1830.10,1820.10,1850.10,TARGET_REACHED,2021-01-04 06:09:00,2021-01-04 09:08:00,TARGET_REACHED,0.05,2.01
2021-01-04 06:09:00,th_ec561c13dfa995be,cand_M3_th_ec561c13dfa995be_2021-01-04 06:09:00,pass_f90e171bb73b502a,LONG,M30,M3,1830.10,1820.10,1850.10,TARGET_REACHED,2021-01-04 06:09:00,2021-01-04 09:08:00,TARGET_REACHED,0.05,2.01
2021-01-04 06:09:00,th_a8e2cd8e2710a9e1,cand_M3_th_a8e2cd8e2710a9e1_2021-01-04 06:09:00,pass_48197b3e941d56bb,LONG,M30,M3,1830.10,1820.10,1850.10,TARGET_REACHED,2021-01-04 06:09:00,2021-01-04 09:08:00,TARGET_REACHED,0.05,2.01
2021-01-04 06:09:00,th_54d643bf03d15a1f,cand_M3_th_54d643bf03d15a1f_2021-01-04 06:09:00,pass_9e73b8311cacaafb,LONG,M30,M3,1830.10,1820.10,1850.10,TARGET_REACHED,2021-01-04 06:09:00,2021-01-04 09:08:00,TARGET_REACHED,0.05,2.01
2021-01-04 06:10:00,th_c6a3fea6cfabf2b7,cand_M5_th_c6a3fea6cfabf2b7_2021-01-04 06:10:00,pass_cc7feb86b5049d87,LONG,M30,M5,1830.20,1820.20,1850.20,TARGET_REACHED,2021-01-04 06:10:00,2021-01-04 09:09:00,TARGET_REACHED,0.05,2.01
2021-01-04 06:10:00,th_ab2b87b6a68aba30,cand_M5_th_ab2b87b6a68aba30_2021-01-04 06:10:00,pass_0d10d1266acdf36d,LONG,M30,M5,1830.20,1820.20,1850.20,TARGET_REACHED,2021-01-04 06:10:00,2021-01-04 09:09:00,TARGET_REACHED,0.05,2.01
2021-01-04 06:10:00,th_19305dc78a364622,cand_M5_th_19305dc78a364622_2021-01-04 06:10:00,pass_da04c4206abfe59d,LONG,M30,M5,1830.20,1820.20,1850.20,TARGET_REACHED,2021-01-04 06:10:00,2021-01-04 09:09:00,TARGET_REACHED,0.05,2.01
2021-01-04 06:10:00,th_e9804d1bd00856fe,cand_M5_th_e9804d1bd00856fe_2021-01-04 06:10:00,pass_f48fdabd03211059,LONG,M30,M5,1830.20,1820.20,1850.20,TARGET_REACHED,2021-01-04 06:10:00,2021-01-04 09:09:00,TARGET_REACHED,0.05,2.01
2021-01-04 06:10:00,th_748ea98708c94abb,cand_M5_th_748ea98708c94abb_2021-01-04 06:10:00,pass_abe4f653ee35a81d,LONG,M30,M5,1830.20,1820.20,1850.20,TARGET_REACHED,2021-01-04 06:10:00,2021-01-04 09:09:00,TARGET_REACHED,0.05,2.01
2021-01-04 06:10:00,th_818f74a02dbe690b,cand_M5_th_818f74a02dbe690b_2021-01-04 06:10:00,pass_0b68f550a54a6da7,LONG,M30,M5,1830.20,1820.20,1850.20,TARGET_REACHED,2021-01-04 06:10:00,2021-01-04 09:09:00,TARGET_REACHED,0.05,2.01
2021-01-04 06:10:00,th_1de6b90c3de92f9d,cand_M5_th_1de6b90c3de92f9d_2021-01-04 06:10:00,pass_87718675cb615576,LONG,M30,M5,1830.20,1820.20,1850.20,TARGET_REACHED,2021-01-04 06:10:00,2021-01-04 09:09:00,TARGET_REACHED,0.05,2.01
2021-01-04 06:10:00,th_ec561c13dfa995be,cand_M5_th_ec561c13dfa995be_2021-01-04 06:10:00,pass_dbb041d191e3cdad,LONG,M30,M5,1830.20,1820.20,1850.20,TARGET_REACHED,2021-01-04 06:10:00,2021-01-04 09:09:00,TARGET_REACHED,0.05,2.01
2021-01-04 06:10:00,th_a8e2cd8e2710a9e1,cand_M5_th_a8e2cd8e2710a9e1_2021-01-04 06:10:00,pass_9dcafc41b8dbc37d,LONG,M30,M5,1830.20,1820.20,1850.20,TARGET_REACHED,2021-01-04 06:10:00,2021-01-04 09:09:00,TARGET_REACHED,0.05,2.01
2021-01-04 06:10:00,th_54d643bf03d15a1f,cand_M5_th_54d643bf03d15a1f_2021-01-04 06:10:00,pass_2fe1e0d6fa89e4cd,LONG,M30,M5,1830.20,1820.20,1850.20,TARGET_REACHED,2021-01-04 06:10:00,2021-01-04 09:09:00,TARGET_REACHED,0.05,2.01
2021-01-04 06:12:00,th_c6a3fea6cfabf2b7,cand_M3_th_c6a3fea6cfabf2b7_2021-01-04 06:12:00,pass_4b1ce7658d963b42,LONG,M30,M3,1830.40,1820.40,1850.40,TARGET_REACHED,2021-01-04 06:12:00,2021-01-04 09:11:00,TARGET_REACHED,0.05,2.01
2021-01-04 06:12:00,th_ab2b87b6a68aba30,cand_M3_th_ab2b87b6a68aba30_2021-01-04 06:12:00,pass_6d2e1dd7343d9fd0,LONG,M30,M3,1830.40,1820.40,1850.40,TARGET_REACHED,2021-01-04 06:12:00,2021-01-04 09:11:00,TARGET_REACHED,0.05,2.01
2021-01-04 06:12:00,th_19305dc78a364622,cand_M3_th_19305dc78a364622_2021-01-04 06:12:00,pass_f92b2af31517804c,LONG,M30,M3,1830.40,1820.40,1850.40,TARGET_REACHED,2021-01-04 06:12:00,2021-01-04 09:11:00,TARGET_REACHED,0.05,2.01
2021-01-04 06:12:00,th_e9804d1bd00856fe,cand_M3_th_e9804d1bd00856fe_2021-01-04 06:12:00,pass_7e52360a351b5459,LONG,M30,M3,1830.40,1820.40,1850.40,TARGET_REACHED,2021-01-04 06:12:00,2021-01-04 09:11:00,TARGET_REACHED,0.05,2.01
2021-01-04 06:12:00,th_748ea98708c94abb,cand_M3_th_748ea98708c94abb_2021-01-04 06:12:00,pass_3ecdbf200e74aa10,LONG,M30,M3,1830.40,1820.40,1850.40,TARGET_REACHED,2021-01-04 06:12:00,2021-01-04 09:11:00,TARGET_REACHED,0.05,2.01
2021-01-04 06:12:00,th_818f74a02dbe690b,cand_M3_th_818f74a02dbe690b_2021-01-04 06:12:00,pass_3989c3a51010bfed,LONG,M30,M3,1830.40,1820.40,1850.40,TARGET_REACHED,2021-01-04 06:12:00,2021-01-04 09:11:00,TARGET_REACHED,0.05,2.01
2021-01-04 06:12:00,th_1de6b90c3de92f9d,cand_M3_th_1de6b90c3de92f9d_2021-01-04 06:12:00,pass_f9e1a681632883ec,LONG,M30,M3,1830.40,1820.40,1850.40,TARGET_REACHED,2021-01-04 06:12:00,2021-01-04 09:11:00,TARGET_REACHED,0.05,2.01
2021-01-04 06:12:00,th_ec561c13dfa995be,cand_M3_th_ec561c13dfa995be_2021-01-04 06:12:00,pass_789ad4b587bac1f8,LONG,M30,M3,1830.40,1820.40,1850.40,TARGET_REACHED,2021-01-04 06:12:00,2021-01-04 09:11:00,TARGET_REACHED,0.05,2.01
2021-01-04 06:12:00,th_a8e2cd8e2710a9e1,cand_M3_th_a8e2cd8e2710a9e1_2021-01-04 06:12:00,pass_d3dcc48f8fc29250,LONG,M30,M3,1830.40,1820.40,1850.40,TARGET_REACHED,2021-01-04 06:12:00,2021-01-04 09:11:00,TARGET_REACHED,0.05,2.01
2021-01-04 06:12:00,th_54d643bf03d15a1f,cand_M3_th_54d643bf03d15a1f_2021-01-04 06:12:00,pass_3d1a54e4c0908725,LONG,M30,M3,1830.40,1820.40,1850.40,TARGET_REACHED,2021-01-04 06:12:00,2021-01-04 09:11:00,TARGET_REACHED,0.05,2.01
2021-01-04 06:15:00,th_c6a3fea6cfabf2b7,cand_M5_th_c6a3fea6cfabf2b7_2021-01-04 06:15:00,pass_6ddca4e032303f11,LONG,M30,M5,1830.70,1820.70,1850.70,TARGET_REACHED,2021-01-04 06:15:00,2021-01-04 09:14:00,TARGET_REACHED,0.05,2.01
2021-01-04 06:15:00,th_ab2b87b6a68aba30,cand_M5_th_ab2b87b6a68aba30_2021-01-04 06:15:00,pass_0fe6bb0eb7fd928a,LONG,M30,M5,1830.70,1820.70,1850.70,TARGET_REACHED,2021-01-04 06:15:00,2021-01-04 09:14:00,TARGET_REACHED,0.05,2.01
2021-01-04 06:15:00,th_19305dc78a364622,cand_M5_th_19305dc78a364622_2021-01-04 06:15:00,pass_27a5722109a517d2,LONG,M30,M5,1830.70,1820.70,1850.70,TARGET_REACHED,2021-01-04 06:15:00,2021-01-04 09:14:00,TARGET_REACHED,0.05,2.01
2021-01-04 06:15:00,th_e9804d1bd00856fe,cand_M5_th_e9804d1bd00856fe_2021-01-04 06:15:00,pass_0b93d9b6755295c2,LONG,M30,M5,1830.70,1820.70,1850.70,TARGET_REACHED,2021-01-04 06:15:00,2021-01-04 09:14:00,TARGET_REACHED,0.05,2.01
2021-01-04 06:15:00,th_748ea98708c94abb,cand_M5_th_748ea98708c94abb_2021-01-04 06:15:00,pass_317911d395a92bdd,LONG,M30,M5,1830.70,1820.70,1850.70,TARGET_REACHED,2021-01-04 06:15:00,2021-01-04 09:14:00,TARGET_REACHED,0.05,2.01
2021-01-04 06:15:00,th_818f74a02dbe690b,cand_M5_th_818f74a02dbe690b_2021-01-04 06:15:00,pass_dc1db4fa3ab8d1ff,LONG,M30,M5,1830.70,1820.70,1850.70,TARGET_REACHED,2021-01-04 06:15:00,2021-01-04 09:14:00,TARGET_REACHED,0.05,2.01
2021-01-04 06:15:00,th_1de6b90c3de92f9d,cand_M5_th_1de6b90c3de92f9d_2021-01-04 06:15:00,pass_e9b81df0ed1b4210,LONG,M30,M5,1830.70,1820.70,1850.70,TARGET_REACHED,2021-01-04 06:15:00,2021-01-04 09:14:00,TARGET_REACHED,0.05,2.01
2021-01-04 06:15:00,th_ec561c13dfa995be,cand_M5_th_ec561c13dfa995be_2021-01-04 06:15:00,pass_76ed0600e02edac8,LONG,M30,M5,1830.70,1820.70,1850.70,TARGET_REACHED,2021-01-04 06:15:00,2021-01-04 09:14:00,TARGET_REACHED,0.05,2.01
2021-01-04 06:15:00,th_a8e2cd8e2710a9e1,cand_M5_th_a8e2cd8e2710a9e1_2021-01-04 06:15:00,pass_c48bb369643b8623,LONG,M30,M5,1830.70,1820.70,1850.70,TARGET_REACHED,2021-01-04 06:15:00,2021-01-04 09:14:00,TARGET_REACHED,0.05,2.01
2021-01-04 06:15:00,th_54d643bf03d15a1f,cand_M5_th_54d643bf03d15a1f_2021-01-04 06:15:00,pass_27f98218ada36a0a,LONG,M30,M5,1830.70,1820.70,1850.70,TARGET_REACHED,2021-01-04 06:15:00,2021-01-04 09:14:00,TARGET_REACHED,0.05,2.01
2021-01-04 06:15:00,th_c6a3fea6cfabf2b7,cand_M3_th_c6a3fea6cfabf2b7_2021-01-04 06:15:00,pass_aa28595901dbcd88,LONG,M30,M3,1830.70,1820.70,1850.70,TARGET_REACHED,2021-01-04 06:15:00,2021-01-04 09:14:00,TARGET_REACHED,0.05,2.01
2021-01-04 06:15:00,th_ab2b87b6a68aba30,cand_M3_th_ab2b87b6a68aba30_2021-01-04 06:15:00,pass_c9d5b7c85d681044,LONG,M30,M3,1830.70,1820.70,1850.70,TARGET_REACHED,2021-01-04 06:15:00,2021-01-04 09:14:00,TARGET_REACHED,0.05,2.01
2021-01-04 06:15:00,th_19305dc78a364622,cand_M3_th_19305dc78a364622_2021-01-04 06:15:00,pass_884315264667c28d,LONG,M30,M3,1830.70,1820.70,1850.70,TARGET_REACHED,2021-01-04 06:15:00,2021-01-04 09:14:00,TARGET_REACHED,0.05,2.01
2021-01-04 06:15:00,th_e9804d1bd00856fe,cand_M3_th_e9804d1bd00856fe_2021-01-04 06:15:00,pass_346e0be055b5307c,LONG,M30,M3,1830.70,1820.70,1850.70,TARGET_REACHED,2021-01-04 06:15:00,2021-01-04 09:14:00,TARGET_REACHED,0.05,2.01
2021-01-04 06:15:00,th_748ea98708c94abb,cand_M3_th_748ea98708c94abb_2021-01-04 06:15:00,pass_ed084f5e754739cd,LONG,M30,M3,1830.70,1820.70,1850.70,TARGET_REACHED,2021-01-04 06:15:00,2021-01-04 09:14:00,TARGET_REACHED,0.05,2.01
2021-01-04 06:15:00,th_818f74a02dbe690b,cand_M3_th_818f74a02dbe690b_2021-01-04 06:15:00,pass_b22945f7d6fc49ae,LONG,M30,M3,1830.70,1820.70,1850.70,TARGET_REACHED,2021-01-04 06:15:00,2021-01-04 09:14:00,TARGET_REACHED,0.05,2.01
2021-01-04 06:15:00,th_1de6b90c3de92f9d,cand_M3_th_1de6b90c3de92f9d_2021-01-04 06:15:00,pass_3abed874c315997f,LONG,M30,M3,1830.70,1820.70,1850.70,TARGET_REACHED,2021-01-04 06:15:00,2021-01-04 09:14:00,TARGET_REACHED,0.05,2.01
2021-01-04 06:15:00,th_ec561c13dfa995be,cand_M3_th_ec561c13dfa995be_2021-01-04 06:15:00,pass_afbcfc0fe722a1f5,LONG,M30,M3,1830.70,1820.70,1850.70,TARGET_REACHED,2021-01-04 06:15:00,2021-01-04 09:14:00,TARGET_REACHED,0.05,2.01
2021-01-04 06:15:00,th_a8e2cd8e2710a9e1,cand_M3_th_a8e2cd8e2710a9e1_2021-01-04 06:15:00,pass_a6ded78f62bbf460,LONG,M30,M3,1830.70,1820.70,1850.70,TARGET_REACHED,2021-01-04 06:15:00,2021-01-04 09:14:00,TARGET_REACHED,0.05,2.01
2021-01-04 06:15:00,th_54d643bf03d15a1f,cand_M3_th_54d643bf03d15a1f_2021-01-04 06:15:00,pass_a40b0723fb3ecb2d,LONG,M30,M3,1830.70,1820.70,1850.70,TARGET_REACHED,2021-01-04 06:15:00,2021-01-04 09:14:00,TARGET_REACHED,0.05,2.01
2021-01-04 06:18:00,th_c6a3fea6cfabf2b7,cand_M3_th_c6a3fea6cfabf2b7_2021-01-04 06:18:00,pass_9c432373ef54eef8,LONG,M30,M3,1831.00,1821.00,1851.00,TARGET_REACHED,2021-01-04 06:18:00,2021-01-04 09:17:00,TARGET_REACHED,0.05,2.01
2021-01-04 06:18:00,th_ab2b87b6a68aba30,cand_M3_th_ab2b87b6a68aba30_2021-01-04 06:18:00,pass_d10595d4db7eefd7,LONG,M30,M3,1831.00,1821.00,1851.00,TARGET_REACHED,2021-01-04 06:18:00,2021-01-04 09:17:00,TARGET_REACHED,0.05,2.01
2021-01-04 06:18:00,th_19305dc78a364622,cand_M3_th_19305dc78a364622_2021-01-04 06:18:00,pass_9da92e20bc7fa0cf,LONG,M30,M3,1831.00,1821.00,1851.00,TARGET_REACHED,2021-01-04 06:18:00,2021-01-04 09:17:00,TARGET_REACHED,0.05,2.01
2021-01-04 06:18:00,th_e9804d1bd00856fe,cand_M3_th_e9804d1bd00856fe_2021-01-04 06:18:00,pass_bfbdbb9234c43692,LONG,M30,M3,1831.00,1821.00,1851.00,TARGET_REACHED,2021-01-04 06:18:00,2021-01-04 09:17:00,TARGET_REACHED,0.05,2.01
2021-01-04 06:18:00,th_748ea98708c94abb,cand_M3_th_748ea98708c94abb_2021-01-04 06:18:00,pass_4feb4732578ddf60,LONG,M30,M3,1831.00,1821.00,1851.00,TARGET_REACHED,2021-01-04 06:18:00,2021-01-04 09:17:00,TARGET_REACHED,0.05,2.01
2021-01-04 06:18:00,th_818f74a02dbe690b,cand_M3_th_818f74a02dbe690b_2021-01-04 06:18:00,pass_b7e4165b1095ee86,LONG,M30,M3,1831.00,1821.00,1851.00,TARGET_REACHED,2021-01-04 06:18:00,2021-01-04 09:17:00,TARGET_REACHED,0.05,2.01
2021-01-04 06:18:00,th_1de6b90c3de92f9d,cand_M3_th_1de6b90c3de92f9d_2021-01-04 06:18:00,pass_b87e82bbd1f66dba,LONG,M30,M3,1831.00,1821.00,1851.00,TARGET_REACHED,2021-01-04 06:18:00,2021-01-04 09:17:00,TARGET_REACHED,0.05,2.01
2021-01-04 06:18:00,th_ec561c13dfa995be,cand_M3_th_ec561c13dfa995be_2021-01-04 06:18:00,pass_91c9bc25e1cd1606,LONG,M30,M3,1831.00,1821.00,1851.00,TARGET_REACHED,2021-01-04 06:18:00,2021-01-04 09:17:00,TARGET_REACHED,0.05,2.01
2021-01-04 06:18:00,th_a8e2cd8e2710a9e1,cand_M3_th_a8e2cd8e2710a9e1_2021-01-04 06:18:00,pass_c2e0bd71bd617f30,LONG,M30,M3,1831.00,1821.00,1851.00,TARGET_REACHED,2021-01-04 06:18:00,2021-01-04 09:17:00,TARGET_REACHED,0.05,2.01
2021-01-04 06:18:00,th_54d643bf03d15a1f,cand_M3_th_54d643bf03d15a1f_2021-01-04 06:18:00,pass_537d0bc6070413a3,LONG,M30,M3,1831.00,1821.00,1851.00,TARGET_REACHED,2021-01-04 06:18:00,2021-01-04 09:17:00,TARGET_REACHED,0.05,2.01
2021-01-04 06:20:00,th_c6a3fea6cfabf2b7,cand_M5_th_c6a3fea6cfabf2b7_2021-01-04 06:20:00,pass_6ab17351ba034aff,LONG,M30,M5,1831.20,1821.20,1851.20,TARGET_REACHED,2021-01-04 06:20:00,2021-01-04 09:19:00,TARGET_REACHED,0.05,2.01
2021-01-04 06:20:00,th_ab2b87b6a68aba30,cand_M5_th_ab2b87b6a68aba30_2021-01-04 06:20:00,pass_49657a010aa4e1a5,LONG,M30,M5,1831.20,1821.20,1851.20,TARGET_REACHED,2021-01-04 06:20:00,2021-01-04 09:19:00,TARGET_REACHED,0.05,2.01
2021-01-04 06:20:00,th_19305dc78a364622,cand_M5_th_19305dc78a364622_2021-01-04 06:20:00,pass_b8a496a760447065,LONG,M30,M5,1831.20,1821.20,1851.20,TARGET_REACHED,2021-01-04 06:20:00,2021-01-04 09:19:00,TARGET_REACHED,0.05,2.01
2021-01-04 06:20:00,th_e9804d1bd00856fe,cand_M5_th_e9804d1bd00856fe_2021-01-04 06:20:00,pass_15dc9251ecd992e5,LONG,M30,M5,1831.20,1821.20,1851.20,TARGET_REACHED,2021-01-04 06:20:00,2021-01-04 09:19:00,TARGET_REACHED,0.05,2.01
2021-01-04 06:20:00,th_748ea98708c94abb,cand_M5_th_748ea98708c94abb_2021-01-04 06:20:00,pass_ee70fdfb12406246,LONG,M30,M5,1831.20,1821.20,1851.20,TARGET_REACHED,2021-01-04 06:20:00,2021-01-04 09:19:00,TARGET_REACHED,0.05,2.01
2021-01-04 06:20:00,th_818f74a02dbe690b,cand_M5_th_818f74a02dbe690b_2021-01-04 06:20:00,pass_eaacc5f8ce63f9fe,LONG,M30,M5,1831.20,1821.20,1851.20,TARGET_REACHED,2021-01-04 06:20:00,2021-01-04 09:19:00,TARGET_REACHED,0.05,2.01
2021-01-04 06:20:00,th_1de6b90c3de92f9d,cand_M5_th_1de6b90c3de92f9d_2021-01-04 06:20:00,pass_7fed2022cd5b8723,LONG,M30,M5,1831.20,1821.20,1851.20,TARGET_REACHED,2021-01-04 06:20:00,2021-01-04 09:19:00,TARGET_REACHED,0.05,2.01
2021-01-04 06:20:00,th_ec561c13dfa995be,cand_M5_th_ec561c13dfa995be_2021-01-04 06:20:00,pass_719c6c842ce4cbff,LONG,M30,M5,1831.20,1821.20,1851.20,TARGET_REACHED,2021-01-04 06:20:00,2021-01-04 09:19:00,TARGET_REACHED,0.05,2.01
2021-01-04 06:20:00,th_a8e2cd8e2710a9e1,cand_M5_th_a8e2cd8e2710a9e1_2021-01-04 06:20:00,pass_f10bf57c01ac093a,LONG,M30,M5,1831.20,1821.20,1851.20,TARGET_REACHED,2021-01-04 06:20:00,2021-01-04 09:19:00,TARGET_REACHED,0.05,2.01
2021-01-04 06:20:00,th_54d643bf03d15a1f,cand_M5_th_54d643bf03d15a1f_2021-01-04 06:20:00,pass_c68b9a91f928aab8,LONG,M30,M5,1831.20,1821.20,1851.20,TARGET_REACHED,2021-01-04 06:20:00,2021-01-04 09:19:00,TARGET_REACHED,0.05,2.01
2021-01-04 06:21:00,th_c6a3fea6cfabf2b7,cand_M3_th_c6a3fea6cfabf2b7_2021-01-04 06:21:00,pass_454b34294acf10c4,LONG,M30,M3,1831.30,1821.30,1851.30,TARGET_REACHED,2021-01-04 06:21:00,2021-01-04 09:20:00,TARGET_REACHED,0.05,2.01
2021-01-04 06:21:00,th_ab2b87b6a68aba30,cand_M3_th_ab2b87b6a68aba30_2021-01-04 06:21:00,pass_3904fdc95441f8ca,LONG,M30,M3,1831.30,1821.30,1851.30,TARGET_REACHED,2021-01-04 06:21:00,2021-01-04 09:20:00,TARGET_REACHED,0.05,2.01
2021-01-04 06:21:00,th_19305dc78a364622,cand_M3_th_19305dc78a364622_2021-01-04 06:21:00,pass_34f293a87eb48fe7,LONG,M30,M3,1831.30,1821.30,1851.30,TARGET_REACHED,2021-01-04 06:21:00,2021-01-04 09:20:00,TARGET_REACHED,0.05,2.01
2021-01-04 06:21:00,th_e9804d1bd00856fe,cand_M3_th_e9804d1bd00856fe_2021-01-04 06:21:00,pass_c06bbd88fe255b1b,LONG,M30,M3,1831.30,1821.30,1851.30,TARGET_REACHED,2021-01-04 06:21:00,2021-01-04 09:20:00,TARGET_REACHED,0.05,2.01
2021-01-04 06:21:00,th_748ea98708c94abb,cand_M3_th_748ea98708c94abb_2021-01-04 06:21:00,pass_4e324cd45fbc72b4,LONG,M30,M3,1831.30,1821.30,1851.30,TARGET_REACHED,2021-01-04 06:21:00,2021-01-04 09:20:00,TARGET_REACHED,0.05,2.01
2021-01-04 06:21:00,th_818f74a02dbe690b,cand_M3_th_818f74a02dbe690b_2021-01-04 06:21:00,pass_fb251f8ca033e1f9,LONG,M30,M3,1831.30,1821.30,1851.30,TARGET_REACHED,2021-01-04 06:21:00,2021-01-04 09:20:00,TARGET_REACHED,0.05,2.01
2021-01-04 06:21:00,th_1de6b90c3de92f9d,cand_M3_th_1de6b90c3de92f9d_2021-01-04 06:21:00,pass_f00dc8fd27e1b78b,LONG,M30,M3,1831.30,1821.30,1851.30,TARGET_REACHED,2021-01-04 06:21:00,2021-01-04 09:20:00,TARGET_REACHED,0.05,2.01
2021-01-04 06:21:00,th_ec561c13dfa995be,cand_M3_th_ec561c13dfa995be_2021-01-04 06:21:00,pass_8686bd15738c214c,LONG,M30,M3,1831.30,1821.30,1851.30,TARGET_REACHED,2021-01-04 06:21:00,2021-01-04 09:20:00,TARGET_REACHED,0.05,2.01
2021-01-04 06:21:00,th_a8e2cd8e2710a9e1,cand_M3_th_a8e2cd8e2710a9e1_2021-01-04 06:21:00,pass_7c984ddc0df54157,LONG,M30,M3,1831.30,1821.30,1851.30,TARGET_REACHED,2021-01-04 06:21:00,2021-01-04 09:20:00,TARGET_REACHED,0.05,2.01
2021-01-04 06:21:00,th_54d643bf03d15a1f,cand_M3_th_54d643bf03d15a1f_2021-01-04 06:21:00,pass_1bf232aea2c89886,LONG,M30,M3,1831.30,1821.30,1851.30,TARGET_REACHED,2021-01-04 06:21:00,2021-01-04 09:20:00,TARGET_REACHED,0.05,2.01
2021-01-04 06:24:00,th_c6a3fea6cfabf2b7,cand_M3_th_c6a3fea6cfabf2b7_2021-01-04 06:24:00,pass_440fd90c0419067f,LONG,M30,M3,1831.60,1821.60,1851.60,ENTRY_TOUCHED,2021-01-04 06:24:00,2021-01-04 09:20:00,ENTRY_TOUCHED,0.05,1.98
2021-01-04 06:24:00,th_ab2b87b6a68aba30,cand_M3_th_ab2b87b6a68aba30_2021-01-04 06:24:00,pass_3445719dd9e1e7c0,LONG,M30,M3,1831.60,1821.60,1851.60,ENTRY_TOUCHED,2021-01-04 06:24:00,2021-01-04 09:20:00,ENTRY_TOUCHED,0.05,1.98
2021-01-04 06:24:00,th_19305dc78a364622,cand_M3_th_19305dc78a364622_2021-01-04 06:24:00,pass_85c155a65d651c70,LONG,M30,M3,1831.60,1821.60,1851.60,ENTRY_TOUCHED,2021-01-04 06:24:00,2021-01-04 09:20:00,ENTRY_TOUCHED,0.05,1.98
2021-01-04 06:24:00,th_e9804d1bd00856fe,cand_M3_th_e9804d1bd00856fe_2021-01-04 06:24:00,pass_ffe63e33af9d8500,LONG,M30,M3,1831.60,1821.60,1851.60,ENTRY_TOUCHED,2021-01-04 06:24:00,2021-01-04 09:20:00,ENTRY_TOUCHED,0.05,1.98
2021-01-04 06:24:00,th_748ea98708c94abb,cand_M3_th_748ea98708c94abb_2021-01-04 06:24:00,pass_3d6f5bee2f0649ca,LONG,M30,M3,1831.60,1821.60,1851.60,ENTRY_TOUCHED,2021-01-04 06:24:00,2021-01-04 09:20:00,ENTRY_TOUCHED,0.05,1.98
2021-01-04 06:24:00,th_818f74a02dbe690b,cand_M3_th_818f74a02dbe690b_2021-01-04 06:24:00,pass_94822d83892d1aa6,LONG,M30,M3,1831.60,1821.60,1851.60,ENTRY_TOUCHED,2021-01-04 06:24:00,2021-01-04 09:20:00,ENTRY_TOUCHED,0.05,1.98
2021-01-04 06:24:00,th_1de6b90c3de92f9d,cand_M3_th_1de6b90c3de92f9d_2021-01-04 06:24:00,pass_e1df7330c75d68c5,LONG,M30,M3,1831.60,1821.60,1851.60,ENTRY_TOUCHED,2021-01-04 06:24:00,2021-01-04 09:20:00,ENTRY_TOUCHED,0.05,1.98
2021-01-04 06:24:00,th_ec561c13dfa995be,cand_M3_th_ec561c13dfa995be_2021-01-04 06:24:00,pass_cd1640b15b70ad58,LONG,M30,M3,1831.60,1821.60,1851.60,ENTRY_TOUCHED,2021-01-04 06:24:00,2021-01-04 09:20:00,ENTRY_TOUCHED,0.05,1.98
2021-01-04 06:24:00,th_a8e2cd8e2710a9e1,cand_M3_th_a8e2cd8e2710a9e1_2021-01-04 06:24:00,pass_f59c667b76bf7964,LONG,M30,M3,1831.60,1821.60,1851.60,ENTRY_TOUCHED,2021-01-04 06:24:00,2021-01-04 09:20:00,ENTRY_TOUCHED,0.05,1.98
2021-01-04 06:24:00,th_54d643bf03d15a1f,cand_M3_th_54d643bf03d15a1f_2021-01-04 06:24:00,pass_e568805d39b14d75,LONG,M30,M3,1831.60,1821.60,1851.60,ENTRY_TOUCHED,2021-01-04 06:24:00,2021-01-04 09:20:00,ENTRY_TOUCHED,0.05,1.98
2021-01-04 06:25:00,th_c6a3fea6cfabf2b7,cand_M5_th_c6a3fea6cfabf2b7_2021-01-04 06:25:00,pass_9f26449bca671de6,LONG,M30,M5,1831.70,1821.70,1851.70,ENTRY_TOUCHED,2021-01-04 06:25:00,2021-01-04 09:20:00,ENTRY_TOUCHED,0.05,1.97
2021-01-04 06:25:00,th_ab2b87b6a68aba30,cand_M5_th_ab2b87b6a68aba30_2021-01-04 06:25:00,pass_8192c3ce99579d81,LONG,M30,M5,1831.70,1821.70,1851.70,ENTRY_TOUCHED,2021-01-04 06:25:00,2021-01-04 09:20:00,ENTRY_TOUCHED,0.05,1.97
2021-01-04 06:25:00,th_19305dc78a364622,cand_M5_th_19305dc78a364622_2021-01-04 06:25:00,pass_9d04039f69356fba,LONG,M30,M5,1831.70,1821.70,1851.70,ENTRY_TOUCHED,2021-01-04 06:25:00,2021-01-04 09:20:00,ENTRY_TOUCHED,0.05,1.97
2021-01-04 06:25:00,th_e9804d1bd00856fe,cand_M5_th_e9804d1bd00856fe_2021-01-04 06:25:00,pass_c5f1591742f37833,LONG,M30,M5,1831.70,1821.70,1851.70,ENTRY_TOUCHED,2021-01-04 06:25:00,2021-01-04 09:20:00,ENTRY_TOUCHED,0.05,1.97
2021-01-04 06:25:00,th_748ea98708c94abb,cand_M5_th_748ea98708c94abb_2021-01-04 06:25:00,pass_0a35ea4ace9d0748,LONG,M30,M5,1831.70,1821.70,1851.70,ENTRY_TOUCHED,2021-01-04 06:25:00,2021-01-04 09:20:00,ENTRY_TOUCHED,0.05,1.97
2021-01-04 06:25:00,th_818f74a02dbe690b,cand_M5_th_818f74a02dbe690b_2021-01-04 06:25:00,pass_3f627eebfd9daf63,LONG,M30,M5,1831.70,1821.70,1851.70,ENTRY_TOUCHED,2021-01-04 06:25:00,2021-01-04 09:20:00,ENTRY_TOUCHED,0.05,1.97
2021-01-04 06:25:00,th_1de6b90c3de92f9d,cand_M5_th_1de6b90c3de92f9d_2021-01-04 06:25:00,pass_46621179cbd3a643,LONG,M30,M5,1831.70,1821.70,1851.70,ENTRY_TOUCHED,2021-01-04 06:25:00,2021-01-04 09:20:00,ENTRY_TOUCHED,0.05,1.97
2021-01-04 06:25:00,th_ec561c13dfa995be,cand_M5_th_ec561c13dfa995be_2021-01-04 06:25:00,pass_165a9496d704784f,LONG,M30,M5,1831.70,1821.70,1851.70,ENTRY_TOUCHED,2021-01-04 06:25:00,2021-01-04 09:20:00,ENTRY_TOUCHED,0.05,1.97
2021-01-04 06:25:00,th_a8e2cd8e2710a9e1,cand_M5_th_a8e2cd8e2710a9e1_2021-01-04 06:25:00,pass_249bec3407233a25,LONG,M30,M5,1831.70,1821.70,1851.70,ENTRY_TOUCHED,2021-01-04 06:25:00,2021-01-04 09:20:00,ENTRY_TOUCHED,0.05,1.97
2021-01-04 06:25:00,th_54d643bf03d15a1f,cand_M5_th_54d643bf03d15a1f_2021-01-04 06:25:00,pass_1b785699862feb77,LONG,M30,M5,1831.70,1821.70,1851.70,ENTRY_TOUCHED,2021-01-04 06:25:00,2021-01-04 09:20:00,ENTRY_TOUCHED,0.05,1.97
2021-01-04 06:27:00,th_c6a3fea6cfabf2b7,cand_M3_th_c6a3fea6cfabf2b7_2021-01-04 06:27:00,pass_bb0b57bc5b3c56c3,LONG,M30,M3,1831.90,1821.90,1851.90,ENTRY_TOUCHED,2021-01-04 06:27:00,2021-01-04 09:20:00,ENTRY_TOUCHED,0.05,1.95
2021-01-04 06:27:00,th_ab2b87b6a68aba30,cand_M3_th_ab2b87b6a68aba30_2021-01-04 06:27:00,pass_ae61d9c8af5e0f01,LONG,M30,M3,1831.90,1821.90,1851.90,ENTRY_TOUCHED,2021-01-04 06:27:00,2021-01-04 09:20:00,ENTRY_TOUCHED,0.05,1.95
2021-01-04 06:27:00,th_19305dc78a364622,cand_M3_th_19305dc78a364622_2021-01-04 06:27:00,pass_a36a8b531e647316,LONG,M30,M3,1831.90,1821.90,1851.90,ENTRY_TOUCHED,2021-01-04 06:27:00,2021-01-04 09:20:00,ENTRY_TOUCHED,0.05,1.95
2021-01-04 06:27:00,th_e9804d1bd00856fe,cand_M3_th_e9804d1bd00856fe_2021-01-04 06:27:00,pass_c1b001bc74693a6c,LONG,M30,M3,1831.90,1821.90,1851.90,ENTRY_TOUCHED,2021-01-04 06:27:00,2021-01-04 09:20:00,ENTRY_TOUCHED,0.05,1.95
2021-01-04 06:27:00,th_748ea98708c94abb,cand_M3_th_748ea98708c94abb_2021-01-04 06:27:00,pass_ec3e2d8c4a54f71c,LONG,M30,M3,1831.90,1821.90,1851.90,ENTRY_TOUCHED,2021-01-04 06:27:00,2021-01-04 09:20:00,ENTRY_TOUCHED,0.05,1.95
2021-01-04 06:27:00,th_818f74a02dbe690b,cand_M3_th_818f74a02dbe690b_2021-01-04 06:27:00,pass_214f371d57178451,LONG,M30,M3,1831.90,1821.90,1851.90,ENTRY_TOUCHED,2021-01-04 06:27:00,2021-01-04 09:20:00,ENTRY_TOUCHED,0.05,1.95
2021-01-04 06:27:00,th_1de6b90c3de92f9d,cand_M3_th_1de6b90c3de92f9d_2021-01-04 06:27:00,pass_d8e2a7e431151e94,LONG,M30,M3,1831.90,1821.90,1851.90,ENTRY_TOUCHED,2021-01-04 06:27:00,2021-01-04 09:20:00,ENTRY_TOUCHED,0.05,1.95
2021-01-04 06:27:00,th_ec561c13dfa995be,cand_M3_th_ec561c13dfa995be_2021-01-04 06:27:00,pass_c70bcb8bb0cf8c15,LONG,M30,M3,1831.90,1821.90,1851.90,ENTRY_TOUCHED,2021-01-04 06:27:00,2021-01-04 09:20:00,ENTRY_TOUCHED,0.05,1.95
2021-01-04 06:27:00,th_a8e2cd8e2710a9e1,cand_M3_th_a8e2cd8e2710a9e1_2021-01-04 06:27:00,pass_2786b6ca6f52c5bf,LONG,M30,M3,1831.90,1821.90,1851.90,ENTRY_TOUCHED,2021-01-04 06:27:00,2021-01-04 09:20:00,ENTRY_TOUCHED,0.05,1.95
2021-01-04 06:27:00,th_54d643bf03d15a1f,cand_M3_th_54d643bf03d15a1f_2021-01-04 06:27:00,pass_4a64db4c1475ebc8,LONG,M30,M3,1831.90,1821.90,1851.90,ENTRY_TOUCHED,2021-01-04 06:27:00,2021-01-04 09:20:00,ENTRY_TOUCHED,0.05,1.95
2021-01-04 06:30:00,th_c6a3fea6cfabf2b7,cand_M5_th_c6a3fea6cfabf2b7_2021-01-04 06:30:00,pass_386ccc9387d35002,LONG,M30,M5,1832.20,1822.20,1852.20,ENTRY_TOUCHED,2021-01-04 06:30:00,2021-01-04 09:20:00,ENTRY_TOUCHED,0.05,1.92
2021-01-04 06:30:00,th_ab2b87b6a68aba30,cand_M5_th_ab2b87b6a68aba30_2021-01-04 06:30:00,pass_5f1edbbcd5f55836,LONG,M30,M5,1832.20,1822.20,1852.20,ENTRY_TOUCHED,2021-01-04 06:30:00,2021-01-04 09:20:00,ENTRY_TOUCHED,0.05,1.92
2021-01-04 06:30:00,th_19305dc78a364622,cand_M5_th_19305dc78a364622_2021-01-04 06:30:00,pass_89eae179da1b0651,LONG,M30,M5,1832.20,1822.20,1852.20,ENTRY_TOUCHED,2021-01-04 06:30:00,2021-01-04 09:20:00,ENTRY_TOUCHED,0.05,1.92
2021-01-04 06:30:00,th_e9804d1bd00856fe,cand_M5_th_e9804d1bd00856fe_2021-01-04 06:30:00,pass_1e9d1c74d82b0d16,LONG,M30,M5,1832.20,1822.20,1852.20,ENTRY_TOUCHED,2021-01-04 06:30:00,2021-01-04 09:20:00,ENTRY_TOUCHED,0.05,1.92
2021-01-04 06:30:00,th_748ea98708c94abb,cand_M5_th_748ea98708c94abb_2021-01-04 06:30:00,pass_0851d1e73d8a04db,LONG,M30,M5,1832.20,1822.20,1852.20,ENTRY_TOUCHED,2021-01-04 06:30:00,2021-01-04 09:20:00,ENTRY_TOUCHED,0.05,1.92
2021-01-04 06:30:00,th_818f74a02dbe690b,cand_M5_th_818f74a02dbe690b_2021-01-04 06:30:00,pass_966ecf6e8f9a3c9b,LONG,M30,M5,1832.20,1822.20,1852.20,ENTRY_TOUCHED,2021-01-04 06:30:00,2021-01-04 09:20:00,ENTRY_TOUCHED,0.05,1.92
2021-01-04 06:30:00,th_1de6b90c3de92f9d,cand_M5_th_1de6b90c3de92f9d_2021-01-04 06:30:00,pass_6cdf5ee0bbe9c2f3,LONG,M30,M5,1832.20,1822.20,1852.20,ENTRY_TOUCHED,2021-01-04 06:30:00,2021-01-04 09:20:00,ENTRY_TOUCHED,0.05,1.92
2021-01-04 06:30:00,th_ec561c13dfa995be,cand_M5_th_ec561c13dfa995be_2021-01-04 06:30:00,pass_68963f3753488d74,LONG,M30,M5,1832.20,1822.20,1852.20,ENTRY_TOUCHED,2021-01-04 06:30:00,2021-01-04 09:20:00,ENTRY_TOUCHED,0.05,1.92
2021-01-04 06:30:00,th_a8e2cd8e2710a9e1,cand_M5_th_a8e2cd8e2710a9e1_2021-01-04 06:30:00,pass_87764cf3c7dfedd8,LONG,M30,M5,1832.20,1822.20,1852.20,ENTRY_TOUCHED,2021-01-04 06:30:00,2021-01-04 09:20:00,ENTRY_TOUCHED,0.05,1.92
2021-01-04 06:30:00,th_54d643bf03d15a1f,cand_M5_th_54d643bf03d15a1f_2021-01-04 06:30:00,pass_02697a2c5300cc4a,LONG,M30,M5,1832.20,1822.20,1852.20,ENTRY_TOUCHED,2021-01-04 06:30:00,2021-01-04 09:20:00,ENTRY_TOUCHED,0.05,1.92
2021-01-04 06:30:00,th_0cc920c90f7154b4,cand_M5_th_0cc920c90f7154b4_2021-01-04 06:30:00,pass_77f6c9083d632b86,LONG,M30,M5,1832.20,1822.20,1852.20,ENTRY_TOUCHED,2021-01-04 06:30:00,2021-01-04 09:20:00,ENTRY_TOUCHED,0.05,1.92
2021-01-04 06:30:00,th_c6a3fea6cfabf2b7,cand_M3_th_c6a3fea6cfabf2b7_2021-01-04 06:30:00,pass_78f1129e8dcb013d,LONG,M30,M3,1832.20,1822.20,1852.20,ENTRY_TOUCHED,2021-01-04 06:30:00,2021-01-04 09:20:00,ENTRY_TOUCHED,0.05,1.92
2021-01-04 06:30:00,th_ab2b87b6a68aba30,cand_M3_th_ab2b87b6a68aba30_2021-01-04 06:30:00,pass_1bbc66ea6eebab7b,LONG,M30,M3,1832.20,1822.20,1852.20,ENTRY_TOUCHED,2021-01-04 06:30:00,2021-01-04 09:20:00,ENTRY_TOUCHED,0.05,1.92
2021-01-04 06:30:00,th_19305dc78a364622,cand_M3_th_19305dc78a364622_2021-01-04 06:30:00,pass_21e4a6d177f30f55,LONG,M30,M3,1832.20,1822.20,1852.20,ENTRY_TOUCHED,2021-01-04 06:30:00,2021-01-04 09:20:00,ENTRY_TOUCHED,0.05,1.92
2021-01-04 06:30:00,th_e9804d1bd00856fe,cand_M3_th_e9804d1bd00856fe_2021-01-04 06:30:00,pass_90181c4beebe6a8f,LONG,M30,M3,1832.20,1822.20,1852.20,ENTRY_TOUCHED,2021-01-04 06:30:00,2021-01-04 09:20:00,ENTRY_TOUCHED,0.05,1.92
2021-01-04 06:30:00,th_748ea98708c94abb,cand_M3_th_748ea98708c94abb_2021-01-04 06:30:00,pass_f9d16bc61ec74acb,LONG,M30,M3,1832.20,1822.20,1852.20,ENTRY_TOUCHED,2021-01-04 06:30:00,2021-01-04 09:20:00,ENTRY_TOUCHED,0.05,1.92
2021-01-04 06:30:00,th_818f74a02dbe690b,cand_M3_th_818f74a02dbe690b_2021-01-04 06:30:00,pass_ee607f49463cddef,LONG,M30,M3,1832.20,1822.20,1852.20,ENTRY_TOUCHED,2021-01-04 06:30:00,2021-01-04 09:20:00,ENTRY_TOUCHED,0.05,1.92
2021-01-04 06:30:00,th_1de6b90c3de92f9d,cand_M3_th_1de6b90c3de92f9d_2021-01-04 06:30:00,pass_aa6d6b08f0920277,LONG,M30,M3,1832.20,1822.20,1852.20,ENTRY_TOUCHED,2021-01-04 06:30:00,2021-01-04 09:20:00,ENTRY_TOUCHED,0.05,1.92
2021-01-04 06:30:00,th_ec561c13dfa995be,cand_M3_th_ec561c13dfa995be_2021-01-04 06:30:00,pass_582e6ae16558d68c,LONG,M30,M3,1832.20,1822.20,1852.20,ENTRY_TOUCHED,2021-01-04 06:30:00,2021-01-04 09:20:00,ENTRY_TOUCHED,0.05,1.92
2021-01-04 06:30:00,th_a8e2cd8e2710a9e1,cand_M3_th_a8e2cd8e2710a9e1_2021-01-04 06:30:00,pass_30f895e76cc5e1fb,LONG,M30,M3,1832.20,1822.20,1852.20,ENTRY_TOUCHED,2021-01-04 06:30:00,2021-01-04 09:20:00,ENTRY_TOUCHED,0.05,1.92
2021-01-04 06:30:00,th_54d643bf03d15a1f,cand_M3_th_54d643bf03d15a1f_2021-01-04 06:30:00,pass_7f283ba4273d26dc,LONG,M30,M3,1832.20,1822.20,1852.20,ENTRY_TOUCHED,2021-01-04 06:30:00,2021-01-04 09:20:00,ENTRY_TOUCHED,0.05,1.92
2021-01-04 06:30:00,th_0cc920c90f7154b4,cand_M3_th_0cc920c90f7154b4_2021-01-04 06:30:00,pass_9e6d2575b9248146,LONG,M30,M3,1832.20,1822.20,1852.20,ENTRY_TOUCHED,2021-01-04 06:30:00,2021-01-04 09:20:00,ENTRY_TOUCHED,0.05,1.92
2021-01-04 06:33:00,th_c6a3fea6cfabf2b7,cand_M3_th_c6a3fea6cfabf2b7_2021-01-04 06:33:00,pass_b330748721dd8f7d,LONG,M30,M3,1832.50,1822.50,1852.50,ENTRY_TOUCHED,2021-01-04 06:33:00,2021-01-04 09:20:00,ENTRY_TOUCHED,0.05,1.89
2021-01-04 06:33:00,th_ab2b87b6a68aba30,cand_M3_th_ab2b87b6a68aba30_2021-01-04 06:33:00,pass_03a8346691614d84,LONG,M30,M3,1832.50,1822.50,1852.50,ENTRY_TOUCHED,2021-01-04 06:33:00,2021-01-04 09:20:00,ENTRY_TOUCHED,0.05,1.89
2021-01-04 06:33:00,th_19305dc78a364622,cand_M3_th_19305dc78a364622_2021-01-04 06:33:00,pass_73f6ca21cc8ebb97,LONG,M30,M3,1832.50,1822.50,1852.50,ENTRY_TOUCHED,2021-01-04 06:33:00,2021-01-04 09:20:00,ENTRY_TOUCHED,0.05,1.89
2021-01-04 06:33:00,th_e9804d1bd00856fe,cand_M3_th_e9804d1bd00856fe_2021-01-04 06:33:00,pass_187bf17082674cd1,LONG,M30,M3,1832.50,1822.50,1852.50,ENTRY_TOUCHED,2021-01-04 06:33:00,2021-01-04 09:20:00,ENTRY_TOUCHED,0.05,1.89
2021-01-04 06:33:00,th_748ea98708c94abb,cand_M3_th_748ea98708c94abb_2021-01-04 06:33:00,pass_0b94c8f9b7b2c351,LONG,M30,M3,1832.50,1822.50,1852.50,ENTRY_TOUCHED,2021-01-04 06:33:00,2021-01-04 09:20:00,ENTRY_TOUCHED,0.05,1.89
2021-01-04 06:33:00,th_818f74a02dbe690b,cand_M3_th_818f74a02dbe690b_2021-01-04 06:33:00,pass_f3366a1426795e9d,LONG,M30,M3,1832.50,1822.50,1852.50,ENTRY_TOUCHED,2021-01-04 06:33:00,2021-01-04 09:20:00,ENTRY_TOUCHED,0.05,1.89
2021-01-04 06:33:00,th_1de6b90c3de92f9d,cand_M3_th_1de6b90c3de92f9d_2021-01-04 06:33:00,pass_e17e3c048a4383db,LONG,M30,M3,1832.50,1822.50,1852.50,ENTRY_TOUCHED,2021-01-04 06:33:00,2021-01-04 09:20:00,ENTRY_TOUCHED,0.05,1.89
2021-01-04 06:33:00,th_ec561c13dfa995be,cand_M3_th_ec561c13dfa995be_2021-01-04 06:33:00,pass_6a34288847c76fe3,LONG,M30,M3,1832.50,1822.50,1852.50,ENTRY_TOUCHED,2021-01-04 06:33:00,2021-01-04 09:20:00,ENTRY_TOUCHED,0.05,1.89
2021-01-04 06:33:00,th_a8e2cd8e2710a9e1,cand_M3_th_a8e2cd8e2710a9e1_2021-01-04 06:33:00,pass_3800c7c0ed9be13a,LONG,M30,M3,1832.50,1822.50,1852.50,ENTRY_TOUCHED,2021-01-04 06:33:00,2021-01-04 09:20:00,ENTRY_TOUCHED,0.05,1.89
2021-01-04 06:33:00,th_54d643bf03d15a1f,cand_M3_th_54d643bf03d15a1f_2021-01-04 06:33:00,pass_ea35e588fbe5f591,LONG,M30,M3,1832.50,1822.50,1852.50,ENTRY_TOUCHED,2021-01-04 06:33:00,2021-01-04 09:20:00,ENTRY_TOUCHED,0.05,1.89
2021-01-04 06:33:00,th_0cc920c90f7154b4,cand_M3_th_0cc920c90f7154b4_2021-01-04 06:33:00,pass_c7bb3d94f433b84d,LONG,M30,M3,1832.50,1822.50,1852.50,ENTRY_TOUCHED,2021-01-04 06:33:00,2021-01-04 09:20:00,ENTRY_TOUCHED,0.05,1.89
2021-01-04 06:35:00,th_c6a3fea6cfabf2b7,cand_M5_th_c6a3fea6cfabf2b7_2021-01-04 06:35:00,pass_61dc61c55ed19ec5,LONG,M30,M5,1832.70,1822.70,1852.70,ENTRY_TOUCHED,2021-01-04 06:35:00,2021-01-04 09:20:00,ENTRY_TOUCHED,0.05,1.87
2021-01-04 06:35:00,th_ab2b87b6a68aba30,cand_M5_th_ab2b87b6a68aba30_2021-01-04 06:35:00,pass_003cc32ebc44a7ac,LONG,M30,M5,1832.70,1822.70,1852.70,ENTRY_TOUCHED,2021-01-04 06:35:00,2021-01-04 09:20:00,ENTRY_TOUCHED,0.05,1.87
2021-01-04 06:35:00,th_19305dc78a364622,cand_M5_th_19305dc78a364622_2021-01-04 06:35:00,pass_c2bdac7055c7e191,LONG,M30,M5,1832.70,1822.70,1852.70,ENTRY_TOUCHED,2021-01-04 06:35:00,2021-01-04 09:20:00,ENTRY_TOUCHED,0.05,1.87
2021-01-04 06:35:00,th_e9804d1bd00856fe,cand_M5_th_e9804d1bd00856fe_2021-01-04 06:35:00,pass_c67c8857ba242882,LONG,M30,M5,1832.70,1822.70,1852.70,ENTRY_TOUCHED,2021-01-04 06:35:00,2021-01-04 09:20:00,ENTRY_TOUCHED,0.05,1.87
2021-01-04 06:35:00,th_748ea98708c94abb,cand_M5_th_748ea98708c94abb_2021-01-04 06:35:00,pass_537570e0650e1ce2,LONG,M30,M5,1832.70,1822.70,1852.70,ENTRY_TOUCHED,2021-01-04 06:35:00,2021-01-04 09:20:00,ENTRY_TOUCHED,0.05,1.87
2021-01-04 06:35:00,th_818f74a02dbe690b,cand_M5_th_818f74a02dbe690b_2021-01-04 06:35:00,pass_2b37f51cd1ef956f,LONG,M30,M5,1832.70,1822.70,1852.70,ENTRY_TOUCHED,2021-01-04 06:35:00,2021-01-04 09:20:00,ENTRY_TOUCHED,0.05,1.87
2021-01-04 06:35:00,th_1de6b90c3de92f9d,cand_M5_th_1de6b90c3de92f9d_2021-01-04 06:35:00,pass_6b2a52cc93e469fe,LONG,M30,M5,1832.70,1822.70,1852.70,ENTRY_TOUCHED,2021-01-04 06:35:00,2021-01-04 09:20:00,ENTRY_TOUCHED,0.05,1.87
2021-01-04 06:35:00,th_ec561c13dfa995be,cand_M5_th_ec561c13dfa995be_2021-01-04 06:35:00,pass_95569cfa6481d37a,LONG,M30,M5,1832.70,1822.70,1852.70,ENTRY_TOUCHED,2021-01-04 06:35:00,2021-01-04 09:20:00,ENTRY_TOUCHED,0.05,1.87
2021-01-04 06:35:00,th_a8e2cd8e2710a9e1,cand_M5_th_a8e2cd8e2710a9e1_2021-01-04 06:35:00,pass_73ddd2c3362faa3a,LONG,M30,M5,1832.70,1822.70,1852.70,ENTRY_TOUCHED,2021-01-04 06:35:00,2021-01-04 09:20:00,ENTRY_TOUCHED,0.05,1.87
2021-01-04 06:35:00,th_54d643bf03d15a1f,cand_M5_th_54d643bf03d15a1f_2021-01-04 06:35:00,pass_8c4cefe5e49f7e49,LONG,M30,M5,1832.70,1822.70,1852.70,ENTRY_TOUCHED,2021-01-04 06:35:00,2021-01-04 09:20:00,ENTRY_TOUCHED,0.05,1.87
2021-01-04 06:35:00,th_0cc920c90f7154b4,cand_M5_th_0cc920c90f7154b4_2021-01-04 06:35:00,pass_2de121b4f0b3af58,LONG,M30,M5,1832.70,1822.70,1852.70,ENTRY_TOUCHED,2021-01-04 06:35:00,2021-01-04 09:20:00,ENTRY_TOUCHED,0.05,1.87
2021-01-04 06:36:00,th_c6a3fea6cfabf2b7,cand_M3_th_c6a3fea6cfabf2b7_2021-01-04 06:36:00,pass_60807fefc4f4b675,LONG,M30,M3,1832.80,1822.80,1852.80,ENTRY_TOUCHED,2021-01-04 06:36:00,2021-01-04 09:20:00,ENTRY_TOUCHED,0.05,1.86
2021-01-04 06:36:00,th_ab2b87b6a68aba30,cand_M3_th_ab2b87b6a68aba30_2021-01-04 06:36:00,pass_a65a98ba7338618a,LONG,M30,M3,1832.80,1822.80,1852.80,ENTRY_TOUCHED,2021-01-04 06:36:00,2021-01-04 09:20:00,ENTRY_TOUCHED,0.05,1.86
2021-01-04 06:36:00,th_19305dc78a364622,cand_M3_th_19305dc78a364622_2021-01-04 06:36:00,pass_3bc78c91533877b5,LONG,M30,M3,1832.80,1822.80,1852.80,ENTRY_TOUCHED,2021-01-04 06:36:00,2021-01-04 09:20:00,ENTRY_TOUCHED,0.05,1.86
2021-01-04 06:36:00,th_e9804d1bd00856fe,cand_M3_th_e9804d1bd00856fe_2021-01-04 06:36:00,pass_2d06ec15b0f6adc4,LONG,M30,M3,1832.80,1822.80,1852.80,ENTRY_TOUCHED,2021-01-04 06:36:00,2021-01-04 09:20:00,ENTRY_TOUCHED,0.05,1.86
2021-01-04 06:36:00,th_748ea98708c94abb,cand_M3_th_748ea98708c94abb_2021-01-04 06:36:00,pass_62e97bc40721c90b,LONG,M30,M3,1832.80,1822.80,1852.80,ENTRY_TOUCHED,2021-01-04 06:36:00,2021-01-04 09:20:00,ENTRY_TOUCHED,0.05,1.86
2021-01-04 06:36:00,th_818f74a02dbe690b,cand_M3_th_818f74a02dbe690b_2021-01-04 06:36:00,pass_f71cd54923b55cc1,LONG,M30,M3,1832.80,1822.80,1852.80,ENTRY_TOUCHED,2021-01-04 06:36:00,2021-01-04 09:20:00,ENTRY_TOUCHED,0.05,1.86
2021-01-04 06:36:00,th_1de6b90c3de92f9d,cand_M3_th_1de6b90c3de92f9d_2021-01-04 06:36:00,pass_bf5c5d00e2bff116,LONG,M30,M3,1832.80,1822.80,1852.80,ENTRY_TOUCHED,2021-01-04 06:36:00,2021-01-04 09:20:00,ENTRY_TOUCHED,0.05,1.86
2021-01-04 06:36:00,th_ec561c13dfa995be,cand_M3_th_ec561c13dfa995be_2021-01-04 06:36:00,pass_b8c08991c4563690,LONG,M30,M3,1832.80,1822.80,1852.80,ENTRY_TOUCHED,2021-01-04 06:36:00,2021-01-04 09:20:00,ENTRY_TOUCHED,0.05,1.86
2021-01-04 06:36:00,th_a8e2cd8e2710a9e1,cand_M3_th_a8e2cd8e2710a9e1_2021-01-04 06:36:00,pass_da38cea048132b26,LONG,M30,M3,1832.80,1822.80,1852.80,ENTRY_TOUCHED,2021-01-04 06:36:00,2021-01-04 09:20:00,ENTRY_TOUCHED,0.05,1.86
2021-01-04 06:36:00,th_54d643bf03d15a1f,cand_M3_th_54d643bf03d15a1f_2021-01-04 06:36:00,pass_8294fffb2bb597b0,LONG,M30,M3,1832.80,1822.80,1852.80,ENTRY_TOUCHED,2021-01-04 06:36:00,2021-01-04 09:20:00,ENTRY_TOUCHED,0.05,1.86
2021-01-04 06:36:00,th_0cc920c90f7154b4,cand_M3_th_0cc920c90f7154b4_2021-01-04 06:36:00,pass_026c68b412f6e665,LONG,M30,M3,1832.80,1822.80,1852.80,ENTRY_TOUCHED,2021-01-04 06:36:00,2021-01-04 09:20:00,ENTRY_TOUCHED,0.05,1.86
2021-01-04 06:39:00,th_c6a3fea6cfabf2b7,cand_M3_th_c6a3fea6cfabf2b7_2021-01-04 06:39:00,pass_e33a7415dc85b11e,LONG,M30,M3,1833.10,1823.10,1853.10,ENTRY_TOUCHED,2021-01-04 06:39:00,2021-01-04 09:20:00,ENTRY_TOUCHED,0.05,1.83
2021-01-04 06:39:00,th_ab2b87b6a68aba30,cand_M3_th_ab2b87b6a68aba30_2021-01-04 06:39:00,pass_4d2134c092346666,LONG,M30,M3,1833.10,1823.10,1853.10,ENTRY_TOUCHED,2021-01-04 06:39:00,2021-01-04 09:20:00,ENTRY_TOUCHED,0.05,1.83
2021-01-04 06:39:00,th_19305dc78a364622,cand_M3_th_19305dc78a364622_2021-01-04 06:39:00,pass_5ca9409b45fba2ea,LONG,M30,M3,1833.10,1823.10,1853.10,ENTRY_TOUCHED,2021-01-04 06:39:00,2021-01-04 09:20:00,ENTRY_TOUCHED,0.05,1.83
2021-01-04 06:39:00,th_e9804d1bd00856fe,cand_M3_th_e9804d1bd00856fe_2021-01-04 06:39:00,pass_21d9febb013303a4,LONG,M30,M3,1833.10,1823.10,1853.10,ENTRY_TOUCHED,2021-01-04 06:39:00,2021-01-04 09:20:00,ENTRY_TOUCHED,0.05,1.83
2021-01-04 06:39:00,th_748ea98708c94abb,cand_M3_th_748ea98708c94abb_2021-01-04 06:39:00,pass_47c6f30654224dce,LONG,M30,M3,1833.10,1823.10,1853.10,ENTRY_TOUCHED,2021-01-04 06:39:00,2021-01-04 09:20:00,ENTRY_TOUCHED,0.05,1.83
2021-01-04 06:39:00,th_818f74a02dbe690b,cand_M3_th_818f74a02dbe690b_2021-01-04 06:39:00,pass_24459f6b11e23132,LONG,M30,M3,1833.10,1823.10,1853.10,ENTRY_TOUCHED,2021-01-04 06:39:00,2021-01-04 09:20:00,ENTRY_TOUCHED,0.05,1.83
2021-01-04 06:39:00,th_1de6b90c3de92f9d,cand_M3_th_1de6b90c3de92f9d_2021-01-04 06:39:00,pass_6a4a2f04cf8c0221,LONG,M30,M3,1833.10,1823.10,1853.10,ENTRY_TOUCHED,2021-01-04 06:39:00,2021-01-04 09:20:00,ENTRY_TOUCHED,0.05,1.83
2021-01-04 06:39:00,th_ec561c13dfa995be,cand_M3_th_ec561c13dfa995be_2021-01-04 06:39:00,pass_4dc732aafd95b726,LONG,M30,M3,1833.10,1823.10,1853.10,ENTRY_TOUCHED,2021-01-04 06:39:00,2021-01-04 09:20:00,ENTRY_TOUCHED,0.05,1.83
2021-01-04 06:39:00,th_a8e2cd8e2710a9e1,cand_M3_th_a8e2cd8e2710a9e1_2021-01-04 06:39:00,pass_be2d930768f8f0f8,LONG,M30,M3,1833.10,1823.10,1853.10,ENTRY_TOUCHED,2021-01-04 06:39:00,2021-01-04 09:20:00,ENTRY_TOUCHED,0.05,1.83
2021-01-04 06:39:00,th_54d643bf03d15a1f,cand_M3_th_54d643bf03d15a1f_2021-01-04 06:39:00,pass_90b9d61865dca715,LONG,M30,M3,1833.10,1823.10,1853.10,ENTRY_TOUCHED,2021-01-04 06:39:00,2021-01-04 09:20:00,ENTRY_TOUCHED,0.05,1.83
2021-01-04 06:39:00,th_0cc920c90f7154b4,cand_M3_th_0cc920c90f7154b4_2021-01-04 06:39:00,pass_984031f76973992f,LONG,M30,M3,1833.10,1823.10,1853.10,ENTRY_TOUCHED,2021-01-04 06:39:00,2021-01-04 09:20:00,ENTRY_TOUCHED,0.05,1.83
2021-01-04 06:40:00,th_c6a3fea6cfabf2b7,cand_M5_th_c6a3fea6cfabf2b7_2021-01-04 06:40:00,pass_09272bc0cd35720b,LONG,M30,M5,1833.20,1823.20,1853.20,ENTRY_TOUCHED,2021-01-04 06:40:00,2021-01-04 09:20:00,ENTRY_TOUCHED,0.05,1.82
2021-01-04 06:40:00,th_ab2b87b6a68aba30,cand_M5_th_ab2b87b6a68aba30_2021-01-04 06:40:00,pass_a91bc1c875225a23,LONG,M30,M5,1833.20,1823.20,1853.20,ENTRY_TOUCHED,2021-01-04 06:40:00,2021-01-04 09:20:00,ENTRY_TOUCHED,0.05,1.82
2021-01-04 06:40:00,th_19305dc78a364622,cand_M5_th_19305dc78a364622_2021-01-04 06:40:00,pass_373ff822ca4815cb,LONG,M30,M5,1833.20,1823.20,1853.20,ENTRY_TOUCHED,2021-01-04 06:40:00,2021-01-04 09:20:00,ENTRY_TOUCHED,0.05,1.82
2021-01-04 06:40:00,th_e9804d1bd00856fe,cand_M5_th_e9804d1bd00856fe_2021-01-04 06:40:00,pass_a782809ce66be328,LONG,M30,M5,1833.20,1823.20,1853.20,ENTRY_TOUCHED,2021-01-04 06:40:00,2021-01-04 09:20:00,ENTRY_TOUCHED,0.05,1.82
2021-01-04 06:40:00,th_748ea98708c94abb,cand_M5_th_748ea98708c94abb_2021-01-04 06:40:00,pass_f08a2a3d6cd4477c,LONG,M30,M5,1833.20,1823.20,1853.20,ENTRY_TOUCHED,2021-01-04 06:40:00,2021-01-04 09:20:00,ENTRY_TOUCHED,0.05,1.82
2021-01-04 06:40:00,th_818f74a02dbe690b,cand_M5_th_818f74a02dbe690b_2021-01-04 06:40:00,pass_f50b877ef18a8792,LONG,M30,M5,1833.20,1823.20,1853.20,ENTRY_TOUCHED,2021-01-04 06:40:00,2021-01-04 09:20:00,ENTRY_TOUCHED,0.05,1.82
2021-01-04 06:40:00,th_1de6b90c3de92f9d,cand_M5_th_1de6b90c3de92f9d_2021-01-04 06:40:00,pass_5e36fd1791a001e2,LONG,M30,M5,1833.20,1823.20,1853.20,ENTRY_TOUCHED,2021-01-04 06:40:00,2021-01-04 09:20:00,ENTRY_TOUCHED,0.05,1.82
2021-01-04 06:40:00,th_ec561c13dfa995be,cand_M5_th_ec561c13dfa995be_2021-01-04 06:40:00,pass_bb81f70bf461d60c,LONG,M30,M5,1833.20,1823.20,1853.20,ENTRY_TOUCHED,2021-01-04 06:40:00,2021-01-04 09:20:00,ENTRY_TOUCHED,0.05,1.82
2021-01-04 06:40:00,th_a8e2cd8e2710a9e1,cand_M5_th_a8e2cd8e2710a9e1_2021-01-04 06:40:00,pass_b41d0ae6e5ee8635,LONG,M30,M5,1833.20,1823.20,1853.20,ENTRY_TOUCHED,2021-01-04 06:40:00,2021-01-04 09:20:00,ENTRY_TOUCHED,0.05,1.82
2021-01-04 06:40:00,th_54d643bf03d15a1f,cand_M5_th_54d643bf03d15a1f_2021-01-04 06:40:00,pass_28f64ec687149147,LONG,M30,M5,1833.20,1823.20,1853.20,ENTRY_TOUCHED,2021-01-04 06:40:00,2021-01-04 09:20:00,ENTRY_TOUCHED,0.05,1.82
2021-01-04 06:40:00,th_0cc920c90f7154b4,cand_M5_th_0cc920c90f7154b4_2021-01-04 06:40:00,pass_bab9b6c890be576a,LONG,M30,M5,1833.20,1823.20,1853.20,ENTRY_TOUCHED,2021-01-04 06:40:00,2021-01-04 09:20:00,ENTRY_TOUCHED,0.05,1.82
2021-01-04 06:42:00,th_c6a3fea6cfabf2b7,cand_M3_th_c6a3fea6cfabf2b7_2021-01-04 06:42:00,pass_a5f265c3500e4789,LONG,M30,M3,1833.40,1823.40,1853.40,ENTRY_TOUCHED,2021-01-04 06:42:00,2021-01-04 09:20:00,ENTRY_TOUCHED,0.05,1.80
2021-01-04 06:42:00,th_ab2b87b6a68aba30,cand_M3_th_ab2b87b6a68aba30_2021-01-04 06:42:00,pass_061364b5b2f22eec,LONG,M30,M3,1833.40,1823.40,1853.40,ENTRY_TOUCHED,2021-01-04 06:42:00,2021-01-04 09:20:00,ENTRY_TOUCHED,0.05,1.80
2021-01-04 06:42:00,th_19305dc78a364622,cand_M3_th_19305dc78a364622_2021-01-04 06:42:00,pass_242525a555eaf6a2,LONG,M30,M3,1833.40,1823.40,1853.40,ENTRY_TOUCHED,2021-01-04 06:42:00,2021-01-04 09:20:00,ENTRY_TOUCHED,0.05,1.80
2021-01-04 06:42:00,th_e9804d1bd00856fe,cand_M3_th_e9804d1bd00856fe_2021-01-04 06:42:00,pass_d728b6a3edd740a1,LONG,M30,M3,1833.40,1823.40,1853.40,ENTRY_TOUCHED,2021-01-04 06:42:00,2021-01-04 09:20:00,ENTRY_TOUCHED,0.05,1.80
2021-01-04 06:42:00,th_748ea98708c94abb,cand_M3_th_748ea98708c94abb_2021-01-04 06:42:00,pass_caaec133a81a15d4,LONG,M30,M3,1833.40,1823.40,1853.40,ENTRY_TOUCHED,2021-01-04 06:42:00,2021-01-04 09:20:00,ENTRY_TOUCHED,0.05,1.80
2021-01-04 06:42:00,th_818f74a02dbe690b,cand_M3_th_818f74a02dbe690b_2021-01-04 06:42:00,pass_d39b531f1d39102f,LONG,M30,M3,1833.40,1823.40,1853.40,ENTRY_TOUCHED,2021-01-04 06:42:00,2021-01-04 09:20:00,ENTRY_TOUCHED,0.05,1.80
2021-01-04 06:42:00,th_1de6b90c3de92f9d,cand_M3_th_1de6b90c3de92f9d_2021-01-04 06:42:00,pass_c49cfa3ef6c8a528,LONG,M30,M3,1833.40,1823.40,1853.40,ENTRY_TOUCHED,2021-01-04 06:42:00,2021-01-04 09:20:00,ENTRY_TOUCHED,0.05,1.80
2021-01-04 06:42:00,th_ec561c13dfa995be,cand_M3_th_ec561c13dfa995be_2021-01-04 06:42:00,pass_bf7fcb8bd49f9621,LONG,M30,M3,1833.40,1823.40,1853.40,ENTRY_TOUCHED,2021-01-04 06:42:00,2021-01-04 09:20:00,ENTRY_TOUCHED,0.05,1.80
2021-01-04 06:42:00,th_a8e2cd8e2710a9e1,cand_M3_th_a8e2cd8e2710a9e1_2021-01-04 06:42:00,pass_7b70c63fb27faa3b,LONG,M30,M3,1833.40,1823.40,1853.40,ENTRY_TOUCHED,2021-01-04 06:42:00,2021-01-04 09:20:00,ENTRY_TOUCHED,0.05,1.80
2021-01-04 06:42:00,th_54d643bf03d15a1f,cand_M3_th_54d643bf03d15a1f_2021-01-04 06:42:00,pass_7229cbd787623f89,LONG,M30,M3,1833.40,1823.40,1853.40,ENTRY_TOUCHED,2021-01-04 06:42:00,2021-01-04 09:20:00,ENTRY_TOUCHED,0.05,1.80
2021-01-04 06:42:00,th_0cc920c90f7154b4,cand_M3_th_0cc920c90f7154b4_2021-01-04 06:42:00,pass_0d13902a716646a5,LONG,M30,M3,1833.40,1823.40,1853.40,ENTRY_TOUCHED,2021-01-04 06:42:00,2021-01-04 09:20:00,ENTRY_TOUCHED,0.05,1.80
2021-01-04 06:45:00,th_c6a3fea6cfabf2b7,cand_M5_th_c6a3fea6cfabf2b7_2021-01-04 06:45:00,pass_4c8c428eb0d1e610,LONG,M30,M5,1833.70,1823.70,1853.70,ENTRY_TOUCHED,2021-01-04 06:45:00,2021-01-04 09:20:00,ENTRY_TOUCHED,0.05,1.77
2021-01-04 06:45:00,th_ab2b87b6a68aba30,cand_M5_th_ab2b87b6a68aba30_2021-01-04 06:45:00,pass_01b4e69c305ffcfe,LONG,M30,M5,1833.70,1823.70,1853.70,ENTRY_TOUCHED,2021-01-04 06:45:00,2021-01-04 09:20:00,ENTRY_TOUCHED,0.05,1.77
2021-01-04 06:45:00,th_19305dc78a364622,cand_M5_th_19305dc78a364622_2021-01-04 06:45:00,pass_1067b0b0a88c2c5c,LONG,M30,M5,1833.70,1823.70,1853.70,ENTRY_TOUCHED,2021-01-04 06:45:00,2021-01-04 09:20:00,ENTRY_TOUCHED,0.05,1.77
2021-01-04 06:45:00,th_e9804d1bd00856fe,cand_M5_th_e9804d1bd00856fe_2021-01-04 06:45:00,pass_fbd71d6b003eef7b,LONG,M30,M5,1833.70,1823.70,1853.70,ENTRY_TOUCHED,2021-01-04 06:45:00,2021-01-04 09:20:00,ENTRY_TOUCHED,0.05,1.77
2021-01-04 06:45:00,th_748ea98708c94abb,cand_M5_th_748ea98708c94abb_2021-01-04 06:45:00,pass_0da643e86a5f86b6,LONG,M30,M5,1833.70,1823.70,1853.70,ENTRY_TOUCHED,2021-01-04 06:45:00,2021-01-04 09:20:00,ENTRY_TOUCHED,0.05,1.77
2021-01-04 06:45:00,th_818f74a02dbe690b,cand_M5_th_818f74a02dbe690b_2021-01-04 06:45:00,pass_6e087a4fc79f90c9,LONG,M30,M5,1833.70,1823.70,1853.70,ENTRY_TOUCHED,2021-01-04 06:45:00,2021-01-04 09:20:00,ENTRY_TOUCHED,0.05,1.77
2021-01-04 06:45:00,th_1de6b90c3de92f9d,cand_M5_th_1de6b90c3de92f9d_2021-01-04 06:45:00,pass_0c3b225f11111bdd,LONG,M30,M5,1833.70,1823.70,1853.70,ENTRY_TOUCHED,2021-01-04 06:45:00,2021-01-04 09:20:00,ENTRY_TOUCHED,0.05,1.77
2021-01-04 06:45:00,th_ec561c13dfa995be,cand_M5_th_ec561c13dfa995be_2021-01-04 06:45:00,pass_218fdc6008f8d2e2,LONG,M30,M5,1833.70,1823.70,1853.70,ENTRY_TOUCHED,2021-01-04 06:45:00,2021-01-04 09:20:00,ENTRY_TOUCHED,0.05,1.77
2021-01-04 06:45:00,th_a8e2cd8e2710a9e1,cand_M5_th_a8e2cd8e2710a9e1_2021-01-04 06:45:00,pass_6f79865011fd3ff3,LONG,M30,M5,1833.70,1823.70,1853.70,ENTRY_TOUCHED,2021-01-04 06:45:00,2021-01-04 09:20:00,ENTRY_TOUCHED,0.05,1.77
2021-01-04 06:45:00,th_54d643bf03d15a1f,cand_M5_th_54d643bf03d15a1f_2021-01-04 06:45:00,pass_d5b266aa21eba00a,LONG,M30,M5,1833.70,1823.70,1853.70,ENTRY_TOUCHED,2021-01-04 06:45:00,2021-01-04 09:20:00,ENTRY_TOUCHED,0.05,1.77
2021-01-04 06:45:00,th_0cc920c90f7154b4,cand_M5_th_0cc920c90f7154b4_2021-01-04 06:45:00,pass_f954d00c686898c0,LONG,M30,M5,1833.70,1823.70,1853.70,ENTRY_TOUCHED,2021-01-04 06:45:00,2021-01-04 09:20:00,ENTRY_TOUCHED,0.05,1.77
2021-01-04 06:45:00,th_c6a3fea6cfabf2b7,cand_M3_th_c6a3fea6cfabf2b7_2021-01-04 06:45:00,pass_e5bfbb4556f80ff7,LONG,M30,M3,1833.70,1823.70,1853.70,ENTRY_TOUCHED,2021-01-04 06:45:00,2021-01-04 09:20:00,ENTRY_TOUCHED,0.05,1.77
2021-01-04 06:45:00,th_ab2b87b6a68aba30,cand_M3_th_ab2b87b6a68aba30_2021-01-04 06:45:00,pass_60bfdd0567c046ce,LONG,M30,M3,1833.70,1823.70,1853.70,ENTRY_TOUCHED,2021-01-04 06:45:00,2021-01-04 09:20:00,ENTRY_TOUCHED,0.05,1.77
2021-01-04 06:45:00,th_19305dc78a364622,cand_M3_th_19305dc78a364622_2021-01-04 06:45:00,pass_aa8784c315330423,LONG,M30,M3,1833.70,1823.70,1853.70,ENTRY_TOUCHED,2021-01-04 06:45:00,2021-01-04 09:20:00,ENTRY_TOUCHED,0.05,1.77
2021-01-04 06:45:00,th_e9804d1bd00856fe,cand_M3_th_e9804d1bd00856fe_2021-01-04 06:45:00,pass_fd8f56bbe85ae90c,LONG,M30,M3,1833.70,1823.70,1853.70,ENTRY_TOUCHED,2021-01-04 06:45:00,2021-01-04 09:20:00,ENTRY_TOUCHED,0.05,1.77
2021-01-04 06:45:00,th_748ea98708c94abb,cand_M3_th_748ea98708c94abb_2021-01-04 06:45:00,pass_c8d1ad35e6c699c2,LONG,M30,M3,1833.70,1823.70,1853.70,ENTRY_TOUCHED,2021-01-04 06:45:00,2021-01-04 09:20:00,ENTRY_TOUCHED,0.05,1.77
2021-01-04 06:45:00,th_818f74a02dbe690b,cand_M3_th_818f74a02dbe690b_2021-01-04 06:45:00,pass_b91b8798883e82a4,LONG,M30,M3,1833.70,1823.70,1853.70,ENTRY_TOUCHED,2021-01-04 06:45:00,2021-01-04 09:20:00,ENTRY_TOUCHED,0.05,1.77
2021-01-04 06:45:00,th_1de6b90c3de92f9d,cand_M3_th_1de6b90c3de92f9d_2021-01-04 06:45:00,pass_358911fb033c33e9,LONG,M30,M3,1833.70,1823.70,1853.70,ENTRY_TOUCHED,2021-01-04 06:45:00,2021-01-04 09:20:00,ENTRY_TOUCHED,0.05,1.77
2021-01-04 06:45:00,th_ec561c13dfa995be,cand_M3_th_ec561c13dfa995be_2021-01-04 06:45:00,pass_a5ce39dd21b04295,LONG,M30,M3,1833.70,1823.70,1853.70,ENTRY_TOUCHED,2021-01-04 06:45:00,2021-01-04 09:20:00,ENTRY_TOUCHED,0.05,1.77
2021-01-04 06:45:00,th_a8e2cd8e2710a9e1,cand_M3_th_a8e2cd8e2710a9e1_2021-01-04 06:45:00,pass_7cb72b2cb2f990dc,LONG,M30,M3,1833.70,1823.70,1853.70,ENTRY_TOUCHED,2021-01-04 06:45:00,2021-01-04 09:20:00,ENTRY_TOUCHED,0.05,1.77
2021-01-04 06:45:00,th_54d643bf03d15a1f,cand_M3_th_54d643bf03d15a1f_2021-01-04 06:45:00,pass_dcfaabbd382e560d,LONG,M30,M3,1833.70,1823.70,1853.70,ENTRY_TOUCHED,2021-01-04 06:45:00,2021-01-04 09:20:00,ENTRY_TOUCHED,0.05,1.77
2021-01-04 06:45:00,th_0cc920c90f7154b4,cand_M3_th_0cc920c90f7154b4_2021-01-04 06:45:00,pass_c959a02123d59160,LONG,M30,M3,1833.70,1823.70,1853.70,ENTRY_TOUCHED,2021-01-04 06:45:00,2021-01-04 09:20:00,ENTRY_TOUCHED,0.05,1.77
2021-01-04 06:48:00,th_c6a3fea6cfabf2b7,cand_M3_th_c6a3fea6cfabf2b7_2021-01-04 06:48:00,pass_ecf03c72dcea324d,LONG,M30,M3,1834.00,1824.00,1854.00,ENTRY_TOUCHED,2021-01-04 06:48:00,2021-01-04 09:20:00,ENTRY_TOUCHED,0.05,1.74
2021-01-04 06:48:00,th_ab2b87b6a68aba30,cand_M3_th_ab2b87b6a68aba30_2021-01-04 06:48:00,pass_735ceb1c42414edc,LONG,M30,M3,1834.00,1824.00,1854.00,ENTRY_TOUCHED,2021-01-04 06:48:00,2021-01-04 09:20:00,ENTRY_TOUCHED,0.05,1.74
2021-01-04 06:48:00,th_19305dc78a364622,cand_M3_th_19305dc78a364622_2021-01-04 06:48:00,pass_f543f1ad91bcae04,LONG,M30,M3,1834.00,1824.00,1854.00,ENTRY_TOUCHED,2021-01-04 06:48:00,2021-01-04 09:20:00,ENTRY_TOUCHED,0.05,1.74
2021-01-04 06:48:00,th_e9804d1bd00856fe,cand_M3_th_e9804d1bd00856fe_2021-01-04 06:48:00,pass_5be5df977af9720d,LONG,M30,M3,1834.00,1824.00,1854.00,ENTRY_TOUCHED,2021-01-04 06:48:00,2021-01-04 09:20:00,ENTRY_TOUCHED,0.05,1.74
2021-01-04 06:48:00,th_748ea98708c94abb,cand_M3_th_748ea98708c94abb_2021-01-04 06:48:00,pass_f81313d343d50abd,LONG,M30,M3,1834.00,1824.00,1854.00,ENTRY_TOUCHED,2021-01-04 06:48:00,2021-01-04 09:20:00,ENTRY_TOUCHED,0.05,1.74
2021-01-04 06:48:00,th_818f74a02dbe690b,cand_M3_th_818f74a02dbe690b_2021-01-04 06:48:00,pass_68cb15948778fef4,LONG,M30,M3,1834.00,1824.00,1854.00,ENTRY_TOUCHED,2021-01-04 06:48:00,2021-01-04 09:20:00,ENTRY_TOUCHED,0.05,1.74
2021-01-04 06:48:00,th_1de6b90c3de92f9d,cand_M3_th_1de6b90c3de92f9d_2021-01-04 06:48:00,pass_0161dd6baaea2ada,LONG,M30,M3,1834.00,1824.00,1854.00,ENTRY_TOUCHED,2021-01-04 06:48:00,2021-01-04 09:20:00,ENTRY_TOUCHED,0.05,1.74
2021-01-04 06:48:00,th_ec561c13dfa995be,cand_M3_th_ec561c13dfa995be_2021-01-04 06:48:00,pass_473f2417cfd2ef8f,LONG,M30,M3,1834.00,1824.00,1854.00,ENTRY_TOUCHED,2021-01-04 06:48:00,2021-01-04 09:20:00,ENTRY_TOUCHED,0.05,1.74
2021-01-04 06:48:00,th_a8e2cd8e2710a9e1,cand_M3_th_a8e2cd8e2710a9e1_2021-01-04 06:48:00,pass_9c48cb3124b0a717,LONG,M30,M3,1834.00,1824.00,1854.00,ENTRY_TOUCHED,2021-01-04 06:48:00,2021-01-04 09:20:00,ENTRY_TOUCHED,0.05,1.74
2021-01-04 06:48:00,th_54d643bf03d15a1f,cand_M3_th_54d643bf03d15a1f_2021-01-04 06:48:00,pass_3f66833e2f91bd15,LONG,M30,M3,1834.00,1824.00,1854.00,ENTRY_TOUCHED,2021-01-04 06:48:00,2021-01-04 09:20:00,ENTRY_TOUCHED,0.05,1.74
2021-01-04 06:48:00,th_0cc920c90f7154b4,cand_M3_th_0cc920c90f7154b4_2021-01-04 06:48:00,pass_37a448b9431f9eb4,LONG,M30,M3,1834.00,1824.00,1854.00,ENTRY_TOUCHED,2021-01-04 06:48:00,2021-01-04 09:20:00,ENTRY_TOUCHED,0.05,1.74
2021-01-04 06:50:00,th_c6a3fea6cfabf2b7,cand_M5_th_c6a3fea6cfabf2b7_2021-01-04 06:50:00,pass_993d70c895bb2a7b,LONG,M30,M5,1834.20,1824.20,1854.20,ENTRY_TOUCHED,2021-01-04 06:50:00,2021-01-04 09:20:00,ENTRY_TOUCHED,0.05,1.72
2021-01-04 06:50:00,th_ab2b87b6a68aba30,cand_M5_th_ab2b87b6a68aba30_2021-01-04 06:50:00,pass_97e0789255caa321,LONG,M30,M5,1834.20,1824.20,1854.20,ENTRY_TOUCHED,2021-01-04 06:50:00,2021-01-04 09:20:00,ENTRY_TOUCHED,0.05,1.72
2021-01-04 06:50:00,th_19305dc78a364622,cand_M5_th_19305dc78a364622_2021-01-04 06:50:00,pass_e8e8cf3f4e27c078,LONG,M30,M5,1834.20,1824.20,1854.20,ENTRY_TOUCHED,2021-01-04 06:50:00,2021-01-04 09:20:00,ENTRY_TOUCHED,0.05,1.72
2021-01-04 06:50:00,th_e9804d1bd00856fe,cand_M5_th_e9804d1bd00856fe_2021-01-04 06:50:00,pass_dae65f44c3ed67a1,LONG,M30,M5,1834.20,1824.20,1854.20,ENTRY_TOUCHED,2021-01-04 06:50:00,2021-01-04 09:20:00,ENTRY_TOUCHED,0.05,1.72
2021-01-04 06:50:00,th_748ea98708c94abb,cand_M5_th_748ea98708c94abb_2021-01-04 06:50:00,pass_9680c36e0f20a394,LONG,M30,M5,1834.20,1824.20,1854.20,ENTRY_TOUCHED,2021-01-04 06:50:00,2021-01-04 09:20:00,ENTRY_TOUCHED,0.05,1.72
2021-01-04 06:50:00,th_818f74a02dbe690b,cand_M5_th_818f74a02dbe690b_2021-01-04 06:50:00,pass_d8ab6ee98b4f0c7f,LONG,M30,M5,1834.20,1824.20,1854.20,ENTRY_TOUCHED,2021-01-04 06:50:00,2021-01-04 09:20:00,ENTRY_TOUCHED,0.05,1.72
2021-01-04 06:50:00,th_1de6b90c3de92f9d,cand_M5_th_1de6b90c3de92f9d_2021-01-04 06:50:00,pass_c646169e27dccdfc,LONG,M30,M5,1834.20,1824.20,1854.20,ENTRY_TOUCHED,2021-01-04 06:50:00,2021-01-04 09:20:00,ENTRY_TOUCHED,0.05,1.72
2021-01-04 06:50:00,th_ec561c13dfa995be,cand_M5_th_ec561c13dfa995be_2021-01-04 06:50:00,pass_208e20f2d24f1164,LONG,M30,M5,1834.20,1824.20,1854.20,ENTRY_TOUCHED,2021-01-04 06:50:00,2021-01-04 09:20:00,ENTRY_TOUCHED,0.05,1.72
2021-01-04 06:50:00,th_a8e2cd8e2710a9e1,cand_M5_th_a8e2cd8e2710a9e1_2021-01-04 06:50:00,pass_6e0799a4ea3df7f1,LONG,M30,M5,1834.20,1824.20,1854.20,ENTRY_TOUCHED,2021-01-04 06:50:00,2021-01-04 09:20:00,ENTRY_TOUCHED,0.05,1.72
2021-01-04 06:50:00,th_54d643bf03d15a1f,cand_M5_th_54d643bf03d15a1f_2021-01-04 06:50:00,pass_5c8a6f3154adf3a4,LONG,M30,M5,1834.20,1824.20,1854.20,ENTRY_TOUCHED,2021-01-04 06:50:00,2021-01-04 09:20:00,ENTRY_TOUCHED,0.05,1.72
2021-01-04 06:50:00,th_0cc920c90f7154b4,cand_M5_th_0cc920c90f7154b4_2021-01-04 06:50:00,pass_9d3fb58d3d429471,LONG,M30,M5,1834.20,1824.20,1854.20,ENTRY_TOUCHED,2021-01-04 06:50:00,2021-01-04 09:20:00,ENTRY_TOUCHED,0.05,1.72
2021-01-04 06:51:00,th_c6a3fea6cfabf2b7,cand_M3_th_c6a3fea6cfabf2b7_2021-01-04 06:51:00,pass_153a04cf37a4274c,LONG,M30,M3,1834.30,1824.30,1854.30,ENTRY_TOUCHED,2021-01-04 06:51:00,2021-01-04 09:20:00,ENTRY_TOUCHED,0.05,1.71
2021-01-04 06:51:00,th_ab2b87b6a68aba30,cand_M3_th_ab2b87b6a68aba30_2021-01-04 06:51:00,pass_3880c01e58a624cd,LONG,M30,M3,1834.30,1824.30,1854.30,ENTRY_TOUCHED,2021-01-04 06:51:00,2021-01-04 09:20:00,ENTRY_TOUCHED,0.05,1.71
2021-01-04 06:51:00,th_19305dc78a364622,cand_M3_th_19305dc78a364622_2021-01-04 06:51:00,pass_7c8488ff3bb191c5,LONG,M30,M3,1834.30,1824.30,1854.30,ENTRY_TOUCHED,2021-01-04 06:51:00,2021-01-04 09:20:00,ENTRY_TOUCHED,0.05,1.71
2021-01-04 06:51:00,th_e9804d1bd00856fe,cand_M3_th_e9804d1bd00856fe_2021-01-04 06:51:00,pass_3ab990b71fa86197,LONG,M30,M3,1834.30,1824.30,1854.30,ENTRY_TOUCHED,2021-01-04 06:51:00,2021-01-04 09:20:00,ENTRY_TOUCHED,0.05,1.71
2021-01-04 06:51:00,th_748ea98708c94abb,cand_M3_th_748ea98708c94abb_2021-01-04 06:51:00,pass_4c561c65666e6698,LONG,M30,M3,1834.30,1824.30,1854.30,ENTRY_TOUCHED,2021-01-04 06:51:00,2021-01-04 09:20:00,ENTRY_TOUCHED,0.05,1.71
2021-01-04 06:51:00,th_818f74a02dbe690b,cand_M3_th_818f74a02dbe690b_2021-01-04 06:51:00,pass_c478f6295f225cb0,LONG,M30,M3,1834.30,1824.30,1854.30,ENTRY_TOUCHED,2021-01-04 06:51:00,2021-01-04 09:20:00,ENTRY_TOUCHED,0.05,1.71
2021-01-04 06:51:00,th_1de6b90c3de92f9d,cand_M3_th_1de6b90c3de92f9d_2021-01-04 06:51:00,pass_10fa0f49edc38db7,LONG,M30,M3,1834.30,1824.30,1854.30,ENTRY_TOUCHED,2021-01-04 06:51:00,2021-01-04 09:20:00,ENTRY_TOUCHED,0.05,1.71
2021-01-04 06:51:00,th_ec561c13dfa995be,cand_M3_th_ec561c13dfa995be_2021-01-04 06:51:00,pass_b47d9a16a0018bdf,LONG,M30,M3,1834.30,1824.30,1854.30,ENTRY_TOUCHED,2021-01-04 06:51:00,2021-01-04 09:20:00,ENTRY_TOUCHED,0.05,1.71
2021-01-04 06:51:00,th_a8e2cd8e2710a9e1,cand_M3_th_a8e2cd8e2710a9e1_2021-01-04 06:51:00,pass_3970dad6e7d91818,LONG,M30,M3,1834.30,1824.30,1854.30,ENTRY_TOUCHED,2021-01-04 06:51:00,2021-01-04 09:20:00,ENTRY_TOUCHED,0.05,1.71
2021-01-04 06:51:00,th_54d643bf03d15a1f,cand_M3_th_54d643bf03d15a1f_2021-01-04 06:51:00,pass_7e380ccbac8f5f08,LONG,M30,M3,1834.30,1824.30,1854.30,ENTRY_TOUCHED,2021-01-04 06:51:00,2021-01-04 09:20:00,ENTRY_TOUCHED,0.05,1.71
2021-01-04 06:51:00,th_0cc920c90f7154b4,cand_M3_th_0cc920c90f7154b4_2021-01-04 06:51:00,pass_883244227e1b0880,LONG,M30,M3,1834.30,1824.30,1854.30,ENTRY_TOUCHED,2021-01-04 06:51:00,2021-01-04 09:20:00,ENTRY_TOUCHED,0.05,1.71
2021-01-04 06:54:00,th_c6a3fea6cfabf2b7,cand_M3_th_c6a3fea6cfabf2b7_2021-01-04 06:54:00,pass_464bc619a22d6be3,LONG,M30,M3,1834.60,1824.60,1854.60,ENTRY_TOUCHED,2021-01-04 06:54:00,2021-01-04 09:20:00,ENTRY_TOUCHED,0.05,1.68
2021-01-04 06:54:00,th_ab2b87b6a68aba30,cand_M3_th_ab2b87b6a68aba30_2021-01-04 06:54:00,pass_0679093974ca3d98,LONG,M30,M3,1834.60,1824.60,1854.60,ENTRY_TOUCHED,2021-01-04 06:54:00,2021-01-04 09:20:00,ENTRY_TOUCHED,0.05,1.68
2021-01-04 06:54:00,th_19305dc78a364622,cand_M3_th_19305dc78a364622_2021-01-04 06:54:00,pass_a3c5f4aaee09ca96,LONG,M30,M3,1834.60,1824.60,1854.60,ENTRY_TOUCHED,2021-01-04 06:54:00,2021-01-04 09:20:00,ENTRY_TOUCHED,0.05,1.68
2021-01-04 06:54:00,th_e9804d1bd00856fe,cand_M3_th_e9804d1bd00856fe_2021-01-04 06:54:00,pass_bc9c3f435f604eb7,LONG,M30,M3,1834.60,1824.60,1854.60,ENTRY_TOUCHED,2021-01-04 06:54:00,2021-01-04 09:20:00,ENTRY_TOUCHED,0.05,1.68
2021-01-04 06:54:00,th_748ea98708c94abb,cand_M3_th_748ea98708c94abb_2021-01-04 06:54:00,pass_20dbb38aaae3d5c0,LONG,M30,M3,1834.60,1824.60,1854.60,ENTRY_TOUCHED,2021-01-04 06:54:00,2021-01-04 09:20:00,ENTRY_TOUCHED,0.05,1.68
2021-01-04 06:54:00,th_818f74a02dbe690b,cand_M3_th_818f74a02dbe690b_2021-01-04 06:54:00,pass_0f8fc76f2c69b69b,LONG,M30,M3,1834.60,1824.60,1854.60,ENTRY_TOUCHED,2021-01-04 06:54:00,2021-01-04 09:20:00,ENTRY_TOUCHED,0.05,1.68
2021-01-04 06:54:00,th_1de6b90c3de92f9d,cand_M3_th_1de6b90c3de92f9d_2021-01-04 06:54:00,pass_f7602a7ab9ab8578,LONG,M30,M3,1834.60,1824.60,1854.60,ENTRY_TOUCHED,2021-01-04 06:54:00,2021-01-04 09:20:00,ENTRY_TOUCHED,0.05,1.68
2021-01-04 06:54:00,th_ec561c13dfa995be,cand_M3_th_ec561c13dfa995be_2021-01-04 06:54:00,pass_fed4aa1f1771dccb,LONG,M30,M3,1834.60,1824.60,1854.60,ENTRY_TOUCHED,2021-01-04 06:54:00,2021-01-04 09:20:00,ENTRY_TOUCHED,0.05,1.68
2021-01-04 06:54:00,th_a8e2cd8e2710a9e1,cand_M3_th_a8e2cd8e2710a9e1_2021-01-04 06:54:00,pass_17052379bd8a8a19,LONG,M30,M3,1834.60,1824.60,1854.60,ENTRY_TOUCHED,2021-01-04 06:54:00,2021-01-04 09:20:00,ENTRY_TOUCHED,0.05,1.68
2021-01-04 06:54:00,th_54d643bf03d15a1f,cand_M3_th_54d643bf03d15a1f_2021-01-04 06:54:00,pass_e68a90c3285ceb7f,LONG,M30,M3,1834.60,1824.60,1854.60,ENTRY_TOUCHED,2021-01-04 06:54:00,2021-01-04 09:20:00,ENTRY_TOUCHED,0.05,1.68
2021-01-04 06:54:00,th_0cc920c90f7154b4,cand_M3_th_0cc920c90f7154b4_2021-01-04 06:54:00,pass_b38549b9268c21ef,LONG,M30,M3,1834.60,1824.60,1854.60,ENTRY_TOUCHED,2021-01-04 06:54:00,2021-01-04 09:20:00,ENTRY_TOUCHED,0.05,1.68
2021-01-04 06:55:00,th_c6a3fea6cfabf2b7,cand_M5_th_c6a3fea6cfabf2b7_2021-01-04 06:55:00,pass_ccaf8ed34399a3d0,LONG,M30,M5,1834.70,1824.70,1854.70,ENTRY_TOUCHED,2021-01-04 06:55:00,2021-01-04 09:20:00,ENTRY_TOUCHED,0.05,1.67
2021-01-04 06:55:00,th_ab2b87b6a68aba30,cand_M5_th_ab2b87b6a68aba30_2021-01-04 06:55:00,pass_a21264dbba6d0677,LONG,M30,M5,1834.70,1824.70,1854.70,ENTRY_TOUCHED,2021-01-04 06:55:00,2021-01-04 09:20:00,ENTRY_TOUCHED,0.05,1.67
2021-01-04 06:55:00,th_19305dc78a364622,cand_M5_th_19305dc78a364622_2021-01-04 06:55:00,pass_98fbe2690897ddc5,LONG,M30,M5,1834.70,1824.70,1854.70,ENTRY_TOUCHED,2021-01-04 06:55:00,2021-01-04 09:20:00,ENTRY_TOUCHED,0.05,1.67
2021-01-04 06:55:00,th_e9804d1bd00856fe,cand_M5_th_e9804d1bd00856fe_2021-01-04 06:55:00,pass_061b54b233787a49,LONG,M30,M5,1834.70,1824.70,1854.70,ENTRY_TOUCHED,2021-01-04 06:55:00,2021-01-04 09:20:00,ENTRY_TOUCHED,0.05,1.67
2021-01-04 06:55:00,th_748ea98708c94abb,cand_M5_th_748ea98708c94abb_2021-01-04 06:55:00,pass_a9e6391034ab00e2,LONG,M30,M5,1834.70,1824.70,1854.70,ENTRY_TOUCHED,2021-01-04 06:55:00,2021-01-04 09:20:00,ENTRY_TOUCHED,0.05,1.67
2021-01-04 06:55:00,th_818f74a02dbe690b,cand_M5_th_818f74a02dbe690b_2021-01-04 06:55:00,pass_2e3f6e85aecaa58e,LONG,M30,M5,1834.70,1824.70,1854.70,ENTRY_TOUCHED,2021-01-04 06:55:00,2021-01-04 09:20:00,ENTRY_TOUCHED,0.05,1.67
2021-01-04 06:55:00,th_1de6b90c3de92f9d,cand_M5_th_1de6b90c3de92f9d_2021-01-04 06:55:00,pass_d1cb297bc2ea0e40,LONG,M30,M5,1834.70,1824.70,1854.70,ENTRY_TOUCHED,2021-01-04 06:55:00,2021-01-04 09:20:00,ENTRY_TOUCHED,0.05,1.67
2021-01-04 06:55:00,th_ec561c13dfa995be,cand_M5_th_ec561c13dfa995be_2021-01-04 06:55:00,pass_a76f582f5a6d29e7,LONG,M30,M5,1834.70,1824.70,1854.70,ENTRY_TOUCHED,2021-01-04 06:55:00,2021-01-04 09:20:00,ENTRY_TOUCHED,0.05,1.67
2021-01-04 06:55:00,th_a8e2cd8e2710a9e1,cand_M5_th_a8e2cd8e2710a9e1_2021-01-04 06:55:00,pass_456268d9be04379a,LONG,M30,M5,1834.70,1824.70,1854.70,ENTRY_TOUCHED,2021-01-04 06:55:00,2021-01-04 09:20:00,ENTRY_TOUCHED,0.05,1.67
2021-01-04 06:55:00,th_54d643bf03d15a1f,cand_M5_th_54d643bf03d15a1f_2021-01-04 06:55:00,pass_3d3b8ab53d2b5436,LONG,M30,M5,1834.70,1824.70,1854.70,ENTRY_TOUCHED,2021-01-04 06:55:00,2021-01-04 09:20:00,ENTRY_TOUCHED,0.05,1.67
2021-01-04 06:55:00,th_0cc920c90f7154b4,cand_M5_th_0cc920c90f7154b4_2021-01-04 06:55:00,pass_b87d06554f934b13,LONG,M30,M5,1834.70,1824.70,1854.70,ENTRY_TOUCHED,2021-01-04 06:55:00,2021-01-04 09:20:00,ENTRY_TOUCHED,0.05,1.67
2021-01-04 06:57:00,th_c6a3fea6cfabf2b7,cand_M3_th_c6a3fea6cfabf2b7_2021-01-04 06:57:00,pass_4809cebcaca60b7e,LONG,M30,M3,1834.90,1824.90,1854.90,ENTRY_TOUCHED,2021-01-04 06:57:00,2021-01-04 09:20:00,ENTRY_TOUCHED,0.05,1.65
2021-01-04 06:57:00,th_ab2b87b6a68aba30,cand_M3_th_ab2b87b6a68aba30_2021-01-04 06:57:00,pass_78f0e265c8db3962,LONG,M30,M3,1834.90,1824.90,1854.90,ENTRY_TOUCHED,2021-01-04 06:57:00,2021-01-04 09:20:00,ENTRY_TOUCHED,0.05,1.65
2021-01-04 06:57:00,th_19305dc78a364622,cand_M3_th_19305dc78a364622_2021-01-04 06:57:00,pass_45d215a8ae2fd7f7,LONG,M30,M3,1834.90,1824.90,1854.90,ENTRY_TOUCHED,2021-01-04 06:57:00,2021-01-04 09:20:00,ENTRY_TOUCHED,0.05,1.65
2021-01-04 06:57:00,th_e9804d1bd00856fe,cand_M3_th_e9804d1bd00856fe_2021-01-04 06:57:00,pass_c46dde275c59ca02,LONG,M30,M3,1834.90,1824.90,1854.90,ENTRY_TOUCHED,2021-01-04 06:57:00,2021-01-04 09:20:00,ENTRY_TOUCHED,0.05,1.65
2021-01-04 06:57:00,th_748ea98708c94abb,cand_M3_th_748ea98708c94abb_2021-01-04 06:57:00,pass_89a4d178bb03298d,LONG,M30,M3,1834.90,1824.90,1854.90,ENTRY_TOUCHED,2021-01-04 06:57:00,2021-01-04 09:20:00,ENTRY_TOUCHED,0.05,1.65
2021-01-04 06:57:00,th_818f74a02dbe690b,cand_M3_th_818f74a02dbe690b_2021-01-04 06:57:00,pass_23790d9745719bef,LONG,M30,M3,1834.90,1824.90,1854.90,ENTRY_TOUCHED,2021-01-04 06:57:00,2021-01-04 09:20:00,ENTRY_TOUCHED,0.05,1.65
2021-01-04 06:57:00,th_1de6b90c3de92f9d,cand_M3_th_1de6b90c3de92f9d_2021-01-04 06:57:00,pass_c25cdc433f12a4fa,LONG,M30,M3,1834.90,1824.90,1854.90,ENTRY_TOUCHED,2021-01-04 06:57:00,2021-01-04 09:20:00,ENTRY_TOUCHED,0.05,1.65
2021-01-04 06:57:00,th_ec561c13dfa995be,cand_M3_th_ec561c13dfa995be_2021-01-04 06:57:00,pass_370d084d2fa1fbff,LONG,M30,M3,1834.90,1824.90,1854.90,ENTRY_TOUCHED,2021-01-04 06:57:00,2021-01-04 09:20:00,ENTRY_TOUCHED,0.05,1.65
2021-01-04 06:57:00,th_a8e2cd8e2710a9e1,cand_M3_th_a8e2cd8e2710a9e1_2021-01-04 06:57:00,pass_bbc6de5088d2f3d6,LONG,M30,M3,1834.90,1824.90,1854.90,ENTRY_TOUCHED,2021-01-04 06:57:00,2021-01-04 09:20:00,ENTRY_TOUCHED,0.05,1.65
2021-01-04 06:57:00,th_54d643bf03d15a1f,cand_M3_th_54d643bf03d15a1f_2021-01-04 06:57:00,pass_240dd8a7de8b03c3,LONG,M30,M3,1834.90,1824.90,1854.90,ENTRY_TOUCHED,2021-01-04 06:57:00,2021-01-04 09:20:00,ENTRY_TOUCHED,0.05,1.65
2021-01-04 06:57:00,th_0cc920c90f7154b4,cand_M3_th_0cc920c90f7154b4_2021-01-04 06:57:00,pass_38deae4204c930aa,LONG,M30,M3,1834.90,1824.90,1854.90,ENTRY_TOUCHED,2021-01-04 06:57:00,2021-01-04 09:20:00,ENTRY_TOUCHED,0.05,1.65
2021-01-04 07:00:00,th_c6a3fea6cfabf2b7,cand_M5_th_c6a3fea6cfabf2b7_2021-01-04 07:00:00,pass_e9dcb6632010e8d7,LONG,M30,M5,1835.20,1825.20,1855.20,ENTRY_TOUCHED,2021-01-04 07:00:00,2021-01-04 09:20:00,ENTRY_TOUCHED,0.05,1.62
2021-01-04 07:00:00,th_ab2b87b6a68aba30,cand_M5_th_ab2b87b6a68aba30_2021-01-04 07:00:00,pass_8d1f12cd772dccb1,LONG,M30,M5,1835.20,1825.20,1855.20,ENTRY_TOUCHED,2021-01-04 07:00:00,2021-01-04 09:20:00,ENTRY_TOUCHED,0.05,1.62
2021-01-04 07:00:00,th_19305dc78a364622,cand_M5_th_19305dc78a364622_2021-01-04 07:00:00,pass_3ae7fddfeec21761,LONG,M30,M5,1835.20,1825.20,1855.20,ENTRY_TOUCHED,2021-01-04 07:00:00,2021-01-04 09:20:00,ENTRY_TOUCHED,0.05,1.62
2021-01-04 07:00:00,th_e9804d1bd00856fe,cand_M5_th_e9804d1bd00856fe_2021-01-04 07:00:00,pass_4dd1f323a4808327,LONG,M30,M5,1835.20,1825.20,1855.20,ENTRY_TOUCHED,2021-01-04 07:00:00,2021-01-04 09:20:00,ENTRY_TOUCHED,0.05,1.62
2021-01-04 07:00:00,th_748ea98708c94abb,cand_M5_th_748ea98708c94abb_2021-01-04 07:00:00,pass_d2710f758bc56266,LONG,M30,M5,1835.20,1825.20,1855.20,ENTRY_TOUCHED,2021-01-04 07:00:00,2021-01-04 09:20:00,ENTRY_TOUCHED,0.05,1.62
2021-01-04 07:00:00,th_818f74a02dbe690b,cand_M5_th_818f74a02dbe690b_2021-01-04 07:00:00,pass_3cca645d0d30ae5b,LONG,M30,M5,1835.20,1825.20,1855.20,ENTRY_TOUCHED,2021-01-04 07:00:00,2021-01-04 09:20:00,ENTRY_TOUCHED,0.05,1.62
2021-01-04 07:00:00,th_1de6b90c3de92f9d,cand_M5_th_1de6b90c3de92f9d_2021-01-04 07:00:00,pass_1269ea1c415221ea,LONG,M30,M5,1835.20,1825.20,1855.20,ENTRY_TOUCHED,2021-01-04 07:00:00,2021-01-04 09:20:00,ENTRY_TOUCHED,0.05,1.62
2021-01-04 07:00:00,th_ec561c13dfa995be,cand_M5_th_ec561c13dfa995be_2021-01-04 07:00:00,pass_2693f9f7719c3af4,LONG,M30,M5,1835.20,1825.20,1855.20,ENTRY_TOUCHED,2021-01-04 07:00:00,2021-01-04 09:20:00,ENTRY_TOUCHED,0.05,1.62
2021-01-04 07:00:00,th_a8e2cd8e2710a9e1,cand_M5_th_a8e2cd8e2710a9e1_2021-01-04 07:00:00,pass_b3f5db33090ec15d,LONG,M30,M5,1835.20,1825.20,1855.20,ENTRY_TOUCHED,2021-01-04 07:00:00,2021-01-04 09:20:00,ENTRY_TOUCHED,0.05,1.62
2021-01-04 07:00:00,th_54d643bf03d15a1f,cand_M5_th_54d643bf03d15a1f_2021-01-04 07:00:00,pass_b2dbe9419166b533,LONG,M30,M5,1835.20,1825.20,1855.20,ENTRY_TOUCHED,2021-01-04 07:00:00,2021-01-04 09:20:00,ENTRY_TOUCHED,0.05,1.62
2021-01-04 07:00:00,th_0cc920c90f7154b4,cand_M5_th_0cc920c90f7154b4_2021-01-04 07:00:00,pass_faba9ae866e8ad8b,LONG,M30,M5,1835.20,1825.20,1855.20,ENTRY_TOUCHED,2021-01-04 07:00:00,2021-01-04 09:20:00,ENTRY_TOUCHED,0.05,1.62
2021-01-04 07:00:00,th_560d9a0f75392210,cand_M5_th_560d9a0f75392210_2021-01-04 07:00:00,pass_ef17795cbed2a6a1,LONG,M30,M5,1835.20,1825.20,1855.20,ENTRY_TOUCHED,2021-01-04 07:00:00,2021-01-04 09:20:00,ENTRY_TOUCHED,0.05,1.62
2021-01-04 07:00:00,th_c6a3fea6cfabf2b7,cand_M3_th_c6a3fea6cfabf2b7_2021-01-04 07:00:00,pass_99c1650d3f928d4a,LONG,M30,M3,1835.20,1825.20,1855.20,ENTRY_TOUCHED,2021-01-04 07:00:00,2021-01-04 09:20:00,ENTRY_TOUCHED,0.05,1.62
2021-01-04 07:00:00,th_ab2b87b6a68aba30,cand_M3_th_ab2b87b6a68aba30_2021-01-04 07:00:00,pass_ba22b2c7165f4b6a,LONG,M30,M3,1835.20,1825.20,1855.20,ENTRY_TOUCHED,2021-01-04 07:00:00,2021-01-04 09:20:00,ENTRY_TOUCHED,0.05,1.62
2021-01-04 07:00:00,th_19305dc78a364622,cand_M3_th_19305dc78a364622_2021-01-04 07:00:00,pass_340504639bc46fc5,LONG,M30,M3,1835.20,1825.20,1855.20,ENTRY_TOUCHED,2021-01-04 07:00:00,2021-01-04 09:20:00,ENTRY_TOUCHED,0.05,1.62
2021-01-04 07:00:00,th_e9804d1bd00856fe,cand_M3_th_e9804d1bd00856fe_2021-01-04 07:00:00,pass_db5fe4bd399a77c9,LONG,M30,M3,1835.20,1825.20,1855.20,ENTRY_TOUCHED,2021-01-04 07:00:00,2021-01-04 09:20:00,ENTRY_TOUCHED,0.05,1.62
2021-01-04 07:00:00,th_748ea98708c94abb,cand_M3_th_748ea98708c94abb_2021-01-04 07:00:00,pass_3554aac62e3f235f,LONG,M30,M3,1835.20,1825.20,1855.20,ENTRY_TOUCHED,2021-01-04 07:00:00,2021-01-04 09:20:00,ENTRY_TOUCHED,0.05,1.62
2021-01-04 07:00:00,th_818f74a02dbe690b,cand_M3_th_818f74a02dbe690b_2021-01-04 07:00:00,pass_c03508552d96d4a3,LONG,M30,M3,1835.20,1825.20,1855.20,ENTRY_TOUCHED,2021-01-04 07:00:00,2021-01-04 09:20:00,ENTRY_TOUCHED,0.05,1.62
2021-01-04 07:00:00,th_1de6b90c3de92f9d,cand_M3_th_1de6b90c3de92f9d_2021-01-04 07:00:00,pass_d6b89db2a4c65f82,LONG,M30,M3,1835.20,1825.20,1855.20,ENTRY_TOUCHED,2021-01-04 07:00:00,2021-01-04 09:20:00,ENTRY_TOUCHED,0.05,1.62
2021-01-04 07:00:00,th_ec561c13dfa995be,cand_M3_th_ec561c13dfa995be_2021-01-04 07:00:00,pass_26a6fde317de9c32,LONG,M30,M3,1835.20,1825.20,1855.20,ENTRY_TOUCHED,2021-01-04 07:00:00,2021-01-04 09:20:00,ENTRY_TOUCHED,0.05,1.62
2021-01-04 07:00:00,th_a8e2cd8e2710a9e1,cand_M3_th_a8e2cd8e2710a9e1_2021-01-04 07:00:00,pass_01719a69f2c553d5,LONG,M30,M3,1835.20,1825.20,1855.20,ENTRY_TOUCHED,2021-01-04 07:00:00,2021-01-04 09:20:00,ENTRY_TOUCHED,0.05,1.62
2021-01-04 07:00:00,th_54d643bf03d15a1f,cand_M3_th_54d643bf03d15a1f_2021-01-04 07:00:00,pass_fec079273e3a1a3b,LONG,M30,M3,1835.20,1825.20,1855.20,ENTRY_TOUCHED,2021-01-04 07:00:00,2021-01-04 09:20:00,ENTRY_TOUCHED,0.05,1.62
2021-01-04 07:00:00,th_0cc920c90f7154b4,cand_M3_th_0cc920c90f7154b4_2021-01-04 07:00:00,pass_846ba59dd05c9a4d,LONG,M30,M3,1835.20,1825.20,1855.20,ENTRY_TOUCHED,2021-01-04 07:00:00,2021-01-04 09:20:00,ENTRY_TOUCHED,0.05,1.62
2021-01-04 07:00:00,th_560d9a0f75392210,cand_M3_th_560d9a0f75392210_2021-01-04 07:00:00,pass_b812ba3ec86219eb,LONG,M30,M3,1835.20,1825.20,1855.20,ENTRY_TOUCHED,2021-01-04 07:00:00,2021-01-04 09:20:00,ENTRY_TOUCHED,0.05,1.62
2021-01-04 07:03:00,th_c6a3fea6cfabf2b7,cand_M3_th_c6a3fea6cfabf2b7_2021-01-04 07:03:00,pass_518eb11ba9d2705e,LONG,M30,M3,1835.50,1825.50,1855.50,ENTRY_TOUCHED,2021-01-04 07:03:00,2021-01-04 09:20:00,ENTRY_TOUCHED,0.05,1.59
2021-01-04 07:03:00,th_ab2b87b6a68aba30,cand_M3_th_ab2b87b6a68aba30_2021-01-04 07:03:00,pass_0150a87dad04c934,LONG,M30,M3,1835.50,1825.50,1855.50,ENTRY_TOUCHED,2021-01-04 07:03:00,2021-01-04 09:20:00,ENTRY_TOUCHED,0.05,1.59
2021-01-04 07:03:00,th_19305dc78a364622,cand_M3_th_19305dc78a364622_2021-01-04 07:03:00,pass_2be980955e754e46,LONG,M30,M3,1835.50,1825.50,1855.50,ENTRY_TOUCHED,2021-01-04 07:03:00,2021-01-04 09:20:00,ENTRY_TOUCHED,0.05,1.59
2021-01-04 07:03:00,th_e9804d1bd00856fe,cand_M3_th_e9804d1bd00856fe_2021-01-04 07:03:00,pass_7cb2092058d576e6,LONG,M30,M3,1835.50,1825.50,1855.50,ENTRY_TOUCHED,2021-01-04 07:03:00,2021-01-04 09:20:00,ENTRY_TOUCHED,0.05,1.59
2021-01-04 07:03:00,th_748ea98708c94abb,cand_M3_th_748ea98708c94abb_2021-01-04 07:03:00,pass_9d217c2f8cd9fa06,LONG,M30,M3,1835.50,1825.50,1855.50,ENTRY_TOUCHED,2021-01-04 07:03:00,2021-01-04 09:20:00,ENTRY_TOUCHED,0.05,1.59
2021-01-04 07:03:00,th_818f74a02dbe690b,cand_M3_th_818f74a02dbe690b_2021-01-04 07:03:00,pass_23c112b16504b6ef,LONG,M30,M3,1835.50,1825.50,1855.50,ENTRY_TOUCHED,2021-01-04 07:03:00,2021-01-04 09:20:00,ENTRY_TOUCHED,0.05,1.59
2021-01-04 07:03:00,th_1de6b90c3de92f9d,cand_M3_th_1de6b90c3de92f9d_2021-01-04 07:03:00,pass_1c96add17da24056,LONG,M30,M3,1835.50,1825.50,1855.50,ENTRY_TOUCHED,2021-01-04 07:03:00,2021-01-04 09:20:00,ENTRY_TOUCHED,0.05,1.59
2021-01-04 07:03:00,th_ec561c13dfa995be,cand_M3_th_ec561c13dfa995be_2021-01-04 07:03:00,pass_5adf5a7f39118d16,LONG,M30,M3,1835.50,1825.50,1855.50,ENTRY_TOUCHED,2021-01-04 07:03:00,2021-01-04 09:20:00,ENTRY_TOUCHED,0.05,1.59
2021-01-04 07:03:00,th_a8e2cd8e2710a9e1,cand_M3_th_a8e2cd8e2710a9e1_2021-01-04 07:03:00,pass_13f70d3830368533,LONG,M30,M3,1835.50,1825.50,1855.50,ENTRY_TOUCHED,2021-01-04 07:03:00,2021-01-04 09:20:00,ENTRY_TOUCHED,0.05,1.59
2021-01-04 07:03:00,th_54d643bf03d15a1f,cand_M3_th_54d643bf03d15a1f_2021-01-04 07:03:00,pass_54650890dddd87af,LONG,M30,M3,1835.50,1825.50,1855.50,ENTRY_TOUCHED,2021-01-04 07:03:00,2021-01-04 09:20:00,ENTRY_TOUCHED,0.05,1.59
2021-01-04 07:03:00,th_0cc920c90f7154b4,cand_M3_th_0cc920c90f7154b4_2021-01-04 07:03:00,pass_2d08b5222d8f6f02,LONG,M30,M3,1835.50,1825.50,1855.50,ENTRY_TOUCHED,2021-01-04 07:03:00,2021-01-04 09:20:00,ENTRY_TOUCHED,0.05,1.59
2021-01-04 07:03:00,th_560d9a0f75392210,cand_M3_th_560d9a0f75392210_2021-01-04 07:03:00,pass_ea6e599bae02b806,LONG,M30,M3,1835.50,1825.50,1855.50,ENTRY_TOUCHED,2021-01-04 07:03:00,2021-01-04 09:20:00,ENTRY_TOUCHED,0.05,1.59
2021-01-04 07:05:00,th_c6a3fea6cfabf2b7,cand_M5_th_c6a3fea6cfabf2b7_2021-01-04 07:05:00,pass_104cb66376e3a92c,LONG,M30,M5,1835.70,1825.70,1855.70,ENTRY_TOUCHED,2021-01-04 07:05:00,2021-01-04 09:20:00,ENTRY_TOUCHED,0.05,1.57
2021-01-04 07:05:00,th_ab2b87b6a68aba30,cand_M5_th_ab2b87b6a68aba30_2021-01-04 07:05:00,pass_b3cf166ce1979c83,LONG,M30,M5,1835.70,1825.70,1855.70,ENTRY_TOUCHED,2021-01-04 07:05:00,2021-01-04 09:20:00,ENTRY_TOUCHED,0.05,1.57
2021-01-04 07:05:00,th_19305dc78a364622,cand_M5_th_19305dc78a364622_2021-01-04 07:05:00,pass_962cdb91c26fb34d,LONG,M30,M5,1835.70,1825.70,1855.70,ENTRY_TOUCHED,2021-01-04 07:05:00,2021-01-04 09:20:00,ENTRY_TOUCHED,0.05,1.57
2021-01-04 07:05:00,th_e9804d1bd00856fe,cand_M5_th_e9804d1bd00856fe_2021-01-04 07:05:00,pass_e6526e8c974ca530,LONG,M30,M5,1835.70,1825.70,1855.70,ENTRY_TOUCHED,2021-01-04 07:05:00,2021-01-04 09:20:00,ENTRY_TOUCHED,0.05,1.57
2021-01-04 07:05:00,th_748ea98708c94abb,cand_M5_th_748ea98708c94abb_2021-01-04 07:05:00,pass_2c2b9e977c681aea,LONG,M30,M5,1835.70,1825.70,1855.70,ENTRY_TOUCHED,2021-01-04 07:05:00,2021-01-04 09:20:00,ENTRY_TOUCHED,0.05,1.57
2021-01-04 07:05:00,th_818f74a02dbe690b,cand_M5_th_818f74a02dbe690b_2021-01-04 07:05:00,pass_943c3dbce43d42cf,LONG,M30,M5,1835.70,1825.70,1855.70,ENTRY_TOUCHED,2021-01-04 07:05:00,2021-01-04 09:20:00,ENTRY_TOUCHED,0.05,1.57
2021-01-04 07:05:00,th_1de6b90c3de92f9d,cand_M5_th_1de6b90c3de92f9d_2021-01-04 07:05:00,pass_b7d1c583807b54d8,LONG,M30,M5,1835.70,1825.70,1855.70,ENTRY_TOUCHED,2021-01-04 07:05:00,2021-01-04 09:20:00,ENTRY_TOUCHED,0.05,1.57
2021-01-04 07:05:00,th_ec561c13dfa995be,cand_M5_th_ec561c13dfa995be_2021-01-04 07:05:00,pass_a71da37e214d8ae4,LONG,M30,M5,1835.70,1825.70,1855.70,ENTRY_TOUCHED,2021-01-04 07:05:00,2021-01-04 09:20:00,ENTRY_TOUCHED,0.05,1.57
2021-01-04 07:05:00,th_a8e2cd8e2710a9e1,cand_M5_th_a8e2cd8e2710a9e1_2021-01-04 07:05:00,pass_083035ab9d6cf775,LONG,M30,M5,1835.70,1825.70,1855.70,ENTRY_TOUCHED,2021-01-04 07:05:00,2021-01-04 09:20:00,ENTRY_TOUCHED,0.05,1.57
2021-01-04 07:05:00,th_54d643bf03d15a1f,cand_M5_th_54d643bf03d15a1f_2021-01-04 07:05:00,pass_a0dbd690bbd675d6,LONG,M30,M5,1835.70,1825.70,1855.70,ENTRY_TOUCHED,2021-01-04 07:05:00,2021-01-04 09:20:00,ENTRY_TOUCHED,0.05,1.57
2021-01-04 07:05:00,th_0cc920c90f7154b4,cand_M5_th_0cc920c90f7154b4_2021-01-04 07:05:00,pass_06eea6d77a81e9ce,LONG,M30,M5,1835.70,1825.70,1855.70,ENTRY_TOUCHED,2021-01-04 07:05:00,2021-01-04 09:20:00,ENTRY_TOUCHED,0.05,1.57
2021-01-04 07:05:00,th_560d9a0f75392210,cand_M5_th_560d9a0f75392210_2021-01-04 07:05:00,pass_b4d5c559f43ed0e7,LONG,M30,M5,1835.70,1825.70,1855.70,ENTRY_TOUCHED,2021-01-04 07:05:00,2021-01-04 09:20:00,ENTRY_TOUCHED,0.05,1.57
2021-01-04 07:06:00,th_c6a3fea6cfabf2b7,cand_M3_th_c6a3fea6cfabf2b7_2021-01-04 07:06:00,pass_df2c1bb660c11477,LONG,M30,M3,1835.80,1825.80,1855.80,ENTRY_TOUCHED,2021-01-04 07:06:00,2021-01-04 09:20:00,ENTRY_TOUCHED,0.05,1.56
2021-01-04 07:06:00,th_ab2b87b6a68aba30,cand_M3_th_ab2b87b6a68aba30_2021-01-04 07:06:00,pass_b994c17f64bda932,LONG,M30,M3,1835.80,1825.80,1855.80,ENTRY_TOUCHED,2021-01-04 07:06:00,2021-01-04 09:20:00,ENTRY_TOUCHED,0.05,1.56
2021-01-04 07:06:00,th_19305dc78a364622,cand_M3_th_19305dc78a364622_2021-01-04 07:06:00,pass_df76b76973efaa25,LONG,M30,M3,1835.80,1825.80,1855.80,ENTRY_TOUCHED,2021-01-04 07:06:00,2021-01-04 09:20:00,ENTRY_TOUCHED,0.05,1.56
2021-01-04 07:06:00,th_e9804d1bd00856fe,cand_M3_th_e9804d1bd00856fe_2021-01-04 07:06:00,pass_c482eacc5dc3d809,LONG,M30,M3,1835.80,1825.80,1855.80,ENTRY_TOUCHED,2021-01-04 07:06:00,2021-01-04 09:20:00,ENTRY_TOUCHED,0.05,1.56
2021-01-04 07:06:00,th_748ea98708c94abb,cand_M3_th_748ea98708c94abb_2021-01-04 07:06:00,pass_7029411f54171921,LONG,M30,M3,1835.80,1825.80,1855.80,ENTRY_TOUCHED,2021-01-04 07:06:00,2021-01-04 09:20:00,ENTRY_TOUCHED,0.05,1.56
2021-01-04 07:06:00,th_818f74a02dbe690b,cand_M3_th_818f74a02dbe690b_2021-01-04 07:06:00,pass_aa440cad9d18909c,LONG,M30,M3,1835.80,1825.80,1855.80,ENTRY_TOUCHED,2021-01-04 07:06:00,2021-01-04 09:20:00,ENTRY_TOUCHED,0.05,1.56
2021-01-04 07:06:00,th_1de6b90c3de92f9d,cand_M3_th_1de6b90c3de92f9d_2021-01-04 07:06:00,pass_34f5ca51c2fadcfe,LONG,M30,M3,1835.80,1825.80,1855.80,ENTRY_TOUCHED,2021-01-04 07:06:00,2021-01-04 09:20:00,ENTRY_TOUCHED,0.05,1.56
2021-01-04 07:06:00,th_ec561c13dfa995be,cand_M3_th_ec561c13dfa995be_2021-01-04 07:06:00,pass_490706501e693dec,LONG,M30,M3,1835.80,1825.80,1855.80,ENTRY_TOUCHED,2021-01-04 07:06:00,2021-01-04 09:20:00,ENTRY_TOUCHED,0.05,1.56
2021-01-04 07:06:00,th_a8e2cd8e2710a9e1,cand_M3_th_a8e2cd8e2710a9e1_2021-01-04 07:06:00,pass_93819633f05d942f,LONG,M30,M3,1835.80,1825.80,1855.80,ENTRY_TOUCHED,2021-01-04 07:06:00,2021-01-04 09:20:00,ENTRY_TOUCHED,0.05,1.56
2021-01-04 07:06:00,th_54d643bf03d15a1f,cand_M3_th_54d643bf03d15a1f_2021-01-04 07:06:00,pass_bd65da39b3167eab,LONG,M30,M3,1835.80,1825.80,1855.80,ENTRY_TOUCHED,2021-01-04 07:06:00,2021-01-04 09:20:00,ENTRY_TOUCHED,0.05,1.56
2021-01-04 07:06:00,th_0cc920c90f7154b4,cand_M3_th_0cc920c90f7154b4_2021-01-04 07:06:00,pass_133720e8af260b5b,LONG,M30,M3,1835.80,1825.80,1855.80,ENTRY_TOUCHED,2021-01-04 07:06:00,2021-01-04 09:20:00,ENTRY_TOUCHED,0.05,1.56
2021-01-04 07:06:00,th_560d9a0f75392210,cand_M3_th_560d9a0f75392210_2021-01-04 07:06:00,pass_486783a28bd1e9e5,LONG,M30,M3,1835.80,1825.80,1855.80,ENTRY_TOUCHED,2021-01-04 07:06:00,2021-01-04 09:20:00,ENTRY_TOUCHED,0.05,1.56
2021-01-04 07:09:00,th_c6a3fea6cfabf2b7,cand_M3_th_c6a3fea6cfabf2b7_2021-01-04 07:09:00,pass_d31ad3fe11e15b34,LONG,M30,M3,1836.10,1826.10,1856.10,ENTRY_TOUCHED,2021-01-04 07:09:00,2021-01-04 09:20:00,ENTRY_TOUCHED,0.05,1.53
2021-01-04 07:09:00,th_ab2b87b6a68aba30,cand_M3_th_ab2b87b6a68aba30_2021-01-04 07:09:00,pass_843054bf51c78e7d,LONG,M30,M3,1836.10,1826.10,1856.10,ENTRY_TOUCHED,2021-01-04 07:09:00,2021-01-04 09:20:00,ENTRY_TOUCHED,0.05,1.53
2021-01-04 07:09:00,th_19305dc78a364622,cand_M3_th_19305dc78a364622_2021-01-04 07:09:00,pass_621f03f1b1bb0222,LONG,M30,M3,1836.10,1826.10,1856.10,ENTRY_TOUCHED,2021-01-04 07:09:00,2021-01-04 09:20:00,ENTRY_TOUCHED,0.05,1.53
2021-01-04 07:09:00,th_e9804d1bd00856fe,cand_M3_th_e9804d1bd00856fe_2021-01-04 07:09:00,pass_6a0e1eaacb4da6a3,LONG,M30,M3,1836.10,1826.10,1856.10,ENTRY_TOUCHED,2021-01-04 07:09:00,2021-01-04 09:20:00,ENTRY_TOUCHED,0.05,1.53
2021-01-04 07:09:00,th_748ea98708c94abb,cand_M3_th_748ea98708c94abb_2021-01-04 07:09:00,pass_eb7d2251c0f3d38d,LONG,M30,M3,1836.10,1826.10,1856.10,ENTRY_TOUCHED,2021-01-04 07:09:00,2021-01-04 09:20:00,ENTRY_TOUCHED,0.05,1.53
2021-01-04 07:09:00,th_818f74a02dbe690b,cand_M3_th_818f74a02dbe690b_2021-01-04 07:09:00,pass_8aef7298654c0c07,LONG,M30,M3,1836.10,1826.10,1856.10,ENTRY_TOUCHED,2021-01-04 07:09:00,2021-01-04 09:20:00,ENTRY_TOUCHED,0.05,1.53
2021-01-04 07:09:00,th_1de6b90c3de92f9d,cand_M3_th_1de6b90c3de92f9d_2021-01-04 07:09:00,pass_38370a3ffb4b5c2d,LONG,M30,M3,1836.10,1826.10,1856.10,ENTRY_TOUCHED,2021-01-04 07:09:00,2021-01-04 09:20:00,ENTRY_TOUCHED,0.05,1.53
2021-01-04 07:09:00,th_ec561c13dfa995be,cand_M3_th_ec561c13dfa995be_2021-01-04 07:09:00,pass_a3a8ed533f59f2f0,LONG,M30,M3,1836.10,1826.10,1856.10,ENTRY_TOUCHED,2021-01-04 07:09:00,2021-01-04 09:20:00,ENTRY_TOUCHED,0.05,1.53
2021-01-04 07:09:00,th_a8e2cd8e2710a9e1,cand_M3_th_a8e2cd8e2710a9e1_2021-01-04 07:09:00,pass_bd77f31379373639,LONG,M30,M3,1836.10,1826.10,1856.10,ENTRY_TOUCHED,2021-01-04 07:09:00,2021-01-04 09:20:00,ENTRY_TOUCHED,0.05,1.53
2021-01-04 07:09:00,th_54d643bf03d15a1f,cand_M3_th_54d643bf03d15a1f_2021-01-04 07:09:00,pass_5cd5365d4895b151,LONG,M30,M3,1836.10,1826.10,1856.10,ENTRY_TOUCHED,2021-01-04 07:09:00,2021-01-04 09:20:00,ENTRY_TOUCHED,0.05,1.53
2021-01-04 07:09:00,th_0cc920c90f7154b4,cand_M3_th_0cc920c90f7154b4_2021-01-04 07:09:00,pass_5eb016eb53e437ef,LONG,M30,M3,1836.10,1826.10,1856.10,ENTRY_TOUCHED,2021-01-04 07:09:00,2021-01-04 09:20:00,ENTRY_TOUCHED,0.05,1.53
2021-01-04 07:09:00,th_560d9a0f75392210,cand_M3_th_560d9a0f75392210_2021-01-04 07:09:00,pass_8dbe4957bc6885bc,LONG,M30,M3,1836.10,1826.10,1856.10,ENTRY_TOUCHED,2021-01-04 07:09:00,2021-01-04 09:20:00,ENTRY_TOUCHED,0.05,1.53
2021-01-04 07:10:00,th_c6a3fea6cfabf2b7,cand_M5_th_c6a3fea6cfabf2b7_2021-01-04 07:10:00,pass_22e7060198b95bd7,LONG,M30,M5,1836.20,1826.20,1856.20,ENTRY_TOUCHED,2021-01-04 07:10:00,2021-01-04 09:20:00,ENTRY_TOUCHED,0.05,1.52
2021-01-04 07:10:00,th_ab2b87b6a68aba30,cand_M5_th_ab2b87b6a68aba30_2021-01-04 07:10:00,pass_9295732afc3bae74,LONG,M30,M5,1836.20,1826.20,1856.20,ENTRY_TOUCHED,2021-01-04 07:10:00,2021-01-04 09:20:00,ENTRY_TOUCHED,0.05,1.52
2021-01-04 07:10:00,th_19305dc78a364622,cand_M5_th_19305dc78a364622_2021-01-04 07:10:00,pass_2e3310de0b17b249,LONG,M30,M5,1836.20,1826.20,1856.20,ENTRY_TOUCHED,2021-01-04 07:10:00,2021-01-04 09:20:00,ENTRY_TOUCHED,0.05,1.52
2021-01-04 07:10:00,th_e9804d1bd00856fe,cand_M5_th_e9804d1bd00856fe_2021-01-04 07:10:00,pass_2422312d5a1a028f,LONG,M30,M5,1836.20,1826.20,1856.20,ENTRY_TOUCHED,2021-01-04 07:10:00,2021-01-04 09:20:00,ENTRY_TOUCHED,0.05,1.52
2021-01-04 07:10:00,th_748ea98708c94abb,cand_M5_th_748ea98708c94abb_2021-01-04 07:10:00,pass_2d8fe46bac68f3a9,LONG,M30,M5,1836.20,1826.20,1856.20,ENTRY_TOUCHED,2021-01-04 07:10:00,2021-01-04 09:20:00,ENTRY_TOUCHED,0.05,1.52
2021-01-04 07:10:00,th_818f74a02dbe690b,cand_M5_th_818f74a02dbe690b_2021-01-04 07:10:00,pass_4e70959409abaf77,LONG,M30,M5,1836.20,1826.20,1856.20,ENTRY_TOUCHED,2021-01-04 07:10:00,2021-01-04 09:20:00,ENTRY_TOUCHED,0.05,1.52
2021-01-04 07:10:00,th_1de6b90c3de92f9d,cand_M5_th_1de6b90c3de92f9d_2021-01-04 07:10:00,pass_22ada8196b425989,LONG,M30,M5,1836.20,1826.20,1856.20,ENTRY_TOUCHED,2021-01-04 07:10:00,2021-01-04 09:20:00,ENTRY_TOUCHED,0.05,1.52
2021-01-04 07:10:00,th_ec561c13dfa995be,cand_M5_th_ec561c13dfa995be_2021-01-04 07:10:00,pass_7b39cb34b6f7481f,LONG,M30,M5,1836.20,1826.20,1856.20,ENTRY_TOUCHED,2021-01-04 07:10:00,2021-01-04 09:20:00,ENTRY_TOUCHED,0.05,1.52
2021-01-04 07:10:00,th_a8e2cd8e2710a9e1,cand_M5_th_a8e2cd8e2710a9e1_2021-01-04 07:10:00,pass_f15c6119cf9a0366,LONG,M30,M5,1836.20,1826.20,1856.20,ENTRY_TOUCHED,2021-01-04 07:10:00,2021-01-04 09:20:00,ENTRY_TOUCHED,0.05,1.52
2021-01-04 07:10:00,th_54d643bf03d15a1f,cand_M5_th_54d643bf03d15a1f_2021-01-04 07:10:00,pass_d9110eda5d28b78c,LONG,M30,M5,1836.20,1826.20,1856.20,ENTRY_TOUCHED,2021-01-04 07:10:00,2021-01-04 09:20:00,ENTRY_TOUCHED,0.05,1.52
2021-01-04 07:10:00,th_0cc920c90f7154b4,cand_M5_th_0cc920c90f7154b4_2021-01-04 07:10:00,pass_74883ee8b1d30f02,LONG,M30,M5,1836.20,1826.20,1856.20,ENTRY_TOUCHED,2021-01-04 07:10:00,2021-01-04 09:20:00,ENTRY_TOUCHED,0.05,1.52
2021-01-04 07:10:00,th_560d9a0f75392210,cand_M5_th_560d9a0f75392210_2021-01-04 07:10:00,pass_cd353fe98edbc5f1,LONG,M30,M5,1836.20,1826.20,1856.20,ENTRY_TOUCHED,2021-01-04 07:10:00,2021-01-04 09:20:00,ENTRY_TOUCHED,0.05,1.52
2021-01-04 07:12:00,th_c6a3fea6cfabf2b7,cand_M3_th_c6a3fea6cfabf2b7_2021-01-04 07:12:00,pass_531abd9ccd0419ca,LONG,M30,M3,1836.40,1826.40,1856.40,ENTRY_TOUCHED,2021-01-04 07:12:00,2021-01-04 09:20:00,ENTRY_TOUCHED,0.05,1.50
2021-01-04 07:12:00,th_ab2b87b6a68aba30,cand_M3_th_ab2b87b6a68aba30_2021-01-04 07:12:00,pass_6343a3c139c2c2c2,LONG,M30,M3,1836.40,1826.40,1856.40,ENTRY_TOUCHED,2021-01-04 07:12:00,2021-01-04 09:20:00,ENTRY_TOUCHED,0.05,1.50
2021-01-04 07:12:00,th_19305dc78a364622,cand_M3_th_19305dc78a364622_2021-01-04 07:12:00,pass_f6a1ac295ac33178,LONG,M30,M3,1836.40,1826.40,1856.40,ENTRY_TOUCHED,2021-01-04 07:12:00,2021-01-04 09:20:00,ENTRY_TOUCHED,0.05,1.50
2021-01-04 07:12:00,th_e9804d1bd00856fe,cand_M3_th_e9804d1bd00856fe_2021-01-04 07:12:00,pass_467526c0a044e4c7,LONG,M30,M3,1836.40,1826.40,1856.40,ENTRY_TOUCHED,2021-01-04 07:12:00,2021-01-04 09:20:00,ENTRY_TOUCHED,0.05,1.50
2021-01-04 07:12:00,th_748ea98708c94abb,cand_M3_th_748ea98708c94abb_2021-01-04 07:12:00,pass_88ea6d645de618a9,LONG,M30,M3,1836.40,1826.40,1856.40,ENTRY_TOUCHED,2021-01-04 07:12:00,2021-01-04 09:20:00,ENTRY_TOUCHED,0.05,1.50
2021-01-04 07:12:00,th_818f74a02dbe690b,cand_M3_th_818f74a02dbe690b_2021-01-04 07:12:00,pass_ff02d641bd155fd6,LONG,M30,M3,1836.40,1826.40,1856.40,ENTRY_TOUCHED,2021-01-04 07:12:00,2021-01-04 09:20:00,ENTRY_TOUCHED,0.05,1.50
2021-01-04 07:12:00,th_1de6b90c3de92f9d,cand_M3_th_1de6b90c3de92f9d_2021-01-04 07:12:00,pass_1ba99f31a2d7e2ab,LONG,M30,M3,1836.40,1826.40,1856.40,ENTRY_TOUCHED,2021-01-04 07:12:00,2021-01-04 09:20:00,ENTRY_TOUCHED,0.05,1.50
2021-01-04 07:12:00,th_ec561c13dfa995be,cand_M3_th_ec561c13dfa995be_2021-01-04 07:12:00,pass_e8bbc1abaf19ed3f,LONG,M30,M3,1836.40,1826.40,1856.40,ENTRY_TOUCHED,2021-01-04 07:12:00,2021-01-04 09:20:00,ENTRY_TOUCHED,0.05,1.50
2021-01-04 07:12:00,th_a8e2cd8e2710a9e1,cand_M3_th_a8e2cd8e2710a9e1_2021-01-04 07:12:00,pass_bb900cd8090a0ee6,LONG,M30,M3,1836.40,1826.40,1856.40,ENTRY_TOUCHED,2021-01-04 07:12:00,2021-01-04 09:20:00,ENTRY_TOUCHED,0.05,1.50
2021-01-04 07:12:00,th_54d643bf03d15a1f,cand_M3_th_54d643bf03d15a1f_2021-01-04 07:12:00,pass_94fb783d4459a47e,LONG,M30,M3,1836.40,1826.40,1856.40,ENTRY_TOUCHED,2021-01-04 07:12:00,2021-01-04 09:20:00,ENTRY_TOUCHED,0.05,1.50
2021-01-04 07:12:00,th_0cc920c90f7154b4,cand_M3_th_0cc920c90f7154b4_2021-01-04 07:12:00,pass_ac97123eae3e182e,LONG,M30,M3,1836.40,1826.40,1856.40,ENTRY_TOUCHED,2021-01-04 07:12:00,2021-01-04 09:20:00,ENTRY_TOUCHED,0.05,1.50
2021-01-04 07:12:00,th_560d9a0f75392210,cand_M3_th_560d9a0f75392210_2021-01-04 07:12:00,pass_d34464dfcf955d81,LONG,M30,M3,1836.40,1826.40,1856.40,ENTRY_TOUCHED,2021-01-04 07:12:00,2021-01-04 09:20:00,ENTRY_TOUCHED,0.05,1.50
2021-01-04 07:15:00,th_c6a3fea6cfabf2b7,cand_M5_th_c6a3fea6cfabf2b7_2021-01-04 07:15:00,pass_6d87943fcfeffe54,LONG,M30,M5,1836.70,1826.70,1856.70,ENTRY_TOUCHED,2021-01-04 07:15:00,2021-01-04 09:20:00,ENTRY_TOUCHED,0.05,1.47
2021-01-04 07:15:00,th_ab2b87b6a68aba30,cand_M5_th_ab2b87b6a68aba30_2021-01-04 07:15:00,pass_7590f9b6c1d15ad5,LONG,M30,M5,1836.70,1826.70,1856.70,ENTRY_TOUCHED,2021-01-04 07:15:00,2021-01-04 09:20:00,ENTRY_TOUCHED,0.05,1.47
2021-01-04 07:15:00,th_19305dc78a364622,cand_M5_th_19305dc78a364622_2021-01-04 07:15:00,pass_01ac19cf3a00c1c1,LONG,M30,M5,1836.70,1826.70,1856.70,ENTRY_TOUCHED,2021-01-04 07:15:00,2021-01-04 09:20:00,ENTRY_TOUCHED,0.05,1.47
2021-01-04 07:15:00,th_e9804d1bd00856fe,cand_M5_th_e9804d1bd00856fe_2021-01-04 07:15:00,pass_ac4f325e530f97d4,LONG,M30,M5,1836.70,1826.70,1856.70,ENTRY_TOUCHED,2021-01-04 07:15:00,2021-01-04 09:20:00,ENTRY_TOUCHED,0.05,1.47
2021-01-04 07:15:00,th_748ea98708c94abb,cand_M5_th_748ea98708c94abb_2021-01-04 07:15:00,pass_3cf2e4819b2d922b,LONG,M30,M5,1836.70,1826.70,1856.70,ENTRY_TOUCHED,2021-01-04 07:15:00,2021-01-04 09:20:00,ENTRY_TOUCHED,0.05,1.47
2021-01-04 07:15:00,th_818f74a02dbe690b,cand_M5_th_818f74a02dbe690b_2021-01-04 07:15:00,pass_6afb585bbfd28ba5,LONG,M30,M5,1836.70,1826.70,1856.70,ENTRY_TOUCHED,2021-01-04 07:15:00,2021-01-04 09:20:00,ENTRY_TOUCHED,0.05,1.47
2021-01-04 07:15:00,th_1de6b90c3de92f9d,cand_M5_th_1de6b90c3de92f9d_2021-01-04 07:15:00,pass_85271e73089f07f4,LONG,M30,M5,1836.70,1826.70,1856.70,ENTRY_TOUCHED,2021-01-04 07:15:00,2021-01-04 09:20:00,ENTRY_TOUCHED,0.05,1.47
2021-01-04 07:15:00,th_ec561c13dfa995be,cand_M5_th_ec561c13dfa995be_2021-01-04 07:15:00,pass_fc10d50595c2d8bf,LONG,M30,M5,1836.70,1826.70,1856.70,ENTRY_TOUCHED,2021-01-04 07:15:00,2021-01-04 09:20:00,ENTRY_TOUCHED,0.05,1.47
2021-01-04 07:15:00,th_a8e2cd8e2710a9e1,cand_M5_th_a8e2cd8e2710a9e1_2021-01-04 07:15:00,pass_d273c252d0a2b8e9,LONG,M30,M5,1836.70,1826.70,1856.70,ENTRY_TOUCHED,2021-01-04 07:15:00,2021-01-04 09:20:00,ENTRY_TOUCHED,0.05,1.47
2021-01-04 07:15:00,th_54d643bf03d15a1f,cand_M5_th_54d643bf03d15a1f_2021-01-04 07:15:00,pass_69b123c02aa7c128,LONG,M30,M5,1836.70,1826.70,1856.70,ENTRY_TOUCHED,2021-01-04 07:15:00,2021-01-04 09:20:00,ENTRY_TOUCHED,0.05,1.47
2021-01-04 07:15:00,th_0cc920c90f7154b4,cand_M5_th_0cc920c90f7154b4_2021-01-04 07:15:00,pass_ab50cebf2bcd1cd1,LONG,M30,M5,1836.70,1826.70,1856.70,ENTRY_TOUCHED,2021-01-04 07:15:00,2021-01-04 09:20:00,ENTRY_TOUCHED,0.05,1.47
2021-01-04 07:15:00,th_560d9a0f75392210,cand_M5_th_560d9a0f75392210_2021-01-04 07:15:00,pass_5118469674098045,LONG,M30,M5,1836.70,1826.70,1856.70,ENTRY_TOUCHED,2021-01-04 07:15:00,2021-01-04 09:20:00,ENTRY_TOUCHED,0.05,1.47
2021-01-04 07:15:00,th_c6a3fea6cfabf2b7,cand_M3_th_c6a3fea6cfabf2b7_2021-01-04 07:15:00,pass_decbfe6d7aff0b2d,LONG,M30,M3,1836.70,1826.70,1856.70,ENTRY_TOUCHED,2021-01-04 07:15:00,2021-01-04 09:20:00,ENTRY_TOUCHED,0.05,1.47
2021-01-04 07:15:00,th_ab2b87b6a68aba30,cand_M3_th_ab2b87b6a68aba30_2021-01-04 07:15:00,pass_fd2f931feb0322a0,LONG,M30,M3,1836.70,1826.70,1856.70,ENTRY_TOUCHED,2021-01-04 07:15:00,2021-01-04 09:20:00,ENTRY_TOUCHED,0.05,1.47
2021-01-04 07:15:00,th_19305dc78a364622,cand_M3_th_19305dc78a364622_2021-01-04 07:15:00,pass_bc8514b8a9682969,LONG,M30,M3,1836.70,1826.70,1856.70,ENTRY_TOUCHED,2021-01-04 07:15:00,2021-01-04 09:20:00,ENTRY_TOUCHED,0.05,1.47
2021-01-04 07:15:00,th_e9804d1bd00856fe,cand_M3_th_e9804d1bd00856fe_2021-01-04 07:15:00,pass_e029f13d80cb12f3,LONG,M30,M3,1836.70,1826.70,1856.70,ENTRY_TOUCHED,2021-01-04 07:15:00,2021-01-04 09:20:00,ENTRY_TOUCHED,0.05,1.47
2021-01-04 07:15:00,th_748ea98708c94abb,cand_M3_th_748ea98708c94abb_2021-01-04 07:15:00,pass_8feaf660adf2506f,LONG,M30,M3,1836.70,1826.70,1856.70,ENTRY_TOUCHED,2021-01-04 07:15:00,2021-01-04 09:20:00,ENTRY_TOUCHED,0.05,1.47
2021-01-04 07:15:00,th_818f74a02dbe690b,cand_M3_th_818f74a02dbe690b_2021-01-04 07:15:00,pass_11fbd739709be247,LONG,M30,M3,1836.70,1826.70,1856.70,ENTRY_TOUCHED,2021-01-04 07:15:00,2021-01-04 09:20:00,ENTRY_TOUCHED,0.05,1.47
2021-01-04 07:15:00,th_1de6b90c3de92f9d,cand_M3_th_1de6b90c3de92f9d_2021-01-04 07:15:00,pass_2dc1bbb6fa24535a,LONG,M30,M3,1836.70,1826.70,1856.70,ENTRY_TOUCHED,2021-01-04 07:15:00,2021-01-04 09:20:00,ENTRY_TOUCHED,0.05,1.47
2021-01-04 07:15:00,th_ec561c13dfa995be,cand_M3_th_ec561c13dfa995be_2021-01-04 07:15:00,pass_3c966588e7cd37b3,LONG,M30,M3,1836.70,1826.70,1856.70,ENTRY_TOUCHED,2021-01-04 07:15:00,2021-01-04 09:20:00,ENTRY_TOUCHED,0.05,1.47
2021-01-04 07:15:00,th_a8e2cd8e2710a9e1,cand_M3_th_a8e2cd8e2710a9e1_2021-01-04 07:15:00,pass_9feb1c6088193d07,LONG,M30,M3,1836.70,1826.70,1856.70,ENTRY_TOUCHED,2021-01-04 07:15:00,2021-01-04 09:20:00,ENTRY_TOUCHED,0.05,1.47
2021-01-04 07:15:00,th_54d643bf03d15a1f,cand_M3_th_54d643bf03d15a1f_2021-01-04 07:15:00,pass_cfb357b37f4f81e8,LONG,M30,M3,1836.70,1826.70,1856.70,ENTRY_TOUCHED,2021-01-04 07:15:00,2021-01-04 09:20:00,ENTRY_TOUCHED,0.05,1.47
2021-01-04 07:15:00,th_0cc920c90f7154b4,cand_M3_th_0cc920c90f7154b4_2021-01-04 07:15:00,pass_571772c9cb22b822,LONG,M30,M3,1836.70,1826.70,1856.70,ENTRY_TOUCHED,2021-01-04 07:15:00,2021-01-04 09:20:00,ENTRY_TOUCHED,0.05,1.47
2021-01-04 07:15:00,th_560d9a0f75392210,cand_M3_th_560d9a0f75392210_2021-01-04 07:15:00,pass_0f95bf64c6ca1ac2,LONG,M30,M3,1836.70,1826.70,1856.70,ENTRY_TOUCHED,2021-01-04 07:15:00,2021-01-04 09:20:00,ENTRY_TOUCHED,0.05,1.47
2021-01-04 07:18:00,th_c6a3fea6cfabf2b7,cand_M3_th_c6a3fea6cfabf2b7_2021-01-04 07:18:00,pass_52c508bc797788c6,LONG,M30,M3,1837.00,1827.00,1857.00,ENTRY_TOUCHED,2021-01-04 07:18:00,2021-01-04 09:20:00,ENTRY_TOUCHED,0.05,1.44
2021-01-04 07:18:00,th_ab2b87b6a68aba30,cand_M3_th_ab2b87b6a68aba30_2021-01-04 07:18:00,pass_f1efd5eb1dc0df3c,LONG,M30,M3,1837.00,1827.00,1857.00,ENTRY_TOUCHED,2021-01-04 07:18:00,2021-01-04 09:20:00,ENTRY_TOUCHED,0.05,1.44
2021-01-04 07:18:00,th_19305dc78a364622,cand_M3_th_19305dc78a364622_2021-01-04 07:18:00,pass_7cd49a04191ed04e,LONG,M30,M3,1837.00,1827.00,1857.00,ENTRY_TOUCHED,2021-01-04 07:18:00,2021-01-04 09:20:00,ENTRY_TOUCHED,0.05,1.44
2021-01-04 07:18:00,th_e9804d1bd00856fe,cand_M3_th_e9804d1bd00856fe_2021-01-04 07:18:00,pass_16e9e34077774473,LONG,M30,M3,1837.00,1827.00,1857.00,ENTRY_TOUCHED,2021-01-04 07:18:00,2021-01-04 09:20:00,ENTRY_TOUCHED,0.05,1.44
2021-01-04 07:18:00,th_748ea98708c94abb,cand_M3_th_748ea98708c94abb_2021-01-04 07:18:00,pass_7544ec1435ab2644,LONG,M30,M3,1837.00,1827.00,1857.00,ENTRY_TOUCHED,2021-01-04 07:18:00,2021-01-04 09:20:00,ENTRY_TOUCHED,0.05,1.44
2021-01-04 07:18:00,th_818f74a02dbe690b,cand_M3_th_818f74a02dbe690b_2021-01-04 07:18:00,pass_6f4523814d63142a,LONG,M30,M3,1837.00,1827.00,1857.00,ENTRY_TOUCHED,2021-01-04 07:18:00,2021-01-04 09:20:00,ENTRY_TOUCHED,0.05,1.44
2021-01-04 07:18:00,th_1de6b90c3de92f9d,cand_M3_th_1de6b90c3de92f9d_2021-01-04 07:18:00,pass_5af1eb8d46daaa64,LONG,M30,M3,1837.00,1827.00,1857.00,ENTRY_TOUCHED,2021-01-04 07:18:00,2021-01-04 09:20:00,ENTRY_TOUCHED,0.05,1.44
2021-01-04 07:18:00,th_ec561c13dfa995be,cand_M3_th_ec561c13dfa995be_2021-01-04 07:18:00,pass_0e5a4fe40f512450,LONG,M30,M3,1837.00,1827.00,1857.00,ENTRY_TOUCHED,2021-01-04 07:18:00,2021-01-04 09:20:00,ENTRY_TOUCHED,0.05,1.44
2021-01-04 07:18:00,th_a8e2cd8e2710a9e1,cand_M3_th_a8e2cd8e2710a9e1_2021-01-04 07:18:00,pass_ef9a161095adc643,LONG,M30,M3,1837.00,1827.00,1857.00,ENTRY_TOUCHED,2021-01-04 07:18:00,2021-01-04 09:20:00,ENTRY_TOUCHED,0.05,1.44
2021-01-04 07:18:00,th_54d643bf03d15a1f,cand_M3_th_54d643bf03d15a1f_2021-01-04 07:18:00,pass_cd32988419dd8ef1,LONG,M30,M3,1837.00,1827.00,1857.00,ENTRY_TOUCHED,2021-01-04 07:18:00,2021-01-04 09:20:00,ENTRY_TOUCHED,0.05,1.44
2021-01-04 07:18:00,th_0cc920c90f7154b4,cand_M3_th_0cc920c90f7154b4_2021-01-04 07:18:00,pass_243019fd45baf9b8,LONG,M30,M3,1837.00,1827.00,1857.00,ENTRY_TOUCHED,2021-01-04 07:18:00,2021-01-04 09:20:00,ENTRY_TOUCHED,0.05,1.44
2021-01-04 07:18:00,th_560d9a0f75392210,cand_M3_th_560d9a0f75392210_2021-01-04 07:18:00,pass_d541100b193c03a9,LONG,M30,M3,1837.00,1827.00,1857.00,ENTRY_TOUCHED,2021-01-04 07:18:00,2021-01-04 09:20:00,ENTRY_TOUCHED,0.05,1.44
2021-01-04 07:20:00,th_c6a3fea6cfabf2b7,cand_M5_th_c6a3fea6cfabf2b7_2021-01-04 07:20:00,pass_af1bde64dc106fa0,LONG,M30,M5,1837.20,1827.20,1857.20,ENTRY_TOUCHED,2021-01-04 07:20:00,2021-01-04 09:20:00,ENTRY_TOUCHED,0.05,1.42
2021-01-04 07:20:00,th_ab2b87b6a68aba30,cand_M5_th_ab2b87b6a68aba30_2021-01-04 07:20:00,pass_e3926b101b15113c,LONG,M30,M5,1837.20,1827.20,1857.20,ENTRY_TOUCHED,2021-01-04 07:20:00,2021-01-04 09:20:00,ENTRY_TOUCHED,0.05,1.42
2021-01-04 07:20:00,th_19305dc78a364622,cand_M5_th_19305dc78a364622_2021-01-04 07:20:00,pass_fa590b87eb747ef0,LONG,M30,M5,1837.20,1827.20,1857.20,ENTRY_TOUCHED,2021-01-04 07:20:00,2021-01-04 09:20:00,ENTRY_TOUCHED,0.05,1.42
2021-01-04 07:20:00,th_e9804d1bd00856fe,cand_M5_th_e9804d1bd00856fe_2021-01-04 07:20:00,pass_f498d64391b839d7,LONG,M30,M5,1837.20,1827.20,1857.20,ENTRY_TOUCHED,2021-01-04 07:20:00,2021-01-04 09:20:00,ENTRY_TOUCHED,0.05,1.42
2021-01-04 07:20:00,th_748ea98708c94abb,cand_M5_th_748ea98708c94abb_2021-01-04 07:20:00,pass_ce256be8fc5064e9,LONG,M30,M5,1837.20,1827.20,1857.20,ENTRY_TOUCHED,2021-01-04 07:20:00,2021-01-04 09:20:00,ENTRY_TOUCHED,0.05,1.42
2021-01-04 07:20:00,th_818f74a02dbe690b,cand_M5_th_818f74a02dbe690b_2021-01-04 07:20:00,pass_d49153f81e887851,LONG,M30,M5,1837.20,1827.20,1857.20,ENTRY_TOUCHED,2021-01-04 07:20:00,2021-01-04 09:20:00,ENTRY_TOUCHED,0.05,1.42
2021-01-04 07:20:00,th_1de6b90c3de92f9d,cand_M5_th_1de6b90c3de92f9d_2021-01-04 07:20:00,pass_27e1f66588038ac8,LONG,M30,M5,1837.20,1827.20,1857.20,ENTRY_TOUCHED,2021-01-04 07:20:00,2021-01-04 09:20:00,ENTRY_TOUCHED,0.05,1.42
2021-01-04 07:20:00,th_ec561c13dfa995be,cand_M5_th_ec561c13dfa995be_2021-01-04 07:20:00,pass_06be5097e1fdd8cb,LONG,M30,M5,1837.20,1827.20,1857.20,ENTRY_TOUCHED,2021-01-04 07:20:00,2021-01-04 09:20:00,ENTRY_TOUCHED,0.05,1.42
2021-01-04 07:20:00,th_a8e2cd8e2710a9e1,cand_M5_th_a8e2cd8e2710a9e1_2021-01-04 07:20:00,pass_9d6ee9a7fd9bdcb1,LONG,M30,M5,1837.20,1827.20,1857.20,ENTRY_TOUCHED,2021-01-04 07:20:00,2021-01-04 09:20:00,ENTRY_TOUCHED,0.05,1.42
2021-01-04 07:20:00,th_54d643bf03d15a1f,cand_M5_th_54d643bf03d15a1f_2021-01-04 07:20:00,pass_df02670ccafee42d,LONG,M30,M5,1837.20,1827.20,1857.20,ENTRY_TOUCHED,2021-01-04 07:20:00,2021-01-04 09:20:00,ENTRY_TOUCHED,0.05,1.42
2021-01-04 07:20:00,th_0cc920c90f7154b4,cand_M5_th_0cc920c90f7154b4_2021-01-04 07:20:00,pass_1212d193def56a49,LONG,M30,M5,1837.20,1827.20,1857.20,ENTRY_TOUCHED,2021-01-04 07:20:00,2021-01-04 09:20:00,ENTRY_TOUCHED,0.05,1.42
2021-01-04 07:20:00,th_560d9a0f75392210,cand_M5_th_560d9a0f75392210_2021-01-04 07:20:00,pass_a491d028d31e592b,LONG,M30,M5,1837.20,1827.20,1857.20,ENTRY_TOUCHED,2021-01-04 07:20:00,2021-01-04 09:20:00,ENTRY_TOUCHED,0.05,1.42
2021-01-04 07:21:00,th_c6a3fea6cfabf2b7,cand_M3_th_c6a3fea6cfabf2b7_2021-01-04 07:21:00,pass_9add612089c550cd,LONG,M30,M3,1837.30,1827.30,1857.30,ENTRY_TOUCHED,2021-01-04 07:21:00,2021-01-04 09:20:00,ENTRY_TOUCHED,0.05,1.41
2021-01-04 07:21:00,th_ab2b87b6a68aba30,cand_M3_th_ab2b87b6a68aba30_2021-01-04 07:21:00,pass_5dd1d56eb3717260,LONG,M30,M3,1837.30,1827.30,1857.30,ENTRY_TOUCHED,2021-01-04 07:21:00,2021-01-04 09:20:00,ENTRY_TOUCHED,0.05,1.41
2021-01-04 07:21:00,th_19305dc78a364622,cand_M3_th_19305dc78a364622_2021-01-04 07:21:00,pass_5883fc8170c0ced0,LONG,M30,M3,1837.30,1827.30,1857.30,ENTRY_TOUCHED,2021-01-04 07:21:00,2021-01-04 09:20:00,ENTRY_TOUCHED,0.05,1.41
2021-01-04 07:21:00,th_e9804d1bd00856fe,cand_M3_th_e9804d1bd00856fe_2021-01-04 07:21:00,pass_b275dcb0daee8b71,LONG,M30,M3,1837.30,1827.30,1857.30,ENTRY_TOUCHED,2021-01-04 07:21:00,2021-01-04 09:20:00,ENTRY_TOUCHED,0.05,1.41
2021-01-04 07:21:00,th_748ea98708c94abb,cand_M3_th_748ea98708c94abb_2021-01-04 07:21:00,pass_b732128214a21286,LONG,M30,M3,1837.30,1827.30,1857.30,ENTRY_TOUCHED,2021-01-04 07:21:00,2021-01-04 09:20:00,ENTRY_TOUCHED,0.05,1.41
2021-01-04 07:21:00,th_818f74a02dbe690b,cand_M3_th_818f74a02dbe690b_2021-01-04 07:21:00,pass_e07f66e7e0c75363,LONG,M30,M3,1837.30,1827.30,1857.30,ENTRY_TOUCHED,2021-01-04 07:21:00,2021-01-04 09:20:00,ENTRY_TOUCHED,0.05,1.41
2021-01-04 07:21:00,th_1de6b90c3de92f9d,cand_M3_th_1de6b90c3de92f9d_2021-01-04 07:21:00,pass_5fb1fae11b9285b1,LONG,M30,M3,1837.30,1827.30,1857.30,ENTRY_TOUCHED,2021-01-04 07:21:00,2021-01-04 09:20:00,ENTRY_TOUCHED,0.05,1.41
2021-01-04 07:21:00,th_ec561c13dfa995be,cand_M3_th_ec561c13dfa995be_2021-01-04 07:21:00,pass_8c64bd7304073e4a,LONG,M30,M3,1837.30,1827.30,1857.30,ENTRY_TOUCHED,2021-01-04 07:21:00,2021-01-04 09:20:00,ENTRY_TOUCHED,0.05,1.41
2021-01-04 07:21:00,th_a8e2cd8e2710a9e1,cand_M3_th_a8e2cd8e2710a9e1_2021-01-04 07:21:00,pass_be94508612843ae3,LONG,M30,M3,1837.30,1827.30,1857.30,ENTRY_TOUCHED,2021-01-04 07:21:00,2021-01-04 09:20:00,ENTRY_TOUCHED,0.05,1.41
2021-01-04 07:21:00,th_54d643bf03d15a1f,cand_M3_th_54d643bf03d15a1f_2021-01-04 07:21:00,pass_a72d6596c7b296ae,LONG,M30,M3,1837.30,1827.30,1857.30,ENTRY_TOUCHED,2021-01-04 07:21:00,2021-01-04 09:20:00,ENTRY_TOUCHED,0.05,1.41
2021-01-04 07:21:00,th_0cc920c90f7154b4,cand_M3_th_0cc920c90f7154b4_2021-01-04 07:21:00,pass_788456995accd553,LONG,M30,M3,1837.30,1827.30,1857.30,ENTRY_TOUCHED,2021-01-04 07:21:00,2021-01-04 09:20:00,ENTRY_TOUCHED,0.05,1.41
2021-01-04 07:21:00,th_560d9a0f75392210,cand_M3_th_560d9a0f75392210_2021-01-04 07:21:00,pass_d6e11701a5915cdc,LONG,M30,M3,1837.30,1827.30,1857.30,ENTRY_TOUCHED,2021-01-04 07:21:00,2021-01-04 09:20:00,ENTRY_TOUCHED,0.05,1.41
2021-01-04 07:24:00,th_c6a3fea6cfabf2b7,cand_M3_th_c6a3fea6cfabf2b7_2021-01-04 07:24:00,pass_3f87e1fce16bc251,LONG,M30,M3,1837.60,1827.60,1857.60,ENTRY_TOUCHED,2021-01-04 07:24:00,2021-01-04 09:20:00,ENTRY_TOUCHED,0.05,1.38
2021-01-04 07:24:00,th_ab2b87b6a68aba30,cand_M3_th_ab2b87b6a68aba30_2021-01-04 07:24:00,pass_d8e20b2ae8d7d3e9,LONG,M30,M3,1837.60,1827.60,1857.60,ENTRY_TOUCHED,2021-01-04 07:24:00,2021-01-04 09:20:00,ENTRY_TOUCHED,0.05,1.38
2021-01-04 07:24:00,th_19305dc78a364622,cand_M3_th_19305dc78a364622_2021-01-04 07:24:00,pass_aaf8df204750a4fc,LONG,M30,M3,1837.60,1827.60,1857.60,ENTRY_TOUCHED,2021-01-04 07:24:00,2021-01-04 09:20:00,ENTRY_TOUCHED,0.05,1.38
2021-01-04 07:24:00,th_e9804d1bd00856fe,cand_M3_th_e9804d1bd00856fe_2021-01-04 07:24:00,pass_415dd2a546dd4c46,LONG,M30,M3,1837.60,1827.60,1857.60,ENTRY_TOUCHED,2021-01-04 07:24:00,2021-01-04 09:20:00,ENTRY_TOUCHED,0.05,1.38
2021-01-04 07:24:00,th_748ea98708c94abb,cand_M3_th_748ea98708c94abb_2021-01-04 07:24:00,pass_da605e23df0c1e54,LONG,M30,M3,1837.60,1827.60,1857.60,ENTRY_TOUCHED,2021-01-04 07:24:00,2021-01-04 09:20:00,ENTRY_TOUCHED,0.05,1.38
2021-01-04 07:24:00,th_818f74a02dbe690b,cand_M3_th_818f74a02dbe690b_2021-01-04 07:24:00,pass_43b6cbc5910dd866,LONG,M30,M3,1837.60,1827.60,1857.60,ENTRY_TOUCHED,2021-01-04 07:24:00,2021-01-04 09:20:00,ENTRY_TOUCHED,0.05,1.38
2021-01-04 07:24:00,th_1de6b90c3de92f9d,cand_M3_th_1de6b90c3de92f9d_2021-01-04 07:24:00,pass_4500914a62bfafb8,LONG,M30,M3,1837.60,1827.60,1857.60,ENTRY_TOUCHED,2021-01-04 07:24:00,2021-01-04 09:20:00,ENTRY_TOUCHED,0.05,1.38
2021-01-04 07:24:00,th_ec561c13dfa995be,cand_M3_th_ec561c13dfa995be_2021-01-04 07:24:00,pass_389e587e097097dc,LONG,M30,M3,1837.60,1827.60,1857.60,ENTRY_TOUCHED,2021-01-04 07:24:00,2021-01-04 09:20:00,ENTRY_TOUCHED,0.05,1.38
2021-01-04 07:24:00,th_a8e2cd8e2710a9e1,cand_M3_th_a8e2cd8e2710a9e1_2021-01-04 07:24:00,pass_8c99d113535af543,LONG,M30,M3,1837.60,1827.60,1857.60,ENTRY_TOUCHED,2021-01-04 07:24:00,2021-01-04 09:20:00,ENTRY_TOUCHED,0.05,1.38
2021-01-04 07:24:00,th_54d643bf03d15a1f,cand_M3_th_54d643bf03d15a1f_2021-01-04 07:24:00,pass_709e59fc0880c914,LONG,M30,M3,1837.60,1827.60,1857.60,ENTRY_TOUCHED,2021-01-04 07:24:00,2021-01-04 09:20:00,ENTRY_TOUCHED,0.05,1.38
2021-01-04 07:24:00,th_0cc920c90f7154b4,cand_M3_th_0cc920c90f7154b4_2021-01-04 07:24:00,pass_c727acdd3d64280c,LONG,M30,M3,1837.60,1827.60,1857.60,ENTRY_TOUCHED,2021-01-04 07:24:00,2021-01-04 09:20:00,ENTRY_TOUCHED,0.05,1.38
2021-01-04 07:24:00,th_560d9a0f75392210,cand_M3_th_560d9a0f75392210_2021-01-04 07:24:00,pass_ebac1e0dfc668efe,LONG,M30,M3,1837.60,1827.60,1857.60,ENTRY_TOUCHED,2021-01-04 07:24:00,2021-01-04 09:20:00,ENTRY_TOUCHED,0.05,1.38
2021-01-04 07:25:00,th_c6a3fea6cfabf2b7,cand_M5_th_c6a3fea6cfabf2b7_2021-01-04 07:25:00,pass_cf8a5c3c7e71c166,LONG,M30,M5,1837.70,1827.70,1857.70,ENTRY_TOUCHED,2021-01-04 07:25:00,2021-01-04 09:20:00,ENTRY_TOUCHED,0.05,1.37
2021-01-04 07:25:00,th_ab2b87b6a68aba30,cand_M5_th_ab2b87b6a68aba30_2021-01-04 07:25:00,pass_48e984210e08a050,LONG,M30,M5,1837.70,1827.70,1857.70,ENTRY_TOUCHED,2021-01-04 07:25:00,2021-01-04 09:20:00,ENTRY_TOUCHED,0.05,1.37
2021-01-04 07:25:00,th_19305dc78a364622,cand_M5_th_19305dc78a364622_2021-01-04 07:25:00,pass_e5404aac89600a4a,LONG,M30,M5,1837.70,1827.70,1857.70,ENTRY_TOUCHED,2021-01-04 07:25:00,2021-01-04 09:20:00,ENTRY_TOUCHED,0.05,1.37
2021-01-04 07:25:00,th_e9804d1bd00856fe,cand_M5_th_e9804d1bd00856fe_2021-01-04 07:25:00,pass_6778ec039fe0dc1b,LONG,M30,M5,1837.70,1827.70,1857.70,ENTRY_TOUCHED,2021-01-04 07:25:00,2021-01-04 09:20:00,ENTRY_TOUCHED,0.05,1.37
2021-01-04 07:25:00,th_748ea98708c94abb,cand_M5_th_748ea98708c94abb_2021-01-04 07:25:00,pass_ee5070da5d34979a,LONG,M30,M5,1837.70,1827.70,1857.70,ENTRY_TOUCHED,2021-01-04 07:25:00,2021-01-04 09:20:00,ENTRY_TOUCHED,0.05,1.37
2021-01-04 07:25:00,th_818f74a02dbe690b,cand_M5_th_818f74a02dbe690b_2021-01-04 07:25:00,pass_d78c3d7387ed6fcc,LONG,M30,M5,1837.70,1827.70,1857.70,ENTRY_TOUCHED,2021-01-04 07:25:00,2021-01-04 09:20:00,ENTRY_TOUCHED,0.05,1.37
2021-01-04 07:25:00,th_1de6b90c3de92f9d,cand_M5_th_1de6b90c3de92f9d_2021-01-04 07:25:00,pass_274acde4af12f562,LONG,M30,M5,1837.70,1827.70,1857.70,ENTRY_TOUCHED,2021-01-04 07:25:00,2021-01-04 09:20:00,ENTRY_TOUCHED,0.05,1.37
2021-01-04 07:25:00,th_ec561c13dfa995be,cand_M5_th_ec561c13dfa995be_2021-01-04 07:25:00,pass_c04c906c2c0c39bc,LONG,M30,M5,1837.70,1827.70,1857.70,ENTRY_TOUCHED,2021-01-04 07:25:00,2021-01-04 09:20:00,ENTRY_TOUCHED,0.05,1.37
2021-01-04 07:25:00,th_a8e2cd8e2710a9e1,cand_M5_th_a8e2cd8e2710a9e1_2021-01-04 07:25:00,pass_a0192eae76543e82,LONG,M30,M5,1837.70,1827.70,1857.70,ENTRY_TOUCHED,2021-01-04 07:25:00,2021-01-04 09:20:00,ENTRY_TOUCHED,0.05,1.37
2021-01-04 07:25:00,th_54d643bf03d15a1f,cand_M5_th_54d643bf03d15a1f_2021-01-04 07:25:00,pass_0b619a2a5bc5f5d3,LONG,M30,M5,1837.70,1827.70,1857.70,ENTRY_TOUCHED,2021-01-04 07:25:00,2021-01-04 09:20:00,ENTRY_TOUCHED,0.05,1.37
2021-01-04 07:25:00,th_0cc920c90f7154b4,cand_M5_th_0cc920c90f7154b4_2021-01-04 07:25:00,pass_55be62ba17c14051,LONG,M30,M5,1837.70,1827.70,1857.70,ENTRY_TOUCHED,2021-01-04 07:25:00,2021-01-04 09:20:00,ENTRY_TOUCHED,0.05,1.37
2021-01-04 07:25:00,th_560d9a0f75392210,cand_M5_th_560d9a0f75392210_2021-01-04 07:25:00,pass_548f94c25639ed3e,LONG,M30,M5,1837.70,1827.70,1857.70,ENTRY_TOUCHED,2021-01-04 07:25:00,2021-01-04 09:20:00,ENTRY_TOUCHED,0.05,1.37
2021-01-04 07:27:00,th_c6a3fea6cfabf2b7,cand_M3_th_c6a3fea6cfabf2b7_2021-01-04 07:27:00,pass_f7587249b9aeb24f,LONG,M30,M3,1837.90,1827.90,1857.90,ENTRY_TOUCHED,2021-01-04 07:27:00,2021-01-04 09:20:00,ENTRY_TOUCHED,0.05,1.35
2021-01-04 07:27:00,th_ab2b87b6a68aba30,cand_M3_th_ab2b87b6a68aba30_2021-01-04 07:27:00,pass_c9746e195587b457,LONG,M30,M3,1837.90,1827.90,1857.90,ENTRY_TOUCHED,2021-01-04 07:27:00,2021-01-04 09:20:00,ENTRY_TOUCHED,0.05,1.35
2021-01-04 07:27:00,th_19305dc78a364622,cand_M3_th_19305dc78a364622_2021-01-04 07:27:00,pass_420ba288f6366261,LONG,M30,M3,1837.90,1827.90,1857.90,ENTRY_TOUCHED,2021-01-04 07:27:00,2021-01-04 09:20:00,ENTRY_TOUCHED,0.05,1.35
2021-01-04 07:27:00,th_e9804d1bd00856fe,cand_M3_th_e9804d1bd00856fe_2021-01-04 07:27:00,pass_05425097f942fef2,LONG,M30,M3,1837.90,1827.90,1857.90,ENTRY_TOUCHED,2021-01-04 07:27:00,2021-01-04 09:20:00,ENTRY_TOUCHED,0.05,1.35
2021-01-04 07:27:00,th_748ea98708c94abb,cand_M3_th_748ea98708c94abb_2021-01-04 07:27:00,pass_a7494f5e996b6790,LONG,M30,M3,1837.90,1827.90,1857.90,ENTRY_TOUCHED,2021-01-04 07:27:00,2021-01-04 09:20:00,ENTRY_TOUCHED,0.05,1.35
2021-01-04 07:27:00,th_818f74a02dbe690b,cand_M3_th_818f74a02dbe690b_2021-01-04 07:27:00,pass_c3d55ea15a4c16da,LONG,M30,M3,1837.90,1827.90,1857.90,ENTRY_TOUCHED,2021-01-04 07:27:00,2021-01-04 09:20:00,ENTRY_TOUCHED,0.05,1.35
2021-01-04 07:27:00,th_1de6b90c3de92f9d,cand_M3_th_1de6b90c3de92f9d_2021-01-04 07:27:00,pass_742b4c7d7dbd0f73,LONG,M30,M3,1837.90,1827.90,1857.90,ENTRY_TOUCHED,2021-01-04 07:27:00,2021-01-04 09:20:00,ENTRY_TOUCHED,0.05,1.35
2021-01-04 07:27:00,th_ec561c13dfa995be,cand_M3_th_ec561c13dfa995be_2021-01-04 07:27:00,pass_b8dcc39cea5f665f,LONG,M30,M3,1837.90,1827.90,1857.90,ENTRY_TOUCHED,2021-01-04 07:27:00,2021-01-04 09:20:00,ENTRY_TOUCHED,0.05,1.35
2021-01-04 07:27:00,th_a8e2cd8e2710a9e1,cand_M3_th_a8e2cd8e2710a9e1_2021-01-04 07:27:00,pass_9b8e53021d2d7a03,LONG,M30,M3,1837.90,1827.90,1857.90,ENTRY_TOUCHED,2021-01-04 07:27:00,2021-01-04 09:20:00,ENTRY_TOUCHED,0.05,1.35
2021-01-04 07:27:00,th_54d643bf03d15a1f,cand_M3_th_54d643bf03d15a1f_2021-01-04 07:27:00,pass_9e4716ea66cdff78,LONG,M30,M3,1837.90,1827.90,1857.90,ENTRY_TOUCHED,2021-01-04 07:27:00,2021-01-04 09:20:00,ENTRY_TOUCHED,0.05,1.35
2021-01-04 07:27:00,th_0cc920c90f7154b4,cand_M3_th_0cc920c90f7154b4_2021-01-04 07:27:00,pass_1b6dabfbb8380723,LONG,M30,M3,1837.90,1827.90,1857.90,ENTRY_TOUCHED,2021-01-04 07:27:00,2021-01-04 09:20:00,ENTRY_TOUCHED,0.05,1.35
2021-01-04 07:27:00,th_560d9a0f75392210,cand_M3_th_560d9a0f75392210_2021-01-04 07:27:00,pass_50fd9637c495aee8,LONG,M30,M3,1837.90,1827.90,1857.90,ENTRY_TOUCHED,2021-01-04 07:27:00,2021-01-04 09:20:00,ENTRY_TOUCHED,0.05,1.35
2021-01-04 07:30:00,th_c6a3fea6cfabf2b7,cand_M5_th_c6a3fea6cfabf2b7_2021-01-04 07:30:00,pass_76ff69aab0f36c72,LONG,M30,M5,1838.20,1828.20,1858.20,ENTRY_TOUCHED,2021-01-04 07:30:00,2021-01-04 09:20:00,ENTRY_TOUCHED,0.05,1.32
2021-01-04 07:30:00,th_ab2b87b6a68aba30,cand_M5_th_ab2b87b6a68aba30_2021-01-04 07:30:00,pass_4e6422fd0e2ac7a5,LONG,M30,M5,1838.20,1828.20,1858.20,ENTRY_TOUCHED,2021-01-04 07:30:00,2021-01-04 09:20:00,ENTRY_TOUCHED,0.05,1.32
2021-01-04 07:30:00,th_19305dc78a364622,cand_M5_th_19305dc78a364622_2021-01-04 07:30:00,pass_3ae8f77720ee5229,LONG,M30,M5,1838.20,1828.20,1858.20,ENTRY_TOUCHED,2021-01-04 07:30:00,2021-01-04 09:20:00,ENTRY_TOUCHED,0.05,1.32
2021-01-04 07:30:00,th_e9804d1bd00856fe,cand_M5_th_e9804d1bd00856fe_2021-01-04 07:30:00,pass_6d8a1482418aaf99,LONG,M30,M5,1838.20,1828.20,1858.20,ENTRY_TOUCHED,2021-01-04 07:30:00,2021-01-04 09:20:00,ENTRY_TOUCHED,0.05,1.32
2021-01-04 07:30:00,th_748ea98708c94abb,cand_M5_th_748ea98708c94abb_2021-01-04 07:30:00,pass_df8b0bb0b4c1b84a,LONG,M30,M5,1838.20,1828.20,1858.20,ENTRY_TOUCHED,2021-01-04 07:30:00,2021-01-04 09:20:00,ENTRY_TOUCHED,0.05,1.32
2021-01-04 07:30:00,th_818f74a02dbe690b,cand_M5_th_818f74a02dbe690b_2021-01-04 07:30:00,pass_b3446f8e3487a625,LONG,M30,M5,1838.20,1828.20,1858.20,ENTRY_TOUCHED,2021-01-04 07:30:00,2021-01-04 09:20:00,ENTRY_TOUCHED,0.05,1.32
2021-01-04 07:30:00,th_1de6b90c3de92f9d,cand_M5_th_1de6b90c3de92f9d_2021-01-04 07:30:00,pass_32d070cb54cbdce7,LONG,M30,M5,1838.20,1828.20,1858.20,ENTRY_TOUCHED,2021-01-04 07:30:00,2021-01-04 09:20:00,ENTRY_TOUCHED,0.05,1.32
2021-01-04 07:30:00,th_ec561c13dfa995be,cand_M5_th_ec561c13dfa995be_2021-01-04 07:30:00,pass_cd762411979f4251,LONG,M30,M5,1838.20,1828.20,1858.20,ENTRY_TOUCHED,2021-01-04 07:30:00,2021-01-04 09:20:00,ENTRY_TOUCHED,0.05,1.32
2021-01-04 07:30:00,th_a8e2cd8e2710a9e1,cand_M5_th_a8e2cd8e2710a9e1_2021-01-04 07:30:00,pass_dd83ec8a0e61e923,LONG,M30,M5,1838.20,1828.20,1858.20,ENTRY_TOUCHED,2021-01-04 07:30:00,2021-01-04 09:20:00,ENTRY_TOUCHED,0.05,1.32
2021-01-04 07:30:00,th_54d643bf03d15a1f,cand_M5_th_54d643bf03d15a1f_2021-01-04 07:30:00,pass_611c4237e209c0ba,LONG,M30,M5,1838.20,1828.20,1858.20,ENTRY_TOUCHED,2021-01-04 07:30:00,2021-01-04 09:20:00,ENTRY_TOUCHED,0.05,1.32
2021-01-04 07:30:00,th_0cc920c90f7154b4,cand_M5_th_0cc920c90f7154b4_2021-01-04 07:30:00,pass_60f90ad94d644c4d,LONG,M30,M5,1838.20,1828.20,1858.20,ENTRY_TOUCHED,2021-01-04 07:30:00,2021-01-04 09:20:00,ENTRY_TOUCHED,0.05,1.32
2021-01-04 07:30:00,th_560d9a0f75392210,cand_M5_th_560d9a0f75392210_2021-01-04 07:30:00,pass_d80888fdd9d4c1bd,LONG,M30,M5,1838.20,1828.20,1858.20,ENTRY_TOUCHED,2021-01-04 07:30:00,2021-01-04 09:20:00,ENTRY_TOUCHED,0.05,1.32
2021-01-04 07:30:00,th_d254a38f1696e9eb,cand_M5_th_d254a38f1696e9eb_2021-01-04 07:30:00,pass_2385e434b0bfe340,LONG,M30,M5,1838.20,1828.20,1858.20,ENTRY_TOUCHED,2021-01-04 07:30:00,2021-01-04 09:20:00,ENTRY_TOUCHED,0.05,1.32
2021-01-04 07:30:00,th_c6a3fea6cfabf2b7,cand_M3_th_c6a3fea6cfabf2b7_2021-01-04 07:30:00,pass_9eb6a1858cc9af95,LONG,M30,M3,1838.20,1828.20,1858.20,ENTRY_TOUCHED,2021-01-04 07:30:00,2021-01-04 09:20:00,ENTRY_TOUCHED,0.05,1.32
2021-01-04 07:30:00,th_ab2b87b6a68aba30,cand_M3_th_ab2b87b6a68aba30_2021-01-04 07:30:00,pass_e6cd3b793cd5d164,LONG,M30,M3,1838.20,1828.20,1858.20,ENTRY_TOUCHED,2021-01-04 07:30:00,2021-01-04 09:20:00,ENTRY_TOUCHED,0.05,1.32
2021-01-04 07:30:00,th_19305dc78a364622,cand_M3_th_19305dc78a364622_2021-01-04 07:30:00,pass_744b048bfb08da70,LONG,M30,M3,1838.20,1828.20,1858.20,ENTRY_TOUCHED,2021-01-04 07:30:00,2021-01-04 09:20:00,ENTRY_TOUCHED,0.05,1.32
2021-01-04 07:30:00,th_e9804d1bd00856fe,cand_M3_th_e9804d1bd00856fe_2021-01-04 07:30:00,pass_8dd323fb41c380f5,LONG,M30,M3,1838.20,1828.20,1858.20,ENTRY_TOUCHED,2021-01-04 07:30:00,2021-01-04 09:20:00,ENTRY_TOUCHED,0.05,1.32
2021-01-04 07:30:00,th_748ea98708c94abb,cand_M3_th_748ea98708c94abb_2021-01-04 07:30:00,pass_013acc69d4f41af3,LONG,M30,M3,1838.20,1828.20,1858.20,ENTRY_TOUCHED,2021-01-04 07:30:00,2021-01-04 09:20:00,ENTRY_TOUCHED,0.05,1.32
2021-01-04 07:30:00,th_818f74a02dbe690b,cand_M3_th_818f74a02dbe690b_2021-01-04 07:30:00,pass_bf929daf4f318848,LONG,M30,M3,1838.20,1828.20,1858.20,ENTRY_TOUCHED,2021-01-04 07:30:00,2021-01-04 09:20:00,ENTRY_TOUCHED,0.05,1.32
2021-01-04 07:30:00,th_1de6b90c3de92f9d,cand_M3_th_1de6b90c3de92f9d_2021-01-04 07:30:00,pass_8934c3ae372db96c,LONG,M30,M3,1838.20,1828.20,1858.20,ENTRY_TOUCHED,2021-01-04 07:30:00,2021-01-04 09:20:00,ENTRY_TOUCHED,0.05,1.32
2021-01-04 07:30:00,th_ec561c13dfa995be,cand_M3_th_ec561c13dfa995be_2021-01-04 07:30:00,pass_5653c81f92d2df48,LONG,M30,M3,1838.20,1828.20,1858.20,ENTRY_TOUCHED,2021-01-04 07:30:00,2021-01-04 09:20:00,ENTRY_TOUCHED,0.05,1.32
2021-01-04 07:30:00,th_a8e2cd8e2710a9e1,cand_M3_th_a8e2cd8e2710a9e1_2021-01-04 07:30:00,pass_e7eb84cc8cb7ab03,LONG,M30,M3,1838.20,1828.20,1858.20,ENTRY_TOUCHED,2021-01-04 07:30:00,2021-01-04 09:20:00,ENTRY_TOUCHED,0.05,1.32
2021-01-04 07:30:00,th_54d643bf03d15a1f,cand_M3_th_54d643bf03d15a1f_2021-01-04 07:30:00,pass_c12e2b2f7f6e13f1,LONG,M30,M3,1838.20,1828.20,1858.20,ENTRY_TOUCHED,2021-01-04 07:30:00,2021-01-04 09:20:00,ENTRY_TOUCHED,0.05,1.32
2021-01-04 07:30:00,th_0cc920c90f7154b4,cand_M3_th_0cc920c90f7154b4_2021-01-04 07:30:00,pass_69bd5a22b257d49f,LONG,M30,M3,1838.20,1828.20,1858.20,ENTRY_TOUCHED,2021-01-04 07:30:00,2021-01-04 09:20:00,ENTRY_TOUCHED,0.05,1.32
2021-01-04 07:30:00,th_560d9a0f75392210,cand_M3_th_560d9a0f75392210_2021-01-04 07:30:00,pass_be4ef2b27245f89d,LONG,M30,M3,1838.20,1828.20,1858.20,ENTRY_TOUCHED,2021-01-04 07:30:00,2021-01-04 09:20:00,ENTRY_TOUCHED,0.05,1.32
2021-01-04 07:30:00,th_d254a38f1696e9eb,cand_M3_th_d254a38f1696e9eb_2021-01-04 07:30:00,pass_d92298e6ee4994fe,LONG,M30,M3,1838.20,1828.20,1858.20,ENTRY_TOUCHED,2021-01-04 07:30:00,2021-01-04 09:20:00,ENTRY_TOUCHED,0.05,1.32
2021-01-04 07:33:00,th_c6a3fea6cfabf2b7,cand_M3_th_c6a3fea6cfabf2b7_2021-01-04 07:33:00,pass_b1e6f6732ed39147,LONG,M30,M3,1838.50,1828.50,1858.50,ENTRY_TOUCHED,2021-01-04 07:33:00,2021-01-04 09:20:00,ENTRY_TOUCHED,0.05,1.29
2021-01-04 07:33:00,th_ab2b87b6a68aba30,cand_M3_th_ab2b87b6a68aba30_2021-01-04 07:33:00,pass_d14487e11bac44ae,LONG,M30,M3,1838.50,1828.50,1858.50,ENTRY_TOUCHED,2021-01-04 07:33:00,2021-01-04 09:20:00,ENTRY_TOUCHED,0.05,1.29
2021-01-04 07:33:00,th_19305dc78a364622,cand_M3_th_19305dc78a364622_2021-01-04 07:33:00,pass_d0bf7290cff17ac4,LONG,M30,M3,1838.50,1828.50,1858.50,ENTRY_TOUCHED,2021-01-04 07:33:00,2021-01-04 09:20:00,ENTRY_TOUCHED,0.05,1.29
2021-01-04 07:33:00,th_e9804d1bd00856fe,cand_M3_th_e9804d1bd00856fe_2021-01-04 07:33:00,pass_5dac9b226a3ca924,LONG,M30,M3,1838.50,1828.50,1858.50,ENTRY_TOUCHED,2021-01-04 07:33:00,2021-01-04 09:20:00,ENTRY_TOUCHED,0.05,1.29
2021-01-04 07:33:00,th_748ea98708c94abb,cand_M3_th_748ea98708c94abb_2021-01-04 07:33:00,pass_e1a01665e49efa35,LONG,M30,M3,1838.50,1828.50,1858.50,ENTRY_TOUCHED,2021-01-04 07:33:00,2021-01-04 09:20:00,ENTRY_TOUCHED,0.05,1.29
2021-01-04 07:33:00,th_818f74a02dbe690b,cand_M3_th_818f74a02dbe690b_2021-01-04 07:33:00,pass_0400554d232774c3,LONG,M30,M3,1838.50,1828.50,1858.50,ENTRY_TOUCHED,2021-01-04 07:33:00,2021-01-04 09:20:00,ENTRY_TOUCHED,0.05,1.29
2021-01-04 07:33:00,th_1de6b90c3de92f9d,cand_M3_th_1de6b90c3de92f9d_2021-01-04 07:33:00,pass_bab93b80177e9075,LONG,M30,M3,1838.50,1828.50,1858.50,ENTRY_TOUCHED,2021-01-04 07:33:00,2021-01-04 09:20:00,ENTRY_TOUCHED,0.05,1.29
2021-01-04 07:33:00,th_ec561c13dfa995be,cand_M3_th_ec561c13dfa995be_2021-01-04 07:33:00,pass_2cd0b3b2a687975e,LONG,M30,M3,1838.50,1828.50,1858.50,ENTRY_TOUCHED,2021-01-04 07:33:00,2021-01-04 09:20:00,ENTRY_TOUCHED,0.05,1.29
2021-01-04 07:33:00,th_a8e2cd8e2710a9e1,cand_M3_th_a8e2cd8e2710a9e1_2021-01-04 07:33:00,pass_1a133d06d7d01f46,LONG,M30,M3,1838.50,1828.50,1858.50,ENTRY_TOUCHED,2021-01-04 07:33:00,2021-01-04 09:20:00,ENTRY_TOUCHED,0.05,1.29
2021-01-04 07:33:00,th_54d643bf03d15a1f,cand_M3_th_54d643bf03d15a1f_2021-01-04 07:33:00,pass_35b964621ff6fad5,LONG,M30,M3,1838.50,1828.50,1858.50,ENTRY_TOUCHED,2021-01-04 07:33:00,2021-01-04 09:20:00,ENTRY_TOUCHED,0.05,1.29
2021-01-04 07:33:00,th_0cc920c90f7154b4,cand_M3_th_0cc920c90f7154b4_2021-01-04 07:33:00,pass_64a0f8e00596ef16,LONG,M30,M3,1838.50,1828.50,1858.50,ENTRY_TOUCHED,2021-01-04 07:33:00,2021-01-04 09:20:00,ENTRY_TOUCHED,0.05,1.29
2021-01-04 07:33:00,th_560d9a0f75392210,cand_M3_th_560d9a0f75392210_2021-01-04 07:33:00,pass_f82eb9b514da9ae3,LONG,M30,M3,1838.50,1828.50,1858.50,ENTRY_TOUCHED,2021-01-04 07:33:00,2021-01-04 09:20:00,ENTRY_TOUCHED,0.05,1.29
2021-01-04 07:33:00,th_d254a38f1696e9eb,cand_M3_th_d254a38f1696e9eb_2021-01-04 07:33:00,pass_a386d7ed67a179ca,LONG,M30,M3,1838.50,1828.50,1858.50,ENTRY_TOUCHED,2021-01-04 07:33:00,2021-01-04 09:20:00,ENTRY_TOUCHED,0.05,1.29
2021-01-04 07:35:00,th_c6a3fea6cfabf2b7,cand_M5_th_c6a3fea6cfabf2b7_2021-01-04 07:35:00,pass_48783cbf474593c5,LONG,M30,M5,1838.70,1828.70,1858.70,ENTRY_TOUCHED,2021-01-04 07:35:00,2021-01-04 09:20:00,ENTRY_TOUCHED,0.05,1.27
2021-01-04 07:35:00,th_ab2b87b6a68aba30,cand_M5_th_ab2b87b6a68aba30_2021-01-04 07:35:00,pass_fa100ea5b0aaa45a,LONG,M30,M5,1838.70,1828.70,1858.70,ENTRY_TOUCHED,2021-01-04 07:35:00,2021-01-04 09:20:00,ENTRY_TOUCHED,0.05,1.27
2021-01-04 07:35:00,th_19305dc78a364622,cand_M5_th_19305dc78a364622_2021-01-04 07:35:00,pass_ab844ec6aaa6b94e,LONG,M30,M5,1838.70,1828.70,1858.70,ENTRY_TOUCHED,2021-01-04 07:35:00,2021-01-04 09:20:00,ENTRY_TOUCHED,0.05,1.27
2021-01-04 07:35:00,th_e9804d1bd00856fe,cand_M5_th_e9804d1bd00856fe_2021-01-04 07:35:00,pass_b3620167f07d1342,LONG,M30,M5,1838.70,1828.70,1858.70,ENTRY_TOUCHED,2021-01-04 07:35:00,2021-01-04 09:20:00,ENTRY_TOUCHED,0.05,1.27
2021-01-04 07:35:00,th_748ea98708c94abb,cand_M5_th_748ea98708c94abb_2021-01-04 07:35:00,pass_2c3e827c4b1a35a1,LONG,M30,M5,1838.70,1828.70,1858.70,ENTRY_TOUCHED,2021-01-04 07:35:00,2021-01-04 09:20:00,ENTRY_TOUCHED,0.05,1.27
2021-01-04 07:35:00,th_818f74a02dbe690b,cand_M5_th_818f74a02dbe690b_2021-01-04 07:35:00,pass_1c9a31b0b4629bce,LONG,M30,M5,1838.70,1828.70,1858.70,ENTRY_TOUCHED,2021-01-04 07:35:00,2021-01-04 09:20:00,ENTRY_TOUCHED,0.05,1.27
2021-01-04 07:35:00,th_1de6b90c3de92f9d,cand_M5_th_1de6b90c3de92f9d_2021-01-04 07:35:00,pass_0d6bf5787c5a4f8d,LONG,M30,M5,1838.70,1828.70,1858.70,ENTRY_TOUCHED,2021-01-04 07:35:00,2021-01-04 09:20:00,ENTRY_TOUCHED,0.05,1.27
2021-01-04 07:35:00,th_ec561c13dfa995be,cand_M5_th_ec561c13dfa995be_2021-01-04 07:35:00,pass_994bd7076355fe3a,LONG,M30,M5,1838.70,1828.70,1858.70,ENTRY_TOUCHED,2021-01-04 07:35:00,2021-01-04 09:20:00,ENTRY_TOUCHED,0.05,1.27
2021-01-04 07:35:00,th_a8e2cd8e2710a9e1,cand_M5_th_a8e2cd8e2710a9e1_2021-01-04 07:35:00,pass_33ba3f7c4302bdac,LONG,M30,M5,1838.70,1828.70,1858.70,ENTRY_TOUCHED,2021-01-04 07:35:00,2021-01-04 09:20:00,ENTRY_TOUCHED,0.05,1.27
2021-01-04 07:35:00,th_54d643bf03d15a1f,cand_M5_th_54d643bf03d15a1f_2021-01-04 07:35:00,pass_1c6baf0222377ffe,LONG,M30,M5,1838.70,1828.70,1858.70,ENTRY_TOUCHED,2021-01-04 07:35:00,2021-01-04 09:20:00,ENTRY_TOUCHED,0.05,1.27
2021-01-04 07:35:00,th_0cc920c90f7154b4,cand_M5_th_0cc920c90f7154b4_2021-01-04 07:35:00,pass_ec032ab200361202,LONG,M30,M5,1838.70,1828.70,1858.70,ENTRY_TOUCHED,2021-01-04 07:35:00,2021-01-04 09:20:00,ENTRY_TOUCHED,0.05,1.27
2021-01-04 07:35:00,th_560d9a0f75392210,cand_M5_th_560d9a0f75392210_2021-01-04 07:35:00,pass_f9c18467eefd2c04,LONG,M30,M5,1838.70,1828.70,1858.70,ENTRY_TOUCHED,2021-01-04 07:35:00,2021-01-04 09:20:00,ENTRY_TOUCHED,0.05,1.27
2021-01-04 07:35:00,th_d254a38f1696e9eb,cand_M5_th_d254a38f1696e9eb_2021-01-04 07:35:00,pass_9c5cb6f20b04084d,LONG,M30,M5,1838.70,1828.70,1858.70,ENTRY_TOUCHED,2021-01-04 07:35:00,2021-01-04 09:20:00,ENTRY_TOUCHED,0.05,1.27
2021-01-04 07:36:00,th_c6a3fea6cfabf2b7,cand_M3_th_c6a3fea6cfabf2b7_2021-01-04 07:36:00,pass_d5a2062055b1b21a,LONG,M30,M3,1838.80,1828.80,1858.80,ENTRY_TOUCHED,2021-01-04 07:36:00,2021-01-04 09:20:00,ENTRY_TOUCHED,0.05,1.26
2021-01-04 07:36:00,th_ab2b87b6a68aba30,cand_M3_th_ab2b87b6a68aba30_2021-01-04 07:36:00,pass_be0799c85d11d1c4,LONG,M30,M3,1838.80,1828.80,1858.80,ENTRY_TOUCHED,2021-01-04 07:36:00,2021-01-04 09:20:00,ENTRY_TOUCHED,0.05,1.26
2021-01-04 07:36:00,th_19305dc78a364622,cand_M3_th_19305dc78a364622_2021-01-04 07:36:00,pass_0a472ded72df7eee,LONG,M30,M3,1838.80,1828.80,1858.80,ENTRY_TOUCHED,2021-01-04 07:36:00,2021-01-04 09:20:00,ENTRY_TOUCHED,0.05,1.26
2021-01-04 07:36:00,th_e9804d1bd00856fe,cand_M3_th_e9804d1bd00856fe_2021-01-04 07:36:00,pass_3d00daef94b19acc,LONG,M30,M3,1838.80,1828.80,1858.80,ENTRY_TOUCHED,2021-01-04 07:36:00,2021-01-04 09:20:00,ENTRY_TOUCHED,0.05,1.26
2021-01-04 07:36:00,th_748ea98708c94abb,cand_M3_th_748ea98708c94abb_2021-01-04 07:36:00,pass_d9f3bb703bc89e8b,LONG,M30,M3,1838.80,1828.80,1858.80,ENTRY_TOUCHED,2021-01-04 07:36:00,2021-01-04 09:20:00,ENTRY_TOUCHED,0.05,1.26
2021-01-04 07:36:00,th_818f74a02dbe690b,cand_M3_th_818f74a02dbe690b_2021-01-04 07:36:00,pass_316be9f965d3c904,LONG,M30,M3,1838.80,1828.80,1858.80,ENTRY_TOUCHED,2021-01-04 07:36:00,2021-01-04 09:20:00,ENTRY_TOUCHED,0.05,1.26
2021-01-04 07:36:00,th_1de6b90c3de92f9d,cand_M3_th_1de6b90c3de92f9d_2021-01-04 07:36:00,pass_735973a4fe0f6517,LONG,M30,M3,1838.80,1828.80,1858.80,ENTRY_TOUCHED,2021-01-04 07:36:00,2021-01-04 09:20:00,ENTRY_TOUCHED,0.05,1.26
2021-01-04 07:36:00,th_ec561c13dfa995be,cand_M3_th_ec561c13dfa995be_2021-01-04 07:36:00,pass_d5c031dab5777f09,LONG,M30,M3,1838.80,1828.80,1858.80,ENTRY_TOUCHED,2021-01-04 07:36:00,2021-01-04 09:20:00,ENTRY_TOUCHED,0.05,1.26
2021-01-04 07:36:00,th_a8e2cd8e2710a9e1,cand_M3_th_a8e2cd8e2710a9e1_2021-01-04 07:36:00,pass_14904233994fabc4,LONG,M30,M3,1838.80,1828.80,1858.80,ENTRY_TOUCHED,2021-01-04 07:36:00,2021-01-04 09:20:00,ENTRY_TOUCHED,0.05,1.26
2021-01-04 07:36:00,th_54d643bf03d15a1f,cand_M3_th_54d643bf03d15a1f_2021-01-04 07:36:00,pass_8f76690153b0c97b,LONG,M30,M3,1838.80,1828.80,1858.80,ENTRY_TOUCHED,2021-01-04 07:36:00,2021-01-04 09:20:00,ENTRY_TOUCHED,0.05,1.26
2021-01-04 07:36:00,th_0cc920c90f7154b4,cand_M3_th_0cc920c90f7154b4_2021-01-04 07:36:00,pass_4d9c10594fd47048,LONG,M30,M3,1838.80,1828.80,1858.80,ENTRY_TOUCHED,2021-01-04 07:36:00,2021-01-04 09:20:00,ENTRY_TOUCHED,0.05,1.26
2021-01-04 07:36:00,th_560d9a0f75392210,cand_M3_th_560d9a0f75392210_2021-01-04 07:36:00,pass_591ec5cca4130e52,LONG,M30,M3,1838.80,1828.80,1858.80,ENTRY_TOUCHED,2021-01-04 07:36:00,2021-01-04 09:20:00,ENTRY_TOUCHED,0.05,1.26
2021-01-04 07:36:00,th_d254a38f1696e9eb,cand_M3_th_d254a38f1696e9eb_2021-01-04 07:36:00,pass_08ccd7923c7f1e59,LONG,M30,M3,1838.80,1828.80,1858.80,ENTRY_TOUCHED,2021-01-04 07:36:00,2021-01-04 09:20:00,ENTRY_TOUCHED,0.05,1.26
2021-01-04 07:39:00,th_c6a3fea6cfabf2b7,cand_M3_th_c6a3fea6cfabf2b7_2021-01-04 07:39:00,pass_6b6f6b769ce6b3d0,LONG,M30,M3,1839.10,1829.10,1859.10,ENTRY_TOUCHED,2021-01-04 07:39:00,2021-01-04 09:20:00,ENTRY_TOUCHED,0.05,1.23
2021-01-04 07:39:00,th_ab2b87b6a68aba30,cand_M3_th_ab2b87b6a68aba30_2021-01-04 07:39:00,pass_0a6f9b4052a09b65,LONG,M30,M3,1839.10,1829.10,1859.10,ENTRY_TOUCHED,2021-01-04 07:39:00,2021-01-04 09:20:00,ENTRY_TOUCHED,0.05,1.23
2021-01-04 07:39:00,th_19305dc78a364622,cand_M3_th_19305dc78a364622_2021-01-04 07:39:00,pass_4619501c7fbbe27e,LONG,M30,M3,1839.10,1829.10,1859.10,ENTRY_TOUCHED,2021-01-04 07:39:00,2021-01-04 09:20:00,ENTRY_TOUCHED,0.05,1.23
2021-01-04 07:39:00,th_e9804d1bd00856fe,cand_M3_th_e9804d1bd00856fe_2021-01-04 07:39:00,pass_53c37a293761c996,LONG,M30,M3,1839.10,1829.10,1859.10,ENTRY_TOUCHED,2021-01-04 07:39:00,2021-01-04 09:20:00,ENTRY_TOUCHED,0.05,1.23
2021-01-04 07:39:00,th_748ea98708c94abb,cand_M3_th_748ea98708c94abb_2021-01-04 07:39:00,pass_1087a5c5259ba295,LONG,M30,M3,1839.10,1829.10,1859.10,ENTRY_TOUCHED,2021-01-04 07:39:00,2021-01-04 09:20:00,ENTRY_TOUCHED,0.05,1.23
2021-01-04 07:39:00,th_818f74a02dbe690b,cand_M3_th_818f74a02dbe690b_2021-01-04 07:39:00,pass_a5de415629ac3d30,LONG,M30,M3,1839.10,1829.10,1859.10,ENTRY_TOUCHED,2021-01-04 07:39:00,2021-01-04 09:20:00,ENTRY_TOUCHED,0.05,1.23
2021-01-04 07:39:00,th_1de6b90c3de92f9d,cand_M3_th_1de6b90c3de92f9d_2021-01-04 07:39:00,pass_a381b7214e9eb7b1,LONG,M30,M3,1839.10,1829.10,1859.10,ENTRY_TOUCHED,2021-01-04 07:39:00,2021-01-04 09:20:00,ENTRY_TOUCHED,0.05,1.23
2021-01-04 07:39:00,th_ec561c13dfa995be,cand_M3_th_ec561c13dfa995be_2021-01-04 07:39:00,pass_8e9dfab2a6e36f32,LONG,M30,M3,1839.10,1829.10,1859.10,ENTRY_TOUCHED,2021-01-04 07:39:00,2021-01-04 09:20:00,ENTRY_TOUCHED,0.05,1.23
2021-01-04 07:39:00,th_a8e2cd8e2710a9e1,cand_M3_th_a8e2cd8e2710a9e1_2021-01-04 07:39:00,pass_4fbbbb68eef89424,LONG,M30,M3,1839.10,1829.10,1859.10,ENTRY_TOUCHED,2021-01-04 07:39:00,2021-01-04 09:20:00,ENTRY_TOUCHED,0.05,1.23
2021-01-04 07:39:00,th_54d643bf03d15a1f,cand_M3_th_54d643bf03d15a1f_2021-01-04 07:39:00,pass_b69151405a58cc59,LONG,M30,M3,1839.10,1829.10,1859.10,ENTRY_TOUCHED,2021-01-04 07:39:00,2021-01-04 09:20:00,ENTRY_TOUCHED,0.05,1.23
2021-01-04 07:39:00,th_0cc920c90f7154b4,cand_M3_th_0cc920c90f7154b4_2021-01-04 07:39:00,pass_ca5bd81eac902670,LONG,M30,M3,1839.10,1829.10,1859.10,ENTRY_TOUCHED,2021-01-04 07:39:00,2021-01-04 09:20:00,ENTRY_TOUCHED,0.05,1.23
2021-01-04 07:39:00,th_560d9a0f75392210,cand_M3_th_560d9a0f75392210_2021-01-04 07:39:00,pass_5c566477a7650aa2,LONG,M30,M3,1839.10,1829.10,1859.10,ENTRY_TOUCHED,2021-01-04 07:39:00,2021-01-04 09:20:00,ENTRY_TOUCHED,0.05,1.23
2021-01-04 07:39:00,th_d254a38f1696e9eb,cand_M3_th_d254a38f1696e9eb_2021-01-04 07:39:00,pass_339ba9e23acc3b3f,LONG,M30,M3,1839.10,1829.10,1859.10,ENTRY_TOUCHED,2021-01-04 07:39:00,2021-01-04 09:20:00,ENTRY_TOUCHED,0.05,1.23
2021-01-04 07:40:00,th_c6a3fea6cfabf2b7,cand_M5_th_c6a3fea6cfabf2b7_2021-01-04 07:40:00,pass_0ea673c8ee92e497,LONG,M30,M5,1839.20,1829.20,1859.20,ENTRY_TOUCHED,2021-01-04 07:40:00,2021-01-04 09:20:00,ENTRY_TOUCHED,0.05,1.22
2021-01-04 07:40:00,th_ab2b87b6a68aba30,cand_M5_th_ab2b87b6a68aba30_2021-01-04 07:40:00,pass_4a9e88bd502ba057,LONG,M30,M5,1839.20,1829.20,1859.20,ENTRY_TOUCHED,2021-01-04 07:40:00,2021-01-04 09:20:00,ENTRY_TOUCHED,0.05,1.22
2021-01-04 07:40:00,th_19305dc78a364622,cand_M5_th_19305dc78a364622_2021-01-04 07:40:00,pass_92e466ef20b50f2f,LONG,M30,M5,1839.20,1829.20,1859.20,ENTRY_TOUCHED,2021-01-04 07:40:00,2021-01-04 09:20:00,ENTRY_TOUCHED,0.05,1.22
2021-01-04 07:40:00,th_e9804d1bd00856fe,cand_M5_th_e9804d1bd00856fe_2021-01-04 07:40:00,pass_36a97f426e8b9b11,LONG,M30,M5,1839.20,1829.20,1859.20,ENTRY_TOUCHED,2021-01-04 07:40:00,2021-01-04 09:20:00,ENTRY_TOUCHED,0.05,1.22
2021-01-04 07:40:00,th_748ea98708c94abb,cand_M5_th_748ea98708c94abb_2021-01-04 07:40:00,pass_5ed86befe3103de9,LONG,M30,M5,1839.20,1829.20,1859.20,ENTRY_TOUCHED,2021-01-04 07:40:00,2021-01-04 09:20:00,ENTRY_TOUCHED,0.05,1.22
2021-01-04 07:40:00,th_818f74a02dbe690b,cand_M5_th_818f74a02dbe690b_2021-01-04 07:40:00,pass_4809f8b886920279,LONG,M30,M5,1839.20,1829.20,1859.20,ENTRY_TOUCHED,2021-01-04 07:40:00,2021-01-04 09:20:00,ENTRY_TOUCHED,0.05,1.22
2021-01-04 07:40:00,th_1de6b90c3de92f9d,cand_M5_th_1de6b90c3de92f9d_2021-01-04 07:40:00,pass_281cde2bf36d6e06,LONG,M30,M5,1839.20,1829.20,1859.20,ENTRY_TOUCHED,2021-01-04 07:40:00,2021-01-04 09:20:00,ENTRY_TOUCHED,0.05,1.22
2021-01-04 07:40:00,th_ec561c13dfa995be,cand_M5_th_ec561c13dfa995be_2021-01-04 07:40:00,pass_a9b9ba91634199e2,LONG,M30,M5,1839.20,1829.20,1859.20,ENTRY_TOUCHED,2021-01-04 07:40:00,2021-01-04 09:20:00,ENTRY_TOUCHED,0.05,1.22
2021-01-04 07:40:00,th_a8e2cd8e2710a9e1,cand_M5_th_a8e2cd8e2710a9e1_2021-01-04 07:40:00,pass_3f57c6ed4dfbb65c,LONG,M30,M5,1839.20,1829.20,1859.20,ENTRY_TOUCHED,2021-01-04 07:40:00,2021-01-04 09:20:00,ENTRY_TOUCHED,0.05,1.22
2021-01-04 07:40:00,th_54d643bf03d15a1f,cand_M5_th_54d643bf03d15a1f_2021-01-04 07:40:00,pass_6aaaafbdfec8a674,LONG,M30,M5,1839.20,1829.20,1859.20,ENTRY_TOUCHED,2021-01-04 07:40:00,2021-01-04 09:20:00,ENTRY_TOUCHED,0.05,1.22
2021-01-04 07:40:00,th_0cc920c90f7154b4,cand_M5_th_0cc920c90f7154b4_2021-01-04 07:40:00,pass_a230577d888765ce,LONG,M30,M5,1839.20,1829.20,1859.20,ENTRY_TOUCHED,2021-01-04 07:40:00,2021-01-04 09:20:00,ENTRY_TOUCHED,0.05,1.22
2021-01-04 07:40:00,th_560d9a0f75392210,cand_M5_th_560d9a0f75392210_2021-01-04 07:40:00,pass_8b8aa8c5ef7b2379,LONG,M30,M5,1839.20,1829.20,1859.20,ENTRY_TOUCHED,2021-01-04 07:40:00,2021-01-04 09:20:00,ENTRY_TOUCHED,0.05,1.22
2021-01-04 07:40:00,th_d254a38f1696e9eb,cand_M5_th_d254a38f1696e9eb_2021-01-04 07:40:00,pass_5b5640668129fcd0,LONG,M30,M5,1839.20,1829.20,1859.20,ENTRY_TOUCHED,2021-01-04 07:40:00,2021-01-04 09:20:00,ENTRY_TOUCHED,0.05,1.22
2021-01-04 07:42:00,th_c6a3fea6cfabf2b7,cand_M3_th_c6a3fea6cfabf2b7_2021-01-04 07:42:00,pass_60be80af123cf8cd,LONG,M30,M3,1839.40,1829.40,1859.40,ENTRY_TOUCHED,2021-01-04 07:42:00,2021-01-04 09:20:00,ENTRY_TOUCHED,0.05,1.20
2021-01-04 07:42:00,th_ab2b87b6a68aba30,cand_M3_th_ab2b87b6a68aba30_2021-01-04 07:42:00,pass_cb8d69282747b60a,LONG,M30,M3,1839.40,1829.40,1859.40,ENTRY_TOUCHED,2021-01-04 07:42:00,2021-01-04 09:20:00,ENTRY_TOUCHED,0.05,1.20
2021-01-04 07:42:00,th_19305dc78a364622,cand_M3_th_19305dc78a364622_2021-01-04 07:42:00,pass_505dcc5eb1cd93c0,LONG,M30,M3,1839.40,1829.40,1859.40,ENTRY_TOUCHED,2021-01-04 07:42:00,2021-01-04 09:20:00,ENTRY_TOUCHED,0.05,1.20
2021-01-04 07:42:00,th_e9804d1bd00856fe,cand_M3_th_e9804d1bd00856fe_2021-01-04 07:42:00,pass_384455898eb727da,LONG,M30,M3,1839.40,1829.40,1859.40,ENTRY_TOUCHED,2021-01-04 07:42:00,2021-01-04 09:20:00,ENTRY_TOUCHED,0.05,1.20
2021-01-04 07:42:00,th_748ea98708c94abb,cand_M3_th_748ea98708c94abb_2021-01-04 07:42:00,pass_9184b76c50253db1,LONG,M30,M3,1839.40,1829.40,1859.40,ENTRY_TOUCHED,2021-01-04 07:42:00,2021-01-04 09:20:00,ENTRY_TOUCHED,0.05,1.20
2021-01-04 07:42:00,th_818f74a02dbe690b,cand_M3_th_818f74a02dbe690b_2021-01-04 07:42:00,pass_d395ec360348b13f,LONG,M30,M3,1839.40,1829.40,1859.40,ENTRY_TOUCHED,2021-01-04 07:42:00,2021-01-04 09:20:00,ENTRY_TOUCHED,0.05,1.20
2021-01-04 07:42:00,th_1de6b90c3de92f9d,cand_M3_th_1de6b90c3de92f9d_2021-01-04 07:42:00,pass_4d71a717c21f3807,LONG,M30,M3,1839.40,1829.40,1859.40,ENTRY_TOUCHED,2021-01-04 07:42:00,2021-01-04 09:20:00,ENTRY_TOUCHED,0.05,1.20
2021-01-04 07:42:00,th_ec561c13dfa995be,cand_M3_th_ec561c13dfa995be_2021-01-04 07:42:00,pass_b9cba5ab22eb79f5,LONG,M30,M3,1839.40,1829.40,1859.40,ENTRY_TOUCHED,2021-01-04 07:42:00,2021-01-04 09:20:00,ENTRY_TOUCHED,0.05,1.20
2021-01-04 07:42:00,th_a8e2cd8e2710a9e1,cand_M3_th_a8e2cd8e2710a9e1_2021-01-04 07:42:00,pass_8028615abf242ac0,LONG,M30,M3,1839.40,1829.40,1859.40,ENTRY_TOUCHED,2021-01-04 07:42:00,2021-01-04 09:20:00,ENTRY_TOUCHED,0.05,1.20
2021-01-04 07:42:00,th_54d643bf03d15a1f,cand_M3_th_54d643bf03d15a1f_2021-01-04 07:42:00,pass_bc559cbfabd8484c,LONG,M30,M3,1839.40,1829.40,1859.40,ENTRY_TOUCHED,2021-01-04 07:42:00,2021-01-04 09:20:00,ENTRY_TOUCHED,0.05,1.20
2021-01-04 07:42:00,th_0cc920c90f7154b4,cand_M3_th_0cc920c90f7154b4_2021-01-04 07:42:00,pass_5567611c7fc31451,LONG,M30,M3,1839.40,1829.40,1859.40,ENTRY_TOUCHED,2021-01-04 07:42:00,2021-01-04 09:20:00,ENTRY_TOUCHED,0.05,1.20
2021-01-04 07:42:00,th_560d9a0f75392210,cand_M3_th_560d9a0f75392210_2021-01-04 07:42:00,pass_af89d61fc022fea5,LONG,M30,M3,1839.40,1829.40,1859.40,ENTRY_TOUCHED,2021-01-04 07:42:00,2021-01-04 09:20:00,ENTRY_TOUCHED,0.05,1.20
2021-01-04 07:42:00,th_d254a38f1696e9eb,cand_M3_th_d254a38f1696e9eb_2021-01-04 07:42:00,pass_f4be779412fcd2fe,LONG,M30,M3,1839.40,1829.40,1859.40,ENTRY_TOUCHED,2021-01-04 07:42:00,2021-01-04 09:20:00,ENTRY_TOUCHED,0.05,1.20
2021-01-04 07:45:00,th_c6a3fea6cfabf2b7,cand_M5_th_c6a3fea6cfabf2b7_2021-01-04 07:45:00,pass_9b9529b21eb3bf6a,LONG,M30,M5,1839.70,1829.70,1859.70,ENTRY_TOUCHED,2021-01-04 07:45:00,2021-01-04 09:20:00,ENTRY_TOUCHED,0.05,1.17
2021-01-04 07:45:00,th_ab2b87b6a68aba30,cand_M5_th_ab2b87b6a68aba30_2021-01-04 07:45:00,pass_b3c672fb3bdcd893,LONG,M30,M5,1839.70,1829.70,1859.70,ENTRY_TOUCHED,2021-01-04 07:45:00,2021-01-04 09:20:00,ENTRY_TOUCHED,0.05,1.17
2021-01-04 07:45:00,th_19305dc78a364622,cand_M5_th_19305dc78a364622_2021-01-04 07:45:00,pass_1734ab55c07913e8,LONG,M30,M5,1839.70,1829.70,1859.70,ENTRY_TOUCHED,2021-01-04 07:45:00,2021-01-04 09:20:00,ENTRY_TOUCHED,0.05,1.17
2021-01-04 07:45:00,th_e9804d1bd00856fe,cand_M5_th_e9804d1bd00856fe_2021-01-04 07:45:00,pass_a8ac4bdfebf6ad31,LONG,M30,M5,1839.70,1829.70,1859.70,ENTRY_TOUCHED,2021-01-04 07:45:00,2021-01-04 09:20:00,ENTRY_TOUCHED,0.05,1.17
2021-01-04 07:45:00,th_748ea98708c94abb,cand_M5_th_748ea98708c94abb_2021-01-04 07:45:00,pass_17545b5dd3afb546,LONG,M30,M5,1839.70,1829.70,1859.70,ENTRY_TOUCHED,2021-01-04 07:45:00,2021-01-04 09:20:00,ENTRY_TOUCHED,0.05,1.17
2021-01-04 07:45:00,th_818f74a02dbe690b,cand_M5_th_818f74a02dbe690b_2021-01-04 07:45:00,pass_6a99752104634176,LONG,M30,M5,1839.70,1829.70,1859.70,ENTRY_TOUCHED,2021-01-04 07:45:00,2021-01-04 09:20:00,ENTRY_TOUCHED,0.05,1.17
2021-01-04 07:45:00,th_1de6b90c3de92f9d,cand_M5_th_1de6b90c3de92f9d_2021-01-04 07:45:00,pass_bb31fa13169b483b,LONG,M30,M5,1839.70,1829.70,1859.70,ENTRY_TOUCHED,2021-01-04 07:45:00,2021-01-04 09:20:00,ENTRY_TOUCHED,0.05,1.17
2021-01-04 07:45:00,th_ec561c13dfa995be,cand_M5_th_ec561c13dfa995be_2021-01-04 07:45:00,pass_43b2e125a690b6a2,LONG,M30,M5,1839.70,1829.70,1859.70,ENTRY_TOUCHED,2021-01-04 07:45:00,2021-01-04 09:20:00,ENTRY_TOUCHED,0.05,1.17
2021-01-04 07:45:00,th_a8e2cd8e2710a9e1,cand_M5_th_a8e2cd8e2710a9e1_2021-01-04 07:45:00,pass_d3b1e317dba6bdfe,LONG,M30,M5,1839.70,1829.70,1859.70,ENTRY_TOUCHED,2021-01-04 07:45:00,2021-01-04 09:20:00,ENTRY_TOUCHED,0.05,1.17
2021-01-04 07:45:00,th_54d643bf03d15a1f,cand_M5_th_54d643bf03d15a1f_2021-01-04 07:45:00,pass_89f857b69b3b6d23,LONG,M30,M5,1839.70,1829.70,1859.70,ENTRY_TOUCHED,2021-01-04 07:45:00,2021-01-04 09:20:00,ENTRY_TOUCHED,0.05,1.17
2021-01-04 07:45:00,th_0cc920c90f7154b4,cand_M5_th_0cc920c90f7154b4_2021-01-04 07:45:00,pass_f1e9371c3098b4ac,LONG,M30,M5,1839.70,1829.70,1859.70,ENTRY_TOUCHED,2021-01-04 07:45:00,2021-01-04 09:20:00,ENTRY_TOUCHED,0.05,1.17
2021-01-04 07:45:00,th_560d9a0f75392210,cand_M5_th_560d9a0f75392210_2021-01-04 07:45:00,pass_7a95be846b276415,LONG,M30,M5,1839.70,1829.70,1859.70,ENTRY_TOUCHED,2021-01-04 07:45:00,2021-01-04 09:20:00,ENTRY_TOUCHED,0.05,1.17
2021-01-04 07:45:00,th_d254a38f1696e9eb,cand_M5_th_d254a38f1696e9eb_2021-01-04 07:45:00,pass_f5857a3d051360fc,LONG,M30,M5,1839.70,1829.70,1859.70,ENTRY_TOUCHED,2021-01-04 07:45:00,2021-01-04 09:20:00,ENTRY_TOUCHED,0.05,1.17
2021-01-04 07:45:00,th_c6a3fea6cfabf2b7,cand_M3_th_c6a3fea6cfabf2b7_2021-01-04 07:45:00,pass_2138ef4c22be0e60,LONG,M30,M3,1839.70,1829.70,1859.70,ENTRY_TOUCHED,2021-01-04 07:45:00,2021-01-04 09:20:00,ENTRY_TOUCHED,0.05,1.17
2021-01-04 07:45:00,th_ab2b87b6a68aba30,cand_M3_th_ab2b87b6a68aba30_2021-01-04 07:45:00,pass_9a53eea469bd52e3,LONG,M30,M3,1839.70,1829.70,1859.70,ENTRY_TOUCHED,2021-01-04 07:45:00,2021-01-04 09:20:00,ENTRY_TOUCHED,0.05,1.17
2021-01-04 07:45:00,th_19305dc78a364622,cand_M3_th_19305dc78a364622_2021-01-04 07:45:00,pass_5048bf5da06d2637,LONG,M30,M3,1839.70,1829.70,1859.70,ENTRY_TOUCHED,2021-01-04 07:45:00,2021-01-04 09:20:00,ENTRY_TOUCHED,0.05,1.17
2021-01-04 07:45:00,th_e9804d1bd00856fe,cand_M3_th_e9804d1bd00856fe_2021-01-04 07:45:00,pass_6cc713609ea17141,LONG,M30,M3,1839.70,1829.70,1859.70,ENTRY_TOUCHED,2021-01-04 07:45:00,2021-01-04 09:20:00,ENTRY_TOUCHED,0.05,1.17
2021-01-04 07:45:00,th_748ea98708c94abb,cand_M3_th_748ea98708c94abb_2021-01-04 07:45:00,pass_3d1e041a631bdca4,LONG,M30,M3,1839.70,1829.70,1859.70,ENTRY_TOUCHED,2021-01-04 07:45:00,2021-01-04 09:20:00,ENTRY_TOUCHED,0.05,1.17
2021-01-04 07:45:00,th_818f74a02dbe690b,cand_M3_th_818f74a02dbe690b_2021-01-04 07:45:00,pass_64de08edc8dd41de,LONG,M30,M3,1839.70,1829.70,1859.70,ENTRY_TOUCHED,2021-01-04 07:45:00,2021-01-04 09:20:00,ENTRY_TOUCHED,0.05,1.17
2021-01-04 07:45:00,th_1de6b90c3de92f9d,cand_M3_th_1de6b90c3de92f9d_2021-01-04 07:45:00,pass_21390f51cb399d65,LONG,M30,M3,1839.70,1829.70,1859.70,ENTRY_TOUCHED,2021-01-04 07:45:00,2021-01-04 09:20:00,ENTRY_TOUCHED,0.05,1.17
2021-01-04 07:45:00,th_ec561c13dfa995be,cand_M3_th_ec561c13dfa995be_2021-01-04 07:45:00,pass_91cb339692c9c66e,LONG,M30,M3,1839.70,1829.70,1859.70,ENTRY_TOUCHED,2021-01-04 07:45:00,2021-01-04 09:20:00,ENTRY_TOUCHED,0.05,1.17
2021-01-04 07:45:00,th_a8e2cd8e2710a9e1,cand_M3_th_a8e2cd8e2710a9e1_2021-01-04 07:45:00,pass_d5f97b57b3e682ee,LONG,M30,M3,1839.70,1829.70,1859.70,ENTRY_TOUCHED,2021-01-04 07:45:00,2021-01-04 09:20:00,ENTRY_TOUCHED,0.05,1.17
2021-01-04 07:45:00,th_54d643bf03d15a1f,cand_M3_th_54d643bf03d15a1f_2021-01-04 07:45:00,pass_0ba06ad3d95a1ba4,LONG,M30,M3,1839.70,1829.70,1859.70,ENTRY_TOUCHED,2021-01-04 07:45:00,2021-01-04 09:20:00,ENTRY_TOUCHED,0.05,1.17
2021-01-04 07:45:00,th_0cc920c90f7154b4,cand_M3_th_0cc920c90f7154b4_2021-01-04 07:45:00,pass_8e67c0e3dc4775d0,LONG,M30,M3,1839.70,1829.70,1859.70,ENTRY_TOUCHED,2021-01-04 07:45:00,2021-01-04 09:20:00,ENTRY_TOUCHED,0.05,1.17
2021-01-04 07:45:00,th_560d9a0f75392210,cand_M3_th_560d9a0f75392210_2021-01-04 07:45:00,pass_2630b57948e98fd5,LONG,M30,M3,1839.70,1829.70,1859.70,ENTRY_TOUCHED,2021-01-04 07:45:00,2021-01-04 09:20:00,ENTRY_TOUCHED,0.05,1.17
2021-01-04 07:45:00,th_d254a38f1696e9eb,cand_M3_th_d254a38f1696e9eb_2021-01-04 07:45:00,pass_363faad566392245,LONG,M30,M3,1839.70,1829.70,1859.70,ENTRY_TOUCHED,2021-01-04 07:45:00,2021-01-04 09:20:00,ENTRY_TOUCHED,0.05,1.17
2021-01-04 07:48:00,th_c6a3fea6cfabf2b7,cand_M3_th_c6a3fea6cfabf2b7_2021-01-04 07:48:00,pass_552138dea26c9274,LONG,M30,M3,1840.00,1830.00,1860.00,ENTRY_TOUCHED,2021-01-04 07:48:00,2021-01-04 09:20:00,ENTRY_TOUCHED,0.05,1.14
2021-01-04 07:48:00,th_ab2b87b6a68aba30,cand_M3_th_ab2b87b6a68aba30_2021-01-04 07:48:00,pass_f2b0a4ad77912860,LONG,M30,M3,1840.00,1830.00,1860.00,ENTRY_TOUCHED,2021-01-04 07:48:00,2021-01-04 09:20:00,ENTRY_TOUCHED,0.05,1.14
2021-01-04 07:48:00,th_19305dc78a364622,cand_M3_th_19305dc78a364622_2021-01-04 07:48:00,pass_4754a53775ea557c,LONG,M30,M3,1840.00,1830.00,1860.00,ENTRY_TOUCHED,2021-01-04 07:48:00,2021-01-04 09:20:00,ENTRY_TOUCHED,0.05,1.14
2021-01-04 07:48:00,th_e9804d1bd00856fe,cand_M3_th_e9804d1bd00856fe_2021-01-04 07:48:00,pass_936dbd032a61983d,LONG,M30,M3,1840.00,1830.00,1860.00,ENTRY_TOUCHED,2021-01-04 07:48:00,2021-01-04 09:20:00,ENTRY_TOUCHED,0.05,1.14
2021-01-04 07:48:00,th_748ea98708c94abb,cand_M3_th_748ea98708c94abb_2021-01-04 07:48:00,pass_53172bda2f8ac240,LONG,M30,M3,1840.00,1830.00,1860.00,ENTRY_TOUCHED,2021-01-04 07:48:00,2021-01-04 09:20:00,ENTRY_TOUCHED,0.05,1.14
2021-01-04 07:48:00,th_818f74a02dbe690b,cand_M3_th_818f74a02dbe690b_2021-01-04 07:48:00,pass_dafd0985588a5d82,LONG,M30,M3,1840.00,1830.00,1860.00,ENTRY_TOUCHED,2021-01-04 07:48:00,2021-01-04 09:20:00,ENTRY_TOUCHED,0.05,1.14
2021-01-04 07:48:00,th_1de6b90c3de92f9d,cand_M3_th_1de6b90c3de92f9d_2021-01-04 07:48:00,pass_c1c997cf0bbde534,LONG,M30,M3,1840.00,1830.00,1860.00,ENTRY_TOUCHED,2021-01-04 07:48:00,2021-01-04 09:20:00,ENTRY_TOUCHED,0.05,1.14
2021-01-04 07:48:00,th_ec561c13dfa995be,cand_M3_th_ec561c13dfa995be_2021-01-04 07:48:00,pass_f589a6552d618d03,LONG,M30,M3,1840.00,1830.00,1860.00,ENTRY_TOUCHED,2021-01-04 07:48:00,2021-01-04 09:20:00,ENTRY_TOUCHED,0.05,1.14
2021-01-04 07:48:00,th_a8e2cd8e2710a9e1,cand_M3_th_a8e2cd8e2710a9e1_2021-01-04 07:48:00,pass_5bfae24da8e5dd4a,LONG,M30,M3,1840.00,1830.00,1860.00,ENTRY_TOUCHED,2021-01-04 07:48:00,2021-01-04 09:20:00,ENTRY_TOUCHED,0.05,1.14
2021-01-04 07:48:00,th_54d643bf03d15a1f,cand_M3_th_54d643bf03d15a1f_2021-01-04 07:48:00,pass_73367c0ead4b6535,LONG,M30,M3,1840.00,1830.00,1860.00,ENTRY_TOUCHED,2021-01-04 07:48:00,2021-01-04 09:20:00,ENTRY_TOUCHED,0.05,1.14
2021-01-04 07:48:00,th_0cc920c90f7154b4,cand_M3_th_0cc920c90f7154b4_2021-01-04 07:48:00,pass_165963cd1896c10c,LONG,M30,M3,1840.00,1830.00,1860.00,ENTRY_TOUCHED,2021-01-04 07:48:00,2021-01-04 09:20:00,ENTRY_TOUCHED,0.05,1.14
2021-01-04 07:48:00,th_560d9a0f75392210,cand_M3_th_560d9a0f75392210_2021-01-04 07:48:00,pass_29cc511581c4a404,LONG,M30,M3,1840.00,1830.00,1860.00,ENTRY_TOUCHED,2021-01-04 07:48:00,2021-01-04 09:20:00,ENTRY_TOUCHED,0.05,1.14
2021-01-04 07:48:00,th_d254a38f1696e9eb,cand_M3_th_d254a38f1696e9eb_2021-01-04 07:48:00,pass_0da52352a2ba58ca,LONG,M30,M3,1840.00,1830.00,1860.00,ENTRY_TOUCHED,2021-01-04 07:48:00,2021-01-04 09:20:00,ENTRY_TOUCHED,0.05,1.14
2021-01-04 07:50:00,th_c6a3fea6cfabf2b7,cand_M5_th_c6a3fea6cfabf2b7_2021-01-04 07:50:00,pass_98369e6d6d8b5e77,LONG,M30,M5,1840.20,1830.20,1860.20,ENTRY_TOUCHED,2021-01-04 07:50:00,2021-01-04 09:20:00,ENTRY_TOUCHED,0.05,1.12
2021-01-04 07:50:00,th_ab2b87b6a68aba30,cand_M5_th_ab2b87b6a68aba30_2021-01-04 07:50:00,pass_1da3540d4b7eba2c,LONG,M30,M5,1840.20,1830.20,1860.20,ENTRY_TOUCHED,2021-01-04 07:50:00,2021-01-04 09:20:00,ENTRY_TOUCHED,0.05,1.12
2021-01-04 07:50:00,th_19305dc78a364622,cand_M5_th_19305dc78a364622_2021-01-04 07:50:00,pass_8371deee1a9ad757,LONG,M30,M5,1840.20,1830.20,1860.20,ENTRY_TOUCHED,2021-01-04 07:50:00,2021-01-04 09:20:00,ENTRY_TOUCHED,0.05,1.12
2021-01-04 07:50:00,th_e9804d1bd00856fe,cand_M5_th_e9804d1bd00856fe_2021-01-04 07:50:00,pass_22e4cfc743e94fe5,LONG,M30,M5,1840.20,1830.20,1860.20,ENTRY_TOUCHED,2021-01-04 07:50:00,2021-01-04 09:20:00,ENTRY_TOUCHED,0.05,1.12
2021-01-04 07:50:00,th_748ea98708c94abb,cand_M5_th_748ea98708c94abb_2021-01-04 07:50:00,pass_dd22bf8532319748,LONG,M30,M5,1840.20,1830.20,1860.20,ENTRY_TOUCHED,2021-01-04 07:50:00,2021-01-04 09:20:00,ENTRY_TOUCHED,0.05,1.12
2021-01-04 07:50:00,th_818f74a02dbe690b,cand_M5_th_818f74a02dbe690b_2021-01-04 07:50:00,pass_eeb463ab112a3da4,LONG,M30,M5,1840.20,1830.20,1860.20,ENTRY_TOUCHED,2021-01-04 07:50:00,2021-01-04 09:20:00,ENTRY_TOUCHED,0.05,1.12
2021-01-04 07:50:00,th_1de6b90c3de92f9d,cand_M5_th_1de6b90c3de92f9d_2021-01-04 07:50:00,pass_f4530f8a85cb6e59,LONG,M30,M5,1840.20,1830.20,1860.20,ENTRY_TOUCHED,2021-01-04 07:50:00,2021-01-04 09:20:00,ENTRY_TOUCHED,0.05,1.12
2021-01-04 07:50:00,th_ec561c13dfa995be,cand_M5_th_ec561c13dfa995be_2021-01-04 07:50:00,pass_6856717c346f25a1,LONG,M30,M5,1840.20,1830.20,1860.20,ENTRY_TOUCHED,2021-01-04 07:50:00,2021-01-04 09:20:00,ENTRY_TOUCHED,0.05,1.12
2021-01-04 07:50:00,th_a8e2cd8e2710a9e1,cand_M5_th_a8e2cd8e2710a9e1_2021-01-04 07:50:00,pass_9016e0f7307d8456,LONG,M30,M5,1840.20,1830.20,1860.20,ENTRY_TOUCHED,2021-01-04 07:50:00,2021-01-04 09:20:00,ENTRY_TOUCHED,0.05,1.12
2021-01-04 07:50:00,th_54d643bf03d15a1f,cand_M5_th_54d643bf03d15a1f_2021-01-04 07:50:00,pass_1f4c1e155acf976a,LONG,M30,M5,1840.20,1830.20,1860.20,ENTRY_TOUCHED,2021-01-04 07:50:00,2021-01-04 09:20:00,ENTRY_TOUCHED,0.05,1.12
2021-01-04 07:50:00,th_0cc920c90f7154b4,cand_M5_th_0cc920c90f7154b4_2021-01-04 07:50:00,pass_04701532f38427b7,LONG,M30,M5,1840.20,1830.20,1860.20,ENTRY_TOUCHED,2021-01-04 07:50:00,2021-01-04 09:20:00,ENTRY_TOUCHED,0.05,1.12
2021-01-04 07:50:00,th_560d9a0f75392210,cand_M5_th_560d9a0f75392210_2021-01-04 07:50:00,pass_321ccfc027bfc764,LONG,M30,M5,1840.20,1830.20,1860.20,ENTRY_TOUCHED,2021-01-04 07:50:00,2021-01-04 09:20:00,ENTRY_TOUCHED,0.05,1.12
2021-01-04 07:50:00,th_d254a38f1696e9eb,cand_M5_th_d254a38f1696e9eb_2021-01-04 07:50:00,pass_85dfe07205845c41,LONG,M30,M5,1840.20,1830.20,1860.20,ENTRY_TOUCHED,2021-01-04 07:50:00,2021-01-04 09:20:00,ENTRY_TOUCHED,0.05,1.12
2021-01-04 07:51:00,th_c6a3fea6cfabf2b7,cand_M3_th_c6a3fea6cfabf2b7_2021-01-04 07:51:00,pass_42da039dec4b7b13,LONG,M30,M3,1840.30,1830.30,1860.30,ENTRY_TOUCHED,2021-01-04 07:51:00,2021-01-04 09:20:00,ENTRY_TOUCHED,0.05,1.11
2021-01-04 07:51:00,th_ab2b87b6a68aba30,cand_M3_th_ab2b87b6a68aba30_2021-01-04 07:51:00,pass_9e1b9c23e86fd682,LONG,M30,M3,1840.30,1830.30,1860.30,ENTRY_TOUCHED,2021-01-04 07:51:00,2021-01-04 09:20:00,ENTRY_TOUCHED,0.05,1.11
2021-01-04 07:51:00,th_19305dc78a364622,cand_M3_th_19305dc78a364622_2021-01-04 07:51:00,pass_3c136efdce1409a4,LONG,M30,M3,1840.30,1830.30,1860.30,ENTRY_TOUCHED,2021-01-04 07:51:00,2021-01-04 09:20:00,ENTRY_TOUCHED,0.05,1.11
2021-01-04 07:51:00,th_e9804d1bd00856fe,cand_M3_th_e9804d1bd00856fe_2021-01-04 07:51:00,pass_419cfca45dc69b6d,LONG,M30,M3,1840.30,1830.30,1860.30,ENTRY_TOUCHED,2021-01-04 07:51:00,2021-01-04 09:20:00,ENTRY_TOUCHED,0.05,1.11
2021-01-04 07:51:00,th_748ea98708c94abb,cand_M3_th_748ea98708c94abb_2021-01-04 07:51:00,pass_b54966c62c660ca3,LONG,M30,M3,1840.30,1830.30,1860.30,ENTRY_TOUCHED,2021-01-04 07:51:00,2021-01-04 09:20:00,ENTRY_TOUCHED,0.05,1.11
2021-01-04 07:51:00,th_818f74a02dbe690b,cand_M3_th_818f74a02dbe690b_2021-01-04 07:51:00,pass_e8429e6efce4acfb,LONG,M30,M3,1840.30,1830.30,1860.30,ENTRY_TOUCHED,2021-01-04 07:51:00,2021-01-04 09:20:00,ENTRY_TOUCHED,0.05,1.11
2021-01-04 07:51:00,th_1de6b90c3de92f9d,cand_M3_th_1de6b90c3de92f9d_2021-01-04 07:51:00,pass_8410e4dcd2cf99e2,LONG,M30,M3,1840.30,1830.30,1860.30,ENTRY_TOUCHED,2021-01-04 07:51:00,2021-01-04 09:20:00,ENTRY_TOUCHED,0.05,1.11
2021-01-04 07:51:00,th_ec561c13dfa995be,cand_M3_th_ec561c13dfa995be_2021-01-04 07:51:00,pass_41176fda5b0fc094,LONG,M30,M3,1840.30,1830.30,1860.30,ENTRY_TOUCHED,2021-01-04 07:51:00,2021-01-04 09:20:00,ENTRY_TOUCHED,0.05,1.11
2021-01-04 07:51:00,th_a8e2cd8e2710a9e1,cand_M3_th_a8e2cd8e2710a9e1_2021-01-04 07:51:00,pass_f2bc5490ca958539,LONG,M30,M3,1840.30,1830.30,1860.30,ENTRY_TOUCHED,2021-01-04 07:51:00,2021-01-04 09:20:00,ENTRY_TOUCHED,0.05,1.11
2021-01-04 07:51:00,th_54d643bf03d15a1f,cand_M3_th_54d643bf03d15a1f_2021-01-04 07:51:00,pass_84bf94016591244f,LONG,M30,M3,1840.30,1830.30,1860.30,ENTRY_TOUCHED,2021-01-04 07:51:00,2021-01-04 09:20:00,ENTRY_TOUCHED,0.05,1.11
2021-01-04 07:51:00,th_0cc920c90f7154b4,cand_M3_th_0cc920c90f7154b4_2021-01-04 07:51:00,pass_a38d7d59df6dcfb3,LONG,M30,M3,1840.30,1830.30,1860.30,ENTRY_TOUCHED,2021-01-04 07:51:00,2021-01-04 09:20:00,ENTRY_TOUCHED,0.05,1.11
2021-01-04 07:51:00,th_560d9a0f75392210,cand_M3_th_560d9a0f75392210_2021-01-04 07:51:00,pass_4480d1a74a325cc6,LONG,M30,M3,1840.30,1830.30,1860.30,ENTRY_TOUCHED,2021-01-04 07:51:00,2021-01-04 09:20:00,ENTRY_TOUCHED,0.05,1.11
2021-01-04 07:51:00,th_d254a38f1696e9eb,cand_M3_th_d254a38f1696e9eb_2021-01-04 07:51:00,pass_aeff329ab7f7b441,LONG,M30,M3,1840.30,1830.30,1860.30,ENTRY_TOUCHED,2021-01-04 07:51:00,2021-01-04 09:20:00,ENTRY_TOUCHED,0.05,1.11
2021-01-04 07:54:00,th_c6a3fea6cfabf2b7,cand_M3_th_c6a3fea6cfabf2b7_2021-01-04 07:54:00,pass_21fb034055aac3b8,LONG,M30,M3,1840.60,1830.60,1860.60,ENTRY_TOUCHED,2021-01-04 07:54:00,2021-01-04 09:20:00,ENTRY_TOUCHED,0.05,1.08
2021-01-04 07:54:00,th_ab2b87b6a68aba30,cand_M3_th_ab2b87b6a68aba30_2021-01-04 07:54:00,pass_f239cca1c4ca8807,LONG,M30,M3,1840.60,1830.60,1860.60,ENTRY_TOUCHED,2021-01-04 07:54:00,2021-01-04 09:20:00,ENTRY_TOUCHED,0.05,1.08
2021-01-04 07:54:00,th_19305dc78a364622,cand_M3_th_19305dc78a364622_2021-01-04 07:54:00,pass_6444c84e0b95a377,LONG,M30,M3,1840.60,1830.60,1860.60,ENTRY_TOUCHED,2021-01-04 07:54:00,2021-01-04 09:20:00,ENTRY_TOUCHED,0.05,1.08
2021-01-04 07:54:00,th_e9804d1bd00856fe,cand_M3_th_e9804d1bd00856fe_2021-01-04 07:54:00,pass_9c9880695796c05e,LONG,M30,M3,1840.60,1830.60,1860.60,ENTRY_TOUCHED,2021-01-04 07:54:00,2021-01-04 09:20:00,ENTRY_TOUCHED,0.05,1.08
2021-01-04 07:54:00,th_748ea98708c94abb,cand_M3_th_748ea98708c94abb_2021-01-04 07:54:00,pass_02179e7bbed04742,LONG,M30,M3,1840.60,1830.60,1860.60,ENTRY_TOUCHED,2021-01-04 07:54:00,2021-01-04 09:20:00,ENTRY_TOUCHED,0.05,1.08
2021-01-04 07:54:00,th_818f74a02dbe690b,cand_M3_th_818f74a02dbe690b_2021-01-04 07:54:00,pass_7d58285cbd009885,LONG,M30,M3,1840.60,1830.60,1860.60,ENTRY_TOUCHED,2021-01-04 07:54:00,2021-01-04 09:20:00,ENTRY_TOUCHED,0.05,1.08
2021-01-04 07:54:00,th_1de6b90c3de92f9d,cand_M3_th_1de6b90c3de92f9d_2021-01-04 07:54:00,pass_984b307ea8390821,LONG,M30,M3,1840.60,1830.60,1860.60,ENTRY_TOUCHED,2021-01-04 07:54:00,2021-01-04 09:20:00,ENTRY_TOUCHED,0.05,1.08
2021-01-04 07:54:00,th_ec561c13dfa995be,cand_M3_th_ec561c13dfa995be_2021-01-04 07:54:00,pass_16131f4d4b75c3ce,LONG,M30,M3,1840.60,1830.60,1860.60,ENTRY_TOUCHED,2021-01-04 07:54:00,2021-01-04 09:20:00,ENTRY_TOUCHED,0.05,1.08
2021-01-04 07:54:00,th_a8e2cd8e2710a9e1,cand_M3_th_a8e2cd8e2710a9e1_2021-01-04 07:54:00,pass_037967d12d200201,LONG,M30,M3,1840.60,1830.60,1860.60,ENTRY_TOUCHED,2021-01-04 07:54:00,2021-01-04 09:20:00,ENTRY_TOUCHED,0.05,1.08
2021-01-04 07:54:00,th_54d643bf03d15a1f,cand_M3_th_54d643bf03d15a1f_2021-01-04 07:54:00,pass_3e70ae80ecb58aad,LONG,M30,M3,1840.60,1830.60,1860.60,ENTRY_TOUCHED,2021-01-04 07:54:00,2021-01-04 09:20:00,ENTRY_TOUCHED,0.05,1.08
2021-01-04 07:54:00,th_0cc920c90f7154b4,cand_M3_th_0cc920c90f7154b4_2021-01-04 07:54:00,pass_5ad5fb3d8e387582,LONG,M30,M3,1840.60,1830.60,1860.60,ENTRY_TOUCHED,2021-01-04 07:54:00,2021-01-04 09:20:00,ENTRY_TOUCHED,0.05,1.08
2021-01-04 07:54:00,th_560d9a0f75392210,cand_M3_th_560d9a0f75392210_2021-01-04 07:54:00,pass_aeedb2bd312a7052,LONG,M30,M3,1840.60,1830.60,1860.60,ENTRY_TOUCHED,2021-01-04 07:54:00,2021-01-04 09:20:00,ENTRY_TOUCHED,0.05,1.08
2021-01-04 07:54:00,th_d254a38f1696e9eb,cand_M3_th_d254a38f1696e9eb_2021-01-04 07:54:00,pass_c0f707a8389e9ba7,LONG,M30,M3,1840.60,1830.60,1860.60,ENTRY_TOUCHED,2021-01-04 07:54:00,2021-01-04 09:20:00,ENTRY_TOUCHED,0.05,1.08
2021-01-04 07:55:00,th_c6a3fea6cfabf2b7,cand_M5_th_c6a3fea6cfabf2b7_2021-01-04 07:55:00,pass_4b6dfb5c6e366106,LONG,M30,M5,1840.70,1830.70,1860.70,ENTRY_TOUCHED,2021-01-04 07:55:00,2021-01-04 09:20:00,ENTRY_TOUCHED,0.05,1.07
2021-01-04 07:55:00,th_ab2b87b6a68aba30,cand_M5_th_ab2b87b6a68aba30_2021-01-04 07:55:00,pass_d6c9a96f14a5dc24,LONG,M30,M5,1840.70,1830.70,1860.70,ENTRY_TOUCHED,2021-01-04 07:55:00,2021-01-04 09:20:00,ENTRY_TOUCHED,0.05,1.07
2021-01-04 07:55:00,th_19305dc78a364622,cand_M5_th_19305dc78a364622_2021-01-04 07:55:00,pass_4e1a6a569796d646,LONG,M30,M5,1840.70,1830.70,1860.70,ENTRY_TOUCHED,2021-01-04 07:55:00,2021-01-04 09:20:00,ENTRY_TOUCHED,0.05,1.07
2021-01-04 07:55:00,th_e9804d1bd00856fe,cand_M5_th_e9804d1bd00856fe_2021-01-04 07:55:00,pass_a6cfac5be8b6c010,LONG,M30,M5,1840.70,1830.70,1860.70,ENTRY_TOUCHED,2021-01-04 07:55:00,2021-01-04 09:20:00,ENTRY_TOUCHED,0.05,1.07
2021-01-04 07:55:00,th_748ea98708c94abb,cand_M5_th_748ea98708c94abb_2021-01-04 07:55:00,pass_163ebe3f4aa9eaa3,LONG,M30,M5,1840.70,1830.70,1860.70,ENTRY_TOUCHED,2021-01-04 07:55:00,2021-01-04 09:20:00,ENTRY_TOUCHED,0.05,1.07
2021-01-04 07:55:00,th_818f74a02dbe690b,cand_M5_th_818f74a02dbe690b_2021-01-04 07:55:00,pass_30217c8e840be2fb,LONG,M30,M5,1840.70,1830.70,1860.70,ENTRY_TOUCHED,2021-01-04 07:55:00,2021-01-04 09:20:00,ENTRY_TOUCHED,0.05,1.07
2021-01-04 07:55:00,th_1de6b90c3de92f9d,cand_M5_th_1de6b90c3de92f9d_2021-01-04 07:55:00,pass_2145a7dfad5f80ba,LONG,M30,M5,1840.70,1830.70,1860.70,ENTRY_TOUCHED,2021-01-04 07:55:00,2021-01-04 09:20:00,ENTRY_TOUCHED,0.05,1.07
2021-01-04 07:55:00,th_ec561c13dfa995be,cand_M5_th_ec561c13dfa995be_2021-01-04 07:55:00,pass_af38d8de5dd5e232,LONG,M30,M5,1840.70,1830.70,1860.70,ENTRY_TOUCHED,2021-01-04 07:55:00,2021-01-04 09:20:00,ENTRY_TOUCHED,0.05,1.07
2021-01-04 07:55:00,th_a8e2cd8e2710a9e1,cand_M5_th_a8e2cd8e2710a9e1_2021-01-04 07:55:00,pass_e8478e20ad2faa15,LONG,M30,M5,1840.70,1830.70,1860.70,ENTRY_TOUCHED,2021-01-04 07:55:00,2021-01-04 09:20:00,ENTRY_TOUCHED,0.05,1.07
2021-01-04 07:55:00,th_54d643bf03d15a1f,cand_M5_th_54d643bf03d15a1f_2021-01-04 07:55:00,pass_e7cc23b39115258c,LONG,M30,M5,1840.70,1830.70,1860.70,ENTRY_TOUCHED,2021-01-04 07:55:00,2021-01-04 09:20:00,ENTRY_TOUCHED,0.05,1.07
2021-01-04 07:55:00,th_0cc920c90f7154b4,cand_M5_th_0cc920c90f7154b4_2021-01-04 07:55:00,pass_6a004e4624df9586,LONG,M30,M5,1840.70,1830.70,1860.70,ENTRY_TOUCHED,2021-01-04 07:55:00,2021-01-04 09:20:00,ENTRY_TOUCHED,0.05,1.07
2021-01-04 07:55:00,th_560d9a0f75392210,cand_M5_th_560d9a0f75392210_2021-01-04 07:55:00,pass_b76a5a19aae8f574,LONG,M30,M5,1840.70,1830.70,1860.70,ENTRY_TOUCHED,2021-01-04 07:55:00,2021-01-04 09:20:00,ENTRY_TOUCHED,0.05,1.07
2021-01-04 07:55:00,th_d254a38f1696e9eb,cand_M5_th_d254a38f1696e9eb_2021-01-04 07:55:00,pass_fa8e9dcc16b96782,LONG,M30,M5,1840.70,1830.70,1860.70,ENTRY_TOUCHED,2021-01-04 07:55:00,2021-01-04 09:20:00,ENTRY_TOUCHED,0.05,1.07
2021-01-04 07:57:00,th_c6a3fea6cfabf2b7,cand_M3_th_c6a3fea6cfabf2b7_2021-01-04 07:57:00,pass_d70a493969e84d2f,LONG,M30,M3,1840.90,1830.90,1860.90,ENTRY_TOUCHED,2021-01-04 07:57:00,2021-01-04 09:20:00,ENTRY_TOUCHED,0.05,1.05
2021-01-04 07:57:00,th_ab2b87b6a68aba30,cand_M3_th_ab2b87b6a68aba30_2021-01-04 07:57:00,pass_8833f48abf84d0c9,LONG,M30,M3,1840.90,1830.90,1860.90,ENTRY_TOUCHED,2021-01-04 07:57:00,2021-01-04 09:20:00,ENTRY_TOUCHED,0.05,1.05
2021-01-04 07:57:00,th_19305dc78a364622,cand_M3_th_19305dc78a364622_2021-01-04 07:57:00,pass_f50801ee4de27674,LONG,M30,M3,1840.90,1830.90,1860.90,ENTRY_TOUCHED,2021-01-04 07:57:00,2021-01-04 09:20:00,ENTRY_TOUCHED,0.05,1.05
2021-01-04 07:57:00,th_e9804d1bd00856fe,cand_M3_th_e9804d1bd00856fe_2021-01-04 07:57:00,pass_a30a6af1ae8a4085,LONG,M30,M3,1840.90,1830.90,1860.90,ENTRY_TOUCHED,2021-01-04 07:57:00,2021-01-04 09:20:00,ENTRY_TOUCHED,0.05,1.05
2021-01-04 07:57:00,th_748ea98708c94abb,cand_M3_th_748ea98708c94abb_2021-01-04 07:57:00,pass_e1b3997571d7a2d6,LONG,M30,M3,1840.90,1830.90,1860.90,ENTRY_TOUCHED,2021-01-04 07:57:00,2021-01-04 09:20:00,ENTRY_TOUCHED,0.05,1.05
2021-01-04 07:57:00,th_818f74a02dbe690b,cand_M3_th_818f74a02dbe690b_2021-01-04 07:57:00,pass_e22c28c56c51087c,LONG,M30,M3,1840.90,1830.90,1860.90,ENTRY_TOUCHED,2021-01-04 07:57:00,2021-01-04 09:20:00,ENTRY_TOUCHED,0.05,1.05
2021-01-04 07:57:00,th_1de6b90c3de92f9d,cand_M3_th_1de6b90c3de92f9d_2021-01-04 07:57:00,pass_5209b76d985a2613,LONG,M30,M3,1840.90,1830.90,1860.90,ENTRY_TOUCHED,2021-01-04 07:57:00,2021-01-04 09:20:00,ENTRY_TOUCHED,0.05,1.05
2021-01-04 07:57:00,th_ec561c13dfa995be,cand_M3_th_ec561c13dfa995be_2021-01-04 07:57:00,pass_c0f36ea2763d4083,LONG,M30,M3,1840.90,1830.90,1860.90,ENTRY_TOUCHED,2021-01-04 07:57:00,2021-01-04 09:20:00,ENTRY_TOUCHED,0.05,1.05
2021-01-04 07:57:00,th_a8e2cd8e2710a9e1,cand_M3_th_a8e2cd8e2710a9e1_2021-01-04 07:57:00,pass_ae165d47fe7ad72b,LONG,M30,M3,1840.90,1830.90,1860.90,ENTRY_TOUCHED,2021-01-04 07:57:00,2021-01-04 09:20:00,ENTRY_TOUCHED,0.05,1.05
2021-01-04 07:57:00,th_54d643bf03d15a1f,cand_M3_th_54d643bf03d15a1f_2021-01-04 07:57:00,pass_078492983e20ae27,LONG,M30,M3,1840.90,1830.90,1860.90,ENTRY_TOUCHED,2021-01-04 07:57:00,2021-01-04 09:20:00,ENTRY_TOUCHED,0.05,1.05
2021-01-04 07:57:00,th_0cc920c90f7154b4,cand_M3_th_0cc920c90f7154b4_2021-01-04 07:57:00,pass_594f89843222b8d1,LONG,M30,M3,1840.90,1830.90,1860.90,ENTRY_TOUCHED,2021-01-04 07:57:00,2021-01-04 09:20:00,ENTRY_TOUCHED,0.05,1.05
2021-01-04 07:57:00,th_560d9a0f75392210,cand_M3_th_560d9a0f75392210_2021-01-04 07:57:00,pass_5e340911e9b7305d,LONG,M30,M3,1840.90,1830.90,1860.90,ENTRY_TOUCHED,2021-01-04 07:57:00,2021-01-04 09:20:00,ENTRY_TOUCHED,0.05,1.05
2021-01-04 07:57:00,th_d254a38f1696e9eb,cand_M3_th_d254a38f1696e9eb_2021-01-04 07:57:00,pass_8c4cddccaaaaee37,LONG,M30,M3,1840.90,1830.90,1860.90,ENTRY_TOUCHED,2021-01-04 07:57:00,2021-01-04 09:20:00,ENTRY_TOUCHED,0.05,1.05
2021-01-04 08:00:00,th_c6a3fea6cfabf2b7,cand_M5_th_c6a3fea6cfabf2b7_2021-01-04 08:00:00,pass_76ce3cb10b82f17e,LONG,M30,M5,1841.20,1831.20,1861.20,ENTRY_TOUCHED,2021-01-04 08:00:00,2021-01-04 09:20:00,ENTRY_TOUCHED,0.05,1.02
2021-01-04 08:00:00,th_ab2b87b6a68aba30,cand_M5_th_ab2b87b6a68aba30_2021-01-04 08:00:00,pass_1d6834a38bc28c2c,LONG,M30,M5,1841.20,1831.20,1861.20,ENTRY_TOUCHED,2021-01-04 08:00:00,2021-01-04 09:20:00,ENTRY_TOUCHED,0.05,1.02
2021-01-04 08:00:00,th_19305dc78a364622,cand_M5_th_19305dc78a364622_2021-01-04 08:00:00,pass_b17c65bb7efe477e,LONG,M30,M5,1841.20,1831.20,1861.20,ENTRY_TOUCHED,2021-01-04 08:00:00,2021-01-04 09:20:00,ENTRY_TOUCHED,0.05,1.02
2021-01-04 08:00:00,th_e9804d1bd00856fe,cand_M5_th_e9804d1bd00856fe_2021-01-04 08:00:00,pass_7a0f19573be52c0d,LONG,M30,M5,1841.20,1831.20,1861.20,ENTRY_TOUCHED,2021-01-04 08:00:00,2021-01-04 09:20:00,ENTRY_TOUCHED,0.05,1.02
2021-01-04 08:00:00,th_748ea98708c94abb,cand_M5_th_748ea98708c94abb_2021-01-04 08:00:00,pass_7d2b0e88b41a48dc,LONG,M30,M5,1841.20,1831.20,1861.20,ENTRY_TOUCHED,2021-01-04 08:00:00,2021-01-04 09:20:00,ENTRY_TOUCHED,0.05,1.02
2021-01-04 08:00:00,th_818f74a02dbe690b,cand_M5_th_818f74a02dbe690b_2021-01-04 08:00:00,pass_a7a687448a08a759,LONG,M30,M5,1841.20,1831.20,1861.20,ENTRY_TOUCHED,2021-01-04 08:00:00,2021-01-04 09:20:00,ENTRY_TOUCHED,0.05,1.02
2021-01-04 08:00:00,th_1de6b90c3de92f9d,cand_M5_th_1de6b90c3de92f9d_2021-01-04 08:00:00,pass_4d505721f14f132d,LONG,M30,M5,1841.20,1831.20,1861.20,ENTRY_TOUCHED,2021-01-04 08:00:00,2021-01-04 09:20:00,ENTRY_TOUCHED,0.05,1.02
2021-01-04 08:00:00,th_ec561c13dfa995be,cand_M5_th_ec561c13dfa995be_2021-01-04 08:00:00,pass_d23ca12b82496275,LONG,M30,M5,1841.20,1831.20,1861.20,ENTRY_TOUCHED,2021-01-04 08:00:00,2021-01-04 09:20:00,ENTRY_TOUCHED,0.05,1.02
2021-01-04 08:00:00,th_a8e2cd8e2710a9e1,cand_M5_th_a8e2cd8e2710a9e1_2021-01-04 08:00:00,pass_c1aef762232cdf70,LONG,M30,M5,1841.20,1831.20,1861.20,ENTRY_TOUCHED,2021-01-04 08:00:00,2021-01-04 09:20:00,ENTRY_TOUCHED,0.05,1.02
2021-01-04 08:00:00,th_54d643bf03d15a1f,cand_M5_th_54d643bf03d15a1f_2021-01-04 08:00:00,pass_024b7655a2df40e2,LONG,M30,M5,1841.20,1831.20,1861.20,ENTRY_TOUCHED,2021-01-04 08:00:00,2021-01-04 09:20:00,ENTRY_TOUCHED,0.05,1.02
2021-01-04 08:00:00,th_0cc920c90f7154b4,cand_M5_th_0cc920c90f7154b4_2021-01-04 08:00:00,pass_30ded8cac3884597,LONG,M30,M5,1841.20,1831.20,1861.20,ENTRY_TOUCHED,2021-01-04 08:00:00,2021-01-04 09:20:00,ENTRY_TOUCHED,0.05,1.02
2021-01-04 08:00:00,th_560d9a0f75392210,cand_M5_th_560d9a0f75392210_2021-01-04 08:00:00,pass_9376e0a43b0229c6,LONG,M30,M5,1841.20,1831.20,1861.20,ENTRY_TOUCHED,2021-01-04 08:00:00,2021-01-04 09:20:00,ENTRY_TOUCHED,0.05,1.02
2021-01-04 08:00:00,th_d254a38f1696e9eb,cand_M5_th_d254a38f1696e9eb_2021-01-04 08:00:00,pass_d0d679829c95a2c0,LONG,M30,M5,1841.20,1831.20,1861.20,ENTRY_TOUCHED,2021-01-04 08:00:00,2021-01-04 09:20:00,ENTRY_TOUCHED,0.05,1.02
2021-01-04 08:00:00,th_3973ff8586aa6c3d,cand_M5_th_3973ff8586aa6c3d_2021-01-04 08:00:00,pass_5be1ad6a598e470a,LONG,M30,M5,1841.20,1831.20,1861.20,ENTRY_TOUCHED,2021-01-04 08:00:00,2021-01-04 09:20:00,ENTRY_TOUCHED,0.05,1.02
2021-01-04 08:00:00,th_c6a3fea6cfabf2b7,cand_M3_th_c6a3fea6cfabf2b7_2021-01-04 08:00:00,pass_e7521101b530765a,LONG,M30,M3,1841.20,1831.20,1861.20,ENTRY_TOUCHED,2021-01-04 08:00:00,2021-01-04 09:20:00,ENTRY_TOUCHED,0.05,1.02
2021-01-04 08:00:00,th_ab2b87b6a68aba30,cand_M3_th_ab2b87b6a68aba30_2021-01-04 08:00:00,pass_86aec9f249261443,LONG,M30,M3,1841.20,1831.20,1861.20,ENTRY_TOUCHED,2021-01-04 08:00:00,2021-01-04 09:20:00,ENTRY_TOUCHED,0.05,1.02
2021-01-04 08:00:00,th_19305dc78a364622,cand_M3_th_19305dc78a364622_2021-01-04 08:00:00,pass_e4fac82b9693326b,LONG,M30,M3,1841.20,1831.20,1861.20,ENTRY_TOUCHED,2021-01-04 08:00:00,2021-01-04 09:20:00,ENTRY_TOUCHED,0.05,1.02
2021-01-04 08:00:00,th_e9804d1bd00856fe,cand_M3_th_e9804d1bd00856fe_2021-01-04 08:00:00,pass_c6198d91742b2a3b,LONG,M30,M3,1841.20,1831.20,1861.20,ENTRY_TOUCHED,2021-01-04 08:00:00,2021-01-04 09:20:00,ENTRY_TOUCHED,0.05,1.02
2021-01-04 08:00:00,th_748ea98708c94abb,cand_M3_th_748ea98708c94abb_2021-01-04 08:00:00,pass_60cd9556142b3bde,LONG,M30,M3,1841.20,1831.20,1861.20,ENTRY_TOUCHED,2021-01-04 08:00:00,2021-01-04 09:20:00,ENTRY_TOUCHED,0.05,1.02
2021-01-04 08:00:00,th_818f74a02dbe690b,cand_M3_th_818f74a02dbe690b_2021-01-04 08:00:00,pass_1fcc46ec7734f003,LONG,M30,M3,1841.20,1831.20,1861.20,ENTRY_TOUCHED,2021-01-04 08:00:00,2021-01-04 09:20:00,ENTRY_TOUCHED,0.05,1.02
2021-01-04 08:00:00,th_1de6b90c3de92f9d,cand_M3_th_1de6b90c3de92f9d_2021-01-04 08:00:00,pass_7d61f09f00813f57,LONG,M30,M3,1841.20,1831.20,1861.20,ENTRY_TOUCHED,2021-01-04 08:00:00,2021-01-04 09:20:00,ENTRY_TOUCHED,0.05,1.02
2021-01-04 08:00:00,th_ec561c13dfa995be,cand_M3_th_ec561c13dfa995be_2021-01-04 08:00:00,pass_8a0794c984a410c2,LONG,M30,M3,1841.20,1831.20,1861.20,ENTRY_TOUCHED,2021-01-04 08:00:00,2021-01-04 09:20:00,ENTRY_TOUCHED,0.05,1.02
2021-01-04 08:00:00,th_a8e2cd8e2710a9e1,cand_M3_th_a8e2cd8e2710a9e1_2021-01-04 08:00:00,pass_e9b5f1ba86d529f6,LONG,M30,M3,1841.20,1831.20,1861.20,ENTRY_TOUCHED,2021-01-04 08:00:00,2021-01-04 09:20:00,ENTRY_TOUCHED,0.05,1.02
2021-01-04 08:00:00,th_54d643bf03d15a1f,cand_M3_th_54d643bf03d15a1f_2021-01-04 08:00:00,pass_00c4c2c94f000a94,LONG,M30,M3,1841.20,1831.20,1861.20,ENTRY_TOUCHED,2021-01-04 08:00:00,2021-01-04 09:20:00,ENTRY_TOUCHED,0.05,1.02
2021-01-04 08:00:00,th_0cc920c90f7154b4,cand_M3_th_0cc920c90f7154b4_2021-01-04 08:00:00,pass_87dae6ca4f42fa20,LONG,M30,M3,1841.20,1831.20,1861.20,ENTRY_TOUCHED,2021-01-04 08:00:00,2021-01-04 09:20:00,ENTRY_TOUCHED,0.05,1.02
2021-01-04 08:00:00,th_560d9a0f75392210,cand_M3_th_560d9a0f75392210_2021-01-04 08:00:00,pass_b5c351985d25321a,LONG,M30,M3,1841.20,1831.20,1861.20,ENTRY_TOUCHED,2021-01-04 08:00:00,2021-01-04 09:20:00,ENTRY_TOUCHED,0.05,1.02
2021-01-04 08:00:00,th_d254a38f1696e9eb,cand_M3_th_d254a38f1696e9eb_2021-01-04 08:00:00,pass_b1670ab8c6b00dfd,LONG,M30,M3,1841.20,1831.20,1861.20,ENTRY_TOUCHED,2021-01-04 08:00:00,2021-01-04 09:20:00,ENTRY_TOUCHED,0.05,1.02
2021-01-04 08:00:00,th_3973ff8586aa6c3d,cand_M3_th_3973ff8586aa6c3d_2021-01-04 08:00:00,pass_07ebe2447db664f2,LONG,M30,M3,1841.20,1831.20,1861.20,ENTRY_TOUCHED,2021-01-04 08:00:00,2021-01-04 09:20:00,ENTRY_TOUCHED,0.05,1.02
2021-01-04 08:03:00,th_c6a3fea6cfabf2b7,cand_M3_th_c6a3fea6cfabf2b7_2021-01-04 08:03:00,pass_664fd4c072d4b17e,LONG,M30,M3,1841.50,1831.50,1861.50,ENTRY_TOUCHED,2021-01-04 08:03:00,2021-01-04 09:20:00,ENTRY_TOUCHED,0.05,0.99
2021-01-04 08:03:00,th_ab2b87b6a68aba30,cand_M3_th_ab2b87b6a68aba30_2021-01-04 08:03:00,pass_154226096d0393af,LONG,M30,M3,1841.50,1831.50,1861.50,ENTRY_TOUCHED,2021-01-04 08:03:00,2021-01-04 09:20:00,ENTRY_TOUCHED,0.05,0.99
2021-01-04 08:03:00,th_19305dc78a364622,cand_M3_th_19305dc78a364622_2021-01-04 08:03:00,pass_fd31da2196b0e657,LONG,M30,M3,1841.50,1831.50,1861.50,ENTRY_TOUCHED,2021-01-04 08:03:00,2021-01-04 09:20:00,ENTRY_TOUCHED,0.05,0.99
2021-01-04 08:03:00,th_e9804d1bd00856fe,cand_M3_th_e9804d1bd00856fe_2021-01-04 08:03:00,pass_312314ffe46fed5f,LONG,M30,M3,1841.50,1831.50,1861.50,ENTRY_TOUCHED,2021-01-04 08:03:00,2021-01-04 09:20:00,ENTRY_TOUCHED,0.05,0.99
2021-01-04 08:03:00,th_748ea98708c94abb,cand_M3_th_748ea98708c94abb_2021-01-04 08:03:00,pass_a5ca2f84f58819d8,LONG,M30,M3,1841.50,1831.50,1861.50,ENTRY_TOUCHED,2021-01-04 08:03:00,2021-01-04 09:20:00,ENTRY_TOUCHED,0.05,0.99
2021-01-04 08:03:00,th_818f74a02dbe690b,cand_M3_th_818f74a02dbe690b_2021-01-04 08:03:00,pass_76f86203fdf6668c,LONG,M30,M3,1841.50,1831.50,1861.50,ENTRY_TOUCHED,2021-01-04 08:03:00,2021-01-04 09:20:00,ENTRY_TOUCHED,0.05,0.99
2021-01-04 08:03:00,th_1de6b90c3de92f9d,cand_M3_th_1de6b90c3de92f9d_2021-01-04 08:03:00,pass_032e85f418c65360,LONG,M30,M3,1841.50,1831.50,1861.50,ENTRY_TOUCHED,2021-01-04 08:03:00,2021-01-04 09:20:00,ENTRY_TOUCHED,0.05,0.99
2021-01-04 08:03:00,th_ec561c13dfa995be,cand_M3_th_ec561c13dfa995be_2021-01-04 08:03:00,pass_84b79b4781b31e6d,LONG,M30,M3,1841.50,1831.50,1861.50,ENTRY_TOUCHED,2021-01-04 08:03:00,2021-01-04 09:20:00,ENTRY_TOUCHED,0.05,0.99
2021-01-04 08:03:00,th_a8e2cd8e2710a9e1,cand_M3_th_a8e2cd8e2710a9e1_2021-01-04 08:03:00,pass_125ca3826e1828f1,LONG,M30,M3,1841.50,1831.50,1861.50,ENTRY_TOUCHED,2021-01-04 08:03:00,2021-01-04 09:20:00,ENTRY_TOUCHED,0.05,0.99
2021-01-04 08:03:00,th_54d643bf03d15a1f,cand_M3_th_54d643bf03d15a1f_2021-01-04 08:03:00,pass_0b6fb7e23802d8db,LONG,M30,M3,1841.50,1831.50,1861.50,ENTRY_TOUCHED,2021-01-04 08:03:00,2021-01-04 09:20:00,ENTRY_TOUCHED,0.05,0.99
2021-01-04 08:03:00,th_0cc920c90f7154b4,cand_M3_th_0cc920c90f7154b4_2021-01-04 08:03:00,pass_f793b3cf99d55343,LONG,M30,M3,1841.50,1831.50,1861.50,ENTRY_TOUCHED,2021-01-04 08:03:00,2021-01-04 09:20:00,ENTRY_TOUCHED,0.05,0.99
2021-01-04 08:03:00,th_560d9a0f75392210,cand_M3_th_560d9a0f75392210_2021-01-04 08:03:00,pass_4bec1b037741e2bb,LONG,M30,M3,1841.50,1831.50,1861.50,ENTRY_TOUCHED,2021-01-04 08:03:00,2021-01-04 09:20:00,ENTRY_TOUCHED,0.05,0.99
2021-01-04 08:03:00,th_d254a38f1696e9eb,cand_M3_th_d254a38f1696e9eb_2021-01-04 08:03:00,pass_c6be09bba770a0e8,LONG,M30,M3,1841.50,1831.50,1861.50,ENTRY_TOUCHED,2021-01-04 08:03:00,2021-01-04 09:20:00,ENTRY_TOUCHED,0.05,0.99
2021-01-04 08:03:00,th_3973ff8586aa6c3d,cand_M3_th_3973ff8586aa6c3d_2021-01-04 08:03:00,pass_1f00683419474f35,LONG,M30,M3,1841.50,1831.50,1861.50,ENTRY_TOUCHED,2021-01-04 08:03:00,2021-01-04 09:20:00,ENTRY_TOUCHED,0.05,0.99
2021-01-04 08:05:00,th_c6a3fea6cfabf2b7,cand_M5_th_c6a3fea6cfabf2b7_2021-01-04 08:05:00,pass_345cd66c15020144,LONG,M30,M5,1841.70,1831.70,1861.70,ENTRY_TOUCHED,2021-01-04 08:05:00,2021-01-04 09:20:00,ENTRY_TOUCHED,0.05,0.97
2021-01-04 08:05:00,th_ab2b87b6a68aba30,cand_M5_th_ab2b87b6a68aba30_2021-01-04 08:05:00,pass_ad94cc1d14d078bb,LONG,M30,M5,1841.70,1831.70,1861.70,ENTRY_TOUCHED,2021-01-04 08:05:00,2021-01-04 09:20:00,ENTRY_TOUCHED,0.05,0.97
2021-01-04 08:05:00,th_19305dc78a364622,cand_M5_th_19305dc78a364622_2021-01-04 08:05:00,pass_a7a347e5c4280f6e,LONG,M30,M5,1841.70,1831.70,1861.70,ENTRY_TOUCHED,2021-01-04 08:05:00,2021-01-04 09:20:00,ENTRY_TOUCHED,0.05,0.97
2021-01-04 08:05:00,th_e9804d1bd00856fe,cand_M5_th_e9804d1bd00856fe_2021-01-04 08:05:00,pass_d7f6233df18c7b59,LONG,M30,M5,1841.70,1831.70,1861.70,ENTRY_TOUCHED,2021-01-04 08:05:00,2021-01-04 09:20:00,ENTRY_TOUCHED,0.05,0.97
2021-01-04 08:05:00,th_748ea98708c94abb,cand_M5_th_748ea98708c94abb_2021-01-04 08:05:00,pass_393ab793f2e04ad4,LONG,M30,M5,1841.70,1831.70,1861.70,ENTRY_TOUCHED,2021-01-04 08:05:00,2021-01-04 09:20:00,ENTRY_TOUCHED,0.05,0.97
2021-01-04 08:05:00,th_818f74a02dbe690b,cand_M5_th_818f74a02dbe690b_2021-01-04 08:05:00,pass_1a1f14e39795b9fd,LONG,M30,M5,1841.70,1831.70,1861.70,ENTRY_TOUCHED,2021-01-04 08:05:00,2021-01-04 09:20:00,ENTRY_TOUCHED,0.05,0.97
2021-01-04 08:05:00,th_1de6b90c3de92f9d,cand_M5_th_1de6b90c3de92f9d_2021-01-04 08:05:00,pass_bc238949370b7bb4,LONG,M30,M5,1841.70,1831.70,1861.70,ENTRY_TOUCHED,2021-01-04 08:05:00,2021-01-04 09:20:00,ENTRY_TOUCHED,0.05,0.97
2021-01-04 08:05:00,th_ec561c13dfa995be,cand_M5_th_ec561c13dfa995be_2021-01-04 08:05:00,pass_98e693f942df97cf,LONG,M30,M5,1841.70,1831.70,1861.70,ENTRY_TOUCHED,2021-01-04 08:05:00,2021-01-04 09:20:00,ENTRY_TOUCHED,0.05,0.97
2021-01-04 08:05:00,th_a8e2cd8e2710a9e1,cand_M5_th_a8e2cd8e2710a9e1_2021-01-04 08:05:00,pass_1dbac9ff22753746,LONG,M30,M5,1841.70,1831.70,1861.70,ENTRY_TOUCHED,2021-01-04 08:05:00,2021-01-04 09:20:00,ENTRY_TOUCHED,0.05,0.97
2021-01-04 08:05:00,th_54d643bf03d15a1f,cand_M5_th_54d643bf03d15a1f_2021-01-04 08:05:00,pass_52263091586e9e68,LONG,M30,M5,1841.70,1831.70,1861.70,ENTRY_TOUCHED,2021-01-04 08:05:00,2021-01-04 09:20:00,ENTRY_TOUCHED,0.05,0.97
2021-01-04 08:05:00,th_0cc920c90f7154b4,cand_M5_th_0cc920c90f7154b4_2021-01-04 08:05:00,pass_d37ffc0ad0ae2409,LONG,M30,M5,1841.70,1831.70,1861.70,ENTRY_TOUCHED,2021-01-04 08:05:00,2021-01-04 09:20:00,ENTRY_TOUCHED,0.05,0.97
2021-01-04 08:05:00,th_560d9a0f75392210,cand_M5_th_560d9a0f75392210_2021-01-04 08:05:00,pass_c4efd8828855862d,LONG,M30,M5,1841.70,1831.70,1861.70,ENTRY_TOUCHED,2021-01-04 08:05:00,2021-01-04 09:20:00,ENTRY_TOUCHED,0.05,0.97
2021-01-04 08:05:00,th_d254a38f1696e9eb,cand_M5_th_d254a38f1696e9eb_2021-01-04 08:05:00,pass_5db8d70be9de1931,LONG,M30,M5,1841.70,1831.70,1861.70,ENTRY_TOUCHED,2021-01-04 08:05:00,2021-01-04 09:20:00,ENTRY_TOUCHED,0.05,0.97
2021-01-04 08:05:00,th_3973ff8586aa6c3d,cand_M5_th_3973ff8586aa6c3d_2021-01-04 08:05:00,pass_1e2be577d651cc3d,LONG,M30,M5,1841.70,1831.70,1861.70,ENTRY_TOUCHED,2021-01-04 08:05:00,2021-01-04 09:20:00,ENTRY_TOUCHED,0.05,0.97
2021-01-04 08:06:00,th_c6a3fea6cfabf2b7,cand_M3_th_c6a3fea6cfabf2b7_2021-01-04 08:06:00,pass_a754be2147403d70,LONG,M30,M3,1841.80,1831.80,1861.80,ENTRY_TOUCHED,2021-01-04 08:06:00,2021-01-04 09:20:00,ENTRY_TOUCHED,0.05,0.96
2021-01-04 08:06:00,th_ab2b87b6a68aba30,cand_M3_th_ab2b87b6a68aba30_2021-01-04 08:06:00,pass_bc3ce8166af5b81a,LONG,M30,M3,1841.80,1831.80,1861.80,ENTRY_TOUCHED,2021-01-04 08:06:00,2021-01-04 09:20:00,ENTRY_TOUCHED,0.05,0.96
2021-01-04 08:06:00,th_19305dc78a364622,cand_M3_th_19305dc78a364622_2021-01-04 08:06:00,pass_4c82f5dde7a13ca5,LONG,M30,M3,1841.80,1831.80,1861.80,ENTRY_TOUCHED,2021-01-04 08:06:00,2021-01-04 09:20:00,ENTRY_TOUCHED,0.05,0.96
2021-01-04 08:06:00,th_e9804d1bd00856fe,cand_M3_th_e9804d1bd00856fe_2021-01-04 08:06:00,pass_63433abb43a8172d,LONG,M30,M3,1841.80,1831.80,1861.80,ENTRY_TOUCHED,2021-01-04 08:06:00,2021-01-04 09:20:00,ENTRY_TOUCHED,0.05,0.96
2021-01-04 08:06:00,th_748ea98708c94abb,cand_M3_th_748ea98708c94abb_2021-01-04 08:06:00,pass_5c0051ee8d57abde,LONG,M30,M3,1841.80,1831.80,1861.80,ENTRY_TOUCHED,2021-01-04 08:06:00,2021-01-04 09:20:00,ENTRY_TOUCHED,0.05,0.96
2021-01-04 08:06:00,th_818f74a02dbe690b,cand_M3_th_818f74a02dbe690b_2021-01-04 08:06:00,pass_1b79aaec3b9d15e9,LONG,M30,M3,1841.80,1831.80,1861.80,ENTRY_TOUCHED,2021-01-04 08:06:00,2021-01-04 09:20:00,ENTRY_TOUCHED,0.05,0.96
2021-01-04 08:06:00,th_1de6b90c3de92f9d,cand_M3_th_1de6b90c3de92f9d_2021-01-04 08:06:00,pass_267eb2199bb38a6a,LONG,M30,M3,1841.80,1831.80,1861.80,ENTRY_TOUCHED,2021-01-04 08:06:00,2021-01-04 09:20:00,ENTRY_TOUCHED,0.05,0.96
2021-01-04 08:06:00,th_ec561c13dfa995be,cand_M3_th_ec561c13dfa995be_2021-01-04 08:06:00,pass_c971dbef4684c652,LONG,M30,M3,1841.80,1831.80,1861.80,ENTRY_TOUCHED,2021-01-04 08:06:00,2021-01-04 09:20:00,ENTRY_TOUCHED,0.05,0.96
2021-01-04 08:06:00,th_a8e2cd8e2710a9e1,cand_M3_th_a8e2cd8e2710a9e1_2021-01-04 08:06:00,pass_8f8f1816339a1fbb,LONG,M30,M3,1841.80,1831.80,1861.80,ENTRY_TOUCHED,2021-01-04 08:06:00,2021-01-04 09:20:00,ENTRY_TOUCHED,0.05,0.96
2021-01-04 08:06:00,th_54d643bf03d15a1f,cand_M3_th_54d643bf03d15a1f_2021-01-04 08:06:00,pass_a8b20ff9937a19b9,LONG,M30,M3,1841.80,1831.80,1861.80,ENTRY_TOUCHED,2021-01-04 08:06:00,2021-01-04 09:20:00,ENTRY_TOUCHED,0.05,0.96
2021-01-04 08:06:00,th_0cc920c90f7154b4,cand_M3_th_0cc920c90f7154b4_2021-01-04 08:06:00,pass_b554d0b002e215df,LONG,M30,M3,1841.80,1831.80,1861.80,ENTRY_TOUCHED,2021-01-04 08:06:00,2021-01-04 09:20:00,ENTRY_TOUCHED,0.05,0.96
2021-01-04 08:06:00,th_560d9a0f75392210,cand_M3_th_560d9a0f75392210_2021-01-04 08:06:00,pass_5a309ec60a8d5aa6,LONG,M30,M3,1841.80,1831.80,1861.80,ENTRY_TOUCHED,2021-01-04 08:06:00,2021-01-04 09:20:00,ENTRY_TOUCHED,0.05,0.96
2021-01-04 08:06:00,th_d254a38f1696e9eb,cand_M3_th_d254a38f1696e9eb_2021-01-04 08:06:00,pass_f6f34e0a6eee3a8c,LONG,M30,M3,1841.80,1831.80,1861.80,ENTRY_TOUCHED,2021-01-04 08:06:00,2021-01-04 09:20:00,ENTRY_TOUCHED,0.05,0.96
2021-01-04 08:06:00,th_3973ff8586aa6c3d,cand_M3_th_3973ff8586aa6c3d_2021-01-04 08:06:00,pass_60aabe7c8a064d79,LONG,M30,M3,1841.80,1831.80,1861.80,ENTRY_TOUCHED,2021-01-04 08:06:00,2021-01-04 09:20:00,ENTRY_TOUCHED,0.05,0.96
2021-01-04 08:09:00,th_c6a3fea6cfabf2b7,cand_M3_th_c6a3fea6cfabf2b7_2021-01-04 08:09:00,pass_25fd527404dfc7c0,LONG,M30,M3,1842.10,1832.10,1862.10,ENTRY_TOUCHED,2021-01-04 08:09:00,2021-01-04 09:20:00,ENTRY_TOUCHED,0.05,0.93
2021-01-04 08:09:00,th_ab2b87b6a68aba30,cand_M3_th_ab2b87b6a68aba30_2021-01-04 08:09:00,pass_1f17e143ca3c9990,LONG,M30,M3,1842.10,1832.10,1862.10,ENTRY_TOUCHED,2021-01-04 08:09:00,2021-01-04 09:20:00,ENTRY_TOUCHED,0.05,0.93
2021-01-04 08:09:00,th_19305dc78a364622,cand_M3_th_19305dc78a364622_2021-01-04 08:09:00,pass_7b77956595fad20b,LONG,M30,M3,1842.10,1832.10,1862.10,ENTRY_TOUCHED,2021-01-04 08:09:00,2021-01-04 09:20:00,ENTRY_TOUCHED,0.05,0.93
2021-01-04 08:09:00,th_e9804d1bd00856fe,cand_M3_th_e9804d1bd00856fe_2021-01-04 08:09:00,pass_16adf10924c63635,LONG,M30,M3,1842.10,1832.10,1862.10,ENTRY_TOUCHED,2021-01-04 08:09:00,2021-01-04 09:20:00,ENTRY_TOUCHED,0.05,0.93
2021-01-04 08:09:00,th_748ea98708c94abb,cand_M3_th_748ea98708c94abb_2021-01-04 08:09:00,pass_0c9ad3a4cf7409b8,LONG,M30,M3,1842.10,1832.10,1862.10,ENTRY_TOUCHED,2021-01-04 08:09:00,2021-01-04 09:20:00,ENTRY_TOUCHED,0.05,0.93
2021-01-04 08:09:00,th_818f74a02dbe690b,cand_M3_th_818f74a02dbe690b_2021-01-04 08:09:00,pass_8b25411189ee2694,LONG,M30,M3,1842.10,1832.10,1862.10,ENTRY_TOUCHED,2021-01-04 08:09:00,2021-01-04 09:20:00,ENTRY_TOUCHED,0.05,0.93
2021-01-04 08:09:00,th_1de6b90c3de92f9d,cand_M3_th_1de6b90c3de92f9d_2021-01-04 08:09:00,pass_a3503075f6bbdeb4,LONG,M30,M3,1842.10,1832.10,1862.10,ENTRY_TOUCHED,2021-01-04 08:09:00,2021-01-04 09:20:00,ENTRY_TOUCHED,0.05,0.93
2021-01-04 08:09:00,th_ec561c13dfa995be,cand_M3_th_ec561c13dfa995be_2021-01-04 08:09:00,pass_069672be8810aba1,LONG,M30,M3,1842.10,1832.10,1862.10,ENTRY_TOUCHED,2021-01-04 08:09:00,2021-01-04 09:20:00,ENTRY_TOUCHED,0.05,0.93
2021-01-04 08:09:00,th_a8e2cd8e2710a9e1,cand_M3_th_a8e2cd8e2710a9e1_2021-01-04 08:09:00,pass_493614b97694e4b1,LONG,M30,M3,1842.10,1832.10,1862.10,ENTRY_TOUCHED,2021-01-04 08:09:00,2021-01-04 09:20:00,ENTRY_TOUCHED,0.05,0.93
2021-01-04 08:09:00,th_54d643bf03d15a1f,cand_M3_th_54d643bf03d15a1f_2021-01-04 08:09:00,pass_2271b30741d6059c,LONG,M30,M3,1842.10,1832.10,1862.10,ENTRY_TOUCHED,2021-01-04 08:09:00,2021-01-04 09:20:00,ENTRY_TOUCHED,0.05,0.93
2021-01-04 08:09:00,th_0cc920c90f7154b4,cand_M3_th_0cc920c90f7154b4_2021-01-04 08:09:00,pass_8882de02d383047e,LONG,M30,M3,1842.10,1832.10,1862.10,ENTRY_TOUCHED,2021-01-04 08:09:00,2021-01-04 09:20:00,ENTRY_TOUCHED,0.05,0.93
2021-01-04 08:09:00,th_560d9a0f75392210,cand_M3_th_560d9a0f75392210_2021-01-04 08:09:00,pass_7e8d6de5731c3e3d,LONG,M30,M3,1842.10,1832.10,1862.10,ENTRY_TOUCHED,2021-01-04 08:09:00,2021-01-04 09:20:00,ENTRY_TOUCHED,0.05,0.93
2021-01-04 08:09:00,th_d254a38f1696e9eb,cand_M3_th_d254a38f1696e9eb_2021-01-04 08:09:00,pass_0d197af64881e486,LONG,M30,M3,1842.10,1832.10,1862.10,ENTRY_TOUCHED,2021-01-04 08:09:00,2021-01-04 09:20:00,ENTRY_TOUCHED,0.05,0.93
2021-01-04 08:09:00,th_3973ff8586aa6c3d,cand_M3_th_3973ff8586aa6c3d_2021-01-04 08:09:00,pass_5322834c38bfb54b,LONG,M30,M3,1842.10,1832.10,1862.10,ENTRY_TOUCHED,2021-01-04 08:09:00,2021-01-04 09:20:00,ENTRY_TOUCHED,0.05,0.93
2021-01-04 08:10:00,th_c6a3fea6cfabf2b7,cand_M5_th_c6a3fea6cfabf2b7_2021-01-04 08:10:00,pass_d2297458f02b443f,LONG,M30,M5,1842.20,1832.20,1862.20,ENTRY_TOUCHED,2021-01-04 08:10:00,2021-01-04 09:20:00,ENTRY_TOUCHED,0.05,0.92
2021-01-04 08:10:00,th_ab2b87b6a68aba30,cand_M5_th_ab2b87b6a68aba30_2021-01-04 08:10:00,pass_9be0b91c40a45c84,LONG,M30,M5,1842.20,1832.20,1862.20,ENTRY_TOUCHED,2021-01-04 08:10:00,2021-01-04 09:20:00,ENTRY_TOUCHED,0.05,0.92
2021-01-04 08:10:00,th_19305dc78a364622,cand_M5_th_19305dc78a364622_2021-01-04 08:10:00,pass_1278b02f7a7fb60e,LONG,M30,M5,1842.20,1832.20,1862.20,ENTRY_TOUCHED,2021-01-04 08:10:00,2021-01-04 09:20:00,ENTRY_TOUCHED,0.05,0.92
2021-01-04 08:10:00,th_e9804d1bd00856fe,cand_M5_th_e9804d1bd00856fe_2021-01-04 08:10:00,pass_1bd8c9603db711b9,LONG,M30,M5,1842.20,1832.20,1862.20,ENTRY_TOUCHED,2021-01-04 08:10:00,2021-01-04 09:20:00,ENTRY_TOUCHED,0.05,0.92
2021-01-04 08:10:00,th_748ea98708c94abb,cand_M5_th_748ea98708c94abb_2021-01-04 08:10:00,pass_a0db9afcb1eb03a1,LONG,M30,M5,1842.20,1832.20,1862.20,ENTRY_TOUCHED,2021-01-04 08:10:00,2021-01-04 09:20:00,ENTRY_TOUCHED,0.05,0.92
2021-01-04 08:10:00,th_818f74a02dbe690b,cand_M5_th_818f74a02dbe690b_2021-01-04 08:10:00,pass_d0129a0312ed046e,LONG,M30,M5,1842.20,1832.20,1862.20,ENTRY_TOUCHED,2021-01-04 08:10:00,2021-01-04 09:20:00,ENTRY_TOUCHED,0.05,0.92
2021-01-04 08:10:00,th_1de6b90c3de92f9d,cand_M5_th_1de6b90c3de92f9d_2021-01-04 08:10:00,pass_86ed68771bcfeb09,LONG,M30,M5,1842.20,1832.20,1862.20,ENTRY_TOUCHED,2021-01-04 08:10:00,2021-01-04 09:20:00,ENTRY_TOUCHED,0.05,0.92
2021-01-04 08:10:00,th_ec561c13dfa995be,cand_M5_th_ec561c13dfa995be_2021-01-04 08:10:00,pass_d6a9e4beff9a9730,LONG,M30,M5,1842.20,1832.20,1862.20,ENTRY_TOUCHED,2021-01-04 08:10:00,2021-01-04 09:20:00,ENTRY_TOUCHED,0.05,0.92
2021-01-04 08:10:00,th_a8e2cd8e2710a9e1,cand_M5_th_a8e2cd8e2710a9e1_2021-01-04 08:10:00,pass_8d5e98a4cd395d07,LONG,M30,M5,1842.20,1832.20,1862.20,ENTRY_TOUCHED,2021-01-04 08:10:00,2021-01-04 09:20:00,ENTRY_TOUCHED,0.05,0.92
2021-01-04 08:10:00,th_54d643bf03d15a1f,cand_M5_th_54d643bf03d15a1f_2021-01-04 08:10:00,pass_2397ff84dc95c6d8,LONG,M30,M5,1842.20,1832.20,1862.20,ENTRY_TOUCHED,2021-01-04 08:10:00,2021-01-04 09:20:00,ENTRY_TOUCHED,0.05,0.92
2021-01-04 08:10:00,th_0cc920c90f7154b4,cand_M5_th_0cc920c90f7154b4_2021-01-04 08:10:00,pass_21a6e2e1c1cbb9ad,LONG,M30,M5,1842.20,1832.20,1862.20,ENTRY_TOUCHED,2021-01-04 08:10:00,2021-01-04 09:20:00,ENTRY_TOUCHED,0.05,0.92
2021-01-04 08:10:00,th_560d9a0f75392210,cand_M5_th_560d9a0f75392210_2021-01-04 08:10:00,pass_01d2cf3f7ee64718,LONG,M30,M5,1842.20,1832.20,1862.20,ENTRY_TOUCHED,2021-01-04 08:10:00,2021-01-04 09:20:00,ENTRY_TOUCHED,0.05,0.92
2021-01-04 08:10:00,th_d254a38f1696e9eb,cand_M5_th_d254a38f1696e9eb_2021-01-04 08:10:00,pass_8465281edeb06215,LONG,M30,M5,1842.20,1832.20,1862.20,ENTRY_TOUCHED,2021-01-04 08:10:00,2021-01-04 09:20:00,ENTRY_TOUCHED,0.05,0.92
2021-01-04 08:10:00,th_3973ff8586aa6c3d,cand_M5_th_3973ff8586aa6c3d_2021-01-04 08:10:00,pass_de76648805b89c5b,LONG,M30,M5,1842.20,1832.20,1862.20,ENTRY_TOUCHED,2021-01-04 08:10:00,2021-01-04 09:20:00,ENTRY_TOUCHED,0.05,0.92
2021-01-04 08:12:00,th_c6a3fea6cfabf2b7,cand_M3_th_c6a3fea6cfabf2b7_2021-01-04 08:12:00,pass_39176d563bcb1989,LONG,M30,M3,1842.40,1832.40,1862.40,ENTRY_TOUCHED,2021-01-04 08:12:00,2021-01-04 09:20:00,ENTRY_TOUCHED,0.05,0.90
2021-01-04 08:12:00,th_ab2b87b6a68aba30,cand_M3_th_ab2b87b6a68aba30_2021-01-04 08:12:00,pass_f54b1e21b318f6df,LONG,M30,M3,1842.40,1832.40,1862.40,ENTRY_TOUCHED,2021-01-04 08:12:00,2021-01-04 09:20:00,ENTRY_TOUCHED,0.05,0.90
2021-01-04 08:12:00,th_19305dc78a364622,cand_M3_th_19305dc78a364622_2021-01-04 08:12:00,pass_3523454b5a0c26bd,LONG,M30,M3,1842.40,1832.40,1862.40,ENTRY_TOUCHED,2021-01-04 08:12:00,2021-01-04 09:20:00,ENTRY_TOUCHED,0.05,0.90
2021-01-04 08:12:00,th_e9804d1bd00856fe,cand_M3_th_e9804d1bd00856fe_2021-01-04 08:12:00,pass_9246d504fb7297d4,LONG,M30,M3,1842.40,1832.40,1862.40,ENTRY_TOUCHED,2021-01-04 08:12:00,2021-01-04 09:20:00,ENTRY_TOUCHED,0.05,0.90
2021-01-04 08:12:00,th_748ea98708c94abb,cand_M3_th_748ea98708c94abb_2021-01-04 08:12:00,pass_6a3a59ec5efc3b90,LONG,M30,M3,1842.40,1832.40,1862.40,ENTRY_TOUCHED,2021-01-04 08:12:00,2021-01-04 09:20:00,ENTRY_TOUCHED,0.05,0.90
2021-01-04 08:12:00,th_818f74a02dbe690b,cand_M3_th_818f74a02dbe690b_2021-01-04 08:12:00,pass_db1e41881b45bd18,LONG,M30,M3,1842.40,1832.40,1862.40,ENTRY_TOUCHED,2021-01-04 08:12:00,2021-01-04 09:20:00,ENTRY_TOUCHED,0.05,0.90
2021-01-04 08:12:00,th_1de6b90c3de92f9d,cand_M3_th_1de6b90c3de92f9d_2021-01-04 08:12:00,pass_7b69636af6a1f1c8,LONG,M30,M3,1842.40,1832.40,1862.40,ENTRY_TOUCHED,2021-01-04 08:12:00,2021-01-04 09:20:00,ENTRY_TOUCHED,0.05,0.90
2021-01-04 08:12:00,th_ec561c13dfa995be,cand_M3_th_ec561c13dfa995be_2021-01-04 08:12:00,pass_81208a39b512950f,LONG,M30,M3,1842.40,1832.40,1862.40,ENTRY_TOUCHED,2021-01-04 08:12:00,2021-01-04 09:20:00,ENTRY_TOUCHED,0.05,0.90
2021-01-04 08:12:00,th_a8e2cd8e2710a9e1,cand_M3_th_a8e2cd8e2710a9e1_2021-01-04 08:12:00,pass_8a5cb63497ff6dbc,LONG,M30,M3,1842.40,1832.40,1862.40,ENTRY_TOUCHED,2021-01-04 08:12:00,2021-01-04 09:20:00,ENTRY_TOUCHED,0.05,0.90
2021-01-04 08:12:00,th_54d643bf03d15a1f,cand_M3_th_54d643bf03d15a1f_2021-01-04 08:12:00,pass_311846e74998434d,LONG,M30,M3,1842.40,1832.40,1862.40,ENTRY_TOUCHED,2021-01-04 08:12:00,2021-01-04 09:20:00,ENTRY_TOUCHED,0.05,0.90
2021-01-04 08:12:00,th_0cc920c90f7154b4,cand_M3_th_0cc920c90f7154b4_2021-01-04 08:12:00,pass_cafcc47db6961a29,LONG,M30,M3,1842.40,1832.40,1862.40,ENTRY_TOUCHED,2021-01-04 08:12:00,2021-01-04 09:20:00,ENTRY_TOUCHED,0.05,0.90
2021-01-04 08:12:00,th_560d9a0f75392210,cand_M3_th_560d9a0f75392210_2021-01-04 08:12:00,pass_fc141586114e573e,LONG,M30,M3,1842.40,1832.40,1862.40,ENTRY_TOUCHED,2021-01-04 08:12:00,2021-01-04 09:20:00,ENTRY_TOUCHED,0.05,0.90
2021-01-04 08:12:00,th_d254a38f1696e9eb,cand_M3_th_d254a38f1696e9eb_2021-01-04 08:12:00,pass_f9f524666ece8206,LONG,M30,M3,1842.40,1832.40,1862.40,ENTRY_TOUCHED,2021-01-04 08:12:00,2021-01-04 09:20:00,ENTRY_TOUCHED,0.05,0.90
2021-01-04 08:12:00,th_3973ff8586aa6c3d,cand_M3_th_3973ff8586aa6c3d_2021-01-04 08:12:00,pass_6ac5be2cece5efe4,LONG,M30,M3,1842.40,1832.40,1862.40,ENTRY_TOUCHED,2021-01-04 08:12:00,2021-01-04 09:20:00,ENTRY_TOUCHED,0.05,0.90
2021-01-04 08:15:00,th_c6a3fea6cfabf2b7,cand_M5_th_c6a3fea6cfabf2b7_2021-01-04 08:15:00,pass_043e466c29eee319,LONG,M30,M5,1842.70,1832.70,1862.70,ENTRY_TOUCHED,2021-01-04 08:15:00,2021-01-04 09:20:00,ENTRY_TOUCHED,0.05,0.87
2021-01-04 08:15:00,th_ab2b87b6a68aba30,cand_M5_th_ab2b87b6a68aba30_2021-01-04 08:15:00,pass_bede2794bb1c7602,LONG,M30,M5,1842.70,1832.70,1862.70,ENTRY_TOUCHED,2021-01-04 08:15:00,2021-01-04 09:20:00,ENTRY_TOUCHED,0.05,0.87
2021-01-04 08:15:00,th_19305dc78a364622,cand_M5_th_19305dc78a364622_2021-01-04 08:15:00,pass_0150b40ff7e85dca,LONG,M30,M5,1842.70,1832.70,1862.70,ENTRY_TOUCHED,2021-01-04 08:15:00,2021-01-04 09:20:00,ENTRY_TOUCHED,0.05,0.87
2021-01-04 08:15:00,th_e9804d1bd00856fe,cand_M5_th_e9804d1bd00856fe_2021-01-04 08:15:00,pass_d9f0ebb934b9e183,LONG,M30,M5,1842.70,1832.70,1862.70,ENTRY_TOUCHED,2021-01-04 08:15:00,2021-01-04 09:20:00,ENTRY_TOUCHED,0.05,0.87
2021-01-04 08:15:00,th_748ea98708c94abb,cand_M5_th_748ea98708c94abb_2021-01-04 08:15:00,pass_c5240c89cb6458b2,LONG,M30,M5,1842.70,1832.70,1862.70,ENTRY_TOUCHED,2021-01-04 08:15:00,2021-01-04 09:20:00,ENTRY_TOUCHED,0.05,0.87
2021-01-04 08:15:00,th_818f74a02dbe690b,cand_M5_th_818f74a02dbe690b_2021-01-04 08:15:00,pass_c269ac4633b135d6,LONG,M30,M5,1842.70,1832.70,1862.70,ENTRY_TOUCHED,2021-01-04 08:15:00,2021-01-04 09:20:00,ENTRY_TOUCHED,0.05,0.87
2021-01-04 08:15:00,th_1de6b90c3de92f9d,cand_M5_th_1de6b90c3de92f9d_2021-01-04 08:15:00,pass_376c92ca53f0b1ad,LONG,M30,M5,1842.70,1832.70,1862.70,ENTRY_TOUCHED,2021-01-04 08:15:00,2021-01-04 09:20:00,ENTRY_TOUCHED,0.05,0.87
2021-01-04 08:15:00,th_ec561c13dfa995be,cand_M5_th_ec561c13dfa995be_2021-01-04 08:15:00,pass_dc841b0f8d53007a,LONG,M30,M5,1842.70,1832.70,1862.70,ENTRY_TOUCHED,2021-01-04 08:15:00,2021-01-04 09:20:00,ENTRY_TOUCHED,0.05,0.87
2021-01-04 08:15:00,th_a8e2cd8e2710a9e1,cand_M5_th_a8e2cd8e2710a9e1_2021-01-04 08:15:00,pass_6bc350ed67a46fa5,LONG,M30,M5,1842.70,1832.70,1862.70,ENTRY_TOUCHED,2021-01-04 08:15:00,2021-01-04 09:20:00,ENTRY_TOUCHED,0.05,0.87
2021-01-04 08:15:00,th_54d643bf03d15a1f,cand_M5_th_54d643bf03d15a1f_2021-01-04 08:15:00,pass_c0877177eee0bb94,LONG,M30,M5,1842.70,1832.70,1862.70,ENTRY_TOUCHED,2021-01-04 08:15:00,2021-01-04 09:20:00,ENTRY_TOUCHED,0.05,0.87
2021-01-04 08:15:00,th_0cc920c90f7154b4,cand_M5_th_0cc920c90f7154b4_2021-01-04 08:15:00,pass_15fc08628b3c22b7,LONG,M30,M5,1842.70,1832.70,1862.70,ENTRY_TOUCHED,2021-01-04 08:15:00,2021-01-04 09:20:00,ENTRY_TOUCHED,0.05,0.87
2021-01-04 08:15:00,th_560d9a0f75392210,cand_M5_th_560d9a0f75392210_2021-01-04 08:15:00,pass_54bb3bee2674f1c5,LONG,M30,M5,1842.70,1832.70,1862.70,ENTRY_TOUCHED,2021-01-04 08:15:00,2021-01-04 09:20:00,ENTRY_TOUCHED,0.05,0.87
2021-01-04 08:15:00,th_d254a38f1696e9eb,cand_M5_th_d254a38f1696e9eb_2021-01-04 08:15:00,pass_b12735ab567c7f13,LONG,M30,M5,1842.70,1832.70,1862.70,ENTRY_TOUCHED,2021-01-04 08:15:00,2021-01-04 09:20:00,ENTRY_TOUCHED,0.05,0.87
2021-01-04 08:15:00,th_3973ff8586aa6c3d,cand_M5_th_3973ff8586aa6c3d_2021-01-04 08:15:00,pass_07218b7a436734c0,LONG,M30,M5,1842.70,1832.70,1862.70,ENTRY_TOUCHED,2021-01-04 08:15:00,2021-01-04 09:20:00,ENTRY_TOUCHED,0.05,0.87
2021-01-04 08:15:00,th_c6a3fea6cfabf2b7,cand_M3_th_c6a3fea6cfabf2b7_2021-01-04 08:15:00,pass_a41f89c89570330e,LONG,M30,M3,1842.70,1832.70,1862.70,ENTRY_TOUCHED,2021-01-04 08:15:00,2021-01-04 09:20:00,ENTRY_TOUCHED,0.05,0.87
2021-01-04 08:15:00,th_ab2b87b6a68aba30,cand_M3_th_ab2b87b6a68aba30_2021-01-04 08:15:00,pass_060ea0ae1ccfc7c5,LONG,M30,M3,1842.70,1832.70,1862.70,ENTRY_TOUCHED,2021-01-04 08:15:00,2021-01-04 09:20:00,ENTRY_TOUCHED,0.05,0.87
2021-01-04 08:15:00,th_19305dc78a364622,cand_M3_th_19305dc78a364622_2021-01-04 08:15:00,pass_a526566be99fc3f9,LONG,M30,M3,1842.70,1832.70,1862.70,ENTRY_TOUCHED,2021-01-04 08:15:00,2021-01-04 09:20:00,ENTRY_TOUCHED,0.05,0.87
2021-01-04 08:15:00,th_e9804d1bd00856fe,cand_M3_th_e9804d1bd00856fe_2021-01-04 08:15:00,pass_385e66d6ac57f7ca,LONG,M30,M3,1842.70,1832.70,1862.70,ENTRY_TOUCHED,2021-01-04 08:15:00,2021-01-04 09:20:00,ENTRY_TOUCHED,0.05,0.87
2021-01-04 08:15:00,th_748ea98708c94abb,cand_M3_th_748ea98708c94abb_2021-01-04 08:15:00,pass_ffe50b8ce207544d,LONG,M30,M3,1842.70,1832.70,1862.70,ENTRY_TOUCHED,2021-01-04 08:15:00,2021-01-04 09:20:00,ENTRY_TOUCHED,0.05,0.87
2021-01-04 08:15:00,th_818f74a02dbe690b,cand_M3_th_818f74a02dbe690b_2021-01-04 08:15:00,pass_20d468ff7763a0f6,LONG,M30,M3,1842.70,1832.70,1862.70,ENTRY_TOUCHED,2021-01-04 08:15:00,2021-01-04 09:20:00,ENTRY_TOUCHED,0.05,0.87
2021-01-04 08:15:00,th_1de6b90c3de92f9d,cand_M3_th_1de6b90c3de92f9d_2021-01-04 08:15:00,pass_b22277d8b57e4a04,LONG,M30,M3,1842.70,1832.70,1862.70,ENTRY_TOUCHED,2021-01-04 08:15:00,2021-01-04 09:20:00,ENTRY_TOUCHED,0.05,0.87
2021-01-04 08:15:00,th_ec561c13dfa995be,cand_M3_th_ec561c13dfa995be_2021-01-04 08:15:00,pass_450602ce4c726bc2,LONG,M30,M3,1842.70,1832.70,1862.70,ENTRY_TOUCHED,2021-01-04 08:15:00,2021-01-04 09:20:00,ENTRY_TOUCHED,0.05,0.87
2021-01-04 08:15:00,th_a8e2cd8e2710a9e1,cand_M3_th_a8e2cd8e2710a9e1_2021-01-04 08:15:00,pass_03ded86804e68046,LONG,M30,M3,1842.70,1832.70,1862.70,ENTRY_TOUCHED,2021-01-04 08:15:00,2021-01-04 09:20:00,ENTRY_TOUCHED,0.05,0.87
2021-01-04 08:15:00,th_54d643bf03d15a1f,cand_M3_th_54d643bf03d15a1f_2021-01-04 08:15:00,pass_20ad42bb3ad2cc29,LONG,M30,M3,1842.70,1832.70,1862.70,ENTRY_TOUCHED,2021-01-04 08:15:00,2021-01-04 09:20:00,ENTRY_TOUCHED,0.05,0.87
2021-01-04 08:15:00,th_0cc920c90f7154b4,cand_M3_th_0cc920c90f7154b4_2021-01-04 08:15:00,pass_de9ae5be47c8c70f,LONG,M30,M3,1842.70,1832.70,1862.70,ENTRY_TOUCHED,2021-01-04 08:15:00,2021-01-04 09:20:00,ENTRY_TOUCHED,0.05,0.87
2021-01-04 08:15:00,th_560d9a0f75392210,cand_M3_th_560d9a0f75392210_2021-01-04 08:15:00,pass_5887ba237e17d39c,LONG,M30,M3,1842.70,1832.70,1862.70,ENTRY_TOUCHED,2021-01-04 08:15:00,2021-01-04 09:20:00,ENTRY_TOUCHED,0.05,0.87
2021-01-04 08:15:00,th_d254a38f1696e9eb,cand_M3_th_d254a38f1696e9eb_2021-01-04 08:15:00,pass_48ce7fa78271b9ac,LONG,M30,M3,1842.70,1832.70,1862.70,ENTRY_TOUCHED,2021-01-04 08:15:00,2021-01-04 09:20:00,ENTRY_TOUCHED,0.05,0.87
2021-01-04 08:15:00,th_3973ff8586aa6c3d,cand_M3_th_3973ff8586aa6c3d_2021-01-04 08:15:00,pass_a4fd1dd47df2c521,LONG,M30,M3,1842.70,1832.70,1862.70,ENTRY_TOUCHED,2021-01-04 08:15:00,2021-01-04 09:20:00,ENTRY_TOUCHED,0.05,0.87
2021-01-04 08:18:00,th_c6a3fea6cfabf2b7,cand_M3_th_c6a3fea6cfabf2b7_2021-01-04 08:18:00,pass_47fd90d460ecd4ff,LONG,M30,M3,1843.00,1833.00,1863.00,ENTRY_TOUCHED,2021-01-04 08:18:00,2021-01-04 09:20:00,ENTRY_TOUCHED,0.05,0.84
2021-01-04 08:18:00,th_ab2b87b6a68aba30,cand_M3_th_ab2b87b6a68aba30_2021-01-04 08:18:00,pass_3409d551449d3074,LONG,M30,M3,1843.00,1833.00,1863.00,ENTRY_TOUCHED,2021-01-04 08:18:00,2021-01-04 09:20:00,ENTRY_TOUCHED,0.05,0.84
2021-01-04 08:18:00,th_19305dc78a364622,cand_M3_th_19305dc78a364622_2021-01-04 08:18:00,pass_360bdc45f77dbc82,LONG,M30,M3,1843.00,1833.00,1863.00,ENTRY_TOUCHED,2021-01-04 08:18:00,2021-01-04 09:20:00,ENTRY_TOUCHED,0.05,0.84
2021-01-04 08:18:00,th_e9804d1bd00856fe,cand_M3_th_e9804d1bd00856fe_2021-01-04 08:18:00,pass_0d64e015ffa89a36,LONG,M30,M3,1843.00,1833.00,1863.00,ENTRY_TOUCHED,2021-01-04 08:18:00,2021-01-04 09:20:00,ENTRY_TOUCHED,0.05,0.84
2021-01-04 08:18:00,th_748ea98708c94abb,cand_M3_th_748ea98708c94abb_2021-01-04 08:18:00,pass_0fab5ba79e37cac6,LONG,M30,M3,1843.00,1833.00,1863.00,ENTRY_TOUCHED,2021-01-04 08:18:00,2021-01-04 09:20:00,ENTRY_TOUCHED,0.05,0.84
2021-01-04 08:18:00,th_818f74a02dbe690b,cand_M3_th_818f74a02dbe690b_2021-01-04 08:18:00,pass_1577d6438d079927,LONG,M30,M3,1843.00,1833.00,1863.00,ENTRY_TOUCHED,2021-01-04 08:18:00,2021-01-04 09:20:00,ENTRY_TOUCHED,0.05,0.84
2021-01-04 08:18:00,th_1de6b90c3de92f9d,cand_M3_th_1de6b90c3de92f9d_2021-01-04 08:18:00,pass_3f985323d500c16f,LONG,M30,M3,1843.00,1833.00,1863.00,ENTRY_TOUCHED,2021-01-04 08:18:00,2021-01-04 09:20:00,ENTRY_TOUCHED,0.05,0.84
2021-01-04 08:18:00,th_ec561c13dfa995be,cand_M3_th_ec561c13dfa995be_2021-01-04 08:18:00,pass_0827e1823947ca64,LONG,M30,M3,1843.00,1833.00,1863.00,ENTRY_TOUCHED,2021-01-04 08:18:00,2021-01-04 09:20:00,ENTRY_TOUCHED,0.05,0.84
2021-01-04 08:18:00,th_a8e2cd8e2710a9e1,cand_M3_th_a8e2cd8e2710a9e1_2021-01-04 08:18:00,pass_13d0b8607c6bcdf5,LONG,M30,M3,1843.00,1833.00,1863.00,ENTRY_TOUCHED,2021-01-04 08:18:00,2021-01-04 09:20:00,ENTRY_TOUCHED,0.05,0.84
2021-01-04 08:18:00,th_54d643bf03d15a1f,cand_M3_th_54d643bf03d15a1f_2021-01-04 08:18:00,pass_543b2297f7ceb2e3,LONG,M30,M3,1843.00,1833.00,1863.00,ENTRY_TOUCHED,2021-01-04 08:18:00,2021-01-04 09:20:00,ENTRY_TOUCHED,0.05,0.84
2021-01-04 08:18:00,th_0cc920c90f7154b4,cand_M3_th_0cc920c90f7154b4_2021-01-04 08:18:00,pass_4b6eb311e28cb504,LONG,M30,M3,1843.00,1833.00,1863.00,ENTRY_TOUCHED,2021-01-04 08:18:00,2021-01-04 09:20:00,ENTRY_TOUCHED,0.05,0.84
2021-01-04 08:18:00,th_560d9a0f75392210,cand_M3_th_560d9a0f75392210_2021-01-04 08:18:00,pass_d3362a61229b7a03,LONG,M30,M3,1843.00,1833.00,1863.00,ENTRY_TOUCHED,2021-01-04 08:18:00,2021-01-04 09:20:00,ENTRY_TOUCHED,0.05,0.84
2021-01-04 08:18:00,th_d254a38f1696e9eb,cand_M3_th_d254a38f1696e9eb_2021-01-04 08:18:00,pass_ee791dcc61e5bb67,LONG,M30,M3,1843.00,1833.00,1863.00,ENTRY_TOUCHED,2021-01-04 08:18:00,2021-01-04 09:20:00,ENTRY_TOUCHED,0.05,0.84
2021-01-04 08:18:00,th_3973ff8586aa6c3d,cand_M3_th_3973ff8586aa6c3d_2021-01-04 08:18:00,pass_474e6ae720dfc2f5,LONG,M30,M3,1843.00,1833.00,1863.00,ENTRY_TOUCHED,2021-01-04 08:18:00,2021-01-04 09:20:00,ENTRY_TOUCHED,0.05,0.84
2021-01-04 08:20:00,th_c6a3fea6cfabf2b7,cand_M5_th_c6a3fea6cfabf2b7_2021-01-04 08:20:00,pass_9adf41b57950abcf,LONG,M30,M5,1843.20,1833.20,1863.20,ENTRY_TOUCHED,2021-01-04 08:20:00,2021-01-04 09:20:00,ENTRY_TOUCHED,0.05,0.82
2021-01-04 08:20:00,th_ab2b87b6a68aba30,cand_M5_th_ab2b87b6a68aba30_2021-01-04 08:20:00,pass_1cbf2b6cd0675ae5,LONG,M30,M5,1843.20,1833.20,1863.20,ENTRY_TOUCHED,2021-01-04 08:20:00,2021-01-04 09:20:00,ENTRY_TOUCHED,0.05,0.82
2021-01-04 08:20:00,th_19305dc78a364622,cand_M5_th_19305dc78a364622_2021-01-04 08:20:00,pass_7ec87803d2efc29f,LONG,M30,M5,1843.20,1833.20,1863.20,ENTRY_TOUCHED,2021-01-04 08:20:00,2021-01-04 09:20:00,ENTRY_TOUCHED,0.05,0.82
2021-01-04 08:20:00,th_e9804d1bd00856fe,cand_M5_th_e9804d1bd00856fe_2021-01-04 08:20:00,pass_e7b5d8637d666efd,LONG,M30,M5,1843.20,1833.20,1863.20,ENTRY_TOUCHED,2021-01-04 08:20:00,2021-01-04 09:20:00,ENTRY_TOUCHED,0.05,0.82
2021-01-04 08:20:00,th_748ea98708c94abb,cand_M5_th_748ea98708c94abb_2021-01-04 08:20:00,pass_4c68a76206035621,LONG,M30,M5,1843.20,1833.20,1863.20,ENTRY_TOUCHED,2021-01-04 08:20:00,2021-01-04 09:20:00,ENTRY_TOUCHED,0.05,0.82
2021-01-04 08:20:00,th_818f74a02dbe690b,cand_M5_th_818f74a02dbe690b_2021-01-04 08:20:00,pass_36e97430aebd87c3,LONG,M30,M5,1843.20,1833.20,1863.20,ENTRY_TOUCHED,2021-01-04 08:20:00,2021-01-04 09:20:00,ENTRY_TOUCHED,0.05,0.82
2021-01-04 08:20:00,th_1de6b90c3de92f9d,cand_M5_th_1de6b90c3de92f9d_2021-01-04 08:20:00,pass_34897dac64643765,LONG,M30,M5,1843.20,1833.20,1863.20,ENTRY_TOUCHED,2021-01-04 08:20:00,2021-01-04 09:20:00,ENTRY_TOUCHED,0.05,0.82
2021-01-04 08:20:00,th_ec561c13dfa995be,cand_M5_th_ec561c13dfa995be_2021-01-04 08:20:00,pass_7e45253f7d69ccf9,LONG,M30,M5,1843.20,1833.20,1863.20,ENTRY_TOUCHED,2021-01-04 08:20:00,2021-01-04 09:20:00,ENTRY_TOUCHED,0.05,0.82
2021-01-04 08:20:00,th_a8e2cd8e2710a9e1,cand_M5_th_a8e2cd8e2710a9e1_2021-01-04 08:20:00,pass_71143076d3ed08c1,LONG,M30,M5,1843.20,1833.20,1863.20,ENTRY_TOUCHED,2021-01-04 08:20:00,2021-01-04 09:20:00,ENTRY_TOUCHED,0.05,0.82
2021-01-04 08:20:00,th_54d643bf03d15a1f,cand_M5_th_54d643bf03d15a1f_2021-01-04 08:20:00,pass_2f4e9a370c94a5e0,LONG,M30,M5,1843.20,1833.20,1863.20,ENTRY_TOUCHED,2021-01-04 08:20:00,2021-01-04 09:20:00,ENTRY_TOUCHED,0.05,0.82
2021-01-04 08:20:00,th_0cc920c90f7154b4,cand_M5_th_0cc920c90f7154b4_2021-01-04 08:20:00,pass_e91f4439729a8d12,LONG,M30,M5,1843.20,1833.20,1863.20,ENTRY_TOUCHED,2021-01-04 08:20:00,2021-01-04 09:20:00,ENTRY_TOUCHED,0.05,0.82
2021-01-04 08:20:00,th_560d9a0f75392210,cand_M5_th_560d9a0f75392210_2021-01-04 08:20:00,pass_9cab024afef9674f,LONG,M30,M5,1843.20,1833.20,1863.20,ENTRY_TOUCHED,2021-01-04 08:20:00,2021-01-04 09:20:00,ENTRY_TOUCHED,0.05,0.82
2021-01-04 08:20:00,th_d254a38f1696e9eb,cand_M5_th_d254a38f1696e9eb_2021-01-04 08:20:00,pass_857bdfe7049d693d,LONG,M30,M5,1843.20,1833.20,1863.20,ENTRY_TOUCHED,2021-01-04 08:20:00,2021-01-04 09:20:00,ENTRY_TOUCHED,0.05,0.82
2021-01-04 08:20:00,th_3973ff8586aa6c3d,cand_M5_th_3973ff8586aa6c3d_2021-01-04 08:20:00,pass_946241bab24eb037,LONG,M30,M5,1843.20,1833.20,1863.20,ENTRY_TOUCHED,2021-01-04 08:20:00,2021-01-04 09:20:00,ENTRY_TOUCHED,0.05,0.82
2021-01-04 08:21:00,th_c6a3fea6cfabf2b7,cand_M3_th_c6a3fea6cfabf2b7_2021-01-04 08:21:00,pass_04799bd2b9d9560f,LONG,M30,M3,1843.30,1833.30,1863.30,ENTRY_TOUCHED,2021-01-04 08:21:00,2021-01-04 09:20:00,ENTRY_TOUCHED,0.05,0.81
2021-01-04 08:21:00,th_ab2b87b6a68aba30,cand_M3_th_ab2b87b6a68aba30_2021-01-04 08:21:00,pass_f98de68ec65e4eca,LONG,M30,M3,1843.30,1833.30,1863.30,ENTRY_TOUCHED,2021-01-04 08:21:00,2021-01-04 09:20:00,ENTRY_TOUCHED,0.05,0.81
2021-01-04 08:21:00,th_19305dc78a364622,cand_M3_th_19305dc78a364622_2021-01-04 08:21:00,pass_c4f44e8ae467939b,LONG,M30,M3,1843.30,1833.30,1863.30,ENTRY_TOUCHED,2021-01-04 08:21:00,2021-01-04 09:20:00,ENTRY_TOUCHED,0.05,0.81
2021-01-04 08:21:00,th_e9804d1bd00856fe,cand_M3_th_e9804d1bd00856fe_2021-01-04 08:21:00,pass_1d3aa93cbbfe6537,LONG,M30,M3,1843.30,1833.30,1863.30,ENTRY_TOUCHED,2021-01-04 08:21:00,2021-01-04 09:20:00,ENTRY_TOUCHED,0.05,0.81
2021-01-04 08:21:00,th_748ea98708c94abb,cand_M3_th_748ea98708c94abb_2021-01-04 08:21:00,pass_cf70133f9263ffa8,LONG,M30,M3,1843.30,1833.30,1863.30,ENTRY_TOUCHED,2021-01-04 08:21:00,2021-01-04 09:20:00,ENTRY_TOUCHED,0.05,0.81
2021-01-04 08:21:00,th_818f74a02dbe690b,cand_M3_th_818f74a02dbe690b_2021-01-04 08:21:00,pass_9bf3c0c99453d584,LONG,M30,M3,1843.30,1833.30,1863.30,ENTRY_TOUCHED,2021-01-04 08:21:00,2021-01-04 09:20:00,ENTRY_TOUCHED,0.05,0.81
2021-01-04 08:21:00,th_1de6b90c3de92f9d,cand_M3_th_1de6b90c3de92f9d_2021-01-04 08:21:00,pass_2fad9b7a1943fa95,LONG,M30,M3,1843.30,1833.30,1863.30,ENTRY_TOUCHED,2021-01-04 08:21:00,2021-01-04 09:20:00,ENTRY_TOUCHED,0.05,0.81
2021-01-04 08:21:00,th_ec561c13dfa995be,cand_M3_th_ec561c13dfa995be_2021-01-04 08:21:00,pass_47125db628ae858a,LONG,M30,M3,1843.30,1833.30,1863.30,ENTRY_TOUCHED,2021-01-04 08:21:00,2021-01-04 09:20:00,ENTRY_TOUCHED,0.05,0.81
2021-01-04 08:21:00,th_a8e2cd8e2710a9e1,cand_M3_th_a8e2cd8e2710a9e1_2021-01-04 08:21:00,pass_8bb2c4be056c3e0d,LONG,M30,M3,1843.30,1833.30,1863.30,ENTRY_TOUCHED,2021-01-04 08:21:00,2021-01-04 09:20:00,ENTRY_TOUCHED,0.05,0.81
2021-01-04 08:21:00,th_54d643bf03d15a1f,cand_M3_th_54d643bf03d15a1f_2021-01-04 08:21:00,pass_deea9117c678e699,LONG,M30,M3,1843.30,1833.30,1863.30,ENTRY_TOUCHED,2021-01-04 08:21:00,2021-01-04 09:20:00,ENTRY_TOUCHED,0.05,0.81
2021-01-04 08:21:00,th_0cc920c90f7154b4,cand_M3_th_0cc920c90f7154b4_2021-01-04 08:21:00,pass_07e9c21019f7d3c4,LONG,M30,M3,1843.30,1833.30,1863.30,ENTRY_TOUCHED,2021-01-04 08:21:00,2021-01-04 09:20:00,ENTRY_TOUCHED,0.05,0.81
2021-01-04 08:21:00,th_560d9a0f75392210,cand_M3_th_560d9a0f75392210_2021-01-04 08:21:00,pass_87caffe8d457c72f,LONG,M30,M3,1843.30,1833.30,1863.30,ENTRY_TOUCHED,2021-01-04 08:21:00,2021-01-04 09:20:00,ENTRY_TOUCHED,0.05,0.81
2021-01-04 08:21:00,th_d254a38f1696e9eb,cand_M3_th_d254a38f1696e9eb_2021-01-04 08:21:00,pass_880653257bd8fa84,LONG,M30,M3,1843.30,1833.30,1863.30,ENTRY_TOUCHED,2021-01-04 08:21:00,2021-01-04 09:20:00,ENTRY_TOUCHED,0.05,0.81
2021-01-04 08:21:00,th_3973ff8586aa6c3d,cand_M3_th_3973ff8586aa6c3d_2021-01-04 08:21:00,pass_94756f1d451374a7,LONG,M30,M3,1843.30,1833.30,1863.30,ENTRY_TOUCHED,2021-01-04 08:21:00,2021-01-04 09:20:00,ENTRY_TOUCHED,0.05,0.81
2021-01-04 08:24:00,th_c6a3fea6cfabf2b7,cand_M3_th_c6a3fea6cfabf2b7_2021-01-04 08:24:00,pass_de331c16f643f902,LONG,M30,M3,1843.60,1833.60,1863.60,ENTRY_TOUCHED,2021-01-04 08:24:00,2021-01-04 09:20:00,ENTRY_TOUCHED,0.05,0.78
2021-01-04 08:24:00,th_ab2b87b6a68aba30,cand_M3_th_ab2b87b6a68aba30_2021-01-04 08:24:00,pass_e71e80a83f593daf,LONG,M30,M3,1843.60,1833.60,1863.60,ENTRY_TOUCHED,2021-01-04 08:24:00,2021-01-04 09:20:00,ENTRY_TOUCHED,0.05,0.78
2021-01-04 08:24:00,th_19305dc78a364622,cand_M3_th_19305dc78a364622_2021-01-04 08:24:00,pass_8a58b5fe0cd6ccbc,LONG,M30,M3,1843.60,1833.60,1863.60,ENTRY_TOUCHED,2021-01-04 08:24:00,2021-01-04 09:20:00,ENTRY_TOUCHED,0.05,0.78
2021-01-04 08:24:00,th_e9804d1bd00856fe,cand_M3_th_e9804d1bd00856fe_2021-01-04 08:24:00,pass_dcce7a974ccdbfd6,LONG,M30,M3,1843.60,1833.60,1863.60,ENTRY_TOUCHED,2021-01-04 08:24:00,2021-01-04 09:20:00,ENTRY_TOUCHED,0.05,0.78
2021-01-04 08:24:00,th_748ea98708c94abb,cand_M3_th_748ea98708c94abb_2021-01-04 08:24:00,pass_b18351371c908d96,LONG,M30,M3,1843.60,1833.60,1863.60,ENTRY_TOUCHED,2021-01-04 08:24:00,2021-01-04 09:20:00,ENTRY_TOUCHED,0.05,0.78
2021-01-04 08:24:00,th_818f74a02dbe690b,cand_M3_th_818f74a02dbe690b_2021-01-04 08:24:00,pass_0a71fa07f735d11a,LONG,M30,M3,1843.60,1833.60,1863.60,ENTRY_TOUCHED,2021-01-04 08:24:00,2021-01-04 09:20:00,ENTRY_TOUCHED,0.05,0.78
2021-01-04 08:24:00,th_1de6b90c3de92f9d,cand_M3_th_1de6b90c3de92f9d_2021-01-04 08:24:00,pass_735bef858ad71200,LONG,M30,M3,1843.60,1833.60,1863.60,ENTRY_TOUCHED,2021-01-04 08:24:00,2021-01-04 09:20:00,ENTRY_TOUCHED,0.05,0.78
2021-01-04 08:24:00,th_ec561c13dfa995be,cand_M3_th_ec561c13dfa995be_2021-01-04 08:24:00,pass_d9194042ed942e80,LONG,M30,M3,1843.60,1833.60,1863.60,ENTRY_TOUCHED,2021-01-04 08:24:00,2021-01-04 09:20:00,ENTRY_TOUCHED,0.05,0.78
2021-01-04 08:24:00,th_a8e2cd8e2710a9e1,cand_M3_th_a8e2cd8e2710a9e1_2021-01-04 08:24:00,pass_b7f909df3481fe08,LONG,M30,M3,1843.60,1833.60,1863.60,ENTRY_TOUCHED,2021-01-04 08:24:00,2021-01-04 09:20:00,ENTRY_TOUCHED,0.05,0.78
2021-01-04 08:24:00,th_54d643bf03d15a1f,cand_M3_th_54d643bf03d15a1f_2021-01-04 08:24:00,pass_49d9f617a5814472,LONG,M30,M3,1843.60,1833.60,1863.60,ENTRY_TOUCHED,2021-01-04 08:24:00,2021-01-04 09:20:00,ENTRY_TOUCHED,0.05,0.78
2021-01-04 08:24:00,th_0cc920c90f7154b4,cand_M3_th_0cc920c90f7154b4_2021-01-04 08:24:00,pass_62d6fda26e166b2a,LONG,M30,M3,1843.60,1833.60,1863.60,ENTRY_TOUCHED,2021-01-04 08:24:00,2021-01-04 09:20:00,ENTRY_TOUCHED,0.05,0.78
2021-01-04 08:24:00,th_560d9a0f75392210,cand_M3_th_560d9a0f75392210_2021-01-04 08:24:00,pass_d3dd790b0ab380b2,LONG,M30,M3,1843.60,1833.60,1863.60,ENTRY_TOUCHED,2021-01-04 08:24:00,2021-01-04 09:20:00,ENTRY_TOUCHED,0.05,0.78
2021-01-04 08:24:00,th_d254a38f1696e9eb,cand_M3_th_d254a38f1696e9eb_2021-01-04 08:24:00,pass_16385b86a617cd47,LONG,M30,M3,1843.60,1833.60,1863.60,ENTRY_TOUCHED,2021-01-04 08:24:00,2021-01-04 09:20:00,ENTRY_TOUCHED,0.05,0.78
2021-01-04 08:24:00,th_3973ff8586aa6c3d,cand_M3_th_3973ff8586aa6c3d_2021-01-04 08:24:00,pass_bb1085a8e6addfac,LONG,M30,M3,1843.60,1833.60,1863.60,ENTRY_TOUCHED,2021-01-04 08:24:00,2021-01-04 09:20:00,ENTRY_TOUCHED,0.05,0.78
2021-01-04 08:25:00,th_c6a3fea6cfabf2b7,cand_M5_th_c6a3fea6cfabf2b7_2021-01-04 08:25:00,pass_e7e313d0be4ef53f,LONG,M30,M5,1843.70,1833.70,1863.70,ENTRY_TOUCHED,2021-01-04 08:25:00,2021-01-04 09:20:00,ENTRY_TOUCHED,0.05,0.77
2021-01-04 08:25:00,th_ab2b87b6a68aba30,cand_M5_th_ab2b87b6a68aba30_2021-01-04 08:25:00,pass_180e185ea43289ba,LONG,M30,M5,1843.70,1833.70,1863.70,ENTRY_TOUCHED,2021-01-04 08:25:00,2021-01-04 09:20:00,ENTRY_TOUCHED,0.05,0.77
2021-01-04 08:25:00,th_19305dc78a364622,cand_M5_th_19305dc78a364622_2021-01-04 08:25:00,pass_569f16492a0d0cd1,LONG,M30,M5,1843.70,1833.70,1863.70,ENTRY_TOUCHED,2021-01-04 08:25:00,2021-01-04 09:20:00,ENTRY_TOUCHED,0.05,0.77
2021-01-04 08:25:00,th_e9804d1bd00856fe,cand_M5_th_e9804d1bd00856fe_2021-01-04 08:25:00,pass_5a129f83fd0ff40b,LONG,M30,M5,1843.70,1833.70,1863.70,ENTRY_TOUCHED,2021-01-04 08:25:00,2021-01-04 09:20:00,ENTRY_TOUCHED,0.05,0.77
2021-01-04 08:25:00,th_748ea98708c94abb,cand_M5_th_748ea98708c94abb_2021-01-04 08:25:00,pass_38b1d62fbe2fa3e7,LONG,M30,M5,1843.70,1833.70,1863.70,ENTRY_TOUCHED,2021-01-04 08:25:00,2021-01-04 09:20:00,ENTRY_TOUCHED,0.05,0.77
2021-01-04 08:25:00,th_818f74a02dbe690b,cand_M5_th_818f74a02dbe690b_2021-01-04 08:25:00,pass_9cf2ed2228c0556b,LONG,M30,M5,1843.70,1833.70,1863.70,ENTRY_TOUCHED,2021-01-04 08:25:00,2021-01-04 09:20:00,ENTRY_TOUCHED,0.05,0.77
2021-01-04 08:25:00,th_1de6b90c3de92f9d,cand_M5_th_1de6b90c3de92f9d_2021-01-04 08:25:00,pass_397f8db0fff6534b,LONG,M30,M5,1843.70,1833.70,1863.70,ENTRY_TOUCHED,2021-01-04 08:25:00,2021-01-04 09:20:00,ENTRY_TOUCHED,0.05,0.77
2021-01-04 08:25:00,th_ec561c13dfa995be,cand_M5_th_ec561c13dfa995be_2021-01-04 08:25:00,pass_08733ee2f20286cc,LONG,M30,M5,1843.70,1833.70,1863.70,ENTRY_TOUCHED,2021-01-04 08:25:00,2021-01-04 09:20:00,ENTRY_TOUCHED,0.05,0.77
2021-01-04 08:25:00,th_a8e2cd8e2710a9e1,cand_M5_th_a8e2cd8e2710a9e1_2021-01-04 08:25:00,pass_362dc47bacc096f7,LONG,M30,M5,1843.70,1833.70,1863.70,ENTRY_TOUCHED,2021-01-04 08:25:00,2021-01-04 09:20:00,ENTRY_TOUCHED,0.05,0.77
2021-01-04 08:25:00,th_54d643bf03d15a1f,cand_M5_th_54d643bf03d15a1f_2021-01-04 08:25:00,pass_adba6e79b45ad309,LONG,M30,M5,1843.70,1833.70,1863.70,ENTRY_TOUCHED,2021-01-04 08:25:00,2021-01-04 09:20:00,ENTRY_TOUCHED,0.05,0.77
2021-01-04 08:25:00,th_0cc920c90f7154b4,cand_M5_th_0cc920c90f7154b4_2021-01-04 08:25:00,pass_d3e21aa10967b391,LONG,M30,M5,1843.70,1833.70,1863.70,ENTRY_TOUCHED,2021-01-04 08:25:00,2021-01-04 09:20:00,ENTRY_TOUCHED,0.05,0.77
2021-01-04 08:25:00,th_560d9a0f75392210,cand_M5_th_560d9a0f75392210_2021-01-04 08:25:00,pass_d08d17b0d24539c5,LONG,M30,M5,1843.70,1833.70,1863.70,ENTRY_TOUCHED,2021-01-04 08:25:00,2021-01-04 09:20:00,ENTRY_TOUCHED,0.05,0.77
2021-01-04 08:25:00,th_d254a38f1696e9eb,cand_M5_th_d254a38f1696e9eb_2021-01-04 08:25:00,pass_9f6ea7244fb5c49e,LONG,M30,M5,1843.70,1833.70,1863.70,ENTRY_TOUCHED,2021-01-04 08:25:00,2021-01-04 09:20:00,ENTRY_TOUCHED,0.05,0.77
2021-01-04 08:25:00,th_3973ff8586aa6c3d,cand_M5_th_3973ff8586aa6c3d_2021-01-04 08:25:00,pass_4c5e5eb704a85715,LONG,M30,M5,1843.70,1833.70,1863.70,ENTRY_TOUCHED,2021-01-04 08:25:00,2021-01-04 09:20:00,ENTRY_TOUCHED,0.05,0.77
2021-01-04 08:27:00,th_c6a3fea6cfabf2b7,cand_M3_th_c6a3fea6cfabf2b7_2021-01-04 08:27:00,pass_5ff63e7788e59d7e,LONG,M30,M3,1843.90,1833.90,1863.90,ENTRY_TOUCHED,2021-01-04 08:27:00,2021-01-04 09:20:00,ENTRY_TOUCHED,0.05,0.75
2021-01-04 08:27:00,th_ab2b87b6a68aba30,cand_M3_th_ab2b87b6a68aba30_2021-01-04 08:27:00,pass_a17910fbb64b31e5,LONG,M30,M3,1843.90,1833.90,1863.90,ENTRY_TOUCHED,2021-01-04 08:27:00,2021-01-04 09:20:00,ENTRY_TOUCHED,0.05,0.75
2021-01-04 08:27:00,th_19305dc78a364622,cand_M3_th_19305dc78a364622_2021-01-04 08:27:00,pass_e39d71a0625e67d1,LONG,M30,M3,1843.90,1833.90,1863.90,ENTRY_TOUCHED,2021-01-04 08:27:00,2021-01-04 09:20:00,ENTRY_TOUCHED,0.05,0.75
2021-01-04 08:27:00,th_e9804d1bd00856fe,cand_M3_th_e9804d1bd00856fe_2021-01-04 08:27:00,pass_546d01daaed7d284,LONG,M30,M3,1843.90,1833.90,1863.90,ENTRY_TOUCHED,2021-01-04 08:27:00,2021-01-04 09:20:00,ENTRY_TOUCHED,0.05,0.75
2021-01-04 08:27:00,th_748ea98708c94abb,cand_M3_th_748ea98708c94abb_2021-01-04 08:27:00,pass_0eba9d630210f831,LONG,M30,M3,1843.90,1833.90,1863.90,ENTRY_TOUCHED,2021-01-04 08:27:00,2021-01-04 09:20:00,ENTRY_TOUCHED,0.05,0.75
2021-01-04 08:27:00,th_818f74a02dbe690b,cand_M3_th_818f74a02dbe690b_2021-01-04 08:27:00,pass_e4a83e09de20c7b8,LONG,M30,M3,1843.90,1833.90,1863.90,ENTRY_TOUCHED,2021-01-04 08:27:00,2021-01-04 09:20:00,ENTRY_TOUCHED,0.05,0.75
2021-01-04 08:27:00,th_1de6b90c3de92f9d,cand_M3_th_1de6b90c3de92f9d_2021-01-04 08:27:00,pass_8e6ddaf6ad63d025,LONG,M30,M3,1843.90,1833.90,1863.90,ENTRY_TOUCHED,2021-01-04 08:27:00,2021-01-04 09:20:00,ENTRY_TOUCHED,0.05,0.75
2021-01-04 08:27:00,th_ec561c13dfa995be,cand_M3_th_ec561c13dfa995be_2021-01-04 08:27:00,pass_c72418d8d032e641,LONG,M30,M3,1843.90,1833.90,1863.90,ENTRY_TOUCHED,2021-01-04 08:27:00,2021-01-04 09:20:00,ENTRY_TOUCHED,0.05,0.75
2021-01-04 08:27:00,th_a8e2cd8e2710a9e1,cand_M3_th_a8e2cd8e2710a9e1_2021-01-04 08:27:00,pass_2e478c1434520153,LONG,M30,M3,1843.90,1833.90,1863.90,ENTRY_TOUCHED,2021-01-04 08:27:00,2021-01-04 09:20:00,ENTRY_TOUCHED,0.05,0.75
2021-01-04 08:27:00,th_54d643bf03d15a1f,cand_M3_th_54d643bf03d15a1f_2021-01-04 08:27:00,pass_7fc1270831cc3c20,LONG,M30,M3,1843.90,1833.90,1863.90,ENTRY_TOUCHED,2021-01-04 08:27:00,2021-01-04 09:20:00,ENTRY_TOUCHED,0.05,0.75
2021-01-04 08:27:00,th_0cc920c90f7154b4,cand_M3_th_0cc920c90f7154b4_2021-01-04 08:27:00,pass_08f8e0efe34c3945,LONG,M30,M3,1843.90,1833.90,1863.90,ENTRY_TOUCHED,2021-01-04 08:27:00,2021-01-04 09:20:00,ENTRY_TOUCHED,0.05,0.75
2021-01-04 08:27:00,th_560d9a0f75392210,cand_M3_th_560d9a0f75392210_2021-01-04 08:27:00,pass_dbd66dbd07a14936,LONG,M30,M3,1843.90,1833.90,1863.90,ENTRY_TOUCHED,2021-01-04 08:27:00,2021-01-04 09:20:00,ENTRY_TOUCHED,0.05,0.75
2021-01-04 08:27:00,th_d254a38f1696e9eb,cand_M3_th_d254a38f1696e9eb_2021-01-04 08:27:00,pass_ac31bf519e355d17,LONG,M30,M3,1843.90,1833.90,1863.90,ENTRY_TOUCHED,2021-01-04 08:27:00,2021-01-04 09:20:00,ENTRY_TOUCHED,0.05,0.75
2021-01-04 08:27:00,th_3973ff8586aa6c3d,cand_M3_th_3973ff8586aa6c3d_2021-01-04 08:27:00,pass_d66f2eab07bf1ae9,LONG,M30,M3,1843.90,1833.90,1863.90,ENTRY_TOUCHED,2021-01-04 08:27:00,2021-01-04 09:20:00,ENTRY_TOUCHED,0.05,0.75
2021-01-04 08:30:00,th_c6a3fea6cfabf2b7,cand_M5_th_c6a3fea6cfabf2b7_2021-01-04 08:30:00,pass_cd88acd8decf663f,LONG,M30,M5,1844.20,1834.20,1864.20,ENTRY_TOUCHED,2021-01-04 08:30:00,2021-01-04 09:20:00,ENTRY_TOUCHED,0.05,0.72
2021-01-04 08:30:00,th_ab2b87b6a68aba30,cand_M5_th_ab2b87b6a68aba30_2021-01-04 08:30:00,pass_2436250f680e7aef,LONG,M30,M5,1844.20,1834.20,1864.20,ENTRY_TOUCHED,2021-01-04 08:30:00,2021-01-04 09:20:00,ENTRY_TOUCHED,0.05,0.72
2021-01-04 08:30:00,th_19305dc78a364622,cand_M5_th_19305dc78a364622_2021-01-04 08:30:00,pass_a27bd672a727475b,LONG,M30,M5,1844.20,1834.20,1864.20,ENTRY_TOUCHED,2021-01-04 08:30:00,2021-01-04 09:20:00,ENTRY_TOUCHED,0.05,0.72
2021-01-04 08:30:00,th_e9804d1bd00856fe,cand_M5_th_e9804d1bd00856fe_2021-01-04 08:30:00,pass_047fbaaaabc8e0e9,LONG,M30,M5,1844.20,1834.20,1864.20,ENTRY_TOUCHED,2021-01-04 08:30:00,2021-01-04 09:20:00,ENTRY_TOUCHED,0.05,0.72
2021-01-04 08:30:00,th_748ea98708c94abb,cand_M5_th_748ea98708c94abb_2021-01-04 08:30:00,pass_e27ed0a98ee97e5c,LONG,M30,M5,1844.20,1834.20,1864.20,ENTRY_TOUCHED,2021-01-04 08:30:00,2021-01-04 09:20:00,ENTRY_TOUCHED,0.05,0.72
2021-01-04 08:30:00,th_818f74a02dbe690b,cand_M5_th_818f74a02dbe690b_2021-01-04 08:30:00,pass_a61688f842c61c15,LONG,M30,M5,1844.20,1834.20,1864.20,ENTRY_TOUCHED,2021-01-04 08:30:00,2021-01-04 09:20:00,ENTRY_TOUCHED,0.05,0.72
2021-01-04 08:30:00,th_1de6b90c3de92f9d,cand_M5_th_1de6b90c3de92f9d_2021-01-04 08:30:00,pass_f6c0ed97ca735ad4,LONG,M30,M5,1844.20,1834.20,1864.20,ENTRY_TOUCHED,2021-01-04 08:30:00,2021-01-04 09:20:00,ENTRY_TOUCHED,0.05,0.72
2021-01-04 08:30:00,th_ec561c13dfa995be,cand_M5_th_ec561c13dfa995be_2021-01-04 08:30:00,pass_98db1735e1589f17,LONG,M30,M5,1844.20,1834.20,1864.20,ENTRY_TOUCHED,2021-01-04 08:30:00,2021-01-04 09:20:00,ENTRY_TOUCHED,0.05,0.72
2021-01-04 08:30:00,th_a8e2cd8e2710a9e1,cand_M5_th_a8e2cd8e2710a9e1_2021-01-04 08:30:00,pass_dad2ba4653373975,LONG,M30,M5,1844.20,1834.20,1864.20,ENTRY_TOUCHED,2021-01-04 08:30:00,2021-01-04 09:20:00,ENTRY_TOUCHED,0.05,0.72
2021-01-04 08:30:00,th_54d643bf03d15a1f,cand_M5_th_54d643bf03d15a1f_2021-01-04 08:30:00,pass_6419d8ae5cbe4cb4,LONG,M30,M5,1844.20,1834.20,1864.20,ENTRY_TOUCHED,2021-01-04 08:30:00,2021-01-04 09:20:00,ENTRY_TOUCHED,0.05,0.72
2021-01-04 08:30:00,th_0cc920c90f7154b4,cand_M5_th_0cc920c90f7154b4_2021-01-04 08:30:00,pass_6cd117d55edf53ce,LONG,M30,M5,1844.20,1834.20,1864.20,ENTRY_TOUCHED,2021-01-04 08:30:00,2021-01-04 09:20:00,ENTRY_TOUCHED,0.05,0.72
2021-01-04 08:30:00,th_560d9a0f75392210,cand_M5_th_560d9a0f75392210_2021-01-04 08:30:00,pass_7729b253afa014db,LONG,M30,M5,1844.20,1834.20,1864.20,ENTRY_TOUCHED,2021-01-04 08:30:00,2021-01-04 09:20:00,ENTRY_TOUCHED,0.05,0.72
2021-01-04 08:30:00,th_d254a38f1696e9eb,cand_M5_th_d254a38f1696e9eb_2021-01-04 08:30:00,pass_8eb4a493e6e1c135,LONG,M30,M5,1844.20,1834.20,1864.20,ENTRY_TOUCHED,2021-01-04 08:30:00,2021-01-04 09:20:00,ENTRY_TOUCHED,0.05,0.72
2021-01-04 08:30:00,th_3973ff8586aa6c3d,cand_M5_th_3973ff8586aa6c3d_2021-01-04 08:30:00,pass_aebb97b95091da86,LONG,M30,M5,1844.20,1834.20,1864.20,ENTRY_TOUCHED,2021-01-04 08:30:00,2021-01-04 09:20:00,ENTRY_TOUCHED,0.05,0.72
2021-01-04 08:30:00,th_7d153f83cbbb6274,cand_M5_th_7d153f83cbbb6274_2021-01-04 08:30:00,pass_cdcb619c49868af8,LONG,M30,M5,1844.20,1834.20,1864.20,ENTRY_TOUCHED,2021-01-04 08:30:00,2021-01-04 09:20:00,ENTRY_TOUCHED,0.05,0.72
2021-01-04 08:30:00,th_c6a3fea6cfabf2b7,cand_M3_th_c6a3fea6cfabf2b7_2021-01-04 08:30:00,pass_6f7433acf8b0998d,LONG,M30,M3,1844.20,1834.20,1864.20,ENTRY_TOUCHED,2021-01-04 08:30:00,2021-01-04 09:20:00,ENTRY_TOUCHED,0.05,0.72
2021-01-04 08:30:00,th_ab2b87b6a68aba30,cand_M3_th_ab2b87b6a68aba30_2021-01-04 08:30:00,pass_7cffa2135b42d6f4,LONG,M30,M3,1844.20,1834.20,1864.20,ENTRY_TOUCHED,2021-01-04 08:30:00,2021-01-04 09:20:00,ENTRY_TOUCHED,0.05,0.72
2021-01-04 08:30:00,th_19305dc78a364622,cand_M3_th_19305dc78a364622_2021-01-04 08:30:00,pass_9e56e28ce6d1323e,LONG,M30,M3,1844.20,1834.20,1864.20,ENTRY_TOUCHED,2021-01-04 08:30:00,2021-01-04 09:20:00,ENTRY_TOUCHED,0.05,0.72
2021-01-04 08:30:00,th_e9804d1bd00856fe,cand_M3_th_e9804d1bd00856fe_2021-01-04 08:30:00,pass_0fc8de593ba2be9f,LONG,M30,M3,1844.20,1834.20,1864.20,ENTRY_TOUCHED,2021-01-04 08:30:00,2021-01-04 09:20:00,ENTRY_TOUCHED,0.05,0.72
2021-01-04 08:30:00,th_748ea98708c94abb,cand_M3_th_748ea98708c94abb_2021-01-04 08:30:00,pass_ac88b6088e362a06,LONG,M30,M3,1844.20,1834.20,1864.20,ENTRY_TOUCHED,2021-01-04 08:30:00,2021-01-04 09:20:00,ENTRY_TOUCHED,0.05,0.72
2021-01-04 08:30:00,th_818f74a02dbe690b,cand_M3_th_818f74a02dbe690b_2021-01-04 08:30:00,pass_1b6bd80732ac0b1b,LONG,M30,M3,1844.20,1834.20,1864.20,ENTRY_TOUCHED,2021-01-04 08:30:00,2021-01-04 09:20:00,ENTRY_TOUCHED,0.05,0.72
2021-01-04 08:30:00,th_1de6b90c3de92f9d,cand_M3_th_1de6b90c3de92f9d_2021-01-04 08:30:00,pass_39ea1045a4160e3d,LONG,M30,M3,1844.20,1834.20,1864.20,ENTRY_TOUCHED,2021-01-04 08:30:00,2021-01-04 09:20:00,ENTRY_TOUCHED,0.05,0.72
2021-01-04 08:30:00,th_ec561c13dfa995be,cand_M3_th_ec561c13dfa995be_2021-01-04 08:30:00,pass_01a150e9b6f71d60,LONG,M30,M3,1844.20,1834.20,1864.20,ENTRY_TOUCHED,2021-01-04 08:30:00,2021-01-04 09:20:00,ENTRY_TOUCHED,0.05,0.72
2021-01-04 08:30:00,th_a8e2cd8e2710a9e1,cand_M3_th_a8e2cd8e2710a9e1_2021-01-04 08:30:00,pass_aab506f67e4279af,LONG,M30,M3,1844.20,1834.20,1864.20,ENTRY_TOUCHED,2021-01-04 08:30:00,2021-01-04 09:20:00,ENTRY_TOUCHED,0.05,0.72
2021-01-04 08:30:00,th_54d643bf03d15a1f,cand_M3_th_54d643bf03d15a1f_2021-01-04 08:30:00,pass_a51e65b64ffcacad,LONG,M30,M3,1844.20,1834.20,1864.20,ENTRY_TOUCHED,2021-01-04 08:30:00,2021-01-04 09:20:00,ENTRY_TOUCHED,0.05,0.72
2021-01-04 08:30:00,th_0cc920c90f7154b4,cand_M3_th_0cc920c90f7154b4_2021-01-04 08:30:00,pass_17db822329018023,LONG,M30,M3,1844.20,1834.20,1864.20,ENTRY_TOUCHED,2021-01-04 08:30:00,2021-01-04 09:20:00,ENTRY_TOUCHED,0.05,0.72
2021-01-04 08:30:00,th_560d9a0f75392210,cand_M3_th_560d9a0f75392210_2021-01-04 08:30:00,pass_88b64ef86874dfe7,LONG,M30,M3,1844.20,1834.20,1864.20,ENTRY_TOUCHED,2021-01-04 08:30:00,2021-01-04 09:20:00,ENTRY_TOUCHED,0.05,0.72
2021-01-04 08:30:00,th_d254a38f1696e9eb,cand_M3_th_d254a38f1696e9eb_2021-01-04 08:30:00,pass_1cf99412445dba77,LONG,M30,M3,1844.20,1834.20,1864.20,ENTRY_TOUCHED,2021-01-04 08:30:00,2021-01-04 09:20:00,ENTRY_TOUCHED,0.05,0.72
2021-01-04 08:30:00,th_3973ff8586aa6c3d,cand_M3_th_3973ff8586aa6c3d_2021-01-04 08:30:00,pass_392e1a28c8fe00cb,LONG,M30,M3,1844.20,1834.20,1864.20,ENTRY_TOUCHED,2021-01-04 08:30:00,2021-01-04 09:20:00,ENTRY_TOUCHED,0.05,0.72
2021-01-04 08:30:00,th_7d153f83cbbb6274,cand_M3_th_7d153f83cbbb6274_2021-01-04 08:30:00,pass_b98840f4a4fbef1b,LONG,M30,M3,1844.20,1834.20,1864.20,ENTRY_TOUCHED,2021-01-04 08:30:00,2021-01-04 09:20:00,ENTRY_TOUCHED,0.05,0.72
2021-01-04 08:33:00,th_c6a3fea6cfabf2b7,cand_M3_th_c6a3fea6cfabf2b7_2021-01-04 08:33:00,pass_7d6b07eef82fd573,LONG,M30,M3,1844.50,1834.50,1864.50,ENTRY_TOUCHED,2021-01-04 08:33:00,2021-01-04 09:20:00,ENTRY_TOUCHED,0.05,0.69
2021-01-04 08:33:00,th_ab2b87b6a68aba30,cand_M3_th_ab2b87b6a68aba30_2021-01-04 08:33:00,pass_eea0c5e683ca2518,LONG,M30,M3,1844.50,1834.50,1864.50,ENTRY_TOUCHED,2021-01-04 08:33:00,2021-01-04 09:20:00,ENTRY_TOUCHED,0.05,0.69
2021-01-04 08:33:00,th_19305dc78a364622,cand_M3_th_19305dc78a364622_2021-01-04 08:33:00,pass_05fe18762c60269e,LONG,M30,M3,1844.50,1834.50,1864.50,ENTRY_TOUCHED,2021-01-04 08:33:00,2021-01-04 09:20:00,ENTRY_TOUCHED,0.05,0.69
2021-01-04 08:33:00,th_e9804d1bd00856fe,cand_M3_th_e9804d1bd00856fe_2021-01-04 08:33:00,pass_f87fae71ce959499,LONG,M30,M3,1844.50,1834.50,1864.50,ENTRY_TOUCHED,2021-01-04 08:33:00,2021-01-04 09:20:00,ENTRY_TOUCHED,0.05,0.69
2021-01-04 08:33:00,th_748ea98708c94abb,cand_M3_th_748ea98708c94abb_2021-01-04 08:33:00,pass_fcce530c8a61aa0a,LONG,M30,M3,1844.50,1834.50,1864.50,ENTRY_TOUCHED,2021-01-04 08:33:00,2021-01-04 09:20:00,ENTRY_TOUCHED,0.05,0.69
2021-01-04 08:33:00,th_818f74a02dbe690b,cand_M3_th_818f74a02dbe690b_2021-01-04 08:33:00,pass_75b35609f6d02d6c,LONG,M30,M3,1844.50,1834.50,1864.50,ENTRY_TOUCHED,2021-01-04 08:33:00,2021-01-04 09:20:00,ENTRY_TOUCHED,0.05,0.69
2021-01-04 08:33:00,th_1de6b90c3de92f9d,cand_M3_th_1de6b90c3de92f9d_2021-01-04 08:33:00,pass_97a406e5ee5c8070,LONG,M30,M3,1844.50,1834.50,1864.50,ENTRY_TOUCHED,2021-01-04 08:33:00,2021-01-04 09:20:00,ENTRY_TOUCHED,0.05,0.69
2021-01-04 08:33:00,th_ec561c13dfa995be,cand_M3_th_ec561c13dfa995be_2021-01-04 08:33:00,pass_ee5d337c04f5b587,LONG,M30,M3,1844.50,1834.50,1864.50,ENTRY_TOUCHED,2021-01-04 08:33:00,2021-01-04 09:20:00,ENTRY_TOUCHED,0.05,0.69
2021-01-04 08:33:00,th_a8e2cd8e2710a9e1,cand_M3_th_a8e2cd8e2710a9e1_2021-01-04 08:33:00,pass_086a611224ffcdc1,LONG,M30,M3,1844.50,1834.50,1864.50,ENTRY_TOUCHED,2021-01-04 08:33:00,2021-01-04 09:20:00,ENTRY_TOUCHED,0.05,0.69
2021-01-04 08:33:00,th_54d643bf03d15a1f,cand_M3_th_54d643bf03d15a1f_2021-01-04 08:33:00,pass_ae416bd0dfd8717f,LONG,M30,M3,1844.50,1834.50,1864.50,ENTRY_TOUCHED,2021-01-04 08:33:00,2021-01-04 09:20:00,ENTRY_TOUCHED,0.05,0.69
2021-01-04 08:33:00,th_0cc920c90f7154b4,cand_M3_th_0cc920c90f7154b4_2021-01-04 08:33:00,pass_28ed212a7ab230fa,LONG,M30,M3,1844.50,1834.50,1864.50,ENTRY_TOUCHED,2021-01-04 08:33:00,2021-01-04 09:20:00,ENTRY_TOUCHED,0.05,0.69
2021-01-04 08:33:00,th_560d9a0f75392210,cand_M3_th_560d9a0f75392210_2021-01-04 08:33:00,pass_dd39e494a7b23413,LONG,M30,M3,1844.50,1834.50,1864.50,ENTRY_TOUCHED,2021-01-04 08:33:00,2021-01-04 09:20:00,ENTRY_TOUCHED,0.05,0.69
2021-01-04 08:33:00,th_d254a38f1696e9eb,cand_M3_th_d254a38f1696e9eb_2021-01-04 08:33:00,pass_3eda5c75fff4dc94,LONG,M30,M3,1844.50,1834.50,1864.50,ENTRY_TOUCHED,2021-01-04 08:33:00,2021-01-04 09:20:00,ENTRY_TOUCHED,0.05,0.69
2021-01-04 08:33:00,th_3973ff8586aa6c3d,cand_M3_th_3973ff8586aa6c3d_2021-01-04 08:33:00,pass_ccbdfbb626898bf1,LONG,M30,M3,1844.50,1834.50,1864.50,ENTRY_TOUCHED,2021-01-04 08:33:00,2021-01-04 09:20:00,ENTRY_TOUCHED,0.05,0.69
2021-01-04 08:33:00,th_7d153f83cbbb6274,cand_M3_th_7d153f83cbbb6274_2021-01-04 08:33:00,pass_0e8a57df18739074,LONG,M30,M3,1844.50,1834.50,1864.50,ENTRY_TOUCHED,2021-01-04 08:33:00,2021-01-04 09:20:00,ENTRY_TOUCHED,0.05,0.69
2021-01-04 08:35:00,th_c6a3fea6cfabf2b7,cand_M5_th_c6a3fea6cfabf2b7_2021-01-04 08:35:00,pass_c3bc4c4cf6389f42,LONG,M30,M5,1844.70,1834.70,1864.70,ENTRY_TOUCHED,2021-01-04 08:35:00,2021-01-04 09:20:00,ENTRY_TOUCHED,0.05,0.67
2021-01-04 08:35:00,th_ab2b87b6a68aba30,cand_M5_th_ab2b87b6a68aba30_2021-01-04 08:35:00,pass_6816e95a4072654b,LONG,M30,M5,1844.70,1834.70,1864.70,ENTRY_TOUCHED,2021-01-04 08:35:00,2021-01-04 09:20:00,ENTRY_TOUCHED,0.05,0.67
2021-01-04 08:35:00,th_19305dc78a364622,cand_M5_th_19305dc78a364622_2021-01-04 08:35:00,pass_cb9b006a47811773,LONG,M30,M5,1844.70,1834.70,1864.70,ENTRY_TOUCHED,2021-01-04 08:35:00,2021-01-04 09:20:00,ENTRY_TOUCHED,0.05,0.67
2021-01-04 08:35:00,th_e9804d1bd00856fe,cand_M5_th_e9804d1bd00856fe_2021-01-04 08:35:00,pass_cb89352eeece415a,LONG,M30,M5,1844.70,1834.70,1864.70,ENTRY_TOUCHED,2021-01-04 08:35:00,2021-01-04 09:20:00,ENTRY_TOUCHED,0.05,0.67
2021-01-04 08:35:00,th_748ea98708c94abb,cand_M5_th_748ea98708c94abb_2021-01-04 08:35:00,pass_7ef308d4f704020b,LONG,M30,M5,1844.70,1834.70,1864.70,ENTRY_TOUCHED,2021-01-04 08:35:00,2021-01-04 09:20:00,ENTRY_TOUCHED,0.05,0.67
2021-01-04 08:35:00,th_818f74a02dbe690b,cand_M5_th_818f74a02dbe690b_2021-01-04 08:35:00,pass_c1852fe72a68bcd2,LONG,M30,M5,1844.70,1834.70,1864.70,ENTRY_TOUCHED,2021-01-04 08:35:00,2021-01-04 09:20:00,ENTRY_TOUCHED,0.05,0.67
2021-01-04 08:35:00,th_1de6b90c3de92f9d,cand_M5_th_1de6b90c3de92f9d_2021-01-04 08:35:00,pass_c8bd219ed1658fd1,LONG,M30,M5,1844.70,1834.70,1864.70,ENTRY_TOUCHED,2021-01-04 08:35:00,2021-01-04 09:20:00,ENTRY_TOUCHED,0.05,0.67
2021-01-04 08:35:00,th_ec561c13dfa995be,cand_M5_th_ec561c13dfa995be_2021-01-04 08:35:00,pass_350bfbcab63b7a7c,LONG,M30,M5,1844.70,1834.70,1864.70,ENTRY_TOUCHED,2021-01-04 08:35:00,2021-01-04 09:20:00,ENTRY_TOUCHED,0.05,0.67
2021-01-04 08:35:00,th_a8e2cd8e2710a9e1,cand_M5_th_a8e2cd8e2710a9e1_2021-01-04 08:35:00,pass_a8d5bbcb864b51b3,LONG,M30,M5,1844.70,1834.70,1864.70,ENTRY_TOUCHED,2021-01-04 08:35:00,2021-01-04 09:20:00,ENTRY_TOUCHED,0.05,0.67
2021-01-04 08:35:00,th_54d643bf03d15a1f,cand_M5_th_54d643bf03d15a1f_2021-01-04 08:35:00,pass_6fb788637beddd03,LONG,M30,M5,1844.70,1834.70,1864.70,ENTRY_TOUCHED,2021-01-04 08:35:00,2021-01-04 09:20:00,ENTRY_TOUCHED,0.05,0.67
2021-01-04 08:35:00,th_0cc920c90f7154b4,cand_M5_th_0cc920c90f7154b4_2021-01-04 08:35:00,pass_b8958437b277a6e9,LONG,M30,M5,1844.70,1834.70,1864.70,ENTRY_TOUCHED,2021-01-04 08:35:00,2021-01-04 09:20:00,ENTRY_TOUCHED,0.05,0.67
2021-01-04 08:35:00,th_560d9a0f75392210,cand_M5_th_560d9a0f75392210_2021-01-04 08:35:00,pass_f56a86783c6356b6,LONG,M30,M5,1844.70,1834.70,1864.70,ENTRY_TOUCHED,2021-01-04 08:35:00,2021-01-04 09:20:00,ENTRY_TOUCHED,0.05,0.67
2021-01-04 08:35:00,th_d254a38f1696e9eb,cand_M5_th_d254a38f1696e9eb_2021-01-04 08:35:00,pass_ec80e1da4a604186,LONG,M30,M5,1844.70,1834.70,1864.70,ENTRY_TOUCHED,2021-01-04 08:35:00,2021-01-04 09:20:00,ENTRY_TOUCHED,0.05,0.67
2021-01-04 08:35:00,th_3973ff8586aa6c3d,cand_M5_th_3973ff8586aa6c3d_2021-01-04 08:35:00,pass_c9cbe4943127840d,LONG,M30,M5,1844.70,1834.70,1864.70,ENTRY_TOUCHED,2021-01-04 08:35:00,2021-01-04 09:20:00,ENTRY_TOUCHED,0.05,0.67
2021-01-04 08:35:00,th_7d153f83cbbb6274,cand_M5_th_7d153f83cbbb6274_2021-01-04 08:35:00,pass_6aa0721877218843,LONG,M30,M5,1844.70,1834.70,1864.70,ENTRY_TOUCHED,2021-01-04 08:35:00,2021-01-04 09:20:00,ENTRY_TOUCHED,0.05,0.67
2021-01-04 08:36:00,th_c6a3fea6cfabf2b7,cand_M3_th_c6a3fea6cfabf2b7_2021-01-04 08:36:00,pass_88bb3e7741a25327,LONG,M30,M3,1844.80,1834.80,1864.80,ENTRY_TOUCHED,2021-01-04 08:36:00,2021-01-04 09:20:00,ENTRY_TOUCHED,0.05,0.66
2021-01-04 08:36:00,th_ab2b87b6a68aba30,cand_M3_th_ab2b87b6a68aba30_2021-01-04 08:36:00,pass_961da20cbb85a925,LONG,M30,M3,1844.80,1834.80,1864.80,ENTRY_TOUCHED,2021-01-04 08:36:00,2021-01-04 09:20:00,ENTRY_TOUCHED,0.05,0.66
2021-01-04 08:36:00,th_19305dc78a364622,cand_M3_th_19305dc78a364622_2021-01-04 08:36:00,pass_82fd71433d9de246,LONG,M30,M3,1844.80,1834.80,1864.80,ENTRY_TOUCHED,2021-01-04 08:36:00,2021-01-04 09:20:00,ENTRY_TOUCHED,0.05,0.66
2021-01-04 08:36:00,th_e9804d1bd00856fe,cand_M3_th_e9804d1bd00856fe_2021-01-04 08:36:00,pass_ca9a8a1517e13e36,LONG,M30,M3,1844.80,1834.80,1864.80,ENTRY_TOUCHED,2021-01-04 08:36:00,2021-01-04 09:20:00,ENTRY_TOUCHED,0.05,0.66
2021-01-04 08:36:00,th_748ea98708c94abb,cand_M3_th_748ea98708c94abb_2021-01-04 08:36:00,pass_1d5f504f12edcecc,LONG,M30,M3,1844.80,1834.80,1864.80,ENTRY_TOUCHED,2021-01-04 08:36:00,2021-01-04 09:20:00,ENTRY_TOUCHED,0.05,0.66
2021-01-04 08:36:00,th_818f74a02dbe690b,cand_M3_th_818f74a02dbe690b_2021-01-04 08:36:00,pass_442559a0fab81ecc,LONG,M30,M3,1844.80,1834.80,1864.80,ENTRY_TOUCHED,2021-01-04 08:36:00,2021-01-04 09:20:00,ENTRY_TOUCHED,0.05,0.66
2021-01-04 08:36:00,th_1de6b90c3de92f9d,cand_M3_th_1de6b90c3de92f9d_2021-01-04 08:36:00,pass_e367ef5226b84be9,LONG,M30,M3,1844.80,1834.80,1864.80,ENTRY_TOUCHED,2021-01-04 08:36:00,2021-01-04 09:20:00,ENTRY_TOUCHED,0.05,0.66
2021-01-04 08:36:00,th_ec561c13dfa995be,cand_M3_th_ec561c13dfa995be_2021-01-04 08:36:00,pass_b69ffbdd6475c53a,LONG,M30,M3,1844.80,1834.80,1864.80,ENTRY_TOUCHED,2021-01-04 08:36:00,2021-01-04 09:20:00,ENTRY_TOUCHED,0.05,0.66
2021-01-04 08:36:00,th_a8e2cd8e2710a9e1,cand_M3_th_a8e2cd8e2710a9e1_2021-01-04 08:36:00,pass_3f6a780383978cd1,LONG,M30,M3,1844.80,1834.80,1864.80,ENTRY_TOUCHED,2021-01-04 08:36:00,2021-01-04 09:20:00,ENTRY_TOUCHED,0.05,0.66
2021-01-04 08:36:00,th_54d643bf03d15a1f,cand_M3_th_54d643bf03d15a1f_2021-01-04 08:36:00,pass_ec46cd561ce76664,LONG,M30,M3,1844.80,1834.80,1864.80,ENTRY_TOUCHED,2021-01-04 08:36:00,2021-01-04 09:20:00,ENTRY_TOUCHED,0.05,0.66
2021-01-04 08:36:00,th_0cc920c90f7154b4,cand_M3_th_0cc920c90f7154b4_2021-01-04 08:36:00,pass_47eca753ec6637e4,LONG,M30,M3,1844.80,1834.80,1864.80,ENTRY_TOUCHED,2021-01-04 08:36:00,2021-01-04 09:20:00,ENTRY_TOUCHED,0.05,0.66
2021-01-04 08:36:00,th_560d9a0f75392210,cand_M3_th_560d9a0f75392210_2021-01-04 08:36:00,pass_e6daeebfbc0ebf86,LONG,M30,M3,1844.80,1834.80,1864.80,ENTRY_TOUCHED,2021-01-04 08:36:00,2021-01-04 09:20:00,ENTRY_TOUCHED,0.05,0.66
2021-01-04 08:36:00,th_d254a38f1696e9eb,cand_M3_th_d254a38f1696e9eb_2021-01-04 08:36:00,pass_eaa984ff631273c3,LONG,M30,M3,1844.80,1834.80,1864.80,ENTRY_TOUCHED,2021-01-04 08:36:00,2021-01-04 09:20:00,ENTRY_TOUCHED,0.05,0.66
2021-01-04 08:36:00,th_3973ff8586aa6c3d,cand_M3_th_3973ff8586aa6c3d_2021-01-04 08:36:00,pass_a4669b8941c93b6d,LONG,M30,M3,1844.80,1834.80,1864.80,ENTRY_TOUCHED,2021-01-04 08:36:00,2021-01-04 09:20:00,ENTRY_TOUCHED,0.05,0.66
2021-01-04 08:36:00,th_7d153f83cbbb6274,cand_M3_th_7d153f83cbbb6274_2021-01-04 08:36:00,pass_06bd2298ee236464,LONG,M30,M3,1844.80,1834.80,1864.80,ENTRY_TOUCHED,2021-01-04 08:36:00,2021-01-04 09:20:00,ENTRY_TOUCHED,0.05,0.66
2021-01-04 08:39:00,th_c6a3fea6cfabf2b7,cand_M3_th_c6a3fea6cfabf2b7_2021-01-04 08:39:00,pass_0121c289afbc41d2,LONG,M30,M3,1845.10,1835.10,1865.10,ENTRY_TOUCHED,2021-01-04 08:39:00,2021-01-04 09:20:00,ENTRY_TOUCHED,0.05,0.63
2021-01-04 08:39:00,th_ab2b87b6a68aba30,cand_M3_th_ab2b87b6a68aba30_2021-01-04 08:39:00,pass_e1ebdcf2ef1d05a5,LONG,M30,M3,1845.10,1835.10,1865.10,ENTRY_TOUCHED,2021-01-04 08:39:00,2021-01-04 09:20:00,ENTRY_TOUCHED,0.05,0.63
2021-01-04 08:39:00,th_19305dc78a364622,cand_M3_th_19305dc78a364622_2021-01-04 08:39:00,pass_92aceb51613dec7b,LONG,M30,M3,1845.10,1835.10,1865.10,ENTRY_TOUCHED,2021-01-04 08:39:00,2021-01-04 09:20:00,ENTRY_TOUCHED,0.05,0.63
2021-01-04 08:39:00,th_e9804d1bd00856fe,cand_M3_th_e9804d1bd00856fe_2021-01-04 08:39:00,pass_7a8b82c7002af453,LONG,M30,M3,1845.10,1835.10,1865.10,ENTRY_TOUCHED,2021-01-04 08:39:00,2021-01-04 09:20:00,ENTRY_TOUCHED,0.05,0.63
2021-01-04 08:39:00,th_748ea98708c94abb,cand_M3_th_748ea98708c94abb_2021-01-04 08:39:00,pass_6d53e9c37671e81c,LONG,M30,M3,1845.10,1835.10,1865.10,ENTRY_TOUCHED,2021-01-04 08:39:00,2021-01-04 09:20:00,ENTRY_TOUCHED,0.05,0.63
2021-01-04 08:39:00,th_818f74a02dbe690b,cand_M3_th_818f74a02dbe690b_2021-01-04 08:39:00,pass_fd6242e65b2de03f,LONG,M30,M3,1845.10,1835.10,1865.10,ENTRY_TOUCHED,2021-01-04 08:39:00,2021-01-04 09:20:00,ENTRY_TOUCHED,0.05,0.63
2021-01-04 08:39:00,th_1de6b90c3de92f9d,cand_M3_th_1de6b90c3de92f9d_2021-01-04 08:39:00,pass_8ddad443da8e79f3,LONG,M30,M3,1845.10,1835.10,1865.10,ENTRY_TOUCHED,2021-01-04 08:39:00,2021-01-04 09:20:00,ENTRY_TOUCHED,0.05,0.63
2021-01-04 08:39:00,th_ec561c13dfa995be,cand_M3_th_ec561c13dfa995be_2021-01-04 08:39:00,pass_bf8c6b5d10591be7,LONG,M30,M3,1845.10,1835.10,1865.10,ENTRY_TOUCHED,2021-01-04 08:39:00,2021-01-04 09:20:00,ENTRY_TOUCHED,0.05,0.63
2021-01-04 08:39:00,th_a8e2cd8e2710a9e1,cand_M3_th_a8e2cd8e2710a9e1_2021-01-04 08:39:00,pass_77e5e6c6354f4380,LONG,M30,M3,1845.10,1835.10,1865.10,ENTRY_TOUCHED,2021-01-04 08:39:00,2021-01-04 09:20:00,ENTRY_TOUCHED,0.05,0.63
2021-01-04 08:39:00,th_54d643bf03d15a1f,cand_M3_th_54d643bf03d15a1f_2021-01-04 08:39:00,pass_f9cc57b01f74b049,LONG,M30,M3,1845.10,1835.10,1865.10,ENTRY_TOUCHED,2021-01-04 08:39:00,2021-01-04 09:20:00,ENTRY_TOUCHED,0.05,0.63
2021-01-04 08:39:00,th_0cc920c90f7154b4,cand_M3_th_0cc920c90f7154b4_2021-01-04 08:39:00,pass_8c83d0f11242b922,LONG,M30,M3,1845.10,1835.10,1865.10,ENTRY_TOUCHED,2021-01-04 08:39:00,2021-01-04 09:20:00,ENTRY_TOUCHED,0.05,0.63
2021-01-04 08:39:00,th_560d9a0f75392210,cand_M3_th_560d9a0f75392210_2021-01-04 08:39:00,pass_a1d198eba3ccf109,LONG,M30,M3,1845.10,1835.10,1865.10,ENTRY_TOUCHED,2021-01-04 08:39:00,2021-01-04 09:20:00,ENTRY_TOUCHED,0.05,0.63
2021-01-04 08:39:00,th_d254a38f1696e9eb,cand_M3_th_d254a38f1696e9eb_2021-01-04 08:39:00,pass_327c4fb78d4e014e,LONG,M30,M3,1845.10,1835.10,1865.10,ENTRY_TOUCHED,2021-01-04 08:39:00,2021-01-04 09:20:00,ENTRY_TOUCHED,0.05,0.63
2021-01-04 08:39:00,th_3973ff8586aa6c3d,cand_M3_th_3973ff8586aa6c3d_2021-01-04 08:39:00,pass_f8a9622f6df43e2c,LONG,M30,M3,1845.10,1835.10,1865.10,ENTRY_TOUCHED,2021-01-04 08:39:00,2021-01-04 09:20:00,ENTRY_TOUCHED,0.05,0.63
2021-01-04 08:39:00,th_7d153f83cbbb6274,cand_M3_th_7d153f83cbbb6274_2021-01-04 08:39:00,pass_dfab4ee89d727cc4,LONG,M30,M3,1845.10,1835.10,1865.10,ENTRY_TOUCHED,2021-01-04 08:39:00,2021-01-04 09:20:00,ENTRY_TOUCHED,0.05,0.63
2021-01-04 08:40:00,th_c6a3fea6cfabf2b7,cand_M5_th_c6a3fea6cfabf2b7_2021-01-04 08:40:00,pass_58c9363dabe8edbd,LONG,M30,M5,1845.20,1835.20,1865.20,ENTRY_TOUCHED,2021-01-04 08:40:00,2021-01-04 09:20:00,ENTRY_TOUCHED,0.05,0.62
2021-01-04 08:40:00,th_ab2b87b6a68aba30,cand_M5_th_ab2b87b6a68aba30_2021-01-04 08:40:00,pass_644c3c8034cce205,LONG,M30,M5,1845.20,1835.20,1865.20,ENTRY_TOUCHED,2021-01-04 08:40:00,2021-01-04 09:20:00,ENTRY_TOUCHED,0.05,0.62
2021-01-04 08:40:00,th_19305dc78a364622,cand_M5_th_19305dc78a364622_2021-01-04 08:40:00,pass_56f1e2fdb3847924,LONG,M30,M5,1845.20,1835.20,1865.20,ENTRY_TOUCHED,2021-01-04 08:40:00,2021-01-04 09:20:00,ENTRY_TOUCHED,0.05,0.62
2021-01-04 08:40:00,th_e9804d1bd00856fe,cand_M5_th_e9804d1bd00856fe_2021-01-04 08:40:00,pass_7eb92a24f77bd7d6,LONG,M30,M5,1845.20,1835.20,1865.20,ENTRY_TOUCHED,2021-01-04 08:40:00,2021-01-04 09:20:00,ENTRY_TOUCHED,0.05,0.62
2021-01-04 08:40:00,th_748ea98708c94abb,cand_M5_th_748ea98708c94abb_2021-01-04 08:40:00,pass_4c1ad0367130f95e,LONG,M30,M5,1845.20,1835.20,1865.20,ENTRY_TOUCHED,2021-01-04 08:40:00,2021-01-04 09:20:00,ENTRY_TOUCHED,0.05,0.62
2021-01-04 08:40:00,th_818f74a02dbe690b,cand_M5_th_818f74a02dbe690b_2021-01-04 08:40:00,pass_d73b0ef19017f267,LONG,M30,M5,1845.20,1835.20,1865.20,ENTRY_TOUCHED,2021-01-04 08:40:00,2021-01-04 09:20:00,ENTRY_TOUCHED,0.05,0.62
2021-01-04 08:40:00,th_1de6b90c3de92f9d,cand_M5_th_1de6b90c3de92f9d_2021-01-04 08:40:00,pass_af4b91adf69a55b6,LONG,M30,M5,1845.20,1835.20,1865.20,ENTRY_TOUCHED,2021-01-04 08:40:00,2021-01-04 09:20:00,ENTRY_TOUCHED,0.05,0.62
2021-01-04 08:40:00,th_ec561c13dfa995be,cand_M5_th_ec561c13dfa995be_2021-01-04 08:40:00,pass_c42421907ad3ea3e,LONG,M30,M5,1845.20,1835.20,1865.20,ENTRY_TOUCHED,2021-01-04 08:40:00,2021-01-04 09:20:00,ENTRY_TOUCHED,0.05,0.62
2021-01-04 08:40:00,th_a8e2cd8e2710a9e1,cand_M5_th_a8e2cd8e2710a9e1_2021-01-04 08:40:00,pass_62bd878fd01031ab,LONG,M30,M5,1845.20,1835.20,1865.20,ENTRY_TOUCHED,2021-01-04 08:40:00,2021-01-04 09:20:00,ENTRY_TOUCHED,0.05,0.62
2021-01-04 08:40:00,th_54d643bf03d15a1f,cand_M5_th_54d643bf03d15a1f_2021-01-04 08:40:00,pass_2344edb73b4ab0e7,LONG,M30,M5,1845.20,1835.20,1865.20,ENTRY_TOUCHED,2021-01-04 08:40:00,2021-01-04 09:20:00,ENTRY_TOUCHED,0.05,0.62
2021-01-04 08:40:00,th_0cc920c90f7154b4,cand_M5_th_0cc920c90f7154b4_2021-01-04 08:40:00,pass_04f2cd0aae6021c9,LONG,M30,M5,1845.20,1835.20,1865.20,ENTRY_TOUCHED,2021-01-04 08:40:00,2021-01-04 09:20:00,ENTRY_TOUCHED,0.05,0.62
2021-01-04 08:40:00,th_560d9a0f75392210,cand_M5_th_560d9a0f75392210_2021-01-04 08:40:00,pass_389e0c4ea92ec59b,LONG,M30,M5,1845.20,1835.20,1865.20,ENTRY_TOUCHED,2021-01-04 08:40:00,2021-01-04 09:20:00,ENTRY_TOUCHED,0.05,0.62
2021-01-04 08:40:00,th_d254a38f1696e9eb,cand_M5_th_d254a38f1696e9eb_2021-01-04 08:40:00,pass_025eef3777b8e280,LONG,M30,M5,1845.20,1835.20,1865.20,ENTRY_TOUCHED,2021-01-04 08:40:00,2021-01-04 09:20:00,ENTRY_TOUCHED,0.05,0.62
2021-01-04 08:40:00,th_3973ff8586aa6c3d,cand_M5_th_3973ff8586aa6c3d_2021-01-04 08:40:00,pass_eca2ef68dc3b58c9,LONG,M30,M5,1845.20,1835.20,1865.20,ENTRY_TOUCHED,2021-01-04 08:40:00,2021-01-04 09:20:00,ENTRY_TOUCHED,0.05,0.62
2021-01-04 08:40:00,th_7d153f83cbbb6274,cand_M5_th_7d153f83cbbb6274_2021-01-04 08:40:00,pass_68b1028e15387b85,LONG,M30,M5,1845.20,1835.20,1865.20,ENTRY_TOUCHED,2021-01-04 08:40:00,2021-01-04 09:20:00,ENTRY_TOUCHED,0.05,0.62
2021-01-04 08:42:00,th_c6a3fea6cfabf2b7,cand_M3_th_c6a3fea6cfabf2b7_2021-01-04 08:42:00,pass_1091c3dc204faab7,LONG,M30,M3,1845.40,1835.40,1865.40,ENTRY_TOUCHED,2021-01-04 08:42:00,2021-01-04 09:20:00,ENTRY_TOUCHED,0.05,0.60
2021-01-04 08:42:00,th_ab2b87b6a68aba30,cand_M3_th_ab2b87b6a68aba30_2021-01-04 08:42:00,pass_03ca0015e261cc11,LONG,M30,M3,1845.40,1835.40,1865.40,ENTRY_TOUCHED,2021-01-04 08:42:00,2021-01-04 09:20:00,ENTRY_TOUCHED,0.05,0.60
2021-01-04 08:42:00,th_19305dc78a364622,cand_M3_th_19305dc78a364622_2021-01-04 08:42:00,pass_408b6366a82f8315,LONG,M30,M3,1845.40,1835.40,1865.40,ENTRY_TOUCHED,2021-01-04 08:42:00,2021-01-04 09:20:00,ENTRY_TOUCHED,0.05,0.60
2021-01-04 08:42:00,th_e9804d1bd00856fe,cand_M3_th_e9804d1bd00856fe_2021-01-04 08:42:00,pass_69682fe9daa4796b,LONG,M30,M3,1845.40,1835.40,1865.40,ENTRY_TOUCHED,2021-01-04 08:42:00,2021-01-04 09:20:00,ENTRY_TOUCHED,0.05,0.60
2021-01-04 08:42:00,th_748ea98708c94abb,cand_M3_th_748ea98708c94abb_2021-01-04 08:42:00,pass_624354ec51f662a5,LONG,M30,M3,1845.40,1835.40,1865.40,ENTRY_TOUCHED,2021-01-04 08:42:00,2021-01-04 09:20:00,ENTRY_TOUCHED,0.05,0.60
2021-01-04 08:42:00,th_818f74a02dbe690b,cand_M3_th_818f74a02dbe690b_2021-01-04 08:42:00,pass_f342fc22f02261e7,LONG,M30,M3,1845.40,1835.40,1865.40,ENTRY_TOUCHED,2021-01-04 08:42:00,2021-01-04 09:20:00,ENTRY_TOUCHED,0.05,0.60
2021-01-04 08:42:00,th_1de6b90c3de92f9d,cand_M3_th_1de6b90c3de92f9d_2021-01-04 08:42:00,pass_84b9b4bd306f077c,LONG,M30,M3,1845.40,1835.40,1865.40,ENTRY_TOUCHED,2021-01-04 08:42:00,2021-01-04 09:20:00,ENTRY_TOUCHED,0.05,0.60
2021-01-04 08:42:00,th_ec561c13dfa995be,cand_M3_th_ec561c13dfa995be_2021-01-04 08:42:00,pass_feb8d40ac0c08144,LONG,M30,M3,1845.40,1835.40,1865.40,ENTRY_TOUCHED,2021-01-04 08:42:00,2021-01-04 09:20:00,ENTRY_TOUCHED,0.05,0.60
2021-01-04 08:42:00,th_a8e2cd8e2710a9e1,cand_M3_th_a8e2cd8e2710a9e1_2021-01-04 08:42:00,pass_fdb64c905bafc852,LONG,M30,M3,1845.40,1835.40,1865.40,ENTRY_TOUCHED,2021-01-04 08:42:00,2021-01-04 09:20:00,ENTRY_TOUCHED,0.05,0.60
2021-01-04 08:42:00,th_54d643bf03d15a1f,cand_M3_th_54d643bf03d15a1f_2021-01-04 08:42:00,pass_a93a0ebce3aef7e7,LONG,M30,M3,1845.40,1835.40,1865.40,ENTRY_TOUCHED,2021-01-04 08:42:00,2021-01-04 09:20:00,ENTRY_TOUCHED,0.05,0.60
2021-01-04 08:42:00,th_0cc920c90f7154b4,cand_M3_th_0cc920c90f7154b4_2021-01-04 08:42:00,pass_5c231500f8e297d4,LONG,M30,M3,1845.40,1835.40,1865.40,ENTRY_TOUCHED,2021-01-04 08:42:00,2021-01-04 09:20:00,ENTRY_TOUCHED,0.05,0.60
2021-01-04 08:42:00,th_560d9a0f75392210,cand_M3_th_560d9a0f75392210_2021-01-04 08:42:00,pass_351b1649224c4317,LONG,M30,M3,1845.40,1835.40,1865.40,ENTRY_TOUCHED,2021-01-04 08:42:00,2021-01-04 09:20:00,ENTRY_TOUCHED,0.05,0.60
2021-01-04 08:42:00,th_d254a38f1696e9eb,cand_M3_th_d254a38f1696e9eb_2021-01-04 08:42:00,pass_74298375c00605f8,LONG,M30,M3,1845.40,1835.40,1865.40,ENTRY_TOUCHED,2021-01-04 08:42:00,2021-01-04 09:20:00,ENTRY_TOUCHED,0.05,0.60
2021-01-04 08:42:00,th_3973ff8586aa6c3d,cand_M3_th_3973ff8586aa6c3d_2021-01-04 08:42:00,pass_30d1a3b78418fd47,LONG,M30,M3,1845.40,1835.40,1865.40,ENTRY_TOUCHED,2021-01-04 08:42:00,2021-01-04 09:20:00,ENTRY_TOUCHED,0.05,0.60
2021-01-04 08:42:00,th_7d153f83cbbb6274,cand_M3_th_7d153f83cbbb6274_2021-01-04 08:42:00,pass_04b3aaebd117f72e,LONG,M30,M3,1845.40,1835.40,1865.40,ENTRY_TOUCHED,2021-01-04 08:42:00,2021-01-04 09:20:00,ENTRY_TOUCHED,0.05,0.60
2021-01-04 08:45:00,th_c6a3fea6cfabf2b7,cand_M5_th_c6a3fea6cfabf2b7_2021-01-04 08:45:00,pass_6b50e4c9883a9dc7,LONG,M30,M5,1845.70,1835.70,1865.70,ENTRY_TOUCHED,2021-01-04 08:45:00,2021-01-04 09:20:00,ENTRY_TOUCHED,0.05,0.57
2021-01-04 08:45:00,th_ab2b87b6a68aba30,cand_M5_th_ab2b87b6a68aba30_2021-01-04 08:45:00,pass_eb26991ea1a6ea53,LONG,M30,M5,1845.70,1835.70,1865.70,ENTRY_TOUCHED,2021-01-04 08:45:00,2021-01-04 09:20:00,ENTRY_TOUCHED,0.05,0.57
2021-01-04 08:45:00,th_19305dc78a364622,cand_M5_th_19305dc78a364622_2021-01-04 08:45:00,pass_0988d439c6c3fbbb,LONG,M30,M5,1845.70,1835.70,1865.70,ENTRY_TOUCHED,2021-01-04 08:45:00,2021-01-04 09:20:00,ENTRY_TOUCHED,0.05,0.57
2021-01-04 08:45:00,th_e9804d1bd00856fe,cand_M5_th_e9804d1bd00856fe_2021-01-04 08:45:00,pass_9e35ef0b30c8df0a,LONG,M30,M5,1845.70,1835.70,1865.70,ENTRY_TOUCHED,2021-01-04 08:45:00,2021-01-04 09:20:00,ENTRY_TOUCHED,0.05,0.57
2021-01-04 08:45:00,th_748ea98708c94abb,cand_M5_th_748ea98708c94abb_2021-01-04 08:45:00,pass_1a33417f3173cc35,LONG,M30,M5,1845.70,1835.70,1865.70,ENTRY_TOUCHED,2021-01-04 08:45:00,2021-01-04 09:20:00,ENTRY_TOUCHED,0.05,0.57
2021-01-04 08:45:00,th_818f74a02dbe690b,cand_M5_th_818f74a02dbe690b_2021-01-04 08:45:00,pass_f2caedc3a6d0f5f0,LONG,M30,M5,1845.70,1835.70,1865.70,ENTRY_TOUCHED,2021-01-04 08:45:00,2021-01-04 09:20:00,ENTRY_TOUCHED,0.05,0.57
2021-01-04 08:45:00,th_1de6b90c3de92f9d,cand_M5_th_1de6b90c3de92f9d_2021-01-04 08:45:00,pass_c39704e165ea87c2,LONG,M30,M5,1845.70,1835.70,1865.70,ENTRY_TOUCHED,2021-01-04 08:45:00,2021-01-04 09:20:00,ENTRY_TOUCHED,0.05,0.57
2021-01-04 08:45:00,th_ec561c13dfa995be,cand_M5_th_ec561c13dfa995be_2021-01-04 08:45:00,pass_4967c818cd10d474,LONG,M30,M5,1845.70,1835.70,1865.70,ENTRY_TOUCHED,2021-01-04 08:45:00,2021-01-04 09:20:00,ENTRY_TOUCHED,0.05,0.57
2021-01-04 08:45:00,th_a8e2cd8e2710a9e1,cand_M5_th_a8e2cd8e2710a9e1_2021-01-04 08:45:00,pass_87d5066e59026b11,LONG,M30,M5,1845.70,1835.70,1865.70,ENTRY_TOUCHED,2021-01-04 08:45:00,2021-01-04 09:20:00,ENTRY_TOUCHED,0.05,0.57
2021-01-04 08:45:00,th_54d643bf03d15a1f,cand_M5_th_54d643bf03d15a1f_2021-01-04 08:45:00,pass_3d500a3b4c261bd7,LONG,M30,M5,1845.70,1835.70,1865.70,ENTRY_TOUCHED,2021-01-04 08:45:00,2021-01-04 09:20:00,ENTRY_TOUCHED,0.05,0.57
2021-01-04 08:45:00,th_0cc920c90f7154b4,cand_M5_th_0cc920c90f7154b4_2021-01-04 08:45:00,pass_ccf969bcd1027b54,LONG,M30,M5,1845.70,1835.70,1865.70,ENTRY_TOUCHED,2021-01-04 08:45:00,2021-01-04 09:20:00,ENTRY_TOUCHED,0.05,0.57
2021-01-04 08:45:00,th_560d9a0f75392210,cand_M5_th_560d9a0f75392210_2021-01-04 08:45:00,pass_cc3e4ce21b790e91,LONG,M30,M5,1845.70,1835.70,1865.70,ENTRY_TOUCHED,2021-01-04 08:45:00,2021-01-04 09:20:00,ENTRY_TOUCHED,0.05,0.57
2021-01-04 08:45:00,th_d254a38f1696e9eb,cand_M5_th_d254a38f1696e9eb_2021-01-04 08:45:00,pass_e24a0ae94843fa35,LONG,M30,M5,1845.70,1835.70,1865.70,ENTRY_TOUCHED,2021-01-04 08:45:00,2021-01-04 09:20:00,ENTRY_TOUCHED,0.05,0.57
2021-01-04 08:45:00,th_3973ff8586aa6c3d,cand_M5_th_3973ff8586aa6c3d_2021-01-04 08:45:00,pass_1b2755e771e42cd4,LONG,M30,M5,1845.70,1835.70,1865.70,ENTRY_TOUCHED,2021-01-04 08:45:00,2021-01-04 09:20:00,ENTRY_TOUCHED,0.05,0.57
2021-01-04 08:45:00,th_7d153f83cbbb6274,cand_M5_th_7d153f83cbbb6274_2021-01-04 08:45:00,pass_e6d70d5f0124aeda,LONG,M30,M5,1845.70,1835.70,1865.70,ENTRY_TOUCHED,2021-01-04 08:45:00,2021-01-04 09:20:00,ENTRY_TOUCHED,0.05,0.57
2021-01-04 08:45:00,th_c6a3fea6cfabf2b7,cand_M3_th_c6a3fea6cfabf2b7_2021-01-04 08:45:00,pass_3b967b82b7dbe134,LONG,M30,M3,1845.70,1835.70,1865.70,ENTRY_TOUCHED,2021-01-04 08:45:00,2021-01-04 09:20:00,ENTRY_TOUCHED,0.05,0.57
2021-01-04 08:45:00,th_ab2b87b6a68aba30,cand_M3_th_ab2b87b6a68aba30_2021-01-04 08:45:00,pass_dab22972b289a305,LONG,M30,M3,1845.70,1835.70,1865.70,ENTRY_TOUCHED,2021-01-04 08:45:00,2021-01-04 09:20:00,ENTRY_TOUCHED,0.05,0.57
2021-01-04 08:45:00,th_19305dc78a364622,cand_M3_th_19305dc78a364622_2021-01-04 08:45:00,pass_6c167fb2c660c766,LONG,M30,M3,1845.70,1835.70,1865.70,ENTRY_TOUCHED,2021-01-04 08:45:00,2021-01-04 09:20:00,ENTRY_TOUCHED,0.05,0.57
2021-01-04 08:45:00,th_e9804d1bd00856fe,cand_M3_th_e9804d1bd00856fe_2021-01-04 08:45:00,pass_96606a2f03cf44ed,LONG,M30,M3,1845.70,1835.70,1865.70,ENTRY_TOUCHED,2021-01-04 08:45:00,2021-01-04 09:20:00,ENTRY_TOUCHED,0.05,0.57
2021-01-04 08:45:00,th_748ea98708c94abb,cand_M3_th_748ea98708c94abb_2021-01-04 08:45:00,pass_a8df80601523ff1f,LONG,M30,M3,1845.70,1835.70,1865.70,ENTRY_TOUCHED,2021-01-04 08:45:00,2021-01-04 09:20:00,ENTRY_TOUCHED,0.05,0.57
2021-01-04 08:45:00,th_818f74a02dbe690b,cand_M3_th_818f74a02dbe690b_2021-01-04 08:45:00,pass_31c56153de90de82,LONG,M30,M3,1845.70,1835.70,1865.70,ENTRY_TOUCHED,2021-01-04 08:45:00,2021-01-04 09:20:00,ENTRY_TOUCHED,0.05,0.57
2021-01-04 08:45:00,th_1de6b90c3de92f9d,cand_M3_th_1de6b90c3de92f9d_2021-01-04 08:45:00,pass_03d9aa5d04f3bc69,LONG,M30,M3,1845.70,1835.70,1865.70,ENTRY_TOUCHED,2021-01-04 08:45:00,2021-01-04 09:20:00,ENTRY_TOUCHED,0.05,0.57
2021-01-04 08:45:00,th_ec561c13dfa995be,cand_M3_th_ec561c13dfa995be_2021-01-04 08:45:00,pass_fc3c1aec6b339509,LONG,M30,M3,1845.70,1835.70,1865.70,ENTRY_TOUCHED,2021-01-04 08:45:00,2021-01-04 09:20:00,ENTRY_TOUCHED,0.05,0.57
2021-01-04 08:45:00,th_a8e2cd8e2710a9e1,cand_M3_th_a8e2cd8e2710a9e1_2021-01-04 08:45:00,pass_5cfcd17f97448989,LONG,M30,M3,1845.70,1835.70,1865.70,ENTRY_TOUCHED,2021-01-04 08:45:00,2021-01-04 09:20:00,ENTRY_TOUCHED,0.05,0.57
2021-01-04 08:45:00,th_54d643bf03d15a1f,cand_M3_th_54d643bf03d15a1f_2021-01-04 08:45:00,pass_19f02f57f08c774c,LONG,M30,M3,1845.70,1835.70,1865.70,ENTRY_TOUCHED,2021-01-04 08:45:00,2021-01-04 09:20:00,ENTRY_TOUCHED,0.05,0.57
2021-01-04 08:45:00,th_0cc920c90f7154b4,cand_M3_th_0cc920c90f7154b4_2021-01-04 08:45:00,pass_eeebde5b81c6624b,LONG,M30,M3,1845.70,1835.70,1865.70,ENTRY_TOUCHED,2021-01-04 08:45:00,2021-01-04 09:20:00,ENTRY_TOUCHED,0.05,0.57
2021-01-04 08:45:00,th_560d9a0f75392210,cand_M3_th_560d9a0f75392210_2021-01-04 08:45:00,pass_6cdcbcb317262738,LONG,M30,M3,1845.70,1835.70,1865.70,ENTRY_TOUCHED,2021-01-04 08:45:00,2021-01-04 09:20:00,ENTRY_TOUCHED,0.05,0.57
2021-01-04 08:45:00,th_d254a38f1696e9eb,cand_M3_th_d254a38f1696e9eb_2021-01-04 08:45:00,pass_d8b987e5fe4e2e0f,LONG,M30,M3,1845.70,1835.70,1865.70,ENTRY_TOUCHED,2021-01-04 08:45:00,2021-01-04 09:20:00,ENTRY_TOUCHED,0.05,0.57
2021-01-04 08:45:00,th_3973ff8586aa6c3d,cand_M3_th_3973ff8586aa6c3d_2021-01-04 08:45:00,pass_08fad3cfb580cdc6,LONG,M30,M3,1845.70,1835.70,1865.70,ENTRY_TOUCHED,2021-01-04 08:45:00,2021-01-04 09:20:00,ENTRY_TOUCHED,0.05,0.57
2021-01-04 08:45:00,th_7d153f83cbbb6274,cand_M3_th_7d153f83cbbb6274_2021-01-04 08:45:00,pass_2f6fe7ea73933562,LONG,M30,M3,1845.70,1835.70,1865.70,ENTRY_TOUCHED,2021-01-04 08:45:00,2021-01-04 09:20:00,ENTRY_TOUCHED,0.05,0.57
2021-01-04 08:48:00,th_c6a3fea6cfabf2b7,cand_M3_th_c6a3fea6cfabf2b7_2021-01-04 08:48:00,pass_11f8d570ecbc4e95,LONG,M30,M3,1846.00,1836.00,1866.00,ENTRY_TOUCHED,2021-01-04 08:48:00,2021-01-04 09:20:00,ENTRY_TOUCHED,0.05,0.54
2021-01-04 08:48:00,th_ab2b87b6a68aba30,cand_M3_th_ab2b87b6a68aba30_2021-01-04 08:48:00,pass_05db9c5d35e7008b,LONG,M30,M3,1846.00,1836.00,1866.00,ENTRY_TOUCHED,2021-01-04 08:48:00,2021-01-04 09:20:00,ENTRY_TOUCHED,0.05,0.54
2021-01-04 08:48:00,th_19305dc78a364622,cand_M3_th_19305dc78a364622_2021-01-04 08:48:00,pass_214f98cec51522e9,LONG,M30,M3,1846.00,1836.00,1866.00,ENTRY_TOUCHED,2021-01-04 08:48:00,2021-01-04 09:20:00,ENTRY_TOUCHED,0.05,0.54
2021-01-04 08:48:00,th_e9804d1bd00856fe,cand_M3_th_e9804d1bd00856fe_2021-01-04 08:48:00,pass_f3f981dfb04593a1,LONG,M30,M3,1846.00,1836.00,1866.00,ENTRY_TOUCHED,2021-01-04 08:48:00,2021-01-04 09:20:00,ENTRY_TOUCHED,0.05,0.54
2021-01-04 08:48:00,th_748ea98708c94abb,cand_M3_th_748ea98708c94abb_2021-01-04 08:48:00,pass_e76a0325470e79a7,LONG,M30,M3,1846.00,1836.00,1866.00,ENTRY_TOUCHED,2021-01-04 08:48:00,2021-01-04 09:20:00,ENTRY_TOUCHED,0.05,0.54
2021-01-04 08:48:00,th_818f74a02dbe690b,cand_M3_th_818f74a02dbe690b_2021-01-04 08:48:00,pass_c04a5f0eece55cd6,LONG,M30,M3,1846.00,1836.00,1866.00,ENTRY_TOUCHED,2021-01-04 08:48:00,2021-01-04 09:20:00,ENTRY_TOUCHED,0.05,0.54
2021-01-04 08:48:00,th_1de6b90c3de92f9d,cand_M3_th_1de6b90c3de92f9d_2021-01-04 08:48:00,pass_b2ebfc2bab704428,LONG,M30,M3,1846.00,1836.00,1866.00,ENTRY_TOUCHED,2021-01-04 08:48:00,2021-01-04 09:20:00,ENTRY_TOUCHED,0.05,0.54
2021-01-04 08:48:00,th_ec561c13dfa995be,cand_M3_th_ec561c13dfa995be_2021-01-04 08:48:00,pass_bd9437f2f5d041de,LONG,M30,M3,1846.00,1836.00,1866.00,ENTRY_TOUCHED,2021-01-04 08:48:00,2021-01-04 09:20:00,ENTRY_TOUCHED,0.05,0.54
2021-01-04 08:48:00,th_a8e2cd8e2710a9e1,cand_M3_th_a8e2cd8e2710a9e1_2021-01-04 08:48:00,pass_18064cb37d4c83e5,LONG,M30,M3,1846.00,1836.00,1866.00,ENTRY_TOUCHED,2021-01-04 08:48:00,2021-01-04 09:20:00,ENTRY_TOUCHED,0.05,0.54
2021-01-04 08:48:00,th_54d643bf03d15a1f,cand_M3_th_54d643bf03d15a1f_2021-01-04 08:48:00,pass_a2589844360c38e6,LONG,M30,M3,1846.00,1836.00,1866.00,ENTRY_TOUCHED,2021-01-04 08:48:00,2021-01-04 09:20:00,ENTRY_TOUCHED,0.05,0.54
2021-01-04 08:48:00,th_0cc920c90f7154b4,cand_M3_th_0cc920c90f7154b4_2021-01-04 08:48:00,pass_65b1868116031842,LONG,M30,M3,1846.00,1836.00,1866.00,ENTRY_TOUCHED,2021-01-04 08:48:00,2021-01-04 09:20:00,ENTRY_TOUCHED,0.05,0.54
2021-01-04 08:48:00,th_560d9a0f75392210,cand_M3_th_560d9a0f75392210_2021-01-04 08:48:00,pass_79a95ba28dc1a340,LONG,M30,M3,1846.00,1836.00,1866.00,ENTRY_TOUCHED,2021-01-04 08:48:00,2021-01-04 09:20:00,ENTRY_TOUCHED,0.05,0.54
2021-01-04 08:48:00,th_d254a38f1696e9eb,cand_M3_th_d254a38f1696e9eb_2021-01-04 08:48:00,pass_32e55e3bace55009,LONG,M30,M3,1846.00,1836.00,1866.00,ENTRY_TOUCHED,2021-01-04 08:48:00,2021-01-04 09:20:00,ENTRY_TOUCHED,0.05,0.54
2021-01-04 08:48:00,th_3973ff8586aa6c3d,cand_M3_th_3973ff8586aa6c3d_2021-01-04 08:48:00,pass_aac9b15ae2335781,LONG,M30,M3,1846.00,1836.00,1866.00,ENTRY_TOUCHED,2021-01-04 08:48:00,2021-01-04 09:20:00,ENTRY_TOUCHED,0.05,0.54
2021-01-04 08:48:00,th_7d153f83cbbb6274,cand_M3_th_7d153f83cbbb6274_2021-01-04 08:48:00,pass_8c730e563943c146,LONG,M30,M3,1846.00,1836.00,1866.00,ENTRY_TOUCHED,2021-01-04 08:48:00,2021-01-04 09:20:00,ENTRY_TOUCHED,0.05,0.54
2021-01-04 08:50:00,th_c6a3fea6cfabf2b7,cand_M5_th_c6a3fea6cfabf2b7_2021-01-04 08:50:00,pass_bc485bc1223e951c,LONG,M30,M5,1846.20,1836.20,1866.20,ENTRY_TOUCHED,2021-01-04 08:50:00,2021-01-04 09:20:00,ENTRY_TOUCHED,0.05,0.52
2021-01-04 08:50:00,th_ab2b87b6a68aba30,cand_M5_th_ab2b87b6a68aba30_2021-01-04 08:50:00,pass_bb9c9f0e43948ec3,LONG,M30,M5,1846.20,1836.20,1866.20,ENTRY_TOUCHED,2021-01-04 08:50:00,2021-01-04 09:20:00,ENTRY_TOUCHED,0.05,0.52
2021-01-04 08:50:00,th_19305dc78a364622,cand_M5_th_19305dc78a364622_2021-01-04 08:50:00,pass_7719964745d02b96,LONG,M30,M5,1846.20,1836.20,1866.20,ENTRY_TOUCHED,2021-01-04 08:50:00,2021-01-04 09:20:00,ENTRY_TOUCHED,0.05,0.52
2021-01-04 08:50:00,th_e9804d1bd00856fe,cand_M5_th_e9804d1bd00856fe_2021-01-04 08:50:00,pass_58e401006f742a5b,LONG,M30,M5,1846.20,1836.20,1866.20,ENTRY_TOUCHED,2021-01-04 08:50:00,2021-01-04 09:20:00,ENTRY_TOUCHED,0.05,0.52
2021-01-04 08:50:00,th_748ea98708c94abb,cand_M5_th_748ea98708c94abb_2021-01-04 08:50:00,pass_ba324dff6bf28681,LONG,M30,M5,1846.20,1836.20,1866.20,ENTRY_TOUCHED,2021-01-04 08:50:00,2021-01-04 09:20:00,ENTRY_TOUCHED,0.05,0.52
2021-01-04 08:50:00,th_818f74a02dbe690b,cand_M5_th_818f74a02dbe690b_2021-01-04 08:50:00,pass_e9955e5760cc5bdc,LONG,M30,M5,1846.20,1836.20,1866.20,ENTRY_TOUCHED,2021-01-04 08:50:00,2021-01-04 09:20:00,ENTRY_TOUCHED,0.05,0.52
2021-01-04 08:50:00,th_1de6b90c3de92f9d,cand_M5_th_1de6b90c3de92f9d_2021-01-04 08:50:00,pass_6b630189b6b54a41,LONG,M30,M5,1846.20,1836.20,1866.20,ENTRY_TOUCHED,2021-01-04 08:50:00,2021-01-04 09:20:00,ENTRY_TOUCHED,0.05,0.52
2021-01-04 08:50:00,th_ec561c13dfa995be,cand_M5_th_ec561c13dfa995be_2021-01-04 08:50:00,pass_eaeffb3b65403685,LONG,M30,M5,1846.20,1836.20,1866.20,ENTRY_TOUCHED,2021-01-04 08:50:00,2021-01-04 09:20:00,ENTRY_TOUCHED,0.05,0.52
2021-01-04 08:50:00,th_a8e2cd8e2710a9e1,cand_M5_th_a8e2cd8e2710a9e1_2021-01-04 08:50:00,pass_521c529aaa7c3fc7,LONG,M30,M5,1846.20,1836.20,1866.20,ENTRY_TOUCHED,2021-01-04 08:50:00,2021-01-04 09:20:00,ENTRY_TOUCHED,0.05,0.52
2021-01-04 08:50:00,th_54d643bf03d15a1f,cand_M5_th_54d643bf03d15a1f_2021-01-04 08:50:00,pass_45e1369d5121b109,LONG,M30,M5,1846.20,1836.20,1866.20,ENTRY_TOUCHED,2021-01-04 08:50:00,2021-01-04 09:20:00,ENTRY_TOUCHED,0.05,0.52
2021-01-04 08:50:00,th_0cc920c90f7154b4,cand_M5_th_0cc920c90f7154b4_2021-01-04 08:50:00,pass_b08982eca8a6e8e0,LONG,M30,M5,1846.20,1836.20,1866.20,ENTRY_TOUCHED,2021-01-04 08:50:00,2021-01-04 09:20:00,ENTRY_TOUCHED,0.05,0.52
2021-01-04 08:50:00,th_560d9a0f75392210,cand_M5_th_560d9a0f75392210_2021-01-04 08:50:00,pass_1b9e625b40c6fdb9,LONG,M30,M5,1846.20,1836.20,1866.20,ENTRY_TOUCHED,2021-01-04 08:50:00,2021-01-04 09:20:00,ENTRY_TOUCHED,0.05,0.52
2021-01-04 08:50:00,th_d254a38f1696e9eb,cand_M5_th_d254a38f1696e9eb_2021-01-04 08:50:00,pass_94744be90edf079a,LONG,M30,M5,1846.20,1836.20,1866.20,ENTRY_TOUCHED,2021-01-04 08:50:00,2021-01-04 09:20:00,ENTRY_TOUCHED,0.05,0.52
2021-01-04 08:50:00,th_3973ff8586aa6c3d,cand_M5_th_3973ff8586aa6c3d_2021-01-04 08:50:00,pass_5711086fd4aee7d4,LONG,M30,M5,1846.20,1836.20,1866.20,ENTRY_TOUCHED,2021-01-04 08:50:00,2021-01-04 09:20:00,ENTRY_TOUCHED,0.05,0.52
2021-01-04 08:50:00,th_7d153f83cbbb6274,cand_M5_th_7d153f83cbbb6274_2021-01-04 08:50:00,pass_45e8e90651472e73,LONG,M30,M5,1846.20,1836.20,1866.20,ENTRY_TOUCHED,2021-01-04 08:50:00,2021-01-04 09:20:00,ENTRY_TOUCHED,0.05,0.52
2021-01-04 08:51:00,th_c6a3fea6cfabf2b7,cand_M3_th_c6a3fea6cfabf2b7_2021-01-04 08:51:00,pass_9dbbc5580c1b13f1,LONG,M30,M3,1846.30,1836.30,1866.30,ENTRY_TOUCHED,2021-01-04 08:51:00,2021-01-04 09:20:00,ENTRY_TOUCHED,0.05,0.51
2021-01-04 08:51:00,th_ab2b87b6a68aba30,cand_M3_th_ab2b87b6a68aba30_2021-01-04 08:51:00,pass_209ac97d90897763,LONG,M30,M3,1846.30,1836.30,1866.30,ENTRY_TOUCHED,2021-01-04 08:51:00,2021-01-04 09:20:00,ENTRY_TOUCHED,0.05,0.51
2021-01-04 08:51:00,th_19305dc78a364622,cand_M3_th_19305dc78a364622_2021-01-04 08:51:00,pass_ea15a6cc80539db7,LONG,M30,M3,1846.30,1836.30,1866.30,ENTRY_TOUCHED,2021-01-04 08:51:00,2021-01-04 09:20:00,ENTRY_TOUCHED,0.05,0.51
2021-01-04 08:51:00,th_e9804d1bd00856fe,cand_M3_th_e9804d1bd00856fe_2021-01-04 08:51:00,pass_17939c3f43c13341,LONG,M30,M3,1846.30,1836.30,1866.30,ENTRY_TOUCHED,2021-01-04 08:51:00,2021-01-04 09:20:00,ENTRY_TOUCHED,0.05,0.51
2021-01-04 08:51:00,th_748ea98708c94abb,cand_M3_th_748ea98708c94abb_2021-01-04 08:51:00,pass_c77b3cd35de0bffa,LONG,M30,M3,1846.30,1836.30,1866.30,ENTRY_TOUCHED,2021-01-04 08:51:00,2021-01-04 09:20:00,ENTRY_TOUCHED,0.05,0.51
2021-01-04 08:51:00,th_818f74a02dbe690b,cand_M3_th_818f74a02dbe690b_2021-01-04 08:51:00,pass_a627711b1ced5e01,LONG,M30,M3,1846.30,1836.30,1866.30,ENTRY_TOUCHED,2021-01-04 08:51:00,2021-01-04 09:20:00,ENTRY_TOUCHED,0.05,0.51
2021-01-04 08:51:00,th_1de6b90c3de92f9d,cand_M3_th_1de6b90c3de92f9d_2021-01-04 08:51:00,pass_ea12af3846617e5e,LONG,M30,M3,1846.30,1836.30,1866.30,ENTRY_TOUCHED,2021-01-04 08:51:00,2021-01-04 09:20:00,ENTRY_TOUCHED,0.05,0.51
2021-01-04 08:51:00,th_ec561c13dfa995be,cand_M3_th_ec561c13dfa995be_2021-01-04 08:51:00,pass_8716d51188e481f0,LONG,M30,M3,1846.30,1836.30,1866.30,ENTRY_TOUCHED,2021-01-04 08:51:00,2021-01-04 09:20:00,ENTRY_TOUCHED,0.05,0.51
2021-01-04 08:51:00,th_a8e2cd8e2710a9e1,cand_M3_th_a8e2cd8e2710a9e1_2021-01-04 08:51:00,pass_59553ce6af34bc6e,LONG,M30,M3,1846.30,1836.30,1866.30,ENTRY_TOUCHED,2021-01-04 08:51:00,2021-01-04 09:20:00,ENTRY_TOUCHED,0.05,0.51
2021-01-04 08:51:00,th_54d643bf03d15a1f,cand_M3_th_54d643bf03d15a1f_2021-01-04 08:51:00,pass_a5b188d04c6ee6bc,LONG,M30,M3,1846.30,1836.30,1866.30,ENTRY_TOUCHED,2021-01-04 08:51:00,2021-01-04 09:20:00,ENTRY_TOUCHED,0.05,0.51
2021-01-04 08:51:00,th_0cc920c90f7154b4,cand_M3_th_0cc920c90f7154b4_2021-01-04 08:51:00,pass_220ec27f570bef83,LONG,M30,M3,1846.30,1836.30,1866.30,ENTRY_TOUCHED,2021-01-04 08:51:00,2021-01-04 09:20:00,ENTRY_TOUCHED,0.05,0.51
2021-01-04 08:51:00,th_560d9a0f75392210,cand_M3_th_560d9a0f75392210_2021-01-04 08:51:00,pass_d4fb3a739821c8d6,LONG,M30,M3,1846.30,1836.30,1866.30,ENTRY_TOUCHED,2021-01-04 08:51:00,2021-01-04 09:20:00,ENTRY_TOUCHED,0.05,0.51
2021-01-04 08:51:00,th_d254a38f1696e9eb,cand_M3_th_d254a38f1696e9eb_2021-01-04 08:51:00,pass_43a695045276bb49,LONG,M30,M3,1846.30,1836.30,1866.30,ENTRY_TOUCHED,2021-01-04 08:51:00,2021-01-04 09:20:00,ENTRY_TOUCHED,0.05,0.51
2021-01-04 08:51:00,th_3973ff8586aa6c3d,cand_M3_th_3973ff8586aa6c3d_2021-01-04 08:51:00,pass_94387da514fe74c9,LONG,M30,M3,1846.30,1836.30,1866.30,ENTRY_TOUCHED,2021-01-04 08:51:00,2021-01-04 09:20:00,ENTRY_TOUCHED,0.05,0.51
2021-01-04 08:51:00,th_7d153f83cbbb6274,cand_M3_th_7d153f83cbbb6274_2021-01-04 08:51:00,pass_d847d43d2ee909e9,LONG,M30,M3,1846.30,1836.30,1866.30,ENTRY_TOUCHED,2021-01-04 08:51:00,2021-01-04 09:20:00,ENTRY_TOUCHED,0.05,0.51
2021-01-04 08:54:00,th_c6a3fea6cfabf2b7,cand_M3_th_c6a3fea6cfabf2b7_2021-01-04 08:54:00,pass_596ff8a3fa921fdf,LONG,M30,M3,1846.60,1836.60,1866.60,ENTRY_TOUCHED,2021-01-04 08:54:00,2021-01-04 09:20:00,ENTRY_TOUCHED,0.05,0.48
2021-01-04 08:54:00,th_ab2b87b6a68aba30,cand_M3_th_ab2b87b6a68aba30_2021-01-04 08:54:00,pass_4cdd6e839c4bd161,LONG,M30,M3,1846.60,1836.60,1866.60,ENTRY_TOUCHED,2021-01-04 08:54:00,2021-01-04 09:20:00,ENTRY_TOUCHED,0.05,0.48
2021-01-04 08:54:00,th_19305dc78a364622,cand_M3_th_19305dc78a364622_2021-01-04 08:54:00,pass_bd761a9c1d98dc9b,LONG,M30,M3,1846.60,1836.60,1866.60,ENTRY_TOUCHED,2021-01-04 08:54:00,2021-01-04 09:20:00,ENTRY_TOUCHED,0.05,0.48
2021-01-04 08:54:00,th_e9804d1bd00856fe,cand_M3_th_e9804d1bd00856fe_2021-01-04 08:54:00,pass_9603e778c7ceba10,LONG,M30,M3,1846.60,1836.60,1866.60,ENTRY_TOUCHED,2021-01-04 08:54:00,2021-01-04 09:20:00,ENTRY_TOUCHED,0.05,0.48
2021-01-04 08:54:00,th_748ea98708c94abb,cand_M3_th_748ea98708c94abb_2021-01-04 08:54:00,pass_83bba90d3696c59b,LONG,M30,M3,1846.60,1836.60,1866.60,ENTRY_TOUCHED,2021-01-04 08:54:00,2021-01-04 09:20:00,ENTRY_TOUCHED,0.05,0.48
2021-01-04 08:54:00,th_818f74a02dbe690b,cand_M3_th_818f74a02dbe690b_2021-01-04 08:54:00,pass_b6e5ecaae83e8755,LONG,M30,M3,1846.60,1836.60,1866.60,ENTRY_TOUCHED,2021-01-04 08:54:00,2021-01-04 09:20:00,ENTRY_TOUCHED,0.05,0.48
2021-01-04 08:54:00,th_1de6b90c3de92f9d,cand_M3_th_1de6b90c3de92f9d_2021-01-04 08:54:00,pass_3371de418836fdcb,LONG,M30,M3,1846.60,1836.60,1866.60,ENTRY_TOUCHED,2021-01-04 08:54:00,2021-01-04 09:20:00,ENTRY_TOUCHED,0.05,0.48
2021-01-04 08:54:00,th_ec561c13dfa995be,cand_M3_th_ec561c13dfa995be_2021-01-04 08:54:00,pass_2cd460b5ecc7360a,LONG,M30,M3,1846.60,1836.60,1866.60,ENTRY_TOUCHED,2021-01-04 08:54:00,2021-01-04 09:20:00,ENTRY_TOUCHED,0.05,0.48
2021-01-04 08:54:00,th_a8e2cd8e2710a9e1,cand_M3_th_a8e2cd8e2710a9e1_2021-01-04 08:54:00,pass_7d34ac95bc4b4b59,LONG,M30,M3,1846.60,1836.60,1866.60,ENTRY_TOUCHED,2021-01-04 08:54:00,2021-01-04 09:20:00,ENTRY_TOUCHED,0.05,0.48
2021-01-04 08:54:00,th_54d643bf03d15a1f,cand_M3_th_54d643bf03d15a1f_2021-01-04 08:54:00,pass_24a8cccb883da72d,LONG,M30,M3,1846.60,1836.60,1866.60,ENTRY_TOUCHED,2021-01-04 08:54:00,2021-01-04 09:20:00,ENTRY_TOUCHED,0.05,0.48
2021-01-04 08:54:00,th_0cc920c90f7154b4,cand_M3_th_0cc920c90f7154b4_2021-01-04 08:54:00,pass_416f3d4031c68b03,LONG,M30,M3,1846.60,1836.60,1866.60,ENTRY_TOUCHED,2021-01-04 08:54:00,2021-01-04 09:20:00,ENTRY_TOUCHED,0.05,0.48
2021-01-04 08:54:00,th_560d9a0f75392210,cand_M3_th_560d9a0f75392210_2021-01-04 08:54:00,pass_7da6f64f1fa502ce,LONG,M30,M3,1846.60,1836.60,1866.60,ENTRY_TOUCHED,2021-01-04 08:54:00,2021-01-04 09:20:00,ENTRY_TOUCHED,0.05,0.48
2021-01-04 08:54:00,th_d254a38f1696e9eb,cand_M3_th_d254a38f1696e9eb_2021-01-04 08:54:00,pass_06af24fb954adf69,LONG,M30,M3,1846.60,1836.60,1866.60,ENTRY_TOUCHED,2021-01-04 08:54:00,2021-01-04 09:20:00,ENTRY_TOUCHED,0.05,0.48
2021-01-04 08:54:00,th_3973ff8586aa6c3d,cand_M3_th_3973ff8586aa6c3d_2021-01-04 08:54:00,pass_7abd6eb40fb5cc43,LONG,M30,M3,1846.60,1836.60,1866.60,ENTRY_TOUCHED,2021-01-04 08:54:00,2021-01-04 09:20:00,ENTRY_TOUCHED,0.05,0.48
2021-01-04 08:54:00,th_7d153f83cbbb6274,cand_M3_th_7d153f83cbbb6274_2021-01-04 08:54:00,pass_7ab2dcecc8e991ad,LONG,M30,M3,1846.60,1836.60,1866.60,ENTRY_TOUCHED,2021-01-04 08:54:00,2021-01-04 09:20:00,ENTRY_TOUCHED,0.05,0.48
2021-01-04 08:55:00,th_c6a3fea6cfabf2b7,cand_M5_th_c6a3fea6cfabf2b7_2021-01-04 08:55:00,pass_ca6d77e0c400ab11,LONG,M30,M5,1846.70,1836.70,1866.70,ENTRY_TOUCHED,2021-01-04 08:55:00,2021-01-04 09:20:00,ENTRY_TOUCHED,0.05,0.47
2021-01-04 08:55:00,th_ab2b87b6a68aba30,cand_M5_th_ab2b87b6a68aba30_2021-01-04 08:55:00,pass_667f8a20bca5e867,LONG,M30,M5,1846.70,1836.70,1866.70,ENTRY_TOUCHED,2021-01-04 08:55:00,2021-01-04 09:20:00,ENTRY_TOUCHED,0.05,0.47
2021-01-04 08:55:00,th_19305dc78a364622,cand_M5_th_19305dc78a364622_2021-01-04 08:55:00,pass_b85752e4ed63e293,LONG,M30,M5,1846.70,1836.70,1866.70,ENTRY_TOUCHED,2021-01-04 08:55:00,2021-01-04 09:20:00,ENTRY_TOUCHED,0.05,0.47
2021-01-04 08:55:00,th_e9804d1bd00856fe,cand_M5_th_e9804d1bd00856fe_2021-01-04 08:55:00,pass_5747b1481334b442,LONG,M30,M5,1846.70,1836.70,1866.70,ENTRY_TOUCHED,2021-01-04 08:55:00,2021-01-04 09:20:00,ENTRY_TOUCHED,0.05,0.47
2021-01-04 08:55:00,th_748ea98708c94abb,cand_M5_th_748ea98708c94abb_2021-01-04 08:55:00,pass_8752e83ab20073d7,LONG,M30,M5,1846.70,1836.70,1866.70,ENTRY_TOUCHED,2021-01-04 08:55:00,2021-01-04 09:20:00,ENTRY_TOUCHED,0.05,0.47
2021-01-04 08:55:00,th_818f74a02dbe690b,cand_M5_th_818f74a02dbe690b_2021-01-04 08:55:00,pass_5e1a568854d57764,LONG,M30,M5,1846.70,1836.70,1866.70,ENTRY_TOUCHED,2021-01-04 08:55:00,2021-01-04 09:20:00,ENTRY_TOUCHED,0.05,0.47
2021-01-04 08:55:00,th_1de6b90c3de92f9d,cand_M5_th_1de6b90c3de92f9d_2021-01-04 08:55:00,pass_61f68d2d8193746a,LONG,M30,M5,1846.70,1836.70,1866.70,ENTRY_TOUCHED,2021-01-04 08:55:00,2021-01-04 09:20:00,ENTRY_TOUCHED,0.05,0.47
2021-01-04 08:55:00,th_ec561c13dfa995be,cand_M5_th_ec561c13dfa995be_2021-01-04 08:55:00,pass_56497234feead5eb,LONG,M30,M5,1846.70,1836.70,1866.70,ENTRY_TOUCHED,2021-01-04 08:55:00,2021-01-04 09:20:00,ENTRY_TOUCHED,0.05,0.47
2021-01-04 08:55:00,th_a8e2cd8e2710a9e1,cand_M5_th_a8e2cd8e2710a9e1_2021-01-04 08:55:00,pass_12ae17d8a8dc11eb,LONG,M30,M5,1846.70,1836.70,1866.70,ENTRY_TOUCHED,2021-01-04 08:55:00,2021-01-04 09:20:00,ENTRY_TOUCHED,0.05,0.47
2021-01-04 08:55:00,th_54d643bf03d15a1f,cand_M5_th_54d643bf03d15a1f_2021-01-04 08:55:00,pass_ec3a20ae5e9e6ae7,LONG,M30,M5,1846.70,1836.70,1866.70,ENTRY_TOUCHED,2021-01-04 08:55:00,2021-01-04 09:20:00,ENTRY_TOUCHED,0.05,0.47
2021-01-04 08:55:00,th_0cc920c90f7154b4,cand_M5_th_0cc920c90f7154b4_2021-01-04 08:55:00,pass_b75ddc5d796a25ee,LONG,M30,M5,1846.70,1836.70,1866.70,ENTRY_TOUCHED,2021-01-04 08:55:00,2021-01-04 09:20:00,ENTRY_TOUCHED,0.05,0.47
2021-01-04 08:55:00,th_560d9a0f75392210,cand_M5_th_560d9a0f75392210_2021-01-04 08:55:00,pass_405c5bca0b7a5cc6,LONG,M30,M5,1846.70,1836.70,1866.70,ENTRY_TOUCHED,2021-01-04 08:55:00,2021-01-04 09:20:00,ENTRY_TOUCHED,0.05,0.47
2021-01-04 08:55:00,th_d254a38f1696e9eb,cand_M5_th_d254a38f1696e9eb_2021-01-04 08:55:00,pass_3bcdeb634af0768e,LONG,M30,M5,1846.70,1836.70,1866.70,ENTRY_TOUCHED,2021-01-04 08:55:00,2021-01-04 09:20:00,ENTRY_TOUCHED,0.05,0.47
2021-01-04 08:55:00,th_3973ff8586aa6c3d,cand_M5_th_3973ff8586aa6c3d_2021-01-04 08:55:00,pass_86d8ee388027ad05,LONG,M30,M5,1846.70,1836.70,1866.70,ENTRY_TOUCHED,2021-01-04 08:55:00,2021-01-04 09:20:00,ENTRY_TOUCHED,0.05,0.47
2021-01-04 08:55:00,th_7d153f83cbbb6274,cand_M5_th_7d153f83cbbb6274_2021-01-04 08:55:00,pass_d3148ed3ec43965a,LONG,M30,M5,1846.70,1836.70,1866.70,ENTRY_TOUCHED,2021-01-04 08:55:00,2021-01-04 09:20:00,ENTRY_TOUCHED,0.05,0.47
2021-01-04 08:57:00,th_c6a3fea6cfabf2b7,cand_M3_th_c6a3fea6cfabf2b7_2021-01-04 08:57:00,pass_bed919324a4730fb,LONG,M30,M3,1846.90,1836.90,1866.90,ENTRY_TOUCHED,2021-01-04 08:57:00,2021-01-04 09:20:00,ENTRY_TOUCHED,0.05,0.45
2021-01-04 08:57:00,th_ab2b87b6a68aba30,cand_M3_th_ab2b87b6a68aba30_2021-01-04 08:57:00,pass_7dada3e83946d92d,LONG,M30,M3,1846.90,1836.90,1866.90,ENTRY_TOUCHED,2021-01-04 08:57:00,2021-01-04 09:20:00,ENTRY_TOUCHED,0.05,0.45
2021-01-04 08:57:00,th_19305dc78a364622,cand_M3_th_19305dc78a364622_2021-01-04 08:57:00,pass_99227d5a220399dc,LONG,M30,M3,1846.90,1836.90,1866.90,ENTRY_TOUCHED,2021-01-04 08:57:00,2021-01-04 09:20:00,ENTRY_TOUCHED,0.05,0.45
2021-01-04 08:57:00,th_e9804d1bd00856fe,cand_M3_th_e9804d1bd00856fe_2021-01-04 08:57:00,pass_05f752e646b7df05,LONG,M30,M3,1846.90,1836.90,1866.90,ENTRY_TOUCHED,2021-01-04 08:57:00,2021-01-04 09:20:00,ENTRY_TOUCHED,0.05,0.45
2021-01-04 08:57:00,th_748ea98708c94abb,cand_M3_th_748ea98708c94abb_2021-01-04 08:57:00,pass_e666465e008b78f3,LONG,M30,M3,1846.90,1836.90,1866.90,ENTRY_TOUCHED,2021-01-04 08:57:00,2021-01-04 09:20:00,ENTRY_TOUCHED,0.05,0.45
2021-01-04 08:57:00,th_818f74a02dbe690b,cand_M3_th_818f74a02dbe690b_2021-01-04 08:57:00,pass_fbaedc15fb2580d1,LONG,M30,M3,1846.90,1836.90,1866.90,ENTRY_TOUCHED,2021-01-04 08:57:00,2021-01-04 09:20:00,ENTRY_TOUCHED,0.05,0.45
2021-01-04 08:57:00,th_1de6b90c3de92f9d,cand_M3_th_1de6b90c3de92f9d_2021-01-04 08:57:00,pass_abbc61f8efc6c532,LONG,M30,M3,1846.90,1836.90,1866.90,ENTRY_TOUCHED,2021-01-04 08:57:00,2021-01-04 09:20:00,ENTRY_TOUCHED,0.05,0.45
2021-01-04 08:57:00,th_ec561c13dfa995be,cand_M3_th_ec561c13dfa995be_2021-01-04 08:57:00,pass_b921049b10036383,LONG,M30,M3,1846.90,1836.90,1866.90,ENTRY_TOUCHED,2021-01-04 08:57:00,2021-01-04 09:20:00,ENTRY_TOUCHED,0.05,0.45
2021-01-04 08:57:00,th_a8e2cd8e2710a9e1,cand_M3_th_a8e2cd8e2710a9e1_2021-01-04 08:57:00,pass_a7f762aee878f5ff,LONG,M30,M3,1846.90,1836.90,1866.90,ENTRY_TOUCHED,2021-01-04 08:57:00,2021-01-04 09:20:00,ENTRY_TOUCHED,0.05,0.45
2021-01-04 08:57:00,th_54d643bf03d15a1f,cand_M3_th_54d643bf03d15a1f_2021-01-04 08:57:00,pass_4770c1db28f14cf1,LONG,M30,M3,1846.90,1836.90,1866.90,ENTRY_TOUCHED,2021-01-04 08:57:00,2021-01-04 09:20:00,ENTRY_TOUCHED,0.05,0.45
2021-01-04 08:57:00,th_0cc920c90f7154b4,cand_M3_th_0cc920c90f7154b4_2021-01-04 08:57:00,pass_c4d36d600e821ffc,LONG,M30,M3,1846.90,1836.90,1866.90,ENTRY_TOUCHED,2021-01-04 08:57:00,2021-01-04 09:20:00,ENTRY_TOUCHED,0.05,0.45
2021-01-04 08:57:00,th_560d9a0f75392210,cand_M3_th_560d9a0f75392210_2021-01-04 08:57:00,pass_08e22756c9c65c88,LONG,M30,M3,1846.90,1836.90,1866.90,ENTRY_TOUCHED,2021-01-04 08:57:00,2021-01-04 09:20:00,ENTRY_TOUCHED,0.05,0.45
2021-01-04 08:57:00,th_d254a38f1696e9eb,cand_M3_th_d254a38f1696e9eb_2021-01-04 08:57:00,pass_3591834191611f6b,LONG,M30,M3,1846.90,1836.90,1866.90,ENTRY_TOUCHED,2021-01-04 08:57:00,2021-01-04 09:20:00,ENTRY_TOUCHED,0.05,0.45
2021-01-04 08:57:00,th_3973ff8586aa6c3d,cand_M3_th_3973ff8586aa6c3d_2021-01-04 08:57:00,pass_0d444a8a5949c34f,LONG,M30,M3,1846.90,1836.90,1866.90,ENTRY_TOUCHED,2021-01-04 08:57:00,2021-01-04 09:20:00,ENTRY_TOUCHED,0.05,0.45
2021-01-04 08:57:00,th_7d153f83cbbb6274,cand_M3_th_7d153f83cbbb6274_2021-01-04 08:57:00,pass_a78721ed9e254207,LONG,M30,M3,1846.90,1836.90,1866.90,ENTRY_TOUCHED,2021-01-04 08:57:00,2021-01-04 09:20:00,ENTRY_TOUCHED,0.05,0.45
2021-01-04 09:00:00,th_c6a3fea6cfabf2b7,cand_M5_th_c6a3fea6cfabf2b7_2021-01-04 09:00:00,pass_649c32084c999ff2,LONG,M30,M5,1847.20,1837.20,1867.20,ENTRY_TOUCHED,2021-01-04 09:00:00,2021-01-04 09:20:00,ENTRY_TOUCHED,0.05,0.42
2021-01-04 09:00:00,th_ab2b87b6a68aba30,cand_M5_th_ab2b87b6a68aba30_2021-01-04 09:00:00,pass_cb357cca458dd3da,LONG,M30,M5,1847.20,1837.20,1867.20,ENTRY_TOUCHED,2021-01-04 09:00:00,2021-01-04 09:20:00,ENTRY_TOUCHED,0.05,0.42
2021-01-04 09:00:00,th_19305dc78a364622,cand_M5_th_19305dc78a364622_2021-01-04 09:00:00,pass_957a153106874c01,LONG,M30,M5,1847.20,1837.20,1867.20,ENTRY_TOUCHED,2021-01-04 09:00:00,2021-01-04 09:20:00,ENTRY_TOUCHED,0.05,0.42
2021-01-04 09:00:00,th_e9804d1bd00856fe,cand_M5_th_e9804d1bd00856fe_2021-01-04 09:00:00,pass_2c0544a837c5b04b,LONG,M30,M5,1847.20,1837.20,1867.20,ENTRY_TOUCHED,2021-01-04 09:00:00,2021-01-04 09:20:00,ENTRY_TOUCHED,0.05,0.42
2021-01-04 09:00:00,th_748ea98708c94abb,cand_M5_th_748ea98708c94abb_2021-01-04 09:00:00,pass_df20686713e243d7,LONG,M30,M5,1847.20,1837.20,1867.20,ENTRY_TOUCHED,2021-01-04 09:00:00,2021-01-04 09:20:00,ENTRY_TOUCHED,0.05,0.42
2021-01-04 09:00:00,th_818f74a02dbe690b,cand_M5_th_818f74a02dbe690b_2021-01-04 09:00:00,pass_6b00774658c93eb3,LONG,M30,M5,1847.20,1837.20,1867.20,ENTRY_TOUCHED,2021-01-04 09:00:00,2021-01-04 09:20:00,ENTRY_TOUCHED,0.05,0.42
2021-01-04 09:00:00,th_1de6b90c3de92f9d,cand_M5_th_1de6b90c3de92f9d_2021-01-04 09:00:00,pass_f4400315443131e9,LONG,M30,M5,1847.20,1837.20,1867.20,ENTRY_TOUCHED,2021-01-04 09:00:00,2021-01-04 09:20:00,ENTRY_TOUCHED,0.05,0.42
2021-01-04 09:00:00,th_ec561c13dfa995be,cand_M5_th_ec561c13dfa995be_2021-01-04 09:00:00,pass_5d65a0d7ea0f30da,LONG,M30,M5,1847.20,1837.20,1867.20,ENTRY_TOUCHED,2021-01-04 09:00:00,2021-01-04 09:20:00,ENTRY_TOUCHED,0.05,0.42
2021-01-04 09:00:00,th_a8e2cd8e2710a9e1,cand_M5_th_a8e2cd8e2710a9e1_2021-01-04 09:00:00,pass_0c9deddc5ffb29c8,LONG,M30,M5,1847.20,1837.20,1867.20,ENTRY_TOUCHED,2021-01-04 09:00:00,2021-01-04 09:20:00,ENTRY_TOUCHED,0.05,0.42
2021-01-04 09:00:00,th_54d643bf03d15a1f,cand_M5_th_54d643bf03d15a1f_2021-01-04 09:00:00,pass_048a53ef0f9a2975,LONG,M30,M5,1847.20,1837.20,1867.20,ENTRY_TOUCHED,2021-01-04 09:00:00,2021-01-04 09:20:00,ENTRY_TOUCHED,0.05,0.42
2021-01-04 09:00:00,th_0cc920c90f7154b4,cand_M5_th_0cc920c90f7154b4_2021-01-04 09:00:00,pass_18e4ef3aa7d95bc9,LONG,M30,M5,1847.20,1837.20,1867.20,ENTRY_TOUCHED,2021-01-04 09:00:00,2021-01-04 09:20:00,ENTRY_TOUCHED,0.05,0.42
2021-01-04 09:00:00,th_560d9a0f75392210,cand_M5_th_560d9a0f75392210_2021-01-04 09:00:00,pass_1c905dcc80dae92a,LONG,M30,M5,1847.20,1837.20,1867.20,ENTRY_TOUCHED,2021-01-04 09:00:00,2021-01-04 09:20:00,ENTRY_TOUCHED,0.05,0.42
2021-01-04 09:00:00,th_d254a38f1696e9eb,cand_M5_th_d254a38f1696e9eb_2021-01-04 09:00:00,pass_7980f22dc5edfc57,LONG,M30,M5,1847.20,1837.20,1867.20,ENTRY_TOUCHED,2021-01-04 09:00:00,2021-01-04 09:20:00,ENTRY_TOUCHED,0.05,0.42
2021-01-04 09:00:00,th_3973ff8586aa6c3d,cand_M5_th_3973ff8586aa6c3d_2021-01-04 09:00:00,pass_084888a4e263abed,LONG,M30,M5,1847.20,1837.20,1867.20,ENTRY_TOUCHED,2021-01-04 09:00:00,2021-01-04 09:20:00,ENTRY_TOUCHED,0.05,0.42
2021-01-04 09:00:00,th_7d153f83cbbb6274,cand_M5_th_7d153f83cbbb6274_2021-01-04 09:00:00,pass_53f89a84a504b937,LONG,M30,M5,1847.20,1837.20,1867.20,ENTRY_TOUCHED,2021-01-04 09:00:00,2021-01-04 09:20:00,ENTRY_TOUCHED,0.05,0.42
2021-01-04 09:00:00,th_563d199098aeb4b0,cand_M5_th_563d199098aeb4b0_2021-01-04 09:00:00,pass_5a78876c92a61da0,LONG,M30,M5,1847.20,1837.20,1867.20,ENTRY_TOUCHED,2021-01-04 09:00:00,2021-01-04 09:20:00,ENTRY_TOUCHED,0.05,0.42
2021-01-04 09:00:00,th_c6a3fea6cfabf2b7,cand_M3_th_c6a3fea6cfabf2b7_2021-01-04 09:00:00,pass_b73bd61af308517e,LONG,M30,M3,1847.20,1837.20,1867.20,ENTRY_TOUCHED,2021-01-04 09:00:00,2021-01-04 09:20:00,ENTRY_TOUCHED,0.05,0.42
2021-01-04 09:00:00,th_ab2b87b6a68aba30,cand_M3_th_ab2b87b6a68aba30_2021-01-04 09:00:00,pass_5f1355a64d704e71,LONG,M30,M3,1847.20,1837.20,1867.20,ENTRY_TOUCHED,2021-01-04 09:00:00,2021-01-04 09:20:00,ENTRY_TOUCHED,0.05,0.42
2021-01-04 09:00:00,th_19305dc78a364622,cand_M3_th_19305dc78a364622_2021-01-04 09:00:00,pass_7ecff67dc8a0a44c,LONG,M30,M3,1847.20,1837.20,1867.20,ENTRY_TOUCHED,2021-01-04 09:00:00,2021-01-04 09:20:00,ENTRY_TOUCHED,0.05,0.42
2021-01-04 09:00:00,th_e9804d1bd00856fe,cand_M3_th_e9804d1bd00856fe_2021-01-04 09:00:00,pass_84e84ce98ca8b992,LONG,M30,M3,1847.20,1837.20,1867.20,ENTRY_TOUCHED,2021-01-04 09:00:00,2021-01-04 09:20:00,ENTRY_TOUCHED,0.05,0.42
2021-01-04 09:00:00,th_748ea98708c94abb,cand_M3_th_748ea98708c94abb_2021-01-04 09:00:00,pass_529a005d3ee47b0c,LONG,M30,M3,1847.20,1837.20,1867.20,ENTRY_TOUCHED,2021-01-04 09:00:00,2021-01-04 09:20:00,ENTRY_TOUCHED,0.05,0.42
2021-01-04 09:00:00,th_818f74a02dbe690b,cand_M3_th_818f74a02dbe690b_2021-01-04 09:00:00,pass_448902569e7aae57,LONG,M30,M3,1847.20,1837.20,1867.20,ENTRY_TOUCHED,2021-01-04 09:00:00,2021-01-04 09:20:00,ENTRY_TOUCHED,0.05,0.42
2021-01-04 09:00:00,th_1de6b90c3de92f9d,cand_M3_th_1de6b90c3de92f9d_2021-01-04 09:00:00,pass_99afd2e9c1b99611,LONG,M30,M3,1847.20,1837.20,1867.20,ENTRY_TOUCHED,2021-01-04 09:00:00,2021-01-04 09:20:00,ENTRY_TOUCHED,0.05,0.42
2021-01-04 09:00:00,th_ec561c13dfa995be,cand_M3_th_ec561c13dfa995be_2021-01-04 09:00:00,pass_e338ba24f69b9162,LONG,M30,M3,1847.20,1837.20,1867.20,ENTRY_TOUCHED,2021-01-04 09:00:00,2021-01-04 09:20:00,ENTRY_TOUCHED,0.05,0.42
2021-01-04 09:00:00,th_a8e2cd8e2710a9e1,cand_M3_th_a8e2cd8e2710a9e1_2021-01-04 09:00:00,pass_19495862bbd199a8,LONG,M30,M3,1847.20,1837.20,1867.20,ENTRY_TOUCHED,2021-01-04 09:00:00,2021-01-04 09:20:00,ENTRY_TOUCHED,0.05,0.42
2021-01-04 09:00:00,th_54d643bf03d15a1f,cand_M3_th_54d643bf03d15a1f_2021-01-04 09:00:00,pass_2adb291c32852b3c,LONG,M30,M3,1847.20,1837.20,1867.20,ENTRY_TOUCHED,2021-01-04 09:00:00,2021-01-04 09:20:00,ENTRY_TOUCHED,0.05,0.42
2021-01-04 09:00:00,th_0cc920c90f7154b4,cand_M3_th_0cc920c90f7154b4_2021-01-04 09:00:00,pass_9f71bb9ac3f9f4ff,LONG,M30,M3,1847.20,1837.20,1867.20,ENTRY_TOUCHED,2021-01-04 09:00:00,2021-01-04 09:20:00,ENTRY_TOUCHED,0.05,0.42
2021-01-04 09:00:00,th_560d9a0f75392210,cand_M3_th_560d9a0f75392210_2021-01-04 09:00:00,pass_f3b9c8426fdb55d3,LONG,M30,M3,1847.20,1837.20,1867.20,ENTRY_TOUCHED,2021-01-04 09:00:00,2021-01-04 09:20:00,ENTRY_TOUCHED,0.05,0.42
2021-01-04 09:00:00,th_d254a38f1696e9eb,cand_M3_th_d254a38f1696e9eb_2021-01-04 09:00:00,pass_29d5392a73bc0e10,LONG,M30,M3,1847.20,1837.20,1867.20,ENTRY_TOUCHED,2021-01-04 09:00:00,2021-01-04 09:20:00,ENTRY_TOUCHED,0.05,0.42
2021-01-04 09:00:00,th_3973ff8586aa6c3d,cand_M3_th_3973ff8586aa6c3d_2021-01-04 09:00:00,pass_dc3c4e59e7b0a7c6,LONG,M30,M3,1847.20,1837.20,1867.20,ENTRY_TOUCHED,2021-01-04 09:00:00,2021-01-04 09:20:00,ENTRY_TOUCHED,0.05,0.42
2021-01-04 09:00:00,th_7d153f83cbbb6274,cand_M3_th_7d153f83cbbb6274_2021-01-04 09:00:00,pass_cc6acccc37536b49,LONG,M30,M3,1847.20,1837.20,1867.20,ENTRY_TOUCHED,2021-01-04 09:00:00,2021-01-04 09:20:00,ENTRY_TOUCHED,0.05,0.42
2021-01-04 09:00:00,th_563d199098aeb4b0,cand_M3_th_563d199098aeb4b0_2021-01-04 09:00:00,pass_8098da33ede1d7bb,LONG,M30,M3,1847.20,1837.20,1867.20,ENTRY_TOUCHED,2021-01-04 09:00:00,2021-01-04 09:20:00,ENTRY_TOUCHED,0.05,0.42
2021-01-04 09:03:00,th_c6a3fea6cfabf2b7,cand_M3_th_c6a3fea6cfabf2b7_2021-01-04 09:03:00,pass_31ad8d8e0b26f540,LONG,M30,M3,1847.50,1837.50,1867.50,ENTRY_TOUCHED,2021-01-04 09:03:00,2021-01-04 09:20:00,ENTRY_TOUCHED,0.05,0.39
2021-01-04 09:03:00,th_ab2b87b6a68aba30,cand_M3_th_ab2b87b6a68aba30_2021-01-04 09:03:00,pass_e222910732af5932,LONG,M30,M3,1847.50,1837.50,1867.50,ENTRY_TOUCHED,2021-01-04 09:03:00,2021-01-04 09:20:00,ENTRY_TOUCHED,0.05,0.39
2021-01-04 09:03:00,th_19305dc78a364622,cand_M3_th_19305dc78a364622_2021-01-04 09:03:00,pass_0dd54f3a3e6dc481,LONG,M30,M3,1847.50,1837.50,1867.50,ENTRY_TOUCHED,2021-01-04 09:03:00,2021-01-04 09:20:00,ENTRY_TOUCHED,0.05,0.39
2021-01-04 09:03:00,th_e9804d1bd00856fe,cand_M3_th_e9804d1bd00856fe_2021-01-04 09:03:00,pass_ad35b1c213fe8852,LONG,M30,M3,1847.50,1837.50,1867.50,ENTRY_TOUCHED,2021-01-04 09:03:00,2021-01-04 09:20:00,ENTRY_TOUCHED,0.05,0.39
2021-01-04 09:03:00,th_748ea98708c94abb,cand_M3_th_748ea98708c94abb_2021-01-04 09:03:00,pass_0206ba102cb29989,LONG,M30,M3,1847.50,1837.50,1867.50,ENTRY_TOUCHED,2021-01-04 09:03:00,2021-01-04 09:20:00,ENTRY_TOUCHED,0.05,0.39
2021-01-04 09:03:00,th_818f74a02dbe690b,cand_M3_th_818f74a02dbe690b_2021-01-04 09:03:00,pass_f448c123949c742a,LONG,M30,M3,1847.50,1837.50,1867.50,ENTRY_TOUCHED,2021-01-04 09:03:00,2021-01-04 09:20:00,ENTRY_TOUCHED,0.05,0.39
2021-01-04 09:03:00,th_1de6b90c3de92f9d,cand_M3_th_1de6b90c3de92f9d_2021-01-04 09:03:00,pass_562253805c913a08,LONG,M30,M3,1847.50,1837.50,1867.50,ENTRY_TOUCHED,2021-01-04 09:03:00,2021-01-04 09:20:00,ENTRY_TOUCHED,0.05,0.39
2021-01-04 09:03:00,th_ec561c13dfa995be,cand_M3_th_ec561c13dfa995be_2021-01-04 09:03:00,pass_6fba028c5d51d347,LONG,M30,M3,1847.50,1837.50,1867.50,ENTRY_TOUCHED,2021-01-04 09:03:00,2021-01-04 09:20:00,ENTRY_TOUCHED,0.05,0.39
2021-01-04 09:03:00,th_a8e2cd8e2710a9e1,cand_M3_th_a8e2cd8e2710a9e1_2021-01-04 09:03:00,pass_68f7a6b60b5e435b,LONG,M30,M3,1847.50,1837.50,1867.50,ENTRY_TOUCHED,2021-01-04 09:03:00,2021-01-04 09:20:00,ENTRY_TOUCHED,0.05,0.39
2021-01-04 09:03:00,th_54d643bf03d15a1f,cand_M3_th_54d643bf03d15a1f_2021-01-04 09:03:00,pass_c5b1c81468c3b85d,LONG,M30,M3,1847.50,1837.50,1867.50,ENTRY_TOUCHED,2021-01-04 09:03:00,2021-01-04 09:20:00,ENTRY_TOUCHED,0.05,0.39
2021-01-04 09:03:00,th_0cc920c90f7154b4,cand_M3_th_0cc920c90f7154b4_2021-01-04 09:03:00,pass_7a951a985774baf0,LONG,M30,M3,1847.50,1837.50,1867.50,ENTRY_TOUCHED,2021-01-04 09:03:00,2021-01-04 09:20:00,ENTRY_TOUCHED,0.05,0.39
2021-01-04 09:03:00,th_560d9a0f75392210,cand_M3_th_560d9a0f75392210_2021-01-04 09:03:00,pass_51f97f24ead21583,LONG,M30,M3,1847.50,1837.50,1867.50,ENTRY_TOUCHED,2021-01-04 09:03:00,2021-01-04 09:20:00,ENTRY_TOUCHED,0.05,0.39
2021-01-04 09:03:00,th_d254a38f1696e9eb,cand_M3_th_d254a38f1696e9eb_2021-01-04 09:03:00,pass_0a9986168c8a280a,LONG,M30,M3,1847.50,1837.50,1867.50,ENTRY_TOUCHED,2021-01-04 09:03:00,2021-01-04 09:20:00,ENTRY_TOUCHED,0.05,0.39
2021-01-04 09:03:00,th_3973ff8586aa6c3d,cand_M3_th_3973ff8586aa6c3d_2021-01-04 09:03:00,pass_6ae83cc1426eaf30,LONG,M30,M3,1847.50,1837.50,1867.50,ENTRY_TOUCHED,2021-01-04 09:03:00,2021-01-04 09:20:00,ENTRY_TOUCHED,0.05,0.39
2021-01-04 09:03:00,th_7d153f83cbbb6274,cand_M3_th_7d153f83cbbb6274_2021-01-04 09:03:00,pass_27713055c14bdd2b,LONG,M30,M3,1847.50,1837.50,1867.50,ENTRY_TOUCHED,2021-01-04 09:03:00,2021-01-04 09:20:00,ENTRY_TOUCHED,0.05,0.39
2021-01-04 09:03:00,th_563d199098aeb4b0,cand_M3_th_563d199098aeb4b0_2021-01-04 09:03:00,pass_f5e0067b712820a9,LONG,M30,M3,1847.50,1837.50,1867.50,ENTRY_TOUCHED,2021-01-04 09:03:00,2021-01-04 09:20:00,ENTRY_TOUCHED,0.05,0.39
2021-01-04 09:05:00,th_c6a3fea6cfabf2b7,cand_M5_th_c6a3fea6cfabf2b7_2021-01-04 09:05:00,pass_20effc77473ea4c3,LONG,M30,M5,1847.70,1837.70,1867.70,ENTRY_TOUCHED,2021-01-04 09:05:00,2021-01-04 09:20:00,ENTRY_TOUCHED,0.05,0.37
2021-01-04 09:05:00,th_ab2b87b6a68aba30,cand_M5_th_ab2b87b6a68aba30_2021-01-04 09:05:00,pass_85e0111002b75af0,LONG,M30,M5,1847.70,1837.70,1867.70,ENTRY_TOUCHED,2021-01-04 09:05:00,2021-01-04 09:20:00,ENTRY_TOUCHED,0.05,0.37
2021-01-04 09:05:00,th_19305dc78a364622,cand_M5_th_19305dc78a364622_2021-01-04 09:05:00,pass_594c59df5161bf88,LONG,M30,M5,1847.70,1837.70,1867.70,ENTRY_TOUCHED,2021-01-04 09:05:00,2021-01-04 09:20:00,ENTRY_TOUCHED,0.05,0.37
2021-01-04 09:05:00,th_e9804d1bd00856fe,cand_M5_th_e9804d1bd00856fe_2021-01-04 09:05:00,pass_afbabd71abb1f224,LONG,M30,M5,1847.70,1837.70,1867.70,ENTRY_TOUCHED,2021-01-04 09:05:00,2021-01-04 09:20:00,ENTRY_TOUCHED,0.05,0.37
2021-01-04 09:05:00,th_748ea98708c94abb,cand_M5_th_748ea98708c94abb_2021-01-04 09:05:00,pass_a757d31ff4964666,LONG,M30,M5,1847.70,1837.70,1867.70,ENTRY_TOUCHED,2021-01-04 09:05:00,2021-01-04 09:20:00,ENTRY_TOUCHED,0.05,0.37
2021-01-04 09:05:00,th_818f74a02dbe690b,cand_M5_th_818f74a02dbe690b_2021-01-04 09:05:00,pass_0158dfd45ffcd205,LONG,M30,M5,1847.70,1837.70,1867.70,ENTRY_TOUCHED,2021-01-04 09:05:00,2021-01-04 09:20:00,ENTRY_TOUCHED,0.05,0.37
2021-01-04 09:05:00,th_1de6b90c3de92f9d,cand_M5_th_1de6b90c3de92f9d_2021-01-04 09:05:00,pass_f433193e77811632,LONG,M30,M5,1847.70,1837.70,1867.70,ENTRY_TOUCHED,2021-01-04 09:05:00,2021-01-04 09:20:00,ENTRY_TOUCHED,0.05,0.37
2021-01-04 09:05:00,th_ec561c13dfa995be,cand_M5_th_ec561c13dfa995be_2021-01-04 09:05:00,pass_f5f231c2a497b892,LONG,M30,M5,1847.70,1837.70,1867.70,ENTRY_TOUCHED,2021-01-04 09:05:00,2021-01-04 09:20:00,ENTRY_TOUCHED,0.05,0.37
2021-01-04 09:05:00,th_a8e2cd8e2710a9e1,cand_M5_th_a8e2cd8e2710a9e1_2021-01-04 09:05:00,pass_c50b74477402bf7a,LONG,M30,M5,1847.70,1837.70,1867.70,ENTRY_TOUCHED,2021-01-04 09:05:00,2021-01-04 09:20:00,ENTRY_TOUCHED,0.05,0.37
2021-01-04 09:05:00,th_54d643bf03d15a1f,cand_M5_th_54d643bf03d15a1f_2021-01-04 09:05:00,pass_216c1081778c0d69,LONG,M30,M5,1847.70,1837.70,1867.70,ENTRY_TOUCHED,2021-01-04 09:05:00,2021-01-04 09:20:00,ENTRY_TOUCHED,0.05,0.37
2021-01-04 09:05:00,th_0cc920c90f7154b4,cand_M5_th_0cc920c90f7154b4_2021-01-04 09:05:00,pass_6eba240bd46d8354,LONG,M30,M5,1847.70,1837.70,1867.70,ENTRY_TOUCHED,2021-01-04 09:05:00,2021-01-04 09:20:00,ENTRY_TOUCHED,0.05,0.37
2021-01-04 09:05:00,th_560d9a0f75392210,cand_M5_th_560d9a0f75392210_2021-01-04 09:05:00,pass_9fb15c4168ee1c60,LONG,M30,M5,1847.70,1837.70,1867.70,ENTRY_TOUCHED,2021-01-04 09:05:00,2021-01-04 09:20:00,ENTRY_TOUCHED,0.05,0.37
2021-01-04 09:05:00,th_d254a38f1696e9eb,cand_M5_th_d254a38f1696e9eb_2021-01-04 09:05:00,pass_00b72da0a4d7bb66,LONG,M30,M5,1847.70,1837.70,1867.70,ENTRY_TOUCHED,2021-01-04 09:05:00,2021-01-04 09:20:00,ENTRY_TOUCHED,0.05,0.37
2021-01-04 09:05:00,th_3973ff8586aa6c3d,cand_M5_th_3973ff8586aa6c3d_2021-01-04 09:05:00,pass_18625e770338905c,LONG,M30,M5,1847.70,1837.70,1867.70,ENTRY_TOUCHED,2021-01-04 09:05:00,2021-01-04 09:20:00,ENTRY_TOUCHED,0.05,0.37
2021-01-04 09:05:00,th_7d153f83cbbb6274,cand_M5_th_7d153f83cbbb6274_2021-01-04 09:05:00,pass_583103fd30e13fab,LONG,M30,M5,1847.70,1837.70,1867.70,ENTRY_TOUCHED,2021-01-04 09:05:00,2021-01-04 09:20:00,ENTRY_TOUCHED,0.05,0.37
2021-01-04 09:05:00,th_563d199098aeb4b0,cand_M5_th_563d199098aeb4b0_2021-01-04 09:05:00,pass_aca5059675195ca8,LONG,M30,M5,1847.70,1837.70,1867.70,ENTRY_TOUCHED,2021-01-04 09:05:00,2021-01-04 09:20:00,ENTRY_TOUCHED,0.05,0.37
2021-01-04 09:06:00,th_c6a3fea6cfabf2b7,cand_M3_th_c6a3fea6cfabf2b7_2021-01-04 09:06:00,pass_9599bb45ca0e7dcb,LONG,M30,M3,1847.80,1837.80,1867.80,ENTRY_TOUCHED,2021-01-04 09:06:00,2021-01-04 09:20:00,ENTRY_TOUCHED,0.05,0.36
2021-01-04 09:06:00,th_ab2b87b6a68aba30,cand_M3_th_ab2b87b6a68aba30_2021-01-04 09:06:00,pass_e07bc6df47165838,LONG,M30,M3,1847.80,1837.80,1867.80,ENTRY_TOUCHED,2021-01-04 09:06:00,2021-01-04 09:20:00,ENTRY_TOUCHED,0.05,0.36
2021-01-04 09:06:00,th_19305dc78a364622,cand_M3_th_19305dc78a364622_2021-01-04 09:06:00,pass_a4de3df83ea9b5d0,LONG,M30,M3,1847.80,1837.80,1867.80,ENTRY_TOUCHED,2021-01-04 09:06:00,2021-01-04 09:20:00,ENTRY_TOUCHED,0.05,0.36
2021-01-04 09:06:00,th_e9804d1bd00856fe,cand_M3_th_e9804d1bd00856fe_2021-01-04 09:06:00,pass_d36f8e02f3042667,LONG,M30,M3,1847.80,1837.80,1867.80,ENTRY_TOUCHED,2021-01-04 09:06:00,2021-01-04 09:20:00,ENTRY_TOUCHED,0.05,0.36
2021-01-04 09:06:00,th_748ea98708c94abb,cand_M3_th_748ea98708c94abb_2021-01-04 09:06:00,pass_3787324e486ab83a,LONG,M30,M3,1847.80,1837.80,1867.80,ENTRY_TOUCHED,2021-01-04 09:06:00,2021-01-04 09:20:00,ENTRY_TOUCHED,0.05,0.36
2021-01-04 09:06:00,th_818f74a02dbe690b,cand_M3_th_818f74a02dbe690b_2021-01-04 09:06:00,pass_bd4fec76d99dcda0,LONG,M30,M3,1847.80,1837.80,1867.80,ENTRY_TOUCHED,2021-01-04 09:06:00,2021-01-04 09:20:00,ENTRY_TOUCHED,0.05,0.36
2021-01-04 09:06:00,th_1de6b90c3de92f9d,cand_M3_th_1de6b90c3de92f9d_2021-01-04 09:06:00,pass_5c157559682386c1,LONG,M30,M3,1847.80,1837.80,1867.80,ENTRY_TOUCHED,2021-01-04 09:06:00,2021-01-04 09:20:00,ENTRY_TOUCHED,0.05,0.36
2021-01-04 09:06:00,th_ec561c13dfa995be,cand_M3_th_ec561c13dfa995be_2021-01-04 09:06:00,pass_bcc8c7c6c6ccd1dd,LONG,M30,M3,1847.80,1837.80,1867.80,ENTRY_TOUCHED,2021-01-04 09:06:00,2021-01-04 09:20:00,ENTRY_TOUCHED,0.05,0.36
2021-01-04 09:06:00,th_a8e2cd8e2710a9e1,cand_M3_th_a8e2cd8e2710a9e1_2021-01-04 09:06:00,pass_d6d2251d3be47098,LONG,M30,M3,1847.80,1837.80,1867.80,ENTRY_TOUCHED,2021-01-04 09:06:00,2021-01-04 09:20:00,ENTRY_TOUCHED,0.05,0.36
2021-01-04 09:06:00,th_54d643bf03d15a1f,cand_M3_th_54d643bf03d15a1f_2021-01-04 09:06:00,pass_f45c94c76aaf2f69,LONG,M30,M3,1847.80,1837.80,1867.80,ENTRY_TOUCHED,2021-01-04 09:06:00,2021-01-04 09:20:00,ENTRY_TOUCHED,0.05,0.36
2021-01-04 09:06:00,th_0cc920c90f7154b4,cand_M3_th_0cc920c90f7154b4_2021-01-04 09:06:00,pass_8fe2939e3ad99029,LONG,M30,M3,1847.80,1837.80,1867.80,ENTRY_TOUCHED,2021-01-04 09:06:00,2021-01-04 09:20:00,ENTRY_TOUCHED,0.05,0.36
2021-01-04 09:06:00,th_560d9a0f75392210,cand_M3_th_560d9a0f75392210_2021-01-04 09:06:00,pass_b6d0719b3ffcaf25,LONG,M30,M3,1847.80,1837.80,1867.80,ENTRY_TOUCHED,2021-01-04 09:06:00,2021-01-04 09:20:00,ENTRY_TOUCHED,0.05,0.36
2021-01-04 09:06:00,th_d254a38f1696e9eb,cand_M3_th_d254a38f1696e9eb_2021-01-04 09:06:00,pass_698d7cdb09dafe36,LONG,M30,M3,1847.80,1837.80,1867.80,ENTRY_TOUCHED,2021-01-04 09:06:00,2021-01-04 09:20:00,ENTRY_TOUCHED,0.05,0.36
2021-01-04 09:06:00,th_3973ff8586aa6c3d,cand_M3_th_3973ff8586aa6c3d_2021-01-04 09:06:00,pass_ca14b93ac7c33f70,LONG,M30,M3,1847.80,1837.80,1867.80,ENTRY_TOUCHED,2021-01-04 09:06:00,2021-01-04 09:20:00,ENTRY_TOUCHED,0.05,0.36
2021-01-04 09:06:00,th_7d153f83cbbb6274,cand_M3_th_7d153f83cbbb6274_2021-01-04 09:06:00,pass_ce5eee331f44e764,LONG,M30,M3,1847.80,1837.80,1867.80,ENTRY_TOUCHED,2021-01-04 09:06:00,2021-01-04 09:20:00,ENTRY_TOUCHED,0.05,0.36
2021-01-04 09:06:00,th_563d199098aeb4b0,cand_M3_th_563d199098aeb4b0_2021-01-04 09:06:00,pass_8668c9d05757d829,LONG,M30,M3,1847.80,1837.80,1867.80,ENTRY_TOUCHED,2021-01-04 09:06:00,2021-01-04 09:20:00,ENTRY_TOUCHED,0.05,0.36
2021-01-04 09:09:00,th_c6a3fea6cfabf2b7,cand_M3_th_c6a3fea6cfabf2b7_2021-01-04 09:09:00,pass_6bddb58d5e0ca246,LONG,M30,M3,1848.10,1838.10,1868.10,ENTRY_TOUCHED,2021-01-04 09:09:00,2021-01-04 09:20:00,ENTRY_TOUCHED,0.05,0.33
2021-01-04 09:09:00,th_ab2b87b6a68aba30,cand_M3_th_ab2b87b6a68aba30_2021-01-04 09:09:00,pass_c9f2f6d9935e5931,LONG,M30,M3,1848.10,1838.10,1868.10,ENTRY_TOUCHED,2021-01-04 09:09:00,2021-01-04 09:20:00,ENTRY_TOUCHED,0.05,0.33
2021-01-04 09:09:00,th_19305dc78a364622,cand_M3_th_19305dc78a364622_2021-01-04 09:09:00,pass_d3dbd7e8c463330a,LONG,M30,M3,1848.10,1838.10,1868.10,ENTRY_TOUCHED,2021-01-04 09:09:00,2021-01-04 09:20:00,ENTRY_TOUCHED,0.05,0.33
2021-01-04 09:09:00,th_e9804d1bd00856fe,cand_M3_th_e9804d1bd00856fe_2021-01-04 09:09:00,pass_96cd4478db80c738,LONG,M30,M3,1848.10,1838.10,1868.10,ENTRY_TOUCHED,2021-01-04 09:09:00,2021-01-04 09:20:00,ENTRY_TOUCHED,0.05,0.33
2021-01-04 09:09:00,th_748ea98708c94abb,cand_M3_th_748ea98708c94abb_2021-01-04 09:09:00,pass_812de3226ffe7c84,LONG,M30,M3,1848.10,1838.10,1868.10,ENTRY_TOUCHED,2021-01-04 09:09:00,2021-01-04 09:20:00,ENTRY_TOUCHED,0.05,0.33
2021-01-04 09:09:00,th_818f74a02dbe690b,cand_M3_th_818f74a02dbe690b_2021-01-04 09:09:00,pass_dda6e5c51a869ea0,LONG,M30,M3,1848.10,1838.10,1868.10,ENTRY_TOUCHED,2021-01-04 09:09:00,2021-01-04 09:20:00,ENTRY_TOUCHED,0.05,0.33
2021-01-04 09:09:00,th_1de6b90c3de92f9d,cand_M3_th_1de6b90c3de92f9d_2021-01-04 09:09:00,pass_fdde362d1ef1969e,LONG,M30,M3,1848.10,1838.10,1868.10,ENTRY_TOUCHED,2021-01-04 09:09:00,2021-01-04 09:20:00,ENTRY_TOUCHED,0.05,0.33
2021-01-04 09:09:00,th_ec561c13dfa995be,cand_M3_th_ec561c13dfa995be_2021-01-04 09:09:00,pass_595c09cac2e171be,LONG,M30,M3,1848.10,1838.10,1868.10,ENTRY_TOUCHED,2021-01-04 09:09:00,2021-01-04 09:20:00,ENTRY_TOUCHED,0.05,0.33
2021-01-04 09:09:00,th_a8e2cd8e2710a9e1,cand_M3_th_a8e2cd8e2710a9e1_2021-01-04 09:09:00,pass_3b02d4f3dd6562f4,LONG,M30,M3,1848.10,1838.10,1868.10,ENTRY_TOUCHED,2021-01-04 09:09:00,2021-01-04 09:20:00,ENTRY_TOUCHED,0.05,0.33
2021-01-04 09:09:00,th_54d643bf03d15a1f,cand_M3_th_54d643bf03d15a1f_2021-01-04 09:09:00,pass_21a18e1ffe98bff0,LONG,M30,M3,1848.10,1838.10,1868.10,ENTRY_TOUCHED,2021-01-04 09:09:00,2021-01-04 09:20:00,ENTRY_TOUCHED,0.05,0.33
2021-01-04 09:09:00,th_0cc920c90f7154b4,cand_M3_th_0cc920c90f7154b4_2021-01-04 09:09:00,pass_c053f15dc810d2c0,LONG,M30,M3,1848.10,1838.10,1868.10,ENTRY_TOUCHED,2021-01-04 09:09:00,2021-01-04 09:20:00,ENTRY_TOUCHED,0.05,0.33
2021-01-04 09:09:00,th_560d9a0f75392210,cand_M3_th_560d9a0f75392210_2021-01-04 09:09:00,pass_8b070038ccdf51b9,LONG,M30,M3,1848.10,1838.10,1868.10,ENTRY_TOUCHED,2021-01-04 09:09:00,2021-01-04 09:20:00,ENTRY_TOUCHED,0.05,0.33
2021-01-04 09:09:00,th_d254a38f1696e9eb,cand_M3_th_d254a38f1696e9eb_2021-01-04 09:09:00,pass_18cc2e82b7f8dff1,LONG,M30,M3,1848.10,1838.10,1868.10,ENTRY_TOUCHED,2021-01-04 09:09:00,2021-01-04 09:20:00,ENTRY_TOUCHED,0.05,0.33
2021-01-04 09:09:00,th_3973ff8586aa6c3d,cand_M3_th_3973ff8586aa6c3d_2021-01-04 09:09:00,pass_f7e169f8e7089a2f,LONG,M30,M3,1848.10,1838.10,1868.10,ENTRY_TOUCHED,2021-01-04 09:09:00,2021-01-04 09:20:00,ENTRY_TOUCHED,0.05,0.33
2021-01-04 09:09:00,th_7d153f83cbbb6274,cand_M3_th_7d153f83cbbb6274_2021-01-04 09:09:00,pass_d9348cc93a6980b2,LONG,M30,M3,1848.10,1838.10,1868.10,ENTRY_TOUCHED,2021-01-04 09:09:00,2021-01-04 09:20:00,ENTRY_TOUCHED,0.05,0.33
2021-01-04 09:09:00,th_563d199098aeb4b0,cand_M3_th_563d199098aeb4b0_2021-01-04 09:09:00,pass_a18617368c04ea7a,LONG,M30,M3,1848.10,1838.10,1868.10,ENTRY_TOUCHED,2021-01-04 09:09:00,2021-01-04 09:20:00,ENTRY_TOUCHED,0.05,0.33
2021-01-04 09:10:00,th_c6a3fea6cfabf2b7,cand_M5_th_c6a3fea6cfabf2b7_2021-01-04 09:10:00,pass_b51f4f562a9b77cb,LONG,M30,M5,1848.20,1838.20,1868.20,ENTRY_TOUCHED,2021-01-04 09:10:00,2021-01-04 09:20:00,ENTRY_TOUCHED,0.05,0.32
2021-01-04 09:10:00,th_ab2b87b6a68aba30,cand_M5_th_ab2b87b6a68aba30_2021-01-04 09:10:00,pass_0bafc77fd39562b6,LONG,M30,M5,1848.20,1838.20,1868.20,ENTRY_TOUCHED,2021-01-04 09:10:00,2021-01-04 09:20:00,ENTRY_TOUCHED,0.05,0.32
2021-01-04 09:10:00,th_19305dc78a364622,cand_M5_th_19305dc78a364622_2021-01-04 09:10:00,pass_eda009e062353230,LONG,M30,M5,1848.20,1838.20,1868.20,ENTRY_TOUCHED,2021-01-04 09:10:00,2021-01-04 09:20:00,ENTRY_TOUCHED,0.05,0.32
2021-01-04 09:10:00,th_e9804d1bd00856fe,cand_M5_th_e9804d1bd00856fe_2021-01-04 09:10:00,pass_13e59116ec02e9ca,LONG,M30,M5,1848.20,1838.20,1868.20,ENTRY_TOUCHED,2021-01-04 09:10:00,2021-01-04 09:20:00,ENTRY_TOUCHED,0.05,0.32
2021-01-04 09:10:00,th_748ea98708c94abb,cand_M5_th_748ea98708c94abb_2021-01-04 09:10:00,pass_3f96f93d0dfe9244,LONG,M30,M5,1848.20,1838.20,1868.20,ENTRY_TOUCHED,2021-01-04 09:10:00,2021-01-04 09:20:00,ENTRY_TOUCHED,0.05,0.32
2021-01-04 09:10:00,th_818f74a02dbe690b,cand_M5_th_818f74a02dbe690b_2021-01-04 09:10:00,pass_f9401be4b4299b9b,LONG,M30,M5,1848.20,1838.20,1868.20,ENTRY_TOUCHED,2021-01-04 09:10:00,2021-01-04 09:20:00,ENTRY_TOUCHED,0.05,0.32
2021-01-04 09:10:00,th_1de6b90c3de92f9d,cand_M5_th_1de6b90c3de92f9d_2021-01-04 09:10:00,pass_5b5897b0b306125f,LONG,M30,M5,1848.20,1838.20,1868.20,ENTRY_TOUCHED,2021-01-04 09:10:00,2021-01-04 09:20:00,ENTRY_TOUCHED,0.05,0.32
2021-01-04 09:10:00,th_ec561c13dfa995be,cand_M5_th_ec561c13dfa995be_2021-01-04 09:10:00,pass_669f70ecee361f72,LONG,M30,M5,1848.20,1838.20,1868.20,ENTRY_TOUCHED,2021-01-04 09:10:00,2021-01-04 09:20:00,ENTRY_TOUCHED,0.05,0.32
2021-01-04 09:10:00,th_a8e2cd8e2710a9e1,cand_M5_th_a8e2cd8e2710a9e1_2021-01-04 09:10:00,pass_59142adb59946fd5,LONG,M30,M5,1848.20,1838.20,1868.20,ENTRY_TOUCHED,2021-01-04 09:10:00,2021-01-04 09:20:00,ENTRY_TOUCHED,0.05,0.32
2021-01-04 09:10:00,th_54d643bf03d15a1f,cand_M5_th_54d643bf03d15a1f_2021-01-04 09:10:00,pass_39f03377312ff362,LONG,M30,M5,1848.20,1838.20,1868.20,ENTRY_TOUCHED,2021-01-04 09:10:00,2021-01-04 09:20:00,ENTRY_TOUCHED,0.05,0.32
2021-01-04 09:10:00,th_0cc920c90f7154b4,cand_M5_th_0cc920c90f7154b4_2021-01-04 09:10:00,pass_1f2ef774c14429d6,LONG,M30,M5,1848.20,1838.20,1868.20,ENTRY_TOUCHED,2021-01-04 09:10:00,2021-01-04 09:20:00,ENTRY_TOUCHED,0.05,0.32
2021-01-04 09:10:00,th_560d9a0f75392210,cand_M5_th_560d9a0f75392210_2021-01-04 09:10:00,pass_bbefa70bfe249403,LONG,M30,M5,1848.20,1838.20,1868.20,ENTRY_TOUCHED,2021-01-04 09:10:00,2021-01-04 09:20:00,ENTRY_TOUCHED,0.05,0.32
2021-01-04 09:10:00,th_d254a38f1696e9eb,cand_M5_th_d254a38f1696e9eb_2021-01-04 09:10:00,pass_29fcc46bd91ea0e0,LONG,M30,M5,1848.20,1838.20,1868.20,ENTRY_TOUCHED,2021-01-04 09:10:00,2021-01-04 09:20:00,ENTRY_TOUCHED,0.05,0.32
2021-01-04 09:10:00,th_3973ff8586aa6c3d,cand_M5_th_3973ff8586aa6c3d_2021-01-04 09:10:00,pass_929a6c4baad47980,LONG,M30,M5,1848.20,1838.20,1868.20,ENTRY_TOUCHED,2021-01-04 09:10:00,2021-01-04 09:20:00,ENTRY_TOUCHED,0.05,0.32
2021-01-04 09:10:00,th_7d153f83cbbb6274,cand_M5_th_7d153f83cbbb6274_2021-01-04 09:10:00,pass_d09bfa3045adb0bd,LONG,M30,M5,1848.20,1838.20,1868.20,ENTRY_TOUCHED,2021-01-04 09:10:00,2021-01-04 09:20:00,ENTRY_TOUCHED,0.05,0.32
2021-01-04 09:10:00,th_563d199098aeb4b0,cand_M5_th_563d199098aeb4b0_2021-01-04 09:10:00,pass_b982da329b5076ac,LONG,M30,M5,1848.20,1838.20,1868.20,ENTRY_TOUCHED,2021-01-04 09:10:00,2021-01-04 09:20:00,ENTRY_TOUCHED,0.05,0.32
2021-01-04 09:12:00,th_c6a3fea6cfabf2b7,cand_M3_th_c6a3fea6cfabf2b7_2021-01-04 09:12:00,pass_d1f9a567e8ebe032,LONG,M30,M3,1848.40,1838.40,1868.40,ENTRY_TOUCHED,2021-01-04 09:12:00,2021-01-04 09:20:00,ENTRY_TOUCHED,0.05,0.30
2021-01-04 09:12:00,th_ab2b87b6a68aba30,cand_M3_th_ab2b87b6a68aba30_2021-01-04 09:12:00,pass_f4801ac32e70ae9b,LONG,M30,M3,1848.40,1838.40,1868.40,ENTRY_TOUCHED,2021-01-04 09:12:00,2021-01-04 09:20:00,ENTRY_TOUCHED,0.05,0.30
2021-01-04 09:12:00,th_19305dc78a364622,cand_M3_th_19305dc78a364622_2021-01-04 09:12:00,pass_007f86e542024db6,LONG,M30,M3,1848.40,1838.40,1868.40,ENTRY_TOUCHED,2021-01-04 09:12:00,2021-01-04 09:20:00,ENTRY_TOUCHED,0.05,0.30
2021-01-04 09:12:00,th_e9804d1bd00856fe,cand_M3_th_e9804d1bd00856fe_2021-01-04 09:12:00,pass_ff311d549045991e,LONG,M30,M3,1848.40,1838.40,1868.40,ENTRY_TOUCHED,2021-01-04 09:12:00,2021-01-04 09:20:00,ENTRY_TOUCHED,0.05,0.30
2021-01-04 09:12:00,th_748ea98708c94abb,cand_M3_th_748ea98708c94abb_2021-01-04 09:12:00,pass_0798de7809b92c7e,LONG,M30,M3,1848.40,1838.40,1868.40,ENTRY_TOUCHED,2021-01-04 09:12:00,2021-01-04 09:20:00,ENTRY_TOUCHED,0.05,0.30
2021-01-04 09:12:00,th_818f74a02dbe690b,cand_M3_th_818f74a02dbe690b_2021-01-04 09:12:00,pass_9862e193bd540e30,LONG,M30,M3,1848.40,1838.40,1868.40,ENTRY_TOUCHED,2021-01-04 09:12:00,2021-01-04 09:20:00,ENTRY_TOUCHED,0.05,0.30
2021-01-04 09:12:00,th_1de6b90c3de92f9d,cand_M3_th_1de6b90c3de92f9d_2021-01-04 09:12:00,pass_0c7be8f238d8a5e5,LONG,M30,M3,1848.40,1838.40,1868.40,ENTRY_TOUCHED,2021-01-04 09:12:00,2021-01-04 09:20:00,ENTRY_TOUCHED,0.05,0.30
2021-01-04 09:12:00,th_ec561c13dfa995be,cand_M3_th_ec561c13dfa995be_2021-01-04 09:12:00,pass_9e55c571b1e56faa,LONG,M30,M3,1848.40,1838.40,1868.40,ENTRY_TOUCHED,2021-01-04 09:12:00,2021-01-04 09:20:00,ENTRY_TOUCHED,0.05,0.30
2021-01-04 09:12:00,th_a8e2cd8e2710a9e1,cand_M3_th_a8e2cd8e2710a9e1_2021-01-04 09:12:00,pass_41334692bf1db296,LONG,M30,M3,1848.40,1838.40,1868.40,ENTRY_TOUCHED,2021-01-04 09:12:00,2021-01-04 09:20:00,ENTRY_TOUCHED,0.05,0.30
2021-01-04 09:12:00,th_54d643bf03d15a1f,cand_M3_th_54d643bf03d15a1f_2021-01-04 09:12:00,pass_0db01b9bae9d7684,LONG,M30,M3,1848.40,1838.40,1868.40,ENTRY_TOUCHED,2021-01-04 09:12:00,2021-01-04 09:20:00,ENTRY_TOUCHED,0.05,0.30
2021-01-04 09:12:00,th_0cc920c90f7154b4,cand_M3_th_0cc920c90f7154b4_2021-01-04 09:12:00,pass_1f09e919582ce373,LONG,M30,M3,1848.40,1838.40,1868.40,ENTRY_TOUCHED,2021-01-04 09:12:00,2021-01-04 09:20:00,ENTRY_TOUCHED,0.05,0.30
2021-01-04 09:12:00,th_560d9a0f75392210,cand_M3_th_560d9a0f75392210_2021-01-04 09:12:00,pass_b67205303ea80a8b,LONG,M30,M3,1848.40,1838.40,1868.40,ENTRY_TOUCHED,2021-01-04 09:12:00,2021-01-04 09:20:00,ENTRY_TOUCHED,0.05,0.30
2021-01-04 09:12:00,th_d254a38f1696e9eb,cand_M3_th_d254a38f1696e9eb_2021-01-04 09:12:00,pass_b2eba8478dec49c4,LONG,M30,M3,1848.40,1838.40,1868.40,ENTRY_TOUCHED,2021-01-04 09:12:00,2021-01-04 09:20:00,ENTRY_TOUCHED,0.05,0.30
2021-01-04 09:12:00,th_3973ff8586aa6c3d,cand_M3_th_3973ff8586aa6c3d_2021-01-04 09:12:00,pass_299cf51c84cdfcb1,LONG,M30,M3,1848.40,1838.40,1868.40,ENTRY_TOUCHED,2021-01-04 09:12:00,2021-01-04 09:20:00,ENTRY_TOUCHED,0.05,0.30
2021-01-04 09:12:00,th_7d153f83cbbb6274,cand_M3_th_7d153f83cbbb6274_2021-01-04 09:12:00,pass_bcd768190cf7adb1,LONG,M30,M3,1848.40,1838.40,1868.40,ENTRY_TOUCHED,2021-01-04 09:12:00,2021-01-04 09:20:00,ENTRY_TOUCHED,0.05,0.30
2021-01-04 09:12:00,th_563d199098aeb4b0,cand_M3_th_563d199098aeb4b0_2021-01-04 09:12:00,pass_71e435c3422b08b8,LONG,M30,M3,1848.40,1838.40,1868.40,ENTRY_TOUCHED,2021-01-04 09:12:00,2021-01-04 09:20:00,ENTRY_TOUCHED,0.05,0.30
2021-01-04 09:15:00,th_c6a3fea6cfabf2b7,cand_M5_th_c6a3fea6cfabf2b7_2021-01-04 09:15:00,pass_596db343f53f2637,LONG,M30,M5,1848.70,1838.70,1868.70,ENTRY_TOUCHED,2021-01-04 09:15:00,2021-01-04 09:20:00,ENTRY_TOUCHED,0.05,0.27
2021-01-04 09:15:00,th_ab2b87b6a68aba30,cand_M5_th_ab2b87b6a68aba30_2021-01-04 09:15:00,pass_f5cdeaa1f42fa91f,LONG,M30,M5,1848.70,1838.70,1868.70,ENTRY_TOUCHED,2021-01-04 09:15:00,2021-01-04 09:20:00,ENTRY_TOUCHED,0.05,0.27
2021-01-04 09:15:00,th_19305dc78a364622,cand_M5_th_19305dc78a364622_2021-01-04 09:15:00,pass_c2146125bad6a5ba,LONG,M30,M5,1848.70,1838.70,1868.70,ENTRY_TOUCHED,2021-01-04 09:15:00,2021-01-04 09:20:00,ENTRY_TOUCHED,0.05,0.27
2021-01-04 09:15:00,th_e9804d1bd00856fe,cand_M5_th_e9804d1bd00856fe_2021-01-04 09:15:00,pass_e702f144e7c14a67,LONG,M30,M5,1848.70,1838.70,1868.70,ENTRY_TOUCHED,2021-01-04 09:15:00,2021-01-04 09:20:00,ENTRY_TOUCHED,0.05,0.27
2021-01-04 09:15:00,th_748ea98708c94abb,cand_M5_th_748ea98708c94abb_2021-01-04 09:15:00,pass_3199e4d53dde4e93,LONG,M30,M5,1848.70,1838.70,1868.70,ENTRY_TOUCHED,2021-01-04 09:15:00,2021-01-04 09:20:00,ENTRY_TOUCHED,0.05,0.27
2021-01-04 09:15:00,th_818f74a02dbe690b,cand_M5_th_818f74a02dbe690b_2021-01-04 09:15:00,pass_e157092c7f527b3a,LONG,M30,M5,1848.70,1838.70,1868.70,ENTRY_TOUCHED,2021-01-04 09:15:00,2021-01-04 09:20:00,ENTRY_TOUCHED,0.05,0.27
2021-01-04 09:15:00,th_1de6b90c3de92f9d,cand_M5_th_1de6b90c3de92f9d_2021-01-04 09:15:00,pass_a8ef7012fc943637,LONG,M30,M5,1848.70,1838.70,1868.70,ENTRY_TOUCHED,2021-01-04 09:15:00,2021-01-04 09:20:00,ENTRY_TOUCHED,0.05,0.27
2021-01-04 09:15:00,th_ec561c13dfa995be,cand_M5_th_ec561c13dfa995be_2021-01-04 09:15:00,pass_68449a8690e5e7bf,LONG,M30,M5,1848.70,1838.70,1868.70,ENTRY_TOUCHED,2021-01-04 09:15:00,2021-01-04 09:20:00,ENTRY_TOUCHED,0.05,0.27
2021-01-04 09:15:00,th_a8e2cd8e2710a9e1,cand_M5_th_a8e2cd8e2710a9e1_2021-01-04 09:15:00,pass_b006f42443882b66,LONG,M30,M5,1848.70,1838.70,1868.70,ENTRY_TOUCHED,2021-01-04 09:15:00,2021-01-04 09:20:00,ENTRY_TOUCHED,0.05,0.27
2021-01-04 09:15:00,th_54d643bf03d15a1f,cand_M5_th_54d643bf03d15a1f_2021-01-04 09:15:00,pass_81544141ed12599f,LONG,M30,M5,1848.70,1838.70,1868.70,ENTRY_TOUCHED,2021-01-04 09:15:00,2021-01-04 09:20:00,ENTRY_TOUCHED,0.05,0.27
2021-01-04 09:15:00,th_0cc920c90f7154b4,cand_M5_th_0cc920c90f7154b4_2021-01-04 09:15:00,pass_68a5fb34798b7670,LONG,M30,M5,1848.70,1838.70,1868.70,ENTRY_TOUCHED,2021-01-04 09:15:00,2021-01-04 09:20:00,ENTRY_TOUCHED,0.05,0.27
2021-01-04 09:15:00,th_560d9a0f75392210,cand_M5_th_560d9a0f75392210_2021-01-04 09:15:00,pass_ad0d489a6b940e7a,LONG,M30,M5,1848.70,1838.70,1868.70,ENTRY_TOUCHED,2021-01-04 09:15:00,2021-01-04 09:20:00,ENTRY_TOUCHED,0.05,0.27
2021-01-04 09:15:00,th_d254a38f1696e9eb,cand_M5_th_d254a38f1696e9eb_2021-01-04 09:15:00,pass_34a01f62b05b0ff6,LONG,M30,M5,1848.70,1838.70,1868.70,ENTRY_TOUCHED,2021-01-04 09:15:00,2021-01-04 09:20:00,ENTRY_TOUCHED,0.05,0.27
2021-01-04 09:15:00,th_3973ff8586aa6c3d,cand_M5_th_3973ff8586aa6c3d_2021-01-04 09:15:00,pass_420327e0b345b0a7,LONG,M30,M5,1848.70,1838.70,1868.70,ENTRY_TOUCHED,2021-01-04 09:15:00,2021-01-04 09:20:00,ENTRY_TOUCHED,0.05,0.27
2021-01-04 09:15:00,th_7d153f83cbbb6274,cand_M5_th_7d153f83cbbb6274_2021-01-04 09:15:00,pass_91a9a775d21dd433,LONG,M30,M5,1848.70,1838.70,1868.70,ENTRY_TOUCHED,2021-01-04 09:15:00,2021-01-04 09:20:00,ENTRY_TOUCHED,0.05,0.27
2021-01-04 09:15:00,th_563d199098aeb4b0,cand_M5_th_563d199098aeb4b0_2021-01-04 09:15:00,pass_8a5b742c832778aa,LONG,M30,M5,1848.70,1838.70,1868.70,ENTRY_TOUCHED,2021-01-04 09:15:00,2021-01-04 09:20:00,ENTRY_TOUCHED,0.05,0.27
2021-01-04 09:15:00,th_c6a3fea6cfabf2b7,cand_M3_th_c6a3fea6cfabf2b7_2021-01-04 09:15:00,pass_2e69f2e03a31cb5d,LONG,M30,M3,1848.70,1838.70,1868.70,ENTRY_TOUCHED,2021-01-04 09:15:00,2021-01-04 09:20:00,ENTRY_TOUCHED,0.05,0.27
2021-01-04 09:15:00,th_ab2b87b6a68aba30,cand_M3_th_ab2b87b6a68aba30_2021-01-04 09:15:00,pass_cc92e318b7d427ef,LONG,M30,M3,1848.70,1838.70,1868.70,ENTRY_TOUCHED,2021-01-04 09:15:00,2021-01-04 09:20:00,ENTRY_TOUCHED,0.05,0.27
2021-01-04 09:15:00,th_19305dc78a364622,cand_M3_th_19305dc78a364622_2021-01-04 09:15:00,pass_d98170146105174d,LONG,M30,M3,1848.70,1838.70,1868.70,ENTRY_TOUCHED,2021-01-04 09:15:00,2021-01-04 09:20:00,ENTRY_TOUCHED,0.05,0.27
2021-01-04 09:15:00,th_e9804d1bd00856fe,cand_M3_th_e9804d1bd00856fe_2021-01-04 09:15:00,pass_8537d847474d6a1b,LONG,M30,M3,1848.70,1838.70,1868.70,ENTRY_TOUCHED,2021-01-04 09:15:00,2021-01-04 09:20:00,ENTRY_TOUCHED,0.05,0.27
2021-01-04 09:15:00,th_748ea98708c94abb,cand_M3_th_748ea98708c94abb_2021-01-04 09:15:00,pass_b5ad0747f7b19da2,LONG,M30,M3,1848.70,1838.70,1868.70,ENTRY_TOUCHED,2021-01-04 09:15:00,2021-01-04 09:20:00,ENTRY_TOUCHED,0.05,0.27
2021-01-04 09:15:00,th_818f74a02dbe690b,cand_M3_th_818f74a02dbe690b_2021-01-04 09:15:00,pass_86b1580d8523ea88,LONG,M30,M3,1848.70,1838.70,1868.70,ENTRY_TOUCHED,2021-01-04 09:15:00,2021-01-04 09:20:00,ENTRY_TOUCHED,0.05,0.27
2021-01-04 09:15:00,th_1de6b90c3de92f9d,cand_M3_th_1de6b90c3de92f9d_2021-01-04 09:15:00,pass_0507d6cdaa6d00a2,LONG,M30,M3,1848.70,1838.70,1868.70,ENTRY_TOUCHED,2021-01-04 09:15:00,2021-01-04 09:20:00,ENTRY_TOUCHED,0.05,0.27
2021-01-04 09:15:00,th_ec561c13dfa995be,cand_M3_th_ec561c13dfa995be_2021-01-04 09:15:00,pass_9783d532782308fd,LONG,M30,M3,1848.70,1838.70,1868.70,ENTRY_TOUCHED,2021-01-04 09:15:00,2021-01-04 09:20:00,ENTRY_TOUCHED,0.05,0.27
2021-01-04 09:15:00,th_a8e2cd8e2710a9e1,cand_M3_th_a8e2cd8e2710a9e1_2021-01-04 09:15:00,pass_343ad1ceb2d2b9ce,LONG,M30,M3,1848.70,1838.70,1868.70,ENTRY_TOUCHED,2021-01-04 09:15:00,2021-01-04 09:20:00,ENTRY_TOUCHED,0.05,0.27
2021-01-04 09:15:00,th_54d643bf03d15a1f,cand_M3_th_54d643bf03d15a1f_2021-01-04 09:15:00,pass_aba7ca768832276e,LONG,M30,M3,1848.70,1838.70,1868.70,ENTRY_TOUCHED,2021-01-04 09:15:00,2021-01-04 09:20:00,ENTRY_TOUCHED,0.05,0.27
2021-01-04 09:15:00,th_0cc920c90f7154b4,cand_M3_th_0cc920c90f7154b4_2021-01-04 09:15:00,pass_39b6f75fd53f693c,LONG,M30,M3,1848.70,1838.70,1868.70,ENTRY_TOUCHED,2021-01-04 09:15:00,2021-01-04 09:20:00,ENTRY_TOUCHED,0.05,0.27
2021-01-04 09:15:00,th_560d9a0f75392210,cand_M3_th_560d9a0f75392210_2021-01-04 09:15:00,pass_6d0a94a8d4172865,LONG,M30,M3,1848.70,1838.70,1868.70,ENTRY_TOUCHED,2021-01-04 09:15:00,2021-01-04 09:20:00,ENTRY_TOUCHED,0.05,0.27
2021-01-04 09:15:00,th_d254a38f1696e9eb,cand_M3_th_d254a38f1696e9eb_2021-01-04 09:15:00,pass_02940c172a514f49,LONG,M30,M3,1848.70,1838.70,1868.70,ENTRY_TOUCHED,2021-01-04 09:15:00,2021-01-04 09:20:00,ENTRY_TOUCHED,0.05,0.27
2021-01-04 09:15:00,th_3973ff8586aa6c3d,cand_M3_th_3973ff8586aa6c3d_2021-01-04 09:15:00,pass_bea6a150c0b622a7,LONG,M30,M3,1848.70,1838.70,1868.70,ENTRY_TOUCHED,2021-01-04 09:15:00,2021-01-04 09:20:00,ENTRY_TOUCHED,0.05,0.27
2021-01-04 09:15:00,th_7d153f83cbbb6274,cand_M3_th_7d153f83cbbb6274_2021-01-04 09:15:00,pass_11cce62550ec6b60,LONG,M30,M3,1848.70,1838.70,1868.70,ENTRY_TOUCHED,2021-01-04 09:15:00,2021-01-04 09:20:00,ENTRY_TOUCHED,0.05,0.27
2021-01-04 09:15:00,th_563d199098aeb4b0,cand_M3_th_563d199098aeb4b0_2021-01-04 09:15:00,pass_6c602687fb41e432,LONG,M30,M3,1848.70,1838.70,1868.70,ENTRY_TOUCHED,2021-01-04 09:15:00,2021-01-04 09:20:00,ENTRY_TOUCHED,0.05,0.27
2021-01-04 09:18:00,th_c6a3fea6cfabf2b7,cand_M3_th_c6a3fea6cfabf2b7_2021-01-04 09:18:00,pass_48974131a3ebfe5d,LONG,M30,M3,1849.00,1839.00,1869.00,ENTRY_TOUCHED,2021-01-04 09:18:00,2021-01-04 09:20:00,ENTRY_TOUCHED,0.05,0.24
2021-01-04 09:18:00,th_ab2b87b6a68aba30,cand_M3_th_ab2b87b6a68aba30_2021-01-04 09:18:00,pass_bb98ca4573c0e813,LONG,M30,M3,1849.00,1839.00,1869.00,ENTRY_TOUCHED,2021-01-04 09:18:00,2021-01-04 09:20:00,ENTRY_TOUCHED,0.05,0.24
2021-01-04 09:18:00,th_19305dc78a364622,cand_M3_th_19305dc78a364622_2021-01-04 09:18:00,pass_408c7f1193b6c47a,LONG,M30,M3,1849.00,1839.00,1869.00,ENTRY_TOUCHED,2021-01-04 09:18:00,2021-01-04 09:20:00,ENTRY_TOUCHED,0.05,0.24
2021-01-04 09:18:00,th_e9804d1bd00856fe,cand_M3_th_e9804d1bd00856fe_2021-01-04 09:18:00,pass_c569e4d845179454,LONG,M30,M3,1849.00,1839.00,1869.00,ENTRY_TOUCHED,2021-01-04 09:18:00,2021-01-04 09:20:00,ENTRY_TOUCHED,0.05,0.24
2021-01-04 09:18:00,th_748ea98708c94abb,cand_M3_th_748ea98708c94abb_2021-01-04 09:18:00,pass_3edb3c4f97824cdb,LONG,M30,M3,1849.00,1839.00,1869.00,ENTRY_TOUCHED,2021-01-04 09:18:00,2021-01-04 09:20:00,ENTRY_TOUCHED,0.05,0.24
2021-01-04 09:18:00,th_818f74a02dbe690b,cand_M3_th_818f74a02dbe690b_2021-01-04 09:18:00,pass_9e2a356d18a85f60,LONG,M30,M3,1849.00,1839.00,1869.00,ENTRY_TOUCHED,2021-01-04 09:18:00,2021-01-04 09:20:00,ENTRY_TOUCHED,0.05,0.24
2021-01-04 09:18:00,th_1de6b90c3de92f9d,cand_M3_th_1de6b90c3de92f9d_2021-01-04 09:18:00,pass_e50b6ec617d5815b,LONG,M30,M3,1849.00,1839.00,1869.00,ENTRY_TOUCHED,2021-01-04 09:18:00,2021-01-04 09:20:00,ENTRY_TOUCHED,0.05,0.24
2021-01-04 09:18:00,th_ec561c13dfa995be,cand_M3_th_ec561c13dfa995be_2021-01-04 09:18:00,pass_19f6ac014fd88b45,LONG,M30,M3,1849.00,1839.00,1869.00,ENTRY_TOUCHED,2021-01-04 09:18:00,2021-01-04 09:20:00,ENTRY_TOUCHED,0.05,0.24
2021-01-04 09:18:00,th_a8e2cd8e2710a9e1,cand_M3_th_a8e2cd8e2710a9e1_2021-01-04 09:18:00,pass_74e46e863d21f2a1,LONG,M30,M3,1849.00,1839.00,1869.00,ENTRY_TOUCHED,2021-01-04 09:18:00,2021-01-04 09:20:00,ENTRY_TOUCHED,0.05,0.24
2021-01-04 09:18:00,th_54d643bf03d15a1f,cand_M3_th_54d643bf03d15a1f_2021-01-04 09:18:00,pass_edf903ed0654f74a,LONG,M30,M3,1849.00,1839.00,1869.00,ENTRY_TOUCHED,2021-01-04 09:18:00,2021-01-04 09:20:00,ENTRY_TOUCHED,0.05,0.24
2021-01-04 09:18:00,th_0cc920c90f7154b4,cand_M3_th_0cc920c90f7154b4_2021-01-04 09:18:00,pass_f6325af001e9981b,LONG,M30,M3,1849.00,1839.00,1869.00,ENTRY_TOUCHED,2021-01-04 09:18:00,2021-01-04 09:20:00,ENTRY_TOUCHED,0.05,0.24
2021-01-04 09:18:00,th_560d9a0f75392210,cand_M3_th_560d9a0f75392210_2021-01-04 09:18:00,pass_ef1eb6f2f9c765e0,LONG,M30,M3,1849.00,1839.00,1869.00,ENTRY_TOUCHED,2021-01-04 09:18:00,2021-01-04 09:20:00,ENTRY_TOUCHED,0.05,0.24
2021-01-04 09:18:00,th_d254a38f1696e9eb,cand_M3_th_d254a38f1696e9eb_2021-01-04 09:18:00,pass_0b468dfdeaab599c,LONG,M30,M3,1849.00,1839.00,1869.00,ENTRY_TOUCHED,2021-01-04 09:18:00,2021-01-04 09:20:00,ENTRY_TOUCHED,0.05,0.24
2021-01-04 09:18:00,th_3973ff8586aa6c3d,cand_M3_th_3973ff8586aa6c3d_2021-01-04 09:18:00,pass_10fea12d81942ae0,LONG,M30,M3,1849.00,1839.00,1869.00,ENTRY_TOUCHED,2021-01-04 09:18:00,2021-01-04 09:20:00,ENTRY_TOUCHED,0.05,0.24
2021-01-04 09:18:00,th_7d153f83cbbb6274,cand_M3_th_7d153f83cbbb6274_2021-01-04 09:18:00,pass_9ecf4a33053c29a2,LONG,M30,M3,1849.00,1839.00,1869.00,ENTRY_TOUCHED,2021-01-04 09:18:00,2021-01-04 09:20:00,ENTRY_TOUCHED,0.05,0.24
2021-01-04 09:18:00,th_563d199098aeb4b0,cand_M3_th_563d199098aeb4b0_2021-01-04 09:18:00,pass_6e52a4487b69f93b,LONG,M30,M3,1849.00,1839.00,1869.00,ENTRY_TOUCHED,2021-01-04 09:18:00,2021-01-04 09:20:00,ENTRY_TOUCHED,0.05,0.24
2021-01-04 09:20:00,th_c6a3fea6cfabf2b7,cand_M5_th_c6a3fea6cfabf2b7_2021-01-04 09:20:00,pass_342ef9803ed20685,LONG,M30,M5,1849.20,1839.20,1869.20,ENTRY_TOUCHED,2021-01-04 09:20:00,2021-01-04 09:20:00,ENTRY_TOUCHED,0.05,0.22
2021-01-04 09:20:00,th_ab2b87b6a68aba30,cand_M5_th_ab2b87b6a68aba30_2021-01-04 09:20:00,pass_bb6795ea0f5fb6e9,LONG,M30,M5,1849.20,1839.20,1869.20,ENTRY_TOUCHED,2021-01-04 09:20:00,2021-01-04 09:20:00,ENTRY_TOUCHED,0.05,0.22
2021-01-04 09:20:00,th_19305dc78a364622,cand_M5_th_19305dc78a364622_2021-01-04 09:20:00,pass_f01a1a064d7f2f4b,LONG,M30,M5,1849.20,1839.20,1869.20,ENTRY_TOUCHED,2021-01-04 09:20:00,2021-01-04 09:20:00,ENTRY_TOUCHED,0.05,0.22
2021-01-04 09:20:00,th_e9804d1bd00856fe,cand_M5_th_e9804d1bd00856fe_2021-01-04 09:20:00,pass_2374ed372aaaf171,LONG,M30,M5,1849.20,1839.20,1869.20,ENTRY_TOUCHED,2021-01-04 09:20:00,2021-01-04 09:20:00,ENTRY_TOUCHED,0.05,0.22
2021-01-04 09:20:00,th_748ea98708c94abb,cand_M5_th_748ea98708c94abb_2021-01-04 09:20:00,pass_c9911733a8fb9a3f,LONG,M30,M5,1849.20,1839.20,1869.20,ENTRY_TOUCHED,2021-01-04 09:20:00,2021-01-04 09:20:00,ENTRY_TOUCHED,0.05,0.22
2021-01-04 09:20:00,th_818f74a02dbe690b,cand_M5_th_818f74a02dbe690b_2021-01-04 09:20:00,pass_ed939c6ddd6606d8,LONG,M30,M5,1849.20,1839.20,1869.20,ENTRY_TOUCHED,2021-01-04 09:20:00,2021-01-04 09:20:00,ENTRY_TOUCHED,0.05,0.22
2021-01-04 09:20:00,th_1de6b90c3de92f9d,cand_M5_th_1de6b90c3de92f9d_2021-01-04 09:20:00,pass_d844a97c4ebf6b78,LONG,M30,M5,1849.20,1839.20,1869.20,ENTRY_TOUCHED,2021-01-04 09:20:00,2021-01-04 09:20:00,ENTRY_TOUCHED,0.05,0.22
2021-01-04 09:20:00,th_ec561c13dfa995be,cand_M5_th_ec561c13dfa995be_2021-01-04 09:20:00,pass_c976ec829657d35f,LONG,M30,M5,1849.20,1839.20,1869.20,ENTRY_TOUCHED,2021-01-04 09:20:00,2021-01-04 09:20:00,ENTRY_TOUCHED,0.05,0.22
2021-01-04 09:20:00,th_a8e2cd8e2710a9e1,cand_M5_th_a8e2cd8e2710a9e1_2021-01-04 09:20:00,pass_3259f0b0925f5ff2,LONG,M30,M5,1849.20,1839.20,1869.20,ENTRY_TOUCHED,2021-01-04 09:20:00,2021-01-04 09:20:00,ENTRY_TOUCHED,0.05,0.22
2021-01-04 09:20:00,th_54d643bf03d15a1f,cand_M5_th_54d643bf03d15a1f_2021-01-04 09:20:00,pass_1d3b489dec562281,LONG,M30,M5,1849.20,1839.20,1869.20,ENTRY_TOUCHED,2021-01-04 09:20:00,2021-01-04 09:20:00,ENTRY_TOUCHED,0.05,0.22
2021-01-04 09:20:00,th_0cc920c90f7154b4,cand_M5_th_0cc920c90f7154b4_2021-01-04 09:20:00,pass_0521a199a7704d75,LONG,M30,M5,1849.20,1839.20,1869.20,ENTRY_TOUCHED,2021-01-04 09:20:00,2021-01-04 09:20:00,ENTRY_TOUCHED,0.05,0.22
2021-01-04 09:20:00,th_560d9a0f75392210,cand_M5_th_560d9a0f75392210_2021-01-04 09:20:00,pass_db1620f6d03fbf3a,LONG,M30,M5,1849.20,1839.20,1869.20,ENTRY_TOUCHED,2021-01-04 09:20:00,2021-01-04 09:20:00,ENTRY_TOUCHED,0.05,0.22
2021-01-04 09:20:00,th_d254a38f1696e9eb,cand_M5_th_d254a38f1696e9eb_2021-01-04 09:20:00,pass_b21f198365588240,LONG,M30,M5,1849.20,1839.20,1869.20,ENTRY_TOUCHED,2021-01-04 09:20:00,2021-01-04 09:20:00,ENTRY_TOUCHED,0.05,0.22
2021-01-04 09:20:00,th_3973ff8586aa6c3d,cand_M5_th_3973ff8586aa6c3d_2021-01-04 09:20:00,pass_5e7bf1df9ea0f5df,LONG,M30,M5,1849.20,1839.20,1869.20,ENTRY_TOUCHED,2021-01-04 09:20:00,2021-01-04 09:20:00,ENTRY_TOUCHED,0.05,0.22
2021-01-04 09:20:00,th_7d153f83cbbb6274,cand_M5_th_7d153f83cbbb6274_2021-01-04 09:20:00,pass_75e6fa64d5d7abe0,LONG,M30,M5,1849.20,1839.20,1869.20,ENTRY_TOUCHED,2021-01-04 09:20:00,2021-01-04 09:20:00,ENTRY_TOUCHED,0.05,0.22
2021-01-04 09:20:00,th_563d199098aeb4b0,cand_M5_th_563d199098aeb4b0_2021-01-04 09:20:00,pass_78db10a6a7c89e9b,LONG,M30,M5,1849.20,1839.20,1869.20,ENTRY_TOUCHED,2021-01-04 09:20:00,2021-01-04 09:20:00,ENTRY_TOUCHED,0.05,0.22
