<DATE>	<TIME>	<OPEN>	<HIGH>	<LOW>	<CLOSE>	<TICKVOL>	<VOL>	<SPREAD>
2026.04.01	01:00:00	4671.30	4686.54	4662.76	4674.31	5415	0	30
2026.04.01	01:30:00	4674.32	4696.25	4661.52	4680.88	8406	0	30
2026.04.01	02:00:00	4681.26	4684.24	4671.77	4682.20	6508	0	44
2026.04.01	02:30:00	4682.21	4699.82	4681.61	4696.14	7312	0	30
2026.04.01	03:00:00	4696.08	4721.77	4693.24	4721.67	11457	0	30
2026.04.01	03:30:00	4721.65	4722.36	4699.90	4710.69	9021	0	30
2026.04.01	04:00:00	4710.69	4724.07	4689.42	4708.12	14140	0	30
2026.04.01	04:30:00	4708.10	4708.12	4681.25	4692.55	12030	0	30
2026.04.01	05:00:00	4692.54	4700.35	4683.35	4687.12	8866	0	30
2026.04.01	05:30:00	4686.94	4690.15	4677.99	4684.26	8606	0	30
2026.04.01	06:00:00	4684.31	4694.01	4682.52	4687.12	7077	0	30
2026.04.01	06:30:00	4687.14	4688.56	4679.37	4681.80	4879	0	30
2026.04.01	07:00:00	4681.81	4681.90	4666.93	4672.28	5467	0	30
2026.04.01	07:30:00	4672.47	4681.60	4668.83	4676.21	4810	0	30
2026.04.01	08:00:00	4676.22	4689.97	4674.70	4686.03	6174	0	30
2026.04.01	08:30:00	4686.18	4703.39	4683.69	4684.11	9037	0	30
2026.04.01	09:00:00	4684.26	4711.27	4682.49	4709.07	10174	0	30
2026.04.01	09:30:00	4709.05	4732.99	4702.06	4730.50	12825	0	30
2026.04.01	10:00:00	4730.79	4732.62	4712.86	4722.75	10289	0	30
2026.04.01	10:30:00	4722.77	4747.63	4709.45	4712.76	11532	0	30
2026.04.01	11:00:00	4712.79	4735.58	4710.22	4730.44	9961	0	30
2026.04.01	11:30:00	4730.46	4740.20	4726.15	4728.46	8191	0	30
2026.04.01	12:00:00	4728.48	4729.98	4713.80	4719.27	7571	0	30
2026.04.01	12:30:00	4719.20	4727.54	4712.98	4722.99	8172	0	30
2026.04.01	13:00:00	4723.00	4729.08	4715.09	4728.22	7082	0	30
2026.04.01	13:30:00	4728.16	4738.63	4725.95	4731.19	6752	0	30
2026.04.01	14:00:00	4731.36	4746.19	4728.12	4744.95	7107	0	30
2026.04.01	14:30:00	4744.96	4762.85	4744.69	4752.24	9519	0	30
2026.04.01	15:00:00	4752.32	4753.57	4724.34	4734.60	9758	0	30
2026.04.01	15:30:00	4734.96	4753.62	4724.28	4724.51	13479	0	30
2026.04.01	16:00:00	4724.60	4742.09	4716.12	4736.06	12160	0	30
2026.04.01	16:30:00	4735.95	4749.51	4730.67	4738.30	15078	0	30
2026.04.01	17:00:00	4738.01	4754.77	4723.94	4741.81	14534	0	30
2026.04.01	17:30:00	4741.75	4768.64	4734.78	4760.63	13949	0	30
2026.04.01	18:00:00	4760.66	4776.27	4758.27	4772.76	13180	0	30
2026.04.01	18:30:00	4772.88	4788.00	4769.70	4786.43	11435	0	30
2026.04.01	19:00:00	4786.46	4790.55	4774.18	4776.36	10230	0	30
2026.04.01	19:30:00	4776.37	4788.40	4775.11	4787.09	7223	0	30
2026.04.01	20:00:00	4786.90	4792.83	4782.26	4784.95	7960	0	30
2026.04.01	20:30:00	4784.98	4786.03	4773.58	4774.22	7827	0	30
2026.04.01	21:00:00	4774.17	4775.10	4753.20	4753.79	12429	0	30
2026.04.01	21:30:00	4753.97	4766.07	4741.88	4752.98	12210	0	30
2026.04.01	22:00:00	4753.04	4769.09	4751.02	4765.55	9542	0	30
2026.04.01	22:30:00	4765.54	4778.08	4758.10	4765.89	10963	0	30
2026.04.01	23:00:00	4765.91	4771.07	4760.86	4762.03	4374	0	30
2026.04.01	23:30:00	4762.02	4763.62	4754.24	4758.03	4087	0	30
2026.04.02	01:00:00	4758.02	4774.91	4752.68	4772.65	1915	0	30
2026.04.02	01:30:00	4772.55	4782.68	4770.86	4776.32	5077	0	30
2026.04.02	02:00:00	4776.39	4798.84	4773.42	4794.83	6824	0	30
2026.04.02	02:30:00	4794.86	4800.13	4778.12	4783.93	6719	0	30
2026.04.02	03:00:00	4783.90	4798.59	4774.96	4789.65	10324	0	30
2026.04.02	03:30:00	4789.62	4796.08	4783.36	4784.43	9971	0	30
2026.04.02	04:00:00	4784.44	4786.38	4686.60	4696.71	16838	0	30
2026.04.02	04:30:00	4695.85	4711.66	4650.94	4696.43	15933	0	30
2026.04.02	05:00:00	4695.73	4704.03	4678.42	4689.62	13516	0	30
2026.04.02	05:30:00	4689.59	4690.86	4655.04	4686.49	14261	0	30
2026.04.02	06:00:00	4686.47	4699.17	4677.36	4691.21	11088	0	30
2026.04.02	06:30:00	4691.22	4692.40	4675.46	4675.94	8920	0	33
2026.04.02	07:00:00	4675.96	4681.22	4662.12	4666.09	8419	0	30
2026.04.02	07:30:00	4666.07	4672.99	4657.07	4672.44	7735	0	30
2026.04.02	08:00:00	4672.45	4680.44	4666.28	4677.15	8508	0	30
2026.04.02	08:30:00	4677.17	4679.15	4585.76	4593.94	15631	0	30
2026.04.02	09:00:00	4593.96	4598.51	4553.59	4590.98	15613	0	30
2026.04.02	09:30:00	4590.97	4608.46	4581.38	4599.09	13505	0	30
2026.04.02	10:00:00	4598.56	4627.38	4597.06	4620.57	11833	0	30
2026.04.02	10:30:00	4620.70	4650.92	4619.22	4642.63	10702	0	30
2026.04.02	11:00:00	4642.54	4648.74	4628.80	4634.17	10809	0	30
2026.04.02	11:30:00	4634.14	4643.61	4617.07	4620.66	9247	0	30
2026.04.02	12:00:00	4620.64	4631.67	4613.04	4620.87	9040	0	30
2026.04.02	12:30:00	4620.65	4628.27	4615.38	4621.62	8274	0	30
2026.04.02	13:00:00	4621.72	4634.89	4603.99	4618.45	8742	0	30
2026.04.02	13:30:00	4618.46	4631.23	4613.43	4620.38	8545	0	30
2026.04.02	14:00:00	4620.38	4630.44	4613.96	4614.62	8875	0	30
2026.04.02	14:30:00	4614.57	4617.46	4592.56	4599.94	11279	0	30
2026.04.02	15:00:00	4600.20	4630.08	4594.34	4626.18	12040	0	30
2026.04.02	15:30:00	4626.11	4626.78	4600.32	4601.73	11012	0	30
2026.04.02	16:00:00	4601.79	4614.05	4580.69	4597.48	15533	0	30
2026.04.02	16:30:00	4597.36	4651.25	4586.03	4645.97	16783	0	30
2026.04.02	17:00:00	4646.22	4675.77	4631.55	4665.04	16786	0	30
2026.04.02	17:30:00	4664.84	4699.23	4658.85	4681.34	16968	0	30
2026.04.02	18:00:00	4681.64	4683.82	4658.13	4672.43	16459	0	30
2026.04.02	18:30:00	4672.69	4675.88	4652.42	4660.94	15135	0	30
2026.04.02	19:00:00	4660.95	4668.27	4642.79	4650.59	13643	0	30
2026.04.02	19:30:00	4650.58	4670.38	4650.32	4658.88	12443	0	30
2026.04.02	20:00:00	4658.93	4668.13	4650.71	4651.76	10840	0	30
2026.04.02	20:30:00	4651.87	4658.46	4645.65	4648.44	9654	0	30
2026.04.02	21:00:00	4648.73	4658.65	4647.30	4651.40	7319	0	30
2026.04.02	21:30:00	4651.44	4671.86	4651.44	4668.40	7274	0	30
2026.04.02	22:00:00	4668.40	4681.61	4664.16	4665.03	9731	0	30
2026.04.02	22:30:00	4664.88	4676.29	4661.27	4671.95	9090	0	30
2026.04.02	23:00:00	4672.19	4676.63	4664.12	4667.69	3814	0	30
2026.04.02	23:30:00	4667.62	4677.73	4666.31	4675.94	4524	0	30
2026.04.06	01:00:00	4648.57	4665.62	4612.84	4635.80	6907	0	31
2026.04.06	01:30:00	4635.80	4654.06	4608.38	4645.50	9422	0	30
2026.04.06	02:00:00	4645.52	4651.20	4609.14	4609.63	7599	0	30
2026.04.06	02:30:00	4609.71	4619.08	4605.07	4610.30	7973	0	30
2026.04.06	03:00:00	4610.32	4629.25	4600.72	4603.28	11874	0	30
2026.04.06	03:30:00	4603.30	4625.99	4602.92	4622.20	10120	0	30
2026.04.06	04:00:00	4622.42	4643.06	4620.37	4641.04	9364	0	30
2026.04.06	04:30:00	4641.03	4641.30	4621.38	4625.74	8247	0	30
2026.04.06	05:00:00	4625.86	4671.78	4623.52	4661.01	10485	0	30
2026.04.06	05:30:00	4661.00	4666.44	4644.17	4647.85	9214	0	30
2026.04.06	06:00:00	4647.81	4647.88	4625.20	4630.18	8914	0	30
2026.04.06	06:30:00	4630.20	4642.01	4625.45	4640.38	7145	0	30
2026.04.06	07:00:00	4640.39	4648.43	4639.78	4646.52	5882	0	30
2026.04.06	07:30:00	4646.50	4659.72	4642.76	4658.85	5195	0	30
2026.04.06	08:00:00	4658.86	4678.72	4657.84	4667.19	6773	0	30
2026.04.06	08:30:00	4667.23	4668.77	4651.28	4652.45	4575	0	30
2026.04.06	09:00:00	4652.52	4662.11	4643.60	4657.21	5775	0	30
2026.04.06	09:30:00	4657.13	4667.70	4651.65	4665.84	6899	0	30
2026.04.06	10:00:00	4665.85	4666.60	4644.85	4650.65	7292	0	30
2026.04.06	10:30:00	4650.58	4688.16	4650.05	4684.68	8577	0	30
2026.04.06	11:00:00	4684.28	4695.61	4680.88	4691.11	8717	0	30
2026.04.06	11:30:00	4690.89	4698.00	4689.89	4695.63	6723	0	30
2026.04.06	12:00:00	4695.83	4703.62	4695.83	4702.17	6874	0	30
2026.04.06	12:30:00	4702.15	4706.46	4690.80	4693.42	6965	0	30
2026.04.06	13:00:00	4693.80	4697.45	4685.94	4689.64	6106	0	30
2026.04.06	13:30:00	4689.59	4696.63	4684.73	4689.62	6142	0	30
2026.04.06	14:00:00	4689.96	4696.73	4685.14	4688.31	7342	0	35
2026.04.06	14:30:00	4688.54	4694.40	4676.79	4677.70	5986	0	30
2026.04.06	15:00:00	4677.71	4686.65	4659.64	4665.90	7516	0	30
2026.04.06	15:30:00	4665.97	4681.01	4665.50	4675.71	7082	0	30
2026.04.06	16:00:00	4675.71	4677.36	4660.07	4668.52	8372	0	30
2026.04.06	16:30:00	4668.59	4681.60	4661.24	4680.20	14766	0	30
2026.04.06	17:00:00	4679.98	4690.76	4660.17	4685.95	15099	0	30
2026.04.06	17:30:00	4686.01	4697.47	4674.83	4682.63	13821	0	30
2026.04.06	18:00:00	4682.61	4683.75	4655.11	4667.12	12110	0	30
2026.04.06	18:30:00	4667.09	4670.84	4651.94	4668.04	10128	0	30
2026.04.06	19:00:00	4668.08	4672.47	4662.21	4665.43	7730	0	30
2026.04.06	19:30:00	4665.49	4671.01	4657.78	4660.22	6478	0	30
2026.04.06	20:00:00	4660.24	4660.98	4645.74	4655.98	10283	0	30
2026.04.06	20:30:00	4656.12	4660.40	4651.71	4653.57	8253	0	30
2026.04.06	21:00:00	4653.56	4666.42	4650.84	4659.98	9697	0	30
2026.04.06	21:30:00	4660.05	4663.12	4648.69	4658.10	6490	0	30
2026.04.06	22:00:00	4658.08	4659.22	4645.39	4650.01	4802	0	30
2026.04.06	22:30:00	4649.98	4657.97	4648.33	4655.23	3895	0	30
2026.04.06	23:00:00	4655.23	4657.87	4652.00	4655.69	2309	0	30
2026.04.06	23:30:00	4655.72	4658.25	4649.00	4650.31	2619	0	30
2026.04.07	01:00:00	4651.18	4668.00	4649.47	4662.06	4612	0	43
2026.04.07	01:30:00	4662.07	4662.96	4656.52	4658.23	2980	0	30
2026.04.07	02:00:00	4658.27	4660.97	4653.13	4654.40	2793	0	30
2026.04.07	02:30:00	4654.32	4660.02	4651.31	4658.67	4182	0	30
2026.04.07	03:00:00	4658.64	4660.83	4648.88	4658.92	8386	0	30
2026.04.07	03:30:00	4658.85	4661.01	4654.29	4654.76	6189	0	30
2026.04.07	04:00:00	4654.74	4664.31	4627.30	4654.85	13628	0	30
2026.04.07	04:30:00	4655.01	4662.31	4616.34	4626.76	13542	0	30
2026.04.07	05:00:00	4626.86	4635.17	4619.67	4634.55	8806	0	48
2026.04.07	05:30:00	4634.51	4653.88	4633.72	4650.31	10661	0	30
2026.04.07	06:00:00	4650.45	4653.99	4639.48	4642.48	8939	0	30
2026.04.07	06:30:00	4642.44	4651.01	4641.86	4649.54	4324	0	30
2026.04.07	07:00:00	4649.52	4651.31	4645.47	4650.05	4482	0	30
2026.04.07	07:30:00	4650.15	4663.96	4649.59	4659.52	5847	0	30
2026.04.07	08:00:00	4660.27	4661.33	4630.27	4632.17	5329	0	30
2026.04.07	08:30:00	4632.13	4646.31	4622.96	4642.72	12012	0	30
2026.04.07	09:00:00	4642.72	4649.06	4637.76	4640.86	9943	0	30
2026.04.07	09:30:00	4640.82	4656.33	4640.82	4653.31	9396	0	30
2026.04.07	10:00:00	4653.24	4656.95	4638.62	4639.37	9102	0	30
2026.04.07	10:30:00	4639.42	4647.01	4636.43	4645.92	5997	0	30
2026.04.07	11:00:00	4645.92	4690.68	4644.07	4678.40	12682	0	30
2026.04.07	11:30:00	4678.43	4687.55	4677.06	4682.67	9791	0	30
2026.04.07	12:00:00	4682.66	4694.40	4680.77	4686.59	8261	0	30
2026.04.07	12:30:00	4686.57	4686.82	4658.63	4670.78	9144	0	30
2026.04.07	13:00:00	4670.77	4680.55	4657.86	4668.02	9931	0	30
2026.04.07	13:30:00	4667.93	4671.88	4649.11	4651.92	11398	0	30
2026.04.07	14:00:00	4651.93	4656.08	4628.67	4647.71	10316	0	30
2026.04.07	14:30:00	4647.64	4663.97	4646.97	4659.60	9266	0	30
2026.04.07	15:00:00	4659.62	4670.87	4651.10	4665.95	11403	0	30
2026.04.07	15:30:00	4665.83	4667.47	4646.71	4651.48	8910	0	30
2026.04.07	16:00:00	4651.52	4662.83	4648.12	4657.84	12040	0	30
2026.04.07	16:30:00	4657.83	4663.00	4635.39	4643.97	15260	0	30
2026.04.07	17:00:00	4644.00	4649.39	4607.31	4645.32	15828	0	30
2026.04.07	17:30:00	4645.19	4661.33	4629.84	4632.95	14571	0	30
2026.04.07	18:00:00	4632.95	4653.18	4624.69	4652.88	14533	0	30
2026.04.07	18:30:00	4652.90	4659.41	4640.43	4655.50	11303	0	30
2026.04.07	19:00:00	4655.56	4668.56	4652.50	4662.65	12750	0	30
2026.04.07	19:30:00	4662.62	4663.96	4655.86	4656.93	9576	0	30
2026.04.07	20:00:00	4656.91	4673.00	4653.74	4660.06	9627	0	30
2026.04.07	20:30:00	4660.32	4686.46	4660.32	4675.69	10541	0	30
2026.04.07	21:00:00	4675.68	4685.92	4675.57	4680.41	8168	0	30
2026.04.07	21:30:00	4680.44	4686.17	4657.36	4661.97	7319	0	30
2026.04.07	22:00:00	4662.00	4702.47	4660.59	4687.37	16052	0	30
2026.04.07	22:30:00	4687.36	4718.44	4681.65	4700.59	13583	0	30
2026.04.07	23:00:00	4700.76	4712.98	4697.06	4710.27	7595	0	30
2026.04.07	23:30:00	4711.07	4716.89	4703.09	4705.48	6756	0	30
2026.04.08	01:00:00	4719.90	4751.93	4719.90	4735.33	8498	0	30
2026.04.08	01:30:00	4735.36	4819.51	4712.92	4818.06	15161	0	30
2026.04.08	02:00:00	4818.17	4828.80	4801.37	4814.47	14600	0	30
2026.04.08	02:30:00	4814.48	4836.03	4803.89	4833.29	11976	0	30
2026.04.08	03:00:00	4833.30	4857.50	4818.79	4822.46	14659	0	30
2026.04.08	03:30:00	4822.49	4826.11	4808.55	4817.69	10797	0	30
2026.04.08	04:00:00	4817.68	4825.18	4791.80	4793.78	14104	0	30
2026.04.08	04:30:00	4793.59	4814.09	4787.88	4810.14	12525	0	30
2026.04.08	05:00:00	4809.71	4825.12	4807.78	4811.57	7228	0	30
2026.04.08	05:30:00	4811.70	4820.50	4798.35	4803.77	8232	0	30
2026.04.08	06:00:00	4803.78	4805.75	4796.28	4802.83	10044	0	30
2026.04.08	06:30:00	4802.77	4804.81	4794.83	4797.34	5647	0	30
2026.04.08	07:00:00	4797.29	4803.89	4790.06	4802.22	6163	0	30
2026.04.08	07:30:00	4802.22	4806.41	4797.60	4803.42	5253	0	30
2026.04.08	08:00:00	4803.40	4816.22	4800.13	4815.62	5580	0	30
2026.04.08	08:30:00	4815.55	4843.65	4813.67	4827.33	10190	0	30
2026.04.08	09:00:00	4827.37	4836.51	4821.12	4836.19	9437	0	30
2026.04.08	09:30:00	4836.21	4839.64	4819.76	4819.86	8701	0	30
2026.04.08	10:00:00	4819.85	4821.17	4809.11	4818.18	7732	0	31
2026.04.08	10:30:00	4818.21	4820.27	4805.07	4813.25	8206	0	30
2026.04.08	11:00:00	4813.26	4819.74	4798.41	4808.38	7633	0	30
2026.04.08	11:30:00	4808.37	4808.37	4790.14	4793.68	8504	0	30
2026.04.08	12:00:00	4793.64	4806.70	4793.16	4798.39	6316	0	30
2026.04.08	12:30:00	4798.36	4803.63	4776.33	4783.06	7845	0	30
2026.04.08	13:00:00	4783.03	4790.19	4771.08	4782.53	6788	0	30
2026.04.08	13:30:00	4782.54	4796.01	4780.09	4782.46	5890	0	30
2026.04.08	14:00:00	4782.49	4796.82	4779.66	4789.64	6106	0	30
2026.04.08	14:30:00	4789.66	4802.59	4777.85	4798.38	8533	0	30
2026.04.08	15:00:00	4798.57	4807.04	4769.05	4783.94	10948	0	30
2026.04.08	15:30:00	4784.01	4802.38	4783.29	4799.49	9751	0	30
2026.04.08	16:00:00	4799.50	4806.54	4789.09	4790.30	10860	0	30
2026.04.08	16:30:00	4790.21	4794.62	4768.08	4777.55	15641	0	30
2026.04.08	17:00:00	4777.18	4791.89	4761.16	4767.71	14575	0	30
2026.04.08	17:30:00	4767.70	4770.13	4732.12	4736.00	15097	0	30
2026.04.08	18:00:00	4736.01	4757.40	4734.22	4750.60	13425	0	30
2026.04.08	18:30:00	4750.61	4762.95	4750.14	4756.31	10121	0	30
2026.04.08	19:00:00	4756.32	4762.47	4745.29	4749.86	9388	0	30
2026.04.08	19:30:00	4749.91	4765.44	4747.77	4760.37	8700	0	30
2026.04.08	20:00:00	4760.31	4764.25	4745.50	4750.86	8297	0	30
2026.04.08	20:30:00	4750.83	4754.20	4731.59	4733.80	9801	0	30
2026.04.08	21:00:00	4733.81	4744.33	4716.94	4722.15	11575	0	30
2026.04.08	21:30:00	4723.04	4724.86	4703.62	4704.98	10806	0	30
2026.04.08	22:00:00	4704.82	4718.42	4699.53	4708.44	9610	0	30
2026.04.08	22:30:00	4708.20	4731.70	4707.95	4730.46	9292	0	30
2026.04.08	23:00:00	4730.45	4732.06	4721.68	4723.07	3851	0	30
2026.04.08	23:30:00	4723.09	4724.43	4716.95	4719.13	3308	0	30
2026.04.09	01:00:00	4719.67	4733.95	4704.64	4713.68	5859	0	30
2026.04.09	01:30:00	4713.69	4719.86	4705.81	4717.56	5468	0	30
2026.04.09	02:00:00	4717.44	4717.47	4705.31	4709.75	5137	0	30
2026.04.09	02:30:00	4709.88	4719.81	4706.94	4715.59	5738	0	30
2026.04.09	03:00:00	4715.55	4715.65	4698.58	4706.30	10153	0	30
2026.04.09	03:30:00	4706.28	4718.97	4705.56	4706.65	7866	0	30
2026.04.09	04:00:00	4706.36	4723.36	4699.42	4704.79	12077	0	30
2026.04.09	04:30:00	4704.78	4728.02	4703.84	4727.08	10321	0	30
2026.04.09	05:00:00	4727.09	4728.61	4720.94	4725.22	7095	0	30
2026.04.09	05:30:00	4725.24	4732.82	4717.38	4718.94	7028	0	30
2026.04.09	06:00:00	4718.87	4720.10	4705.11	4712.38	8067	0	30
2026.04.09	06:30:00	4712.39	4714.74	4706.48	4711.34	6122	0	30
2026.04.09	07:00:00	4711.43	4723.23	4709.53	4716.84	4256	0	32
2026.04.09	07:30:00	4716.84	4725.32	4714.35	4720.77	4075	0	30
2026.04.09	08:00:00	4720.83	4726.40	4710.68	4726.15	5687	0	33
2026.04.09	08:30:00	4726.21	4726.45	4705.74	4713.04	8176	0	30
2026.04.09	09:00:00	4713.16	4725.27	4711.28	4718.19	8102	0	30
2026.04.09	09:30:00	4718.27	4722.93	4703.44	4712.49	7904	0	30
2026.04.09	10:00:00	4712.47	4730.38	4705.51	4708.36	9049	0	30
2026.04.09	10:30:00	4708.37	4731.32	4708.37	4724.29	7876	0	30
2026.04.09	11:00:00	4724.23	4727.60	4719.80	4721.23	5318	0	30
2026.04.09	11:30:00	4721.16	4732.98	4720.04	4726.11	5729	0	30
2026.04.09	12:00:00	4726.06	4733.13	4722.80	4729.62	5601	0	30
2026.04.09	12:30:00	4729.27	4732.43	4723.53	4729.12	5081	0	30
2026.04.09	13:00:00	4729.11	4739.66	4723.62	4738.04	5623	0	30
2026.04.09	13:30:00	4738.05	4746.55	4736.34	4740.90	5569	0	30
2026.04.09	14:00:00	4740.77	4747.16	4738.32	4745.64	5435	0	30
2026.04.09	14:30:00	4745.60	4757.41	4742.94	4756.38	6232	0	30
2026.04.09	15:00:00	4756.32	4759.51	4734.76	4737.91	7921	0	30
2026.04.09	15:30:00	4737.63	4747.96	4735.13	4745.85	8580	0	30
2026.04.09	16:00:00	4745.88	4758.46	4738.57	4752.61	9988	0	30
2026.04.09	16:30:00	4752.97	4776.95	4750.45	4764.27	13910	0	30
2026.04.09	17:00:00	4764.32	4776.02	4760.12	4765.47	11931	0	30
2026.04.09	17:30:00	4765.05	4768.85	4747.05	4768.40	11522	0	30
2026.04.09	18:00:00	4768.57	4786.16	4761.09	4778.77	11458	0	30
2026.04.09	18:30:00	4778.84	4797.83	4778.11	4792.63	13394	0	30
2026.04.09	19:00:00	4792.72	4800.94	4787.50	4792.64	10176	0	30
2026.04.09	19:30:00	4792.68	4795.30	4784.33	4788.69	8789	0	30
2026.04.09	20:00:00	4788.74	4798.15	4786.67	4792.67	7937	0	30
2026.04.09	20:30:00	4792.68	4801.14	4787.49	4797.62	7403	0	30
2026.04.09	21:00:00	4797.77	4797.93	4777.67	4781.95	10668	0	30
2026.04.09	21:30:00	4781.96	4782.14	4767.61	4771.97	8495	0	30
2026.04.09	22:00:00	4771.95	4782.41	4768.86	4773.46	7490	0	30
2026.04.09	22:30:00	4773.49	4777.93	4766.89	4768.54	6872	0	30
2026.04.09	23:00:00	4768.66	4773.21	4766.01	4769.88	3298	0	30
2026.04.09	23:30:00	4769.93	4771.50	4760.82	4765.48	3539	0	30
2026.04.10	01:00:00	4766.50	4780.33	4763.64	4764.34	3797	0	30
2026.04.10	01:30:00	4764.49	4767.03	4758.57	4763.93	2980	0	30
2026.04.10	02:00:00	4763.95	4764.00	4756.75	4758.18	2760	0	30
2026.04.10	02:30:00	4758.18	4764.14	4758.06	4763.55	3236	0	30
2026.04.10	03:00:00	4763.78	4763.78	4750.62	4753.50	6019	0	30
2026.04.10	03:30:00	4753.49	4762.77	4753.49	4762.62	5087	0	30
2026.04.10	04:00:00	4762.64	4766.92	4757.80	4762.24	9809	0	30
2026.04.10	04:30:00	4762.34	4776.92	4760.00	4764.37	7900	0	30
2026.04.10	05:00:00	4764.41	4765.22	4742.21	4744.44	7769	0	30
2026.04.10	05:30:00	4744.53	4753.41	4737.89	4752.86	7638	0	30
2026.04.10	06:00:00	4752.82	4761.98	4752.69	4755.83	7373	0	30
2026.04.10	06:30:00	4755.84	4769.47	4755.67	4766.34	4984	0	30
2026.04.10	07:00:00	4766.33	4770.67	4764.57	4765.45	3085	0	30
2026.04.10	07:30:00	4765.47	4765.59	4757.83	4758.46	3635	0	30
2026.04.10	08:00:00	4758.50	4763.75	4757.25	4759.66	4525	0	30
2026.04.10	08:30:00	4759.68	4769.04	4759.22	4765.74	6905	0	30
2026.04.10	09:00:00	4765.67	4765.75	4751.49	4755.30	8638	0	30
2026.04.10	09:30:00	4755.40	4758.36	4742.80	4746.14	8045	0	30
2026.04.10	10:00:00	4745.84	4755.91	4741.21	4753.51	5227	0	30
2026.04.10	10:30:00	4753.61	4757.45	4748.11	4749.46	3915	0	30
2026.04.10	11:00:00	4749.56	4753.21	4742.18	4746.60	5389	0	30
2026.04.10	11:30:00	4746.27	4752.10	4730.49	4740.57	6041	0	30
2026.04.10	12:00:00	4740.62	4760.60	4740.52	4748.71	7368	0	30
2026.04.10	12:30:00	4748.53	4752.97	4746.22	4751.39	5492	0	30
2026.04.10	13:00:00	4751.39	4760.52	4742.28	4758.10	5444	0	30
2026.04.10	13:30:00	4758.11	4759.66	4753.78	4756.99	4543	0	30
2026.04.10	14:00:00	4757.02	4762.41	4753.18	4761.52	5072	0	30
2026.04.10	14:30:00	4761.53	4768.67	4758.43	4767.95	4908	0	30
2026.04.10	15:00:00	4768.01	4771.16	4759.60	4761.96	6499	0	30
2026.04.10	15:30:00	4762.44	4782.14	4761.63	4771.62	11170	0	30
2026.04.10	16:00:00	4771.65	4779.97	4766.00	4775.53	9934	0	30
2026.04.10	16:30:00	4775.69	4778.50	4765.22	4774.95	12277	0	30
2026.04.10	17:00:00	4774.99	4792.76	4767.31	4790.53	11847	0	30
2026.04.10	17:30:00	4790.39	4794.98	4770.74	4774.60	11471	0	30
2026.04.10	18:00:00	4774.79	4787.16	4769.39	4775.95	9790	0	30
2026.04.10	18:30:00	4775.92	4778.26	4755.19	4762.15	11549	0	30
2026.04.10	19:00:00	4761.95	4765.02	4747.47	4758.36	9600	0	30
2026.04.10	19:30:00	4758.34	4765.95	4756.01	4763.67	8669	0	30
2026.04.10	20:00:00	4763.75	4768.50	4758.04	4762.69	6693	0	30
2026.04.10	20:30:00	4762.62	4765.54	4758.14	4760.26	6829	0	30
2026.04.10	21:00:00	4760.27	4769.33	4750.82	4765.75	6175	0	30
2026.04.10	21:30:00	4766.01	4773.12	4763.01	4765.14	4690	0	30
2026.04.10	22:00:00	4765.17	4770.40	4762.99	4763.42	4475	0	30
2026.04.10	22:30:00	4763.43	4765.28	4758.10	4759.60	6150	0	30
2026.04.10	23:00:00	4759.73	4759.78	4741.03	4745.39	5055	0	30
2026.04.10	23:30:00	4745.40	4752.22	4744.78	4749.21	3247	0	42
2026.04.13	01:00:00	4690.26	4690.71	4643.71	4646.73	7804	0	30
2026.04.13	01:30:00	4646.90	4660.29	4645.18	4658.92	9531	0	30
2026.04.13	02:00:00	4658.90	4660.55	4644.25	4653.21	7907	0	30
2026.04.13	02:30:00	4653.24	4671.71	4650.00	4671.15	7660	0	30
2026.04.13	03:00:00	4671.23	4675.85	4664.50	4672.80	9118	0	30
2026.04.13	03:30:00	4672.81	4698.31	4670.82	4695.46	7906	0	30
2026.04.13	04:00:00	4694.66	4721.33	4693.62	4717.26	12843	0	30
2026.04.13	04:30:00	4717.24	4727.94	4709.73	4721.10	10659	0	30
2026.04.13	05:00:00	4721.09	4725.64	4718.91	4719.79	7621	0	30
2026.04.13	05:30:00	4719.82	4727.82	4711.04	4720.35	9538	0	41
2026.04.13	06:00:00	4720.34	4721.57	4712.13	4718.81	8122	0	30
2026.04.13	06:30:00	4718.80	4723.79	4717.17	4718.04	4599	0	30
2026.04.13	07:00:00	4718.03	4718.37	4708.51	4712.54	4467	0	30
2026.04.13	07:30:00	4712.60	4724.81	4708.82	4722.98	4911	0	30
2026.04.13	08:00:00	4723.04	4726.01	4716.27	4720.41	5116	0	30
2026.04.13	08:30:00	4720.31	4730.61	4717.96	4729.26	8800	0	30
2026.04.13	09:00:00	4729.28	4731.77	4723.25	4731.50	9806	0	30
2026.04.13	09:30:00	4731.53	4732.62	4720.68	4725.46	8164	0	30
2026.04.13	10:00:00	4725.56	4738.54	4724.69	4730.67	8799	0	30
2026.04.13	10:30:00	4730.79	4739.88	4727.29	4733.50	8010	0	30
2026.04.13	11:00:00	4733.30	4738.45	4729.98	4731.91	6281	0	30
2026.04.13	11:30:00	4731.86	4736.08	4720.04	4723.18	6465	0	30
2026.04.13	12:00:00	4723.17	4728.40	4714.10	4715.04	6936	0	30
2026.04.13	12:30:00	4715.09	4719.90	4710.39	4714.42	5486	0	30
2026.04.13	13:00:00	4714.44	4718.70	4708.37	4712.40	5183	0	30
2026.04.13	13:30:00	4712.44	4723.80	4711.54	4721.94	5250	0	30
2026.04.13	14:00:00	4722.02	4728.99	4718.46	4720.98	6066	0	30
2026.04.13	14:30:00	4720.85	4722.31	4703.61	4706.48	8190	0	30
2026.04.13	15:00:00	4706.76	4720.09	4703.51	4710.43	8268	0	30
2026.04.13	15:30:00	4710.44	4725.06	4708.84	4723.34	8145	0	30
2026.04.13	16:00:00	4723.26	4737.29	4722.42	4733.14	10295	0	30
2026.04.13	16:30:00	4733.18	4744.50	4721.25	4730.56	14695	0	30
2026.04.13	17:00:00	4730.37	4731.09	4709.45	4715.31	13973	0	30
2026.04.13	17:30:00	4715.21	4723.33	4708.69	4719.00	11216	0	30
2026.04.13	18:00:00	4718.94	4719.73	4700.19	4703.58	13085	0	30
2026.04.13	18:30:00	4703.64	4718.09	4702.10	4714.37	8568	0	30
2026.04.13	19:00:00	4714.28	4734.02	4709.23	4730.29	10669	0	30
2026.04.13	19:30:00	4730.26	4746.04	4728.44	4732.94	13222	0	30
2026.04.13	20:00:00	4732.95	4750.02	4725.34	4742.99	8985	0	30
2026.04.13	20:30:00	4742.98	4747.29	4727.21	4729.74	7651	0	30
2026.04.13	21:00:00	4729.75	4732.90	4723.15	4727.19	5804	0	30
2026.04.13	21:30:00	4727.23	4740.65	4726.59	4738.20	8686	0	30
2026.04.13	22:00:00	4738.20	4743.89	4730.45	4743.09	5699	0	30
2026.04.13	22:30:00	4743.03	4747.33	4738.94	4741.11	6215	0	30
2026.04.13	23:00:00	4741.14	4744.04	4738.38	4739.27	2710	0	30
2026.04.13	23:30:00	4739.28	4741.54	4738.08	4740.04	2209	0	35
2026.04.14	01:00:00	4744.11	4755.70	4744.11	4748.51	3085	0	50
2026.04.14	01:30:00	4748.51	4759.36	4746.10	4757.87	2953	0	31
2026.04.14	02:00:00	4757.93	4765.85	4754.72	4755.25	4426	0	30
2026.04.14	02:30:00	4755.28	4761.61	4754.37	4757.41	3659	0	30
2026.04.14	03:00:00	4757.65	4767.41	4751.43	4762.27	7411	0	30
2026.04.14	03:30:00	4762.32	4775.61	4761.25	4769.81	6782	0	30
2026.04.14	04:00:00	4769.79	4776.85	4762.31	4770.23	10795	0	30
2026.04.14	04:30:00	4770.21	4773.49	4761.64	4764.58	8717	0	30
2026.04.14	05:00:00	4764.61	4772.33	4762.68	4768.71	4934	0	30
2026.04.14	05:30:00	4768.66	4777.16	4761.86	4774.99	6702	0	30
2026.04.14	06:00:00	4774.98	4775.40	4765.77	4768.21	5417	0	31
2026.04.14	06:30:00	4768.25	4771.82	4765.60	4767.90	2936	0	39
2026.04.14	07:00:00	4768.03	4776.82	4766.92	4775.90	3034	0	30
2026.04.14	07:30:00	4775.92	4776.14	4771.40	4774.04	3187	0	30
2026.04.14	08:00:00	4774.05	4774.11	4761.39	4764.61	3873	0	30
2026.04.14	08:30:00	4764.60	4767.10	4757.85	4759.92	7888	0	30
2026.04.14	09:00:00	4760.02	4769.62	4759.86	4767.60	6874	0	30
2026.04.14	09:30:00	4767.53	4782.94	4764.26	4782.06	7924	0	30
2026.04.14	10:00:00	4782.04	4796.17	4767.74	4772.47	10475	0	30
2026.04.14	10:30:00	4772.66	4780.59	4771.67	4777.03	7561	0	30
2026.04.14	11:00:00	4776.77	4786.39	4774.08	4785.85	8146	0	30
2026.04.14	11:30:00	4785.90	4789.73	4781.25	4786.74	5550	0	30
2026.04.14	12:00:00	4786.86	4789.15	4778.45	4778.45	5372	0	30
2026.04.14	12:30:00	4778.50	4782.19	4771.38	4778.17	5664	0	30
2026.04.14	13:00:00	4778.25	4787.85	4778.25	4783.81	4544	0	30
2026.04.14	13:30:00	4783.80	4784.40	4752.23	4768.23	8087	0	30
2026.04.14	14:00:00	4768.05	4782.85	4766.69	4778.02	6374	0	30
2026.04.14	14:30:00	4778.31	4782.79	4770.49	4774.81	5831	0	30
2026.04.14	15:00:00	4774.98	4777.48	4762.49	4769.21	8519	0	30
2026.04.14	15:30:00	4769.21	4776.10	4762.16	4771.19	8781	0	30
2026.04.14	16:00:00	4771.21	4792.39	4770.94	4782.79	10438	0	30
2026.04.14	16:30:00	4782.82	4803.39	4780.04	4794.55	13199	0	30
2026.04.14	17:00:00	4795.28	4810.48	4792.93	4809.21	12166	0	30
2026.04.14	17:30:00	4809.14	4817.76	4795.22	4803.73	10991	0	30
2026.04.14	18:00:00	4803.70	4805.60	4790.92	4802.28	11295	0	30
2026.04.14	18:30:00	4802.41	4816.05	4802.33	4808.03	9962	0	30
2026.04.14	19:00:00	4808.04	4819.26	4804.92	4816.30	7986	0	30
2026.04.14	19:30:00	4816.31	4820.16	4809.09	4810.07	8316	0	30
2026.04.14	20:00:00	4810.04	4833.58	4809.36	4825.46	8231	0	30
2026.04.14	20:30:00	4825.55	4841.19	4825.06	4834.86	6951	0	30
2026.04.14	21:00:00	4834.95	4843.21	4833.07	4837.55	7506	0	30
2026.04.14	21:30:00	4837.37	4839.04	4830.84	4835.46	6085	0	30
2026.04.14	22:00:00	4835.46	4842.31	4835.46	4840.55	5044	0	30
2026.04.14	22:30:00	4840.29	4846.16	4838.47	4844.74	6807	0	30
2026.04.14	23:00:00	4844.73	4846.04	4839.50	4840.33	2282	0	30
2026.04.14	23:30:00	4840.37	4843.22	4839.70	4841.53	2255	0	30
2026.04.15	01:00:00	4840.29	4850.74	4836.41	4839.90	4775	0	30
2026.04.15	01:30:00	4839.83	4843.01	4833.14	4834.94	3944	0	30
2026.04.15	02:00:00	4834.89	4843.82	4833.65	4835.85	4837	0	30
2026.04.15	02:30:00	4835.79	4843.81	4835.09	4836.96	6286	0	30
2026.04.15	03:00:00	4837.10	4839.76	4828.65	4833.51	6509	0	30
2026.04.15	03:30:00	4833.61	4837.33	4827.15	4835.28	4514	0	30
2026.04.15	04:00:00	4835.27	4871.17	4827.98	4850.64	11914	0	30
2026.04.15	04:30:00	4850.61	4851.30	4839.78	4847.00	8814	0	30
2026.04.15	05:00:00	4846.90	4853.35	4832.37	4834.49	8692	0	30
2026.04.15	05:30:00	4834.46	4835.35	4820.48	4823.76	11453	0	30
2026.04.15	06:00:00	4823.74	4827.72	4816.83	4826.34	7432	0	30
2026.04.15	06:30:00	4826.22	4829.38	4823.67	4823.80	3601	0	30
2026.04.15	07:00:00	4823.79	4826.47	4820.32	4824.48	3148	0	30
2026.04.15	07:30:00	4824.54	4827.61	4821.26	4824.88	2294	0	30
2026.04.15	08:00:00	4824.95	4830.19	4822.56	4826.07	6349	0	30
2026.04.15	08:30:00	4826.02	4827.75	4812.44	4819.51	8962	0	30
2026.04.15	09:00:00	4819.55	4824.86	4813.47	4814.53	7082	0	30
2026.04.15	09:30:00	4814.46	4822.05	4810.97	4811.55	7783	0	30
2026.04.15	10:00:00	4811.59	4816.83	4803.94	4812.63	7901	0	30
2026.04.15	10:30:00	4812.35	4815.67	4805.80	4811.09	5788	0	30
2026.04.15	11:00:00	4810.88	4814.19	4804.48	4809.78	6448	0	30
2026.04.15	11:30:00	4809.81	4820.62	4805.37	4818.35	5678	0	30
2026.04.15	12:00:00	4818.32	4819.40	4792.52	4797.86	9234	0	30
2026.04.15	12:30:00	4797.12	4803.63	4786.08	4798.05	7333	0	30
2026.04.15	13:00:00	4797.95	4803.01	4790.27	4794.91	8444	0	30
2026.04.15	13:30:00	4794.89	4805.15	4792.88	4800.03	7978	0	30
2026.04.15	14:00:00	4799.93	4806.93	4795.42	4804.79	6169	0	32
2026.04.15	14:30:00	4804.87	4814.91	4802.61	4812.49	8349	0	30
2026.04.15	15:00:00	4812.20	4815.99	4806.80	4812.53	7607	0	30
2026.04.15	15:30:00	4812.49	4815.91	4808.27	4811.49	5591	0	30
2026.04.15	16:00:00	4811.40	4821.79	4808.51	4821.58	9479	0	30
2026.04.15	16:30:00	4821.54	4830.06	4815.69	4828.78	12794	0	30
2026.04.15	17:00:00	4828.49	4830.38	4820.44	4825.04	10053	0	30
2026.04.15	17:30:00	4825.11	4825.57	4813.24	4815.32	10723	0	30
2026.04.15	18:00:00	4815.34	4816.04	4797.50	4798.18	10978	0	30
2026.04.15	18:30:00	4798.08	4807.33	4786.88	4801.41	9840	0	30
2026.04.15	19:00:00	4801.28	4812.48	4800.19	4811.16	7557	0	30
2026.04.15	19:30:00	4811.23	4811.80	4800.05	4803.76	8856	0	30
2026.04.15	20:00:00	4803.74	4808.61	4797.81	4801.70	6598	0	30
2026.04.15	20:30:00	4801.50	4802.61	4790.66	4792.36	6855	0	30
2026.04.15	21:00:00	4792.42	4800.76	4790.15	4794.56	7691	0	30
2026.04.15	21:30:00	4794.86	4801.99	4794.44	4799.63	5097	0	30
2026.04.15	22:00:00	4799.49	4803.23	4797.53	4802.74	5388	0	30
2026.04.15	22:30:00	4802.70	4802.77	4794.43	4795.64	6556	0	30
2026.04.15	23:00:00	4795.87	4796.49	4792.52	4793.73	2734	0	41
2026.04.15	23:30:00	4793.69	4793.69	4787.62	4790.56	3295	0	36
2026.04.16	01:00:00	4792.78	4801.90	4790.76	4801.06	4023	0	30
2026.04.16	01:30:00	4801.10	4811.73	4799.10	4807.43	4205	0	30
2026.04.16	02:00:00	4807.37	4815.57	4807.37	4814.91	2808	0	30
2026.04.16	02:30:00	4814.86	4826.55	4814.45	4823.29	4557	0	30
2026.04.16	03:00:00	4823.04	4831.13	4822.35	4824.60	6223	0	30
2026.04.16	03:30:00	4824.56	4837.52	4820.73	4832.97	6158	0	30
2026.04.16	04:00:00	4832.89	4836.22	4822.79	4823.57	8444	0	30
2026.04.16	04:30:00	4823.55	4825.55	4811.17	4817.78	7890	0	30
2026.04.16	05:00:00	4817.79	4824.81	4817.14	4819.04	6063	0	30
2026.04.16	05:30:00	4819.06	4821.29	4812.36	4819.54	8088	0	30
2026.04.16	06:00:00	4819.32	4826.95	4818.92	4823.68	5060	0	46
2026.04.16	06:30:00	4823.72	4826.55	4818.95	4823.90	3609	0	30
2026.04.16	07:00:00	4823.79	4829.85	4823.02	4826.30	3064	0	30
2026.04.16	07:30:00	4826.28	4833.36	4825.07	4832.93	2260	0	30
2026.04.16	08:00:00	4833.02	4838.20	4831.60	4833.20	4059	0	30
2026.04.16	08:30:00	4833.19	4833.71	4821.20	4821.23	7808	0	30
2026.04.16	09:00:00	4821.20	4827.59	4814.41	4815.99	7770	0	30
2026.04.16	09:30:00	4816.14	4830.41	4814.81	4825.89	8641	0	30
2026.04.16	10:00:00	4825.90	4830.79	4817.02	4828.06	8735	0	30
2026.04.16	10:30:00	4828.19	4830.01	4819.28	4821.00	4530	0	30
2026.04.16	11:00:00	4821.09	4821.93	4807.21	4811.46	7648	0	30
2026.04.16	11:30:00	4811.43	4814.68	4806.54	4813.73	5822	0	30
2026.04.16	12:00:00	4813.71	4817.88	4811.17	4813.03	4283	0	30
2026.04.16	12:30:00	4812.96	4815.34	4806.66	4812.72	7827	0	30
2026.04.16	13:00:00	4812.75	4815.49	4805.09	4806.93	4774	0	30
2026.04.16	13:30:00	4806.90	4817.17	4804.98	4817.06	4913	0	30
2026.04.16	14:00:00	4817.07	4820.52	4815.43	4815.98	6294	0	30
2026.04.16	14:30:00	4816.01	4822.32	4815.76	4821.95	5343	0	33
2026.04.16	15:00:00	4821.97	4822.98	4811.43	4815.11	6014	0	30
2026.04.16	15:30:00	4814.94	4820.62	4811.60	4816.07	6029	0	30
2026.04.16	16:00:00	4816.09	4822.87	4813.96	4815.50	7840	0	30
2026.04.16	16:30:00	4815.52	4823.86	4784.49	4794.68	14266	0	30
2026.04.16	17:00:00	4794.65	4805.15	4784.99	4798.91	14010	0	30
2026.04.16	17:30:00	4799.20	4800.58	4773.02	4788.57	13453	0	30
2026.04.16	18:00:00	4788.68	4812.85	4788.19	4801.61	11892	0	30
2026.04.16	18:30:00	4801.42	4811.01	4798.02	4806.80	11051	0	30
2026.04.16	19:00:00	4806.92	4809.82	4796.58	4799.18	6800	0	30
2026.04.16	19:30:00	4799.17	4799.77	4784.99	4791.77	10147	0	30
2026.04.16	20:00:00	4791.90	4795.22	4784.53	4785.02	8421	0	30
2026.04.16	20:30:00	4785.15	4790.78	4781.16	4789.07	7646	0	30
2026.04.16	21:00:00	4789.08	4794.10	4785.68	4786.90	8823	0	33
2026.04.16	21:30:00	4786.96	4792.55	4786.57	4789.42	7378	0	39
2026.04.16	22:00:00	4789.44	4795.00	4789.43	4790.70	5888	0	30
2026.04.16	22:30:00	4790.71	4798.44	4790.60	4793.49	5874	0	30
2026.04.16	23:00:00	4793.30	4793.71	4788.20	4788.78	2775	0	36
2026.04.16	23:30:00	4788.76	4790.58	4786.35	4790.57	2244	0	30
2026.04.17	01:00:00	4792.27	4797.94	4791.03	4793.83	3237	0	48
2026.04.17	01:30:00	4793.85	4796.62	4790.79	4795.06	3082	0	41
2026.04.17	02:00:00	4794.31	4797.54	4792.04	4794.30	2607	0	45
2026.04.17	02:30:00	4794.31	4796.54	4791.49	4791.49	2902	0	45
2026.04.17	03:00:00	4791.39	4792.82	4785.76	4792.76	5962	0	35
2026.04.17	03:30:00	4792.77	4801.06	4792.40	4794.75	5722	0	34
2026.04.17	04:00:00	4794.74	4795.38	4767.58	4768.57	11128	0	33
2026.04.17	04:30:00	4768.70	4791.37	4767.56	4789.41	10596	0	30
2026.04.17	05:00:00	4789.40	4794.30	4788.20	4788.91	6497	0	34
2026.04.17	05:30:00	4788.99	4794.64	4784.31	4784.44	5523	0	30
2026.04.17	06:00:00	4784.48	4797.93	4784.48	4793.92	6171	0	30
2026.04.17	06:30:00	4793.80	4796.57	4791.88	4793.18	2156	0	46
2026.04.17	07:00:00	4793.15	4796.10	4792.58	4795.86	2149	0	30
2026.04.17	07:30:00	4795.83	4804.41	4795.19	4802.86	2744	0	30
2026.04.17	08:00:00	4802.78	4806.11	4799.67	4803.39	3967	0	30
2026.04.17	08:30:00	4803.37	4805.22	4793.63	4793.99	6459	0	30
2026.04.17	09:00:00	4793.98	4795.12	4783.20	4783.63	7409	0	30
2026.04.17	09:30:00	4783.59	4787.00	4779.05	4784.83	7946	0	30
2026.04.17	10:00:00	4784.85	4792.76	4783.99	4791.48	4699	0	30
2026.04.17	10:30:00	4791.51	4794.56	4778.51	4784.18	5354	0	30
2026.04.17	11:00:00	4784.18	4790.89	4780.74	4784.31	4780	0	30
2026.04.17	11:30:00	4784.31	4796.73	4784.23	4795.71	4920	0	30
2026.04.17	12:00:00	4795.70	4800.68	4791.85	4795.74	4429	0	30
2026.04.17	12:30:00	4795.77	4798.89	4789.84	4790.19	4821	0	30
2026.04.17	13:00:00	4790.22	4793.82	4786.90	4789.31	5057	0	30
2026.04.17	13:30:00	4789.32	4789.64	4782.12	4787.20	4537	0	30
2026.04.17	14:00:00	4787.21	4793.13	4783.43	4792.76	3959	0	30
2026.04.17	14:30:00	4792.77	4811.52	4789.58	4798.90	6306	0	30
2026.04.17	15:00:00	4798.91	4819.52	4797.51	4816.71	7995	0	30
2026.04.17	15:30:00	4816.77	4847.57	4815.19	4846.16	12439	0	30
2026.04.17	16:00:00	4846.15	4889.24	4834.75	4851.28	16019	0	30
2026.04.17	16:30:00	4851.38	4881.89	4848.12	4880.16	15529	0	30
2026.04.17	17:00:00	4880.29	4885.31	4860.61	4871.24	13677	0	30
2026.04.17	17:30:00	4871.33	4882.94	4869.21	4872.97	12825	0	30
2026.04.17	18:00:00	4873.14	4880.42	4862.24	4865.88	12207	0	30
2026.04.17	18:30:00	4866.12	4873.96	4854.65	4867.27	11187	0	30
2026.04.17	19:00:00	4867.26	4873.27	4863.46	4867.55	11155	0	30
2026.04.17	19:30:00	4867.62	4872.76	4864.85	4866.82	7346	0	30
2026.04.17	20:00:00	4866.84	4869.45	4853.61	4858.34	12408	0	30
2026.04.17	20:30:00	4858.35	4863.25	4854.17	4862.42	9059	0	30
2026.04.17	21:00:00	4862.45	4867.94	4858.72	4860.57	8296	0	30
2026.04.17	21:30:00	4860.52	4866.59	4855.85	4858.01	6818	0	30
2026.04.17	22:00:00	4858.00	4858.71	4853.68	4856.66	7025	0	30
2026.04.17	22:30:00	4856.67	4861.19	4852.59	4854.30	9981	0	30
2026.04.17	23:00:00	4854.40	4855.00	4844.44	4845.74	6002	0	30
2026.04.17	23:30:00	4845.50	4846.57	4829.82	4832.88	5149	0	32
2026.04.20	01:00:00	4792.25	4794.37	4757.92	4784.83	6696	0	52
2026.04.20	01:30:00	4784.85	4790.74	4777.87	4779.18	6844	0	34
2026.04.20	02:00:00	4779.19	4779.32	4768.03	4769.04	6878	0	30
2026.04.20	02:30:00	4769.06	4773.24	4736.73	4755.05	9841	0	30
2026.04.20	03:00:00	4755.16	4765.66	4744.73	4765.17	9971	0	30
2026.04.20	03:30:00	4765.20	4774.09	4759.45	4772.27	7014	0	30
2026.04.20	04:00:00	4772.18	4803.61	4771.14	4802.79	10911	0	30
2026.04.20	04:30:00	4802.80	4814.22	4801.29	4807.73	8820	0	30
2026.04.20	05:00:00	4807.74	4809.03	4798.25	4800.13	6624	0	30
2026.04.20	05:30:00	4800.12	4801.83	4793.00	4797.08	6587	0	37
2026.04.20	06:00:00	4797.01	4798.24	4788.65	4795.06	7445	0	41
2026.04.20	06:30:00	4795.08	4796.56	4789.01	4790.81	3902	0	38
2026.04.20	07:00:00	4790.85	4795.55	4790.78	4794.51	2882	0	30
2026.04.20	07:30:00	4794.53	4794.60	4787.14	4788.79	4028	0	30
2026.04.20	08:00:00	4788.73	4792.97	4784.23	4787.74	3948	0	39
2026.04.20	08:30:00	4787.62	4795.91	4779.55	4790.66	8904	0	30
2026.04.20	09:00:00	4790.47	4793.68	4783.72	4785.97	8686	0	30
2026.04.20	09:30:00	4786.00	4795.19	4785.29	4795.19	8981	0	30
2026.04.20	10:00:00	4795.24	4805.57	4793.80	4797.67	7877	0	30
2026.04.20	10:30:00	4797.55	4798.60	4786.84	4789.58	7206	0	30
2026.04.20	11:00:00	4789.56	4792.39	4785.98	4791.90	6013	0	30
2026.04.20	11:30:00	4791.82	4796.12	4788.49	4796.06	4864	0	30
2026.04.20	12:00:00	4796.09	4797.74	4791.56	4792.19	5593	0	30
2026.04.20	12:30:00	4792.47	4797.03	4783.29	4791.44	5728	0	30
2026.04.20	13:00:00	4791.43	4800.77	4789.80	4798.06	5398	0	30
2026.04.20	13:30:00	4798.15	4799.88	4794.27	4795.60	3574	0	30
2026.04.20	14:00:00	4795.68	4796.12	4786.43	4788.21	5794	0	30
2026.04.20	14:30:00	4788.33	4810.77	4787.58	4810.35	6631	0	30
2026.04.20	15:00:00	4810.39	4822.01	4802.85	4805.42	8752	0	30
2026.04.20	15:30:00	4805.40	4809.33	4798.91	4803.24	6571	0	30
2026.04.20	16:00:00	4803.25	4825.76	4799.58	4824.30	10129	0	30
2026.04.20	16:30:00	4824.33	4826.25	4815.77	4817.67	12574	0	30
2026.04.20	17:00:00	4817.71	4826.72	4806.74	4823.29	12149	0	30
2026.04.20	17:30:00	4823.20	4827.47	4792.54	4805.07	12789	0	30
2026.04.20	18:00:00	4805.17	4809.36	4792.59	4807.98	12815	0	30
2026.04.20	18:30:00	4808.27	4809.16	4795.30	4799.63	9148	0	30
2026.04.20	19:00:00	4799.67	4801.76	4792.74	4801.05	7035	0	30
2026.04.20	19:30:00	4801.20	4806.31	4798.73	4805.45	6031	0	30
2026.04.20	20:00:00	4805.59	4811.13	4803.72	4809.89	6704	0	30
2026.04.20	20:30:00	4809.94	4811.99	4804.97	4806.60	7284	0	30
2026.04.20	21:00:00	4806.55	4815.75	4806.55	4813.38	7304	0	30
2026.04.20	21:30:00	4813.33	4816.41	4810.90	4813.89	4818	0	30
2026.04.20	22:00:00	4813.87	4821.25	4813.76	4816.96	4073	0	30
2026.04.20	22:30:00	4816.98	4817.20	4810.24	4814.17	5166	0	30
2026.04.20	23:00:00	4814.17	4816.93	4812.15	4815.78	1833	0	30
2026.04.20	23:30:00	4815.80	4821.80	4812.87	4820.51	3173	0	33
2026.04.21	01:00:00	4822.22	4833.08	4820.65	4828.81	5379	0	30
2026.04.21	01:30:00	4828.79	4831.57	4824.96	4827.53	4566	0	30
2026.04.21	02:00:00	4827.49	4831.50	4823.65	4825.50	3538	0	30
2026.04.21	02:30:00	4825.47	4825.47	4819.72	4821.62	3035	0	35
2026.04.21	03:00:00	4821.82	4830.63	4819.48	4819.72	6389	0	30
2026.04.21	03:30:00	4819.85	4826.06	4816.75	4823.90	6130	0	30
2026.04.21	04:00:00	4823.84	4824.36	4813.04	4818.38	8489	0	30
2026.04.21	04:30:00	4818.37	4818.84	4805.69	4810.04	6339	0	30
2026.04.21	05:00:00	4810.03	4810.24	4803.43	4807.45	5657	0	30
2026.04.21	05:30:00	4807.54	4808.01	4802.36	4806.72	5041	0	30
2026.04.21	06:00:00	4806.75	4807.53	4793.56	4798.58	6267	0	30
2026.04.21	06:30:00	4798.57	4799.76	4792.40	4797.01	4560	0	30
2026.04.21	07:00:00	4797.15	4797.73	4791.07	4792.04	3816	0	30
2026.04.21	07:30:00	4792.01	4794.15	4788.61	4789.04	3158	0	37
2026.04.21	08:00:00	4789.16	4792.98	4785.77	4787.39	4386	0	30
2026.04.21	08:30:00	4787.38	4796.93	4783.08	4783.99	7671	0	30
2026.04.21	09:00:00	4783.97	4790.50	4775.37	4778.66	8897	0	30
2026.04.21	09:30:00	4778.89	4783.20	4774.47	4778.53	7263	0	30
2026.04.21	10:00:00	4778.10	4787.47	4772.60	4783.24	7968	0	30
2026.04.21	10:30:00	4783.23	4792.55	4780.76	4785.88	6724	0	30
2026.04.21	11:00:00	4785.64	4789.04	4774.62	4787.12	7194	0	30
2026.04.21	11:30:00	4787.09	4792.87	4784.69	4785.82	5188	0	30
2026.04.21	12:00:00	4785.81	4787.77	4781.11	4782.20	4527	0	30
2026.04.21	12:30:00	4782.14	4789.53	4781.90	4783.58	5131	0	30
2026.04.21	13:00:00	4783.72	4785.80	4780.64	4782.80	4410	0	30
2026.04.21	13:30:00	4782.82	4790.28	4782.51	4789.61	3850	0	30
2026.04.21	14:00:00	4789.62	4790.12	4775.27	4783.37	6078	0	30
2026.04.21	14:30:00	4783.27	4797.87	4783.04	4794.49	5746	0	30
2026.04.21	15:00:00	4794.52	4796.83	4779.04	4780.56	7867	0	30
2026.04.21	15:30:00	4780.54	4790.54	4766.28	4778.64	10329	0	30
2026.04.21	16:00:00	4778.59	4783.62	4761.45	4774.75	11014	0	30
2026.04.21	16:30:00	4774.67	4794.21	4770.02	4778.92	13516	0	30
2026.04.21	17:00:00	4778.78	4782.43	4769.66	4774.04	10888	0	30
2026.04.21	17:30:00	4773.95	4774.91	4723.56	4738.82	15214	0	30
2026.04.21	18:00:00	4739.34	4757.48	4727.60	4742.36	15187	0	30
2026.04.21	18:30:00	4742.37	4750.06	4736.62	4741.37	11874	0	30
2026.04.21	19:00:00	4741.66	4746.98	4719.83	4720.64	10992	0	30
2026.04.21	19:30:00	4720.70	4727.34	4708.12	4710.91	11321	0	30
2026.04.21	20:00:00	4710.98	4717.93	4697.29	4699.68	12784	0	30
2026.04.21	20:30:00	4699.91	4722.01	4696.80	4710.79	11752	0	30
2026.04.21	21:00:00	4710.73	4714.48	4692.08	4696.27	10850	0	30
2026.04.21	21:30:00	4696.28	4713.78	4696.28	4709.08	9858	0	30
2026.04.21	22:00:00	4709.15	4715.00	4704.54	4713.72	10235	0	30
2026.04.21	22:30:00	4713.83	4714.56	4668.29	4679.23	13754	0	30
2026.04.21	23:00:00	4679.24	4711.06	4668.76	4705.52	10999	0	30
2026.04.21	23:30:00	4705.51	4720.05	4705.16	4719.88	6261	0	33
2026.04.22	01:00:00	4720.87	4729.45	4716.48	4718.89	5078	0	46
2026.04.22	01:30:00	4718.89	4719.91	4715.48	4719.42	2916	0	38
2026.04.22	02:00:00	4719.30	4732.99	4717.96	4729.87	4211	0	30
2026.04.22	02:30:00	4729.88	4740.45	4728.82	4737.91	4141	0	40
2026.04.22	03:00:00	4738.08	4747.32	4738.08	4742.30	6902	0	30
2026.04.22	03:30:00	4742.26	4746.96	4738.43	4739.77	5131	0	30
2026.04.22	04:00:00	4739.76	4749.03	4735.88	4746.19	7519	0	30
2026.04.22	04:30:00	4746.13	4754.54	4746.08	4752.06	8215	0	30
2026.04.22	05:00:00	4752.24	4757.93	4750.12	4755.53	4804	0	30
2026.04.22	05:30:00	4755.52	4758.63	4750.96	4755.62	5550	0	30
2026.04.22	06:00:00	4755.68	4763.28	4752.90	4763.03	5643	0	30
2026.04.22	06:30:00	4763.01	4764.94	4756.88	4758.14	3362	0	30
2026.04.22	07:00:00	4758.16	4759.51	4754.36	4755.80	3067	0	32
2026.04.22	07:30:00	4755.78	4759.42	4752.16	4754.45	3597	0	32
2026.04.22	08:00:00	4754.44	4771.56	4752.09	4766.01	6474	0	30
2026.04.22	08:30:00	4765.99	4771.95	4763.68	4767.60	7228	0	30
2026.04.22	09:00:00	4767.57	4767.71	4758.72	4766.82	5985	0	32
2026.04.22	09:30:00	4766.81	4767.61	4763.13	4767.51	6480	0	30
2026.04.22	10:00:00	4767.41	4772.12	4762.40	4765.88	5527	0	30
2026.04.22	10:30:00	4765.98	4766.50	4759.50	4760.40	5059	0	30
2026.04.22	11:00:00	4760.52	4762.13	4753.99	4754.05	6171	0	30
2026.04.22	11:30:00	4754.07	4758.31	4751.66	4756.84	5044	0	30
2026.04.22	12:00:00	4756.86	4761.75	4756.12	4756.21	4466	0	30
2026.04.22	12:30:00	4756.11	4762.32	4752.17	4755.07	4830	0	30
2026.04.22	13:00:00	4755.10	4757.48	4745.68	4754.56	5374	0	30
2026.04.22	13:30:00	4754.58	4759.98	4753.63	4759.09	4354	0	30
2026.04.22	14:00:00	4759.18	4760.57	4756.21	4757.18	5110	0	30
2026.04.22	14:30:00	4757.17	4759.76	4747.74	4750.27	5545	0	30
2026.04.22	15:00:00	4750.62	4759.98	4747.03	4752.93	6161	0	30
2026.04.22	15:30:00	4752.85	4754.17	4742.77	4744.09	7533	0	30
2026.04.22	16:00:00	4744.13	4750.68	4736.21	4750.00	10392	0	30
2026.04.22	16:30:00	4749.95	4760.78	4741.85	4752.85	13206	0	30
2026.04.22	17:00:00	4752.83	4757.44	4742.28	4743.80	11545	0	30
2026.04.22	17:30:00	4744.07	4744.47	4729.83	4735.86	12618	0	30
2026.04.22	18:00:00	4735.87	4739.95	4729.81	4735.08	10286	0	30
2026.04.22	18:30:00	4734.93	4735.33	4724.88	4727.57	9236	0	30
2026.04.22	19:00:00	4727.50	4734.87	4724.11	4726.89	7495	0	30
2026.04.22	19:30:00	4726.86	4731.98	4723.72	4728.50	6840	0	30
2026.04.22	20:00:00	4728.51	4739.41	4728.38	4734.99	6971	0	31
2026.04.22	20:30:00	4735.15	4738.27	4733.45	4737.07	6037	0	30
2026.04.22	21:00:00	4737.11	4738.48	4729.66	4730.14	4817	0	30
2026.04.22	21:30:00	4730.20	4749.27	4730.04	4741.61	6043	0	33
2026.04.22	22:00:00	4741.62	4745.22	4736.74	4744.19	6517	0	32
2026.04.22	22:30:00	4744.22	4744.52	4736.86	4740.02	6438	0	39
2026.04.22	23:00:00	4740.15	4740.29	4734.26	4736.69	4172	0	46
2026.04.22	23:30:00	4736.67	4740.48	4736.14	4739.96	2500	0	31
2026.04.23	01:00:00	4741.69	4746.38	4732.38	4732.70	3754	0	46
2026.04.23	01:30:00	4732.80	4735.01	4725.57	4725.84	3145	0	30
2026.04.23	02:00:00	4725.89	4729.72	4723.40	4728.13	2928	0	39
2026.04.23	02:30:00	4728.08	4729.06	4723.69	4727.68	3432	0	30
2026.04.23	03:00:00	4727.76	4742.36	4693.89	4741.49	12666	0	30
2026.04.23	03:30:00	4741.40	4753.37	4741.16	4747.95	10542	0	30
2026.04.23	04:00:00	4747.62	4749.74	4727.07	4728.13	10784	0	30
2026.04.23	04:30:00	4728.17	4736.80	4722.41	4723.19	9557	0	30
2026.04.23	05:00:00	4723.21	4724.56	4704.75	4713.67	8933	0	30
2026.04.23	05:30:00	4713.95	4715.51	4698.04	4698.71	10378	0	30
2026.04.23	06:00:00	4698.74	4708.47	4698.05	4703.17	9155	0	30
2026.04.23	06:30:00	4703.13	4707.33	4700.96	4703.77	5964	0	34
2026.04.23	07:00:00	4703.78	4706.90	4700.74	4705.52	4554	0	34
2026.04.23	07:30:00	4705.51	4707.09	4698.64	4704.21	3810	0	30
2026.04.23	08:00:00	4704.15	4710.26	4703.14	4705.83	5411	0	30
2026.04.23	08:30:00	4705.85	4715.09	4692.46	4713.32	7929	0	30
2026.04.23	09:00:00	4713.33	4718.11	4708.43	4712.07	6974	0	30
2026.04.23	09:30:00	4712.07	4720.82	4709.14	4712.87	7088	0	30
2026.04.23	10:00:00	4712.85	4716.33	4703.05	4706.12	8237	0	30
2026.04.23	10:30:00	4706.09	4720.41	4703.37	4719.00	5865	0	30
2026.04.23	11:00:00	4718.99	4724.76	4714.91	4715.23	5398	0	30
2026.04.23	11:30:00	4715.90	4716.06	4701.71	4703.19	6137	0	30
2026.04.23	12:00:00	4703.16	4703.52	4694.55	4700.75	6759	0	30
2026.04.23	12:30:00	4700.48	4702.93	4694.64	4697.43	4860	0	30
2026.04.23	13:00:00	4697.27	4701.52	4684.27	4686.51	6362	0	30
2026.04.23	13:30:00	4686.70	4697.08	4684.13	4696.43	5338	0	30
2026.04.23	14:00:00	4696.52	4703.15	4695.50	4699.13	4790	0	30
2026.04.23	14:30:00	4699.12	4720.74	4696.47	4720.49	7326	0	30
2026.04.23	15:00:00	4720.44	4738.80	4719.44	4733.20	9612	0	30
2026.04.23	15:30:00	4733.29	4742.97	4731.46	4739.93	9220	0	30
2026.04.23	16:00:00	4740.06	4740.62	4723.91	4727.29	9130	0	30
2026.04.23	16:30:00	4727.25	4741.11	4724.18	4724.24	11936	0	30
2026.04.23	17:00:00	4724.24	4735.77	4716.91	4731.27	12573	0	30
2026.04.23	17:30:00	4731.18	4736.49	4725.91	4733.47	9485	0	30
2026.04.23	18:00:00	4733.50	4740.80	4726.60	4733.43	8875	0	30
2026.04.23	18:30:00	4733.47	4734.63	4716.39	4720.24	9313	0	30
2026.04.23	19:00:00	4720.27	4724.89	4715.42	4723.10	8663	0	30
2026.04.23	19:30:00	4723.10	4737.00	4722.47	4732.86	7444	0	30
2026.04.23	20:00:00	4732.92	4734.40	4704.30	4706.34	15017	0	30
2026.04.23	20:30:00	4706.34	4713.86	4664.08	4709.09	15410	0	30
2026.04.23	21:00:00	4709.33	4722.06	4707.44	4716.64	13011	0	30
2026.04.23	21:30:00	4716.57	4720.34	4699.25	4701.00	9401	0	30
2026.04.23	22:00:00	4700.82	4704.30	4692.67	4700.03	10155	0	30
2026.04.23	22:30:00	4700.02	4701.08	4689.36	4695.93	10689	0	30
2026.04.23	23:00:00	4695.74	4697.98	4686.35	4689.24	5816	0	46
2026.04.23	23:30:00	4689.18	4694.30	4687.92	4694.30	2993	0	43
2026.04.24	01:00:00	4700.85	4702.92	4691.85	4692.54	3378	0	47
2026.04.24	01:30:00	4692.53	4696.67	4689.90	4693.13	3518	0	31
2026.04.24	02:00:00	4692.99	4695.41	4686.73	4694.32	4096	0	46
2026.04.24	02:30:00	4694.79	4700.64	4692.10	4695.27	4944	0	30
2026.04.24	03:00:00	4695.21	4705.50	4690.77	4705.36	8722	0	36
2026.04.24	03:30:00	4705.35	4707.71	4697.17	4704.45	6175	0	42
2026.04.24	04:00:00	4704.46	4710.92	4695.69	4698.27	9596	0	30
2026.04.24	04:30:00	4698.27	4702.18	4690.14	4699.34	8312	0	30
2026.04.24	05:00:00	4699.35	4700.49	4682.11	4683.56	7516	0	30
2026.04.24	05:30:00	4683.59	4690.75	4673.02	4676.70	8075	0	30
2026.04.24	06:00:00	4676.65	4678.12	4668.59	4674.22	6322	0	30
2026.04.24	06:30:00	4674.28	4677.99	4671.38	4672.00	4018	0	34
2026.04.24	07:00:00	4671.88	4674.43	4658.70	4659.42	4504	0	36
2026.04.24	07:30:00	4659.66	4676.68	4657.50	4674.35	4466	0	30
2026.04.24	08:00:00	4674.39	4678.48	4669.41	4676.46	3905	0	30
2026.04.24	08:30:00	4676.43	4687.19	4676.43	4686.13	5838	0	30
2026.04.24	09:00:00	4686.18	4687.76	4670.00	4671.39	6747	0	30
2026.04.24	09:30:00	4671.40	4676.23	4666.68	4671.80	7078	0	30
2026.04.24	10:00:00	4671.50	4684.79	4670.88	4684.34	5282	0	30
2026.04.24	10:30:00	4684.28	4695.11	4682.25	4694.31	5583	0	30
2026.04.24	11:00:00	4694.40	4697.25	4686.22	4687.79	6800	0	30
2026.04.24	11:30:00	4687.71	4692.88	4684.92	4690.68	5276	0	30
2026.04.24	12:00:00	4690.74	4696.59	4682.16	4683.16	6724	0	30
2026.04.24	12:30:00	4683.19	4688.38	4679.24	4681.95	5347	0	30
2026.04.24	13:00:00	4681.94	4686.07	4680.07	4682.08	5523	0	30
2026.04.24	13:30:00	4682.08	4682.22	4674.41	4677.60	4527	0	36
2026.04.24	14:00:00	4677.59	4716.88	4677.59	4715.26	11285	0	30
2026.04.24	14:30:00	4715.28	4717.29	4702.75	4706.78	7929	0	30
2026.04.24	15:00:00	4706.80	4711.67	4701.36	4710.21	7743	0	30
2026.04.24	15:30:00	4710.07	4711.46	4690.24	4700.54	8272	0	30
2026.04.24	16:00:00	4700.88	4705.47	4693.47	4696.94	9369	0	30
2026.04.24	16:30:00	4696.86	4717.31	4689.62	4711.81	12740	0	39
2026.04.24	17:00:00	4711.31	4740.21	4706.78	4725.37	14148	0	30
2026.04.24	17:30:00	4725.45	4732.80	4723.57	4726.24	11131	0	30
2026.04.24	18:00:00	4726.28	4727.10	4718.36	4721.77	9791	0	35
2026.04.24	18:30:00	4721.81	4733.24	4714.50	4727.04	11269	0	30
2026.04.24	19:00:00	4726.54	4729.56	4718.91	4723.09	10083	0	30
2026.04.24	19:30:00	4723.21	4727.44	4719.07	4726.60	8345	0	30
2026.04.24	20:00:00	4726.60	4729.84	4722.10	4722.63	8517	0	46
2026.04.24	20:30:00	4722.29	4727.77	4718.85	4723.22	7399	0	31
2026.04.24	21:00:00	4723.25	4724.66	4716.85	4716.93	6212	0	36
2026.04.24	21:30:00	4716.86	4723.06	4716.62	4722.57	4967	0	46
2026.04.24	22:00:00	4722.59	4725.89	4717.23	4718.87	6090	0	35
2026.04.24	22:30:00	4718.80	4720.42	4713.55	4716.56	6283	0	44
2026.04.24	23:00:00	4716.36	4717.21	4705.10	4707.96	4108	0	46
2026.04.24	23:30:00	4707.91	4708.82	4704.79	4708.08	2931	0	47
2026.04.27	01:00:00	4697.46	4703.28	4679.16	4686.42	6276	0	59
2026.04.27	01:30:00	4686.42	4686.70	4681.86	4684.48	4909	0	30
2026.04.27	02:00:00	4684.25	4684.81	4677.06	4677.21	4608	0	46
2026.04.27	02:30:00	4677.07	4681.95	4674.87	4679.77	5023	0	30
2026.04.27	03:00:00	4679.82	4682.02	4671.94	4680.68	8241	0	31
2026.04.27	03:30:00	4680.79	4697.89	4676.61	4697.66	6162	0	30
2026.04.27	04:00:00	4697.72	4709.60	4690.70	4697.87	11580	0	36
2026.04.27	04:30:00	4697.86	4706.33	4695.55	4702.59	9602	0	30
2026.04.27	05:00:00	4702.60	4708.11	4696.12	4705.48	5610	0	30
2026.04.27	05:30:00	4705.49	4723.34	4704.11	4717.95	7540	0	30
2026.04.27	06:00:00	4717.89	4721.95	4714.31	4715.50	5260	0	36
2026.04.27	06:30:00	4715.57	4729.40	4715.28	4724.03	5150	0	31
2026.04.27	07:00:00	4723.88	4727.89	4723.61	4726.71	2673	0	33
2026.04.27	07:30:00	4726.79	4729.80	4722.50	4724.79	4045	0	43
2026.04.27	08:00:00	4724.85	4725.30	4715.99	4718.05	4197	0	30
2026.04.27	08:30:00	4718.03	4718.27	4708.62	4710.00	6492	0	30
2026.04.27	09:00:00	4710.00	4715.43	4709.12	4714.19	6596	0	34
2026.04.27	09:30:00	4714.18	4715.32	4709.24	4712.72	6005	0	30
2026.04.27	10:00:00	4712.71	4718.17	4710.88	4715.86	6137	0	30
2026.04.27	10:30:00	4715.90	4717.23	4709.90	4713.18	5886	0	30
2026.04.27	11:00:00	4713.20	4714.20	4709.33	4710.57	6656	0	32
2026.04.27	11:30:00	4710.56	4714.57	4705.24	4706.65	5436	0	30
2026.04.27	12:00:00	4706.67	4708.03	4701.47	4702.22	4260	0	30
2026.04.27	12:30:00	4702.18	4705.31	4699.29	4703.42	4867	0	34
2026.04.27	13:00:00	4703.52	4706.73	4699.41	4704.94	3148	0	41
2026.04.27	13:30:00	4705.00	4710.66	4704.55	4708.60	3733	0	30
2026.04.27	14:00:00	4708.65	4708.97	4700.14	4705.08	4585	0	30
2026.04.27	14:30:00	4705.11	4708.37	4699.91	4704.65	4822	0	31
2026.04.27	15:00:00	4704.70	4712.49	4701.94	4706.95	6780	0	30
2026.04.27	15:30:00	4706.96	4707.64	4696.67	4699.02	7303	0	30
2026.04.27	16:00:00	4699.00	4703.28	4693.16	4699.81	8628	0	30
2026.04.27	16:30:00	4699.74	4702.42	4689.04	4696.05	12294	0	30
2026.04.27	17:00:00	4696.10	4696.43	4686.08	4688.87	11849	0	30
2026.04.27	17:30:00	4688.84	4696.57	4676.45	4677.97	12033	0	31
2026.04.27	18:00:00	4678.03	4680.97	4667.05	4680.92	10797	0	30
2026.04.27	18:30:00	4681.03	4682.36	4667.86	4669.88	8142	0	30
2026.04.27	19:00:00	4669.87	4677.60	4667.18	4676.22	8159	0	30
2026.04.27	19:30:00	4676.18	4679.36	4674.17	4676.48	6384	0	33
2026.04.27	20:00:00	4676.54	4679.86	4668.11	4679.68	8513	0	37
2026.04.27	20:30:00	4679.82	4686.01	4679.30	4682.03	7311	0	30
2026.04.27	21:00:00	4682.01	4685.33	4678.83	4683.91	6208	0	36
2026.04.27	21:30:00	4683.85	4685.16	4680.52	4680.52	4700	0	30
2026.04.27	22:00:00	4680.47	4682.51	4678.34	4682.07	4449	0	41
2026.04.27	22:30:00	4682.19	4682.23	4676.55	4680.64	5672	0	41
2026.04.27	23:00:00	4680.51	4681.30	4677.34	4679.57	2377	0	46
2026.04.27	23:30:00	4679.63	4681.67	4678.26	4681.67	1995	0	46
2026.04.28	01:00:00	4683.58	4691.10	4682.23	4688.95	4193	0	47
2026.04.28	01:30:00	4688.94	4689.59	4686.05	4687.74	2573	0	47
2026.04.28	02:00:00	4687.71	4691.54	4687.06	4690.41	2566	0	46
2026.04.28	02:30:00	4690.42	4694.86	4690.30	4691.74	3044	0	46
2026.04.28	03:00:00	4691.83	4701.08	4691.60	4694.76	7094	0	46
2026.04.28	03:30:00	4694.75	4695.00	4690.34	4690.44	5604	0	46
2026.04.28	04:00:00	4690.36	4690.77	4684.27	4687.45	8646	0	33
2026.04.28	04:30:00	4687.49	4691.30	4669.49	4670.65	8068	0	36
2026.04.28	05:00:00	4670.69	4679.65	4666.13	4675.38	5719	0	40
2026.04.28	05:30:00	4675.45	4675.45	4666.40	4669.05	6376	0	30
2026.04.28	06:00:00	4669.07	4675.69	4668.28	4674.81	4469	0	40
2026.04.28	06:30:00	4674.79	4675.25	4669.20	4670.87	2849	0	43
2026.04.28	07:00:00	4670.86	4671.12	4666.39	4667.31	3601	0	39
2026.04.28	07:30:00	4667.28	4669.91	4666.76	4667.49	2451	0	42
2026.04.28	08:00:00	4667.53	4667.84	4648.88	4658.14	5728	0	30
2026.04.28	08:30:00	4658.18	4658.41	4623.77	4632.13	10881	0	30
2026.04.28	09:00:00	4632.12	4642.84	4623.39	4631.49	9315	0	30
2026.04.28	09:30:00	4631.45	4634.55	4623.17	4628.87	7519	0	30
2026.04.28	10:00:00	4628.86	4639.18	4627.07	4629.52	7231	0	30
2026.04.28	10:30:00	4629.50	4635.34	4620.47	4633.02	7132	0	30
2026.04.28	11:00:00	4632.94	4633.41	4614.72	4626.82	9166	0	30
2026.04.28	11:30:00	4626.67	4635.22	4625.05	4629.49	7335	0	30
2026.04.28	12:00:00	4629.46	4629.84	4612.93	4618.18	7542	0	30
2026.04.28	12:30:00	4618.14	4618.92	4604.46	4604.66	8219	0	30
2026.04.28	13:00:00	4604.25	4616.36	4604.25	4611.41	6927	0	30
2026.04.28	13:30:00	4611.33	4615.69	4603.13	4603.14	6022	0	40
2026.04.28	14:00:00	4602.20	4608.61	4594.01	4599.30	8298	0	30
2026.04.28	14:30:00	4599.28	4599.68	4555.33	4562.59	11944	0	30
2026.04.28	15:00:00	4562.73	4597.95	4554.75	4580.05	11801	0	30
2026.04.28	15:30:00	4580.04	4599.93	4570.44	4593.63	10685	0	30
2026.04.28	16:00:00	4593.59	4594.50	4571.10	4581.47	12283	0	30
2026.04.28	16:30:00	4581.37	4592.49	4570.69	4580.31	14342	0	30
2026.04.28	17:00:00	4580.29	4580.49	4564.35	4571.28	13953	0	30
2026.04.28	17:30:00	4571.43	4577.88	4557.18	4574.39	14785	0	30
2026.04.28	18:00:00	4574.38	4581.72	4566.89	4576.83	13672	0	32
2026.04.28	18:30:00	4576.80	4586.34	4570.99	4586.30	11408	0	30
2026.04.28	19:00:00	4586.38	4586.79	4577.69	4582.75	10265	0	30
2026.04.28	19:30:00	4582.73	4594.74	4580.51	4592.10	8922	0	44
2026.04.28	20:00:00	4592.06	4597.11	4587.13	4593.52	9366	0	42
2026.04.28	20:30:00	4593.65	4601.30	4593.61	4594.52	8184	0	30
2026.04.28	21:00:00	4594.57	4600.49	4591.95	4598.80	8351	0	30
2026.04.28	21:30:00	4598.84	4599.40	4592.93	4594.14	6320	0	46
2026.04.28	22:00:00	4594.11	4598.55	4593.62	4596.09	6777	0	46
2026.04.28	22:30:00	4596.16	4599.76	4593.17	4595.50	7029	0	40
2026.04.28	23:00:00	4595.49	4598.58	4590.99	4592.67	4162	0	30
2026.04.28	23:30:00	4592.68	4597.19	4592.20	4596.93	2509	0	30
2026.04.29	01:00:00	4597.78	4599.74	4594.21	4595.65	2715	0	47
2026.04.29	01:30:00	4595.69	4597.05	4592.22	4593.91	1991	0	46
2026.04.29	02:00:00	4593.97	4594.35	4589.12	4592.03	2700	0	46
2026.04.29	02:30:00	4592.06	4595.96	4587.83	4595.46	4029	0	44
2026.04.29	03:00:00	4595.50	4610.26	4594.75	4599.92	6644	0	46
2026.04.29	03:30:00	4599.93	4604.63	4596.06	4600.09	4810	0	46
2026.04.29	04:00:00	4600.10	4600.29	4575.55	4580.40	10658	0	30
2026.04.29	04:30:00	4580.40	4591.50	4578.96	4584.73	9063	0	30
2026.04.29	05:00:00	4584.78	4604.08	4584.76	4598.96	7150	0	30
2026.04.29	05:30:00	4599.01	4601.66	4592.23	4593.64	6660	0	32
2026.04.29	06:00:00	4593.65	4603.11	4592.72	4598.69	5348	0	40
2026.04.29	06:30:00	4598.68	4598.68	4591.99	4595.40	2729	0	30
2026.04.29	07:00:00	4595.57	4603.38	4595.24	4601.71	3523	0	43
2026.04.29	07:30:00	4601.72	4605.51	4601.47	4604.64	3024	0	30
2026.04.29	08:00:00	4604.61	4607.55	4598.51	4600.46	3049	0	30
2026.04.29	08:30:00	4600.57	4603.11	4590.52	4590.93	5273	0	30
2026.04.29	09:00:00	4590.77	4598.56	4581.11	4584.88	7667	0	30
2026.04.29	09:30:00	4584.89	4587.50	4580.70	4584.42	6931	0	30
2026.04.29	10:00:00	4584.34	4588.72	4569.47	4575.06	7951	0	30
2026.04.29	10:30:00	4575.05	4578.53	4567.21	4567.79	8043	0	30
2026.04.29	11:00:00	4567.77	4573.21	4564.37	4566.40	8565	0	30
2026.04.29	11:30:00	4566.19	4576.59	4557.10	4573.01	7654	0	30
2026.04.29	12:00:00	4573.05	4580.71	4565.58	4565.70	6829	0	30
2026.04.29	12:30:00	4565.69	4569.48	4551.50	4555.60	8566	0	30
2026.04.29	13:00:00	4555.51	4573.03	4554.90	4571.61	6575	0	30
2026.04.29	13:30:00	4571.67	4576.38	4563.81	4569.70	5271	0	32
2026.04.29	14:00:00	4569.69	4571.81	4564.03	4564.57	5998	0	30
2026.04.29	14:30:00	4564.34	4571.65	4559.04	4561.58	6224	0	30
2026.04.29	15:00:00	4561.55	4568.86	4559.27	4559.32	5871	0	30
2026.04.29	15:30:00	4559.25	4559.83	4542.05	4544.78	8629	0	30
2026.04.29	16:00:00	4544.94	4553.17	4534.40	4537.73	10336	0	30
2026.04.29	16:30:00	4537.66	4539.41	4510.00	4521.76	13922	0	30
2026.04.29	17:00:00	4521.65	4537.46	4517.66	4533.09	13016	0	30
2026.04.29	17:30:00	4533.05	4542.68	4530.69	4539.20	10000	0	40
2026.04.29	18:00:00	4539.18	4546.72	4536.08	4543.33	9684	0	30
2026.04.29	18:30:00	4543.25	4558.76	4540.05	4547.57	11114	0	30
2026.04.29	19:00:00	4547.65	4564.71	4546.94	4560.15	11345	0	30
2026.04.29	19:30:00	4560.12	4560.12	4543.23	4545.38	10379	0	30
2026.04.29	20:00:00	4545.42	4554.37	4542.64	4547.07	10845	0	30
2026.04.29	20:30:00	4547.00	4548.36	4541.40	4546.70	9470	0	30
2026.04.29	21:00:00	4547.45	4552.63	4524.88	4532.75	13445	0	30
2026.04.29	21:30:00	4532.74	4541.02	4518.06	4537.81	13832	0	30
2026.04.29	22:00:00	4537.80	4550.41	4532.96	4542.63	12433	0	30
2026.04.29	22:30:00	4542.43	4549.67	4537.47	4546.75	9614	0	30
2026.04.29	23:00:00	4546.70	4553.36	4541.26	4543.22	10788	0	39
2026.04.29	23:30:00	4543.23	4546.60	4541.28	4543.40	6214	0	48
2026.04.30	01:00:00	4545.38	4550.70	4539.22	4548.88	4840	0	47
2026.04.30	01:30:00	4548.87	4552.52	4547.21	4551.94	5023	0	48
2026.04.30	02:00:00	4551.95	4554.95	4549.46	4551.49	5037	0	39
2026.04.30	02:30:00	4551.50	4561.82	4551.24	4561.51	5342	0	34
2026.04.30	03:00:00	4561.63	4568.42	4556.19	4563.40	9353	0	45
2026.04.30	03:30:00	4563.41	4574.07	4562.10	4569.76	6678	0	46
2026.04.30	04:00:00	4569.72	4580.97	4564.55	4579.72	9025	0	41
2026.04.30	04:30:00	4579.88	4582.38	4570.79	4579.16	8459	0	30
2026.04.30	05:00:00	4579.14	4581.77	4571.69	4572.97	5788	0	30
2026.04.30	05:30:00	4572.69	4573.95	4559.79	4564.81	8309	0	30
2026.04.30	06:00:00	4564.76	4568.92	4562.50	4563.19	5625	0	30
2026.04.30	06:30:00	4563.45	4563.82	4555.45	4555.73	4948	0	37
2026.04.30	07:00:00	4555.81	4556.86	4545.53	4547.12	6654	0	30
2026.04.30	07:30:00	4547.02	4549.35	4540.86	4541.87	5925	0	30
2026.04.30	08:00:00	4541.85	4558.93	4541.71	4555.46	5548	0	46
2026.04.30	08:30:00	4555.48	4569.58	4553.58	4562.57	7711	0	30
2026.04.30	09:00:00	4562.65	4570.87	4560.04	4569.44	7986	0	30
2026.04.30	09:30:00	4569.43	4591.37	4569.43	4589.33	9035	0	30
2026.04.30	10:00:00	4589.38	4595.65	4584.64	4591.35	9422	0	30
2026.04.30	10:30:00	4591.22	4605.30	4588.02	4598.33	6591	0	30
2026.04.30	11:00:00	4598.34	4629.48	4597.27	4617.33	9893	0	30
2026.04.30	11:30:00	4617.32	4620.63	4613.60	4616.13	8362	0	30
2026.04.30	12:00:00	4616.25	4626.57	4614.26	4625.43	8107	0	30
2026.04.30	12:30:00	4625.46	4631.61	4618.10	4625.06	9484	0	30
2026.04.30	13:00:00	4625.05	4643.94	4623.50	4643.55	7865	0	30
2026.04.30	13:30:00	4643.62	4646.91	4633.77	4639.65	9808	0	30
2026.04.30	14:00:00	4639.69	4645.47	4630.30	4637.45	9941	0	30
2026.04.30	14:30:00	4637.51	4637.53	4626.60	4630.10	8734	0	30
2026.04.30	15:00:00	4630.11	4637.36	4628.36	4629.27	8237	0	30
2026.04.30	15:30:00	4629.29	4639.93	4624.46	4639.41	9491	0	30
2026.04.30	16:00:00	4639.43	4645.77	4632.90	4633.45	10472	0	30
2026.04.30	16:30:00	4633.38	4634.48	4610.48	4610.74	13407	0	30
2026.04.30	17:00:00	4610.81	4625.81	4609.03	4622.77	14210	0	30
2026.04.30	17:30:00	4622.74	4623.66	4610.68	4619.77	12775	0	32
2026.04.30	18:00:00	4619.69	4624.40	4614.77	4622.78	11882	0	40
2026.04.30	18:30:00	4622.72	4625.33	4611.19	4615.16	10055	0	30
2026.04.30	19:00:00	4615.11	4617.26	4605.35	4607.82	9894	0	44
2026.04.30	19:30:00	4607.79	4617.59	4605.24	4607.33	7863	0	30
2026.04.30	20:00:00	4607.50	4620.58	4607.46	4617.46	8963	0	30
2026.04.30	20:30:00	4617.35	4621.51	4614.78	4616.66	8277	0	30
2026.04.30	21:00:00	4616.67	4625.03	4616.62	4620.58	7695	0	46
2026.04.30	21:30:00	4620.75	4624.90	4618.99	4622.26	6407	0	31
2026.04.30	22:00:00	4622.24	4627.23	4616.79	4617.60	7789	0	42
2026.04.30	22:30:00	4617.63	4623.06	4614.37	4616.81	8563	0	32
2026.04.30	23:00:00	4616.99	4620.22	4615.63	4616.58	5293	0	42
2026.04.30	23:30:00	4616.06	4621.76	4615.31	4621.61	3312	0	30
2026.05.01	01:00:00	4625.50	4636.03	4625.38	4630.98	3945	0	49
2026.05.01	01:30:00	4630.99	4632.15	4626.67	4630.21	4704	0	46
2026.05.01	02:00:00	4630.27	4631.94	4628.02	4630.51	3923	0	46
2026.05.01	02:30:00	4630.48	4633.90	4626.26	4626.37	5742	0	46
2026.05.01	03:00:00	4626.31	4630.88	4620.54	4623.54	8528	0	35
2026.05.01	03:30:00	4623.52	4624.92	4618.28	4619.48	7332	0	30
2026.05.01	04:00:00	4619.53	4620.78	4613.86	4616.24	5499	0	42
2026.05.01	04:30:00	4616.15	4622.14	4615.99	4620.86	5639	0	30
2026.05.01	05:00:00	4620.55	4635.85	4619.70	4629.35	5704	0	38
2026.05.01	05:30:00	4629.33	4630.99	4616.56	4619.09	5130	0	46
2026.05.01	06:00:00	4619.03	4626.58	4617.69	4626.20	4323	0	46
2026.05.01	06:30:00	4626.18	4631.86	4625.26	4626.54	5299	0	46
2026.05.01	07:00:00	4626.57	4628.67	4617.10	4617.54	4716	0	46
2026.05.01	07:30:00	4617.53	4618.07	4608.98	4609.01	5344	0	46
2026.05.01	08:00:00	4608.99	4616.01	4607.41	4614.58	5029	0	37
2026.05.01	08:30:00	4614.55	4615.25	4602.82	4604.75	5583	0	45
2026.05.01	09:00:00	4604.77	4607.70	4593.17	4593.25	6954	0	38
2026.05.01	09:30:00	4593.35	4597.39	4590.75	4594.53	7567	0	36
2026.05.01	10:00:00	4594.37	4597.90	4585.12	4592.20	6902	0	30
2026.05.01	10:30:00	4592.23	4592.39	4575.78	4578.08	5315	0	30
2026.05.01	11:00:00	4578.06	4582.43	4566.29	4567.19	6078	0	30
2026.05.01	11:30:00	4567.02	4572.62	4564.98	4568.69	4411	0	34
2026.05.01	12:00:00	4568.89	4571.08	4564.11	4569.09	4512	0	31
2026.05.01	12:30:00	4568.99	4572.73	4560.02	4562.56	5921	0	30
2026.05.01	13:00:00	4562.58	4572.53	4561.29	4572.01	4607	0	42
2026.05.01	13:30:00	4572.00	4575.84	4565.93	4566.71	4530	0	30
2026.05.01	14:00:00	4566.71	4576.32	4562.38	4571.65	6347	0	30
2026.05.01	14:30:00	4571.64	4579.52	4570.05	4578.51	6991	0	30
2026.05.01	15:00:00	4578.49	4607.38	4574.78	4602.71	9161	0	30
2026.05.01	15:30:00	4602.79	4603.08	4588.85	4590.97	7712	0	30
2026.05.01	16:00:00	4590.95	4597.05	4586.50	4589.11	6959	0	34
2026.05.01	16:30:00	4589.15	4628.69	4586.41	4625.51	12283	0	30
2026.05.01	17:00:00	4625.62	4660.14	4625.62	4644.44	13303	0	30
2026.05.01	17:30:00	4644.41	4646.20	4627.20	4632.03	12388	0	30
2026.05.01	18:00:00	4632.00	4640.49	4618.91	4636.33	9837	0	30
2026.05.01	18:30:00	4636.50	4647.95	4633.06	4643.13	7288	0	30
2026.05.01	19:00:00	4643.06	4649.98	4637.73	4637.77	9384	0	30
2026.05.01	19:30:00	4637.82	4642.78	4633.72	4638.69	7198	0	46
2026.05.01	20:00:00	4638.72	4642.54	4630.74	4631.50	6373	0	46
2026.05.01	20:30:00	4631.49	4634.77	4626.68	4629.35	7299	0	30
2026.05.01	21:00:00	4629.35	4630.55	4613.59	4623.10	8283	0	46
2026.05.01	21:30:00	4623.33	4625.79	4615.99	4624.15	8599	0	46
2026.05.01	22:00:00	4624.15	4627.55	4620.33	4624.19	6586	0	46
2026.05.01	22:30:00	4624.21	4624.43	4608.70	4610.57	8565	0	30
2026.05.01	23:00:00	4610.61	4615.96	4606.84	4613.16	5107	0	46
2026.05.01	23:30:00	4613.18	4616.49	4609.67	4613.55	3395	0	47
2026.05.04	01:00:00	4631.50	4636.36	4612.04	4620.15	5038	0	65
2026.05.04	01:30:00	4620.19	4629.22	4618.20	4618.73	5018	0	48
2026.05.04	02:00:00	4618.69	4620.70	4611.12	4616.98	5114	0	49
2026.05.04	02:30:00	4616.97	4618.29	4611.43	4613.73	5951	0	49
2026.05.04	03:00:00	4613.70	4616.46	4601.44	4605.76	10054	0	46
2026.05.04	03:30:00	4605.79	4613.33	4604.69	4612.82	7385	0	46
2026.05.04	04:00:00	4612.76	4613.87	4594.15	4594.56	7885	0	46
2026.05.04	04:30:00	4594.55	4613.60	4592.61	4612.90	5823	0	46
2026.05.04	05:00:00	4612.80	4618.39	4591.55	4592.94	5117	0	30
2026.05.04	05:30:00	4592.86	4611.10	4591.00	4605.83	5065	0	35
2026.05.04	06:00:00	4605.72	4611.67	4604.34	4609.39	5094	0	46
2026.05.04	06:30:00	4609.38	4616.93	4598.34	4614.84	5842	0	36
2026.05.04	07:00:00	4614.88	4615.24	4606.96	4607.87	4024	0	46
2026.05.04	07:30:00	4607.83	4612.92	4605.18	4605.97	4505	0	30
2026.05.04	08:00:00	4605.99	4613.00	4595.68	4596.50	7166	0	30
2026.05.04	08:30:00	4596.55	4601.75	4592.05	4598.85	6537	0	46
2026.05.04	09:00:00	4598.98	4600.56	4587.65	4593.82	6892	0	30
2026.05.04	09:30:00	4593.97	4595.46	4583.57	4588.51	7202	0	34
2026.05.04	10:00:00	4588.46	4593.24	4583.34	4585.86	7022	0	36
2026.05.04	10:30:00	4585.91	4590.70	4577.92	4578.86	7400	0	38
2026.05.04	11:00:00	4578.79	4580.98	4574.03	4574.92	7877	0	30
2026.05.04	11:30:00	4574.94	4581.29	4573.66	4576.86	6083	0	31
2026.05.04	12:00:00	4576.77	4584.29	4576.06	4581.19	5731	0	46
2026.05.04	12:30:00	4581.20	4584.33	4572.23	4575.28	4388	0	37
2026.05.04	13:00:00	4575.25	4575.70	4525.86	4544.84	14272	0	30
2026.05.04	13:30:00	4544.85	4566.75	4542.93	4562.41	10313	0	30
2026.05.04	14:00:00	4562.59	4570.60	4561.19	4562.08	8803	0	30
2026.05.04	14:30:00	4561.98	4562.88	4551.36	4560.24	8588	0	30
2026.05.04	15:00:00	4560.23	4579.14	4559.14	4568.46	9280	0	30
2026.05.04	15:30:00	4568.45	4575.71	4560.98	4568.20	8097	0	30
2026.05.04	16:00:00	4568.18	4575.34	4557.19	4560.92	9774	0	30
2026.05.04	16:30:00	4560.99	4570.65	4555.52	4563.88	12594	0	30
2026.05.04	17:00:00	4563.89	4582.01	4553.46	4571.07	11703	0	30
2026.05.04	17:30:00	4571.08	4583.05	4559.62	4561.52	9142	0	31
2026.05.04	18:00:00	4561.53	4565.88	4514.31	4537.85	13377	0	30
2026.05.04	18:30:00	4538.13	4542.71	4512.14	4521.42	13034	0	30
2026.05.04	19:00:00	4521.23	4526.80	4500.55	4514.75	14260	0	30
2026.05.04	19:30:00	4514.72	4518.78	4507.28	4510.54	9890	0	30
2026.05.04	20:00:00	4510.51	4531.47	4510.51	4524.17	9459	0	30
2026.05.04	20:30:00	4524.08	4527.50	4521.47	4522.26	6388	0	46
2026.05.04	21:00:00	4522.27	4525.14	4509.67	4511.81	6373	0	38
2026.05.04	21:30:00	4511.79	4516.33	4510.49	4516.23	5816	0	30
2026.05.04	22:00:00	4516.19	4525.77	4511.18	4522.19	7231	0	30
2026.05.04	22:30:00	4522.23	4527.05	4515.09	4517.61	4905	0	30
2026.05.04	23:00:00	4517.65	4517.98	4511.60	4515.10	2403	0	34
2026.05.04	23:30:00	4515.09	4523.77	4514.53	4523.63	1588	0	30
2026.05.05	01:00:00	4523.62	4525.44	4517.87	4519.68	1927	0	46
2026.05.05	01:30:00	4519.69	4522.01	4515.48	4517.39	1611	0	46
2026.05.05	02:00:00	4517.33	4521.53	4516.09	4520.94	1632	0	46
2026.05.05	02:30:00	4520.92	4521.17	4516.92	4518.84	1973	0	32
2026.05.05	03:00:00	4518.91	4528.37	4513.43	4516.88	5685	0	31
2026.05.05	03:30:00	4516.85	4530.13	4515.86	4529.77	4123	0	42
2026.05.05	04:00:00	4529.54	4539.89	4525.37	4537.53	6491	0	30
2026.05.05	04:30:00	4537.69	4541.94	4533.76	4540.91	6089	0	30
2026.05.05	05:00:00	4540.90	4542.37	4534.37	4541.36	3208	0	37
2026.05.05	05:30:00	4541.39	4546.70	4538.86	4539.04	4007	0	33
2026.05.05	06:00:00	4538.93	4542.51	4537.01	4537.93	2610	0	45
2026.05.05	06:30:00	4537.90	4539.09	4532.14	4534.51	2960	0	46
2026.05.05	07:00:00	4534.47	4535.66	4529.42	4529.53	2844	0	35
2026.05.05	07:30:00	4529.54	4536.31	4527.85	4533.38	2831	0	30
2026.05.05	08:00:00	4533.30	4545.38	4531.13	4540.01	4706	0	42
2026.05.05	08:30:00	4540.05	4551.44	4539.85	4545.54	5729	0	30
2026.05.05	09:00:00	4545.59	4551.93	4533.57	4536.76	5615	0	30
2026.05.05	09:30:00	4536.80	4550.74	4536.19	4547.86	6184	0	30
2026.05.05	10:00:00	4547.78	4555.52	4547.30	4548.77	5367	0	30
2026.05.05	10:30:00	4548.90	4558.27	4543.18	4545.39	5552	0	30
2026.05.05	11:00:00	4545.42	4554.61	4545.29	4551.12	5410	0	30
2026.05.05	11:30:00	4550.98	4559.50	4547.87	4558.33	4558	0	30
2026.05.05	12:00:00	4558.57	4560.34	4552.23	4552.23	5011	0	30
2026.05.05	12:30:00	4552.16	4558.15	4550.98	4556.13	3871	0	30
2026.05.05	13:00:00	4556.16	4556.70	4546.78	4547.77	3747	0	30
2026.05.05	13:30:00	4547.74	4553.96	4540.07	4543.51	4296	0	30
2026.05.05	14:00:00	4543.55	4557.57	4539.83	4556.03	6512	0	30
2026.05.05	14:30:00	4556.05	4564.79	4555.05	4562.72	6003	0	30
2026.05.05	15:00:00	4562.72	4574.17	4554.02	4573.59	8967	0	30
2026.05.05	15:30:00	4573.58	4574.42	4561.59	4564.46	6288	0	36
2026.05.05	16:00:00	4564.19	4584.88	4564.18	4576.68	8528	0	30
2026.05.05	16:30:00	4576.78	4582.94	4571.52	4579.16	9622	0	30
2026.05.05	17:00:00	4581.66	4586.47	4565.72	4583.99	12093	0	30
2026.05.05	17:30:00	4584.29	4585.65	4575.40	4582.29	8388	0	32
2026.05.05	18:00:00	4582.30	4583.70	4575.33	4579.33	6033	0	31
2026.05.05	18:30:00	4579.25	4580.96	4568.25	4568.37	6141	0	38
2026.05.05	19:00:00	4568.37	4568.86	4556.09	4559.70	6477	0	30
2026.05.05	19:30:00	4559.73	4562.67	4553.66	4561.07	6414	0	30
2026.05.05	20:00:00	4561.08	4562.44	4553.14	4558.45	7393	0	34
2026.05.05	20:30:00	4558.45	4562.57	4555.92	4559.74	5146	0	32
2026.05.05	21:00:00	4559.73	4565.42	4558.62	4561.94	3819	0	44
2026.05.05	21:30:00	4561.98	4565.71	4557.54	4560.91	4386	0	37
2026.05.05	22:00:00	4561.06	4561.40	4554.80	4556.08	4556	0	35
2026.05.05	22:30:00	4556.07	4558.70	4551.47	4554.57	3210	0	30
2026.05.05	23:00:00	4554.96	4559.60	4553.89	4558.98	1626	0	38
2026.05.05	23:30:00	4558.97	4559.84	4554.40	4557.35	1553	0	44
2026.05.06	01:00:00	4560.08	4560.08	4546.41	4546.58	4032	0	42
2026.05.06	01:30:00	4546.59	4577.09	4546.13	4573.27	5370	0	30
2026.05.06	02:00:00	4573.30	4590.49	4569.50	4582.09	8699	0	30
2026.05.06	02:30:00	4581.98	4595.57	4579.34	4593.81	6862	0	38
2026.05.06	03:00:00	4593.65	4604.08	4587.99	4602.16	10536	0	46
2026.05.06	03:30:00	4602.13	4619.95	4601.92	4618.60	8173	0	30
2026.05.06	04:00:00	4618.59	4625.52	4609.26	4624.89	8978	0	30
2026.05.06	04:30:00	4624.87	4628.55	4620.18	4626.06	6766	0	37
2026.05.06	05:00:00	4625.94	4636.37	4625.36	4629.98	5966	0	35
2026.05.06	05:30:00	4630.18	4641.87	4626.74	4640.58	5735	0	31
2026.05.06	06:00:00	4640.53	4651.05	4638.36	4645.70	5830	0	34
2026.05.06	06:30:00	4645.68	4651.73	4642.50	4643.56	3864	0	30
2026.05.06	07:00:00	4643.54	4653.45	4643.16	4652.52	3510	0	32
2026.05.06	07:30:00	4652.53	4652.53	4645.78	4648.64	5353	0	30
2026.05.06	08:00:00	4648.75	4656.21	4648.54	4650.33	4134	0	30
2026.05.06	08:30:00	4650.27	4663.76	4644.47	4662.92	5460	0	30
2026.05.06	09:00:00	4662.91	4666.54	4656.90	4666.04	6512	0	36
2026.05.06	09:30:00	4666.04	4669.40	4660.01	4669.26	5464	0	30
2026.05.06	10:00:00	4669.29	4670.43	4657.29	4667.34	5736	0	30
2026.05.06	10:30:00	4667.33	4681.76	4662.97	4681.23	5929	0	30
2026.05.06	11:00:00	4681.29	4682.40	4675.08	4676.75	5510	0	30
2026.05.06	11:30:00	4676.77	4702.61	4671.51	4700.00	8087	0	30
2026.05.06	12:00:00	4700.34	4708.32	4688.95	4699.92	9575	0	30
2026.05.06	12:30:00	4699.62	4705.97	4694.24	4701.59	7963	0	30
2026.05.06	13:00:00	4701.59	4705.55	4695.34	4704.41	6892	0	30
2026.05.06	13:30:00	4704.39	4722.85	4704.38	4717.76	9806	0	30
2026.05.06	14:00:00	4717.79	4721.10	4705.51	4705.51	8904	0	30
2026.05.06	14:30:00	4705.47	4715.34	4690.71	4691.98	9017	0	32
2026.05.06	15:00:00	4692.02	4692.97	4660.17	4683.22	11351	0	30
2026.05.06	15:30:00	4683.24	4685.33	4676.70	4683.14	8168	0	41
2026.05.06	16:00:00	4683.11	4692.31	4668.49	4684.98	9734	0	30
2026.05.06	16:30:00	4684.94	4707.78	4680.06	4701.97	12466	0	41
2026.05.06	17:00:00	4701.96	4717.33	4697.70	4705.53	11828	0	42
2026.05.06	17:30:00	4705.83	4714.42	4700.57	4703.02	10028	0	38
2026.05.06	18:00:00	4702.96	4705.64	4693.24	4695.35	7642	0	40
2026.05.06	18:30:00	4695.37	4697.72	4687.62	4687.68	8107	0	30
2026.05.06	19:00:00	4687.55	4688.48	4681.16	4688.01	7404	0	30
2026.05.06	19:30:00	4688.12	4691.98	4679.45	4682.99	8471	0	47
2026.05.06	20:00:00	4682.98	4687.87	4679.39	4682.90	7095	0	47
2026.05.06	20:30:00	4682.82	4684.42	4678.70	4683.85	5854	0	47
2026.05.06	21:00:00	4683.91	4690.36	4681.77	4687.60	3899	0	38
2026.05.06	21:30:00	4687.82	4690.11	4684.66	4685.81	4369	0	32
2026.05.06	22:00:00	4685.84	4699.93	4685.84	4698.19	4728	0	34
2026.05.06	22:30:00	4698.16	4698.76	4692.25	4692.38	5544	0	36
2026.05.06	23:00:00	4692.24	4699.33	4691.74	4692.39	3899	0	38
2026.05.06	23:30:00	4692.38	4692.84	4685.09	4690.83	2640	0	47
2026.05.07	01:00:00	4692.97	4699.80	4689.32	4695.35	2594	0	30
2026.05.07	01:30:00	4695.09	4699.49	4694.20	4694.67	2211	0	44
2026.05.07	02:00:00	4694.66	4698.42	4690.08	4693.18	1941	0	47
2026.05.07	02:30:00	4693.15	4699.42	4691.48	4698.70	2170	0	47
2026.05.07	03:00:00	4698.74	4701.07	4689.84	4692.33	6143	0	47
2026.05.07	03:30:00	4692.32	4693.38	4685.37	4688.37	5431	0	30
2026.05.07	04:00:00	4688.38	4716.28	4684.98	4704.01	8379	0	47
2026.05.07	04:30:00	4703.96	4721.35	4702.22	4714.74	7206	0	45
2026.05.07	05:00:00	4714.74	4718.47	4701.59	4702.64	5821	0	30
2026.05.07	05:30:00	4702.50	4709.78	4699.77	4706.87	5708	0	47
2026.05.07	06:00:00	4706.85	4709.66	4704.09	4704.26	4129	0	47
2026.05.07	06:30:00	4704.34	4704.76	4698.83	4698.98	2635	0	47
2026.05.07	07:00:00	4699.01	4700.70	4695.07	4696.81	4651	0	35
2026.05.07	07:30:00	4696.83	4699.11	4692.15	4696.23	3404	0	47
2026.05.07	08:00:00	4696.19	4701.05	4694.55	4695.75	3899	0	47
2026.05.07	08:30:00	4695.79	4706.46	4694.84	4700.94	5204	0	30
2026.05.07	09:00:00	4700.96	4717.60	4700.96	4717.17	6391	0	46
2026.05.07	09:30:00	4717.13	4749.85	4715.86	4739.14	8428	0	37
2026.05.07	10:00:00	4738.50	4750.37	4731.41	4739.42	10252	0	37
2026.05.07	10:30:00	4739.46	4744.19	4736.94	4742.84	6601	0	43
2026.05.07	11:00:00	4742.85	4753.25	4733.60	4739.87	8609	0	30
2026.05.07	11:30:00	4739.83	4741.55	4730.67	4730.87	6718	0	33
2026.05.07	12:00:00	4730.91	4738.53	4721.55	4735.49	6541	0	30
2026.05.07	12:30:00	4735.40	4739.39	4725.78	4728.90	6649	0	39
2026.05.07	13:00:00	4728.69	4736.04	4726.51	4732.32	5147	0	47
2026.05.07	13:30:00	4732.08	4739.54	4727.90	4735.40	5138	0	47
2026.05.07	14:00:00	4735.43	4736.86	4727.17	4732.59	5538	0	45
2026.05.07	14:30:00	4732.63	4743.49	4731.61	4742.71	6061	0	47
2026.05.07	15:00:00	4742.73	4746.85	4733.38	4737.95	8337	0	30
2026.05.07	15:30:00	4738.46	4752.44	4737.22	4749.89	7271	0	33
2026.05.07	16:00:00	4749.92	4750.12	4731.12	4745.21	9532	0	47
2026.05.07	16:30:00	4744.98	4757.87	4737.28	4746.08	12962	0	47
2026.05.07	17:00:00	4745.54	4759.42	4741.13	4756.27	11027	0	30
2026.05.07	17:30:00	4756.31	4763.25	4747.54	4762.61	10617	0	30
2026.05.07	18:00:00	4762.63	4764.62	4736.34	4740.05	11423	0	31
2026.05.07	18:30:00	4739.89	4746.99	4726.01	4729.06	11043	0	30
2026.05.07	19:00:00	4729.04	4729.49	4704.46	4719.93	12749	0	32
2026.05.07	19:30:00	4719.84	4720.72	4710.35	4714.90	10577	0	39
2026.05.07	20:00:00	4714.94	4719.46	4687.60	4699.10	10968	0	34
2026.05.07	20:30:00	4698.82	4712.02	4693.27	4711.29	12127	0	30
2026.05.07	21:00:00	4711.30	4712.89	4705.05	4712.62	8615	0	38
2026.05.07	21:30:00	4712.61	4715.84	4695.36	4709.56	10092	0	30
2026.05.07	22:00:00	4709.58	4712.68	4697.74	4704.87	9182	0	30
2026.05.07	22:30:00	4704.89	4711.80	4702.57	4702.84	8754	0	30
2026.05.07	23:00:00	4702.85	4718.99	4702.85	4712.80	4972	0	37
2026.05.07	23:30:00	4712.86	4715.62	4686.17	4687.01	6111	0	30
2026.05.08	01:00:00	4680.23	4699.01	4676.87	4693.55	5901	0	30
2026.05.08	01:30:00	4693.58	4694.89	4681.68	4685.72	5981	0	47
2026.05.08	02:00:00	4685.71	4698.43	4684.36	4696.38	4470	0	50
2026.05.08	02:30:00	4696.64	4705.36	4694.81	4704.02	5982	0	47
2026.05.08	03:00:00	4704.04	4709.35	4693.55	4697.01	6510	0	32
2026.05.08	03:30:00	4697.06	4707.84	4695.98	4701.13	4980	0	37
2026.05.08	04:00:00	4701.03	4719.16	4700.32	4712.52	7502	0	36
2026.05.08	04:30:00	4712.49	4725.46	4704.98	4722.78	7190	0	41
2026.05.08	05:00:00	4722.79	4732.63	4718.05	4721.21	6201	0	47
2026.05.08	05:30:00	4721.22	4723.28	4707.04	4713.24	8306	0	30
2026.05.08	06:00:00	4713.23	4722.54	4711.11	4720.31	4498	0	47
2026.05.08	06:30:00	4720.27	4730.96	4717.84	4719.43	4587	0	44
2026.05.08	07:00:00	4719.47	4723.03	4713.32	4717.22	4191	0	44
2026.05.08	07:30:00	4717.32	4718.28	4708.86	4710.87	4003	0	47
2026.05.08	08:00:00	4710.85	4720.10	4709.34	4719.31	4051	0	44
2026.05.08	08:30:00	4719.28	4731.14	4719.28	4727.37	7010	0	47
2026.05.08	09:00:00	4727.50	4734.55	4712.45	4733.50	7415	0	35
2026.05.08	09:30:00	4733.49	4734.24	4721.03	4725.52	6113	0	47
2026.05.08	10:00:00	4725.49	4726.25	4697.01	4706.60	8360	0	36
2026.05.08	10:30:00	4706.47	4713.30	4701.05	4707.73	6731	0	42
2026.05.08	11:00:00	4707.71	4722.50	4706.57	4716.77	5975	0	47
2026.05.08	11:30:00	4716.79	4723.35	4714.70	4715.47	5377	0	43
2026.05.08	12:00:00	4715.48	4722.60	4713.28	4717.76	5419	0	30
2026.05.08	12:30:00	4717.67	4718.50	4707.28	4711.76	5914	0	47
2026.05.08	13:00:00	4711.81	4723.72	4711.02	4720.32	4159	0	47
2026.05.08	13:30:00	4720.25	4727.62	4715.11	4719.64	4551	0	47
2026.05.08	14:00:00	4719.65	4727.20	4718.46	4723.95	5750	0	47
2026.05.08	14:30:00	4724.16	4725.72	4713.49	4717.66	4535	0	46
2026.05.08	15:00:00	4717.70	4719.70	4702.76	4710.16	6741	0	32
2026.05.08	15:30:00	4710.24	4731.87	4703.02	4724.25	10884	0	30
2026.05.08	16:00:00	4723.92	4728.92	4716.41	4726.98	8721	0	30
2026.05.08	16:30:00	4726.99	4747.83	4726.58	4747.83	12435	0	45
2026.05.08	17:00:00	4747.68	4749.37	4717.31	4717.31	12240	0	30
2026.05.08	17:30:00	4717.91	4725.36	4713.21	4715.80	9698	0	40
2026.05.08	18:00:00	4715.74	4720.73	4704.21	4713.15	10628	0	45
2026.05.08	18:30:00	4713.14	4714.72	4701.73	4706.84	10555	0	40
2026.05.08	19:00:00	4706.82	4717.47	4705.23	4717.47	7184	0	34
2026.05.08	19:30:00	4717.50	4720.06	4711.08	4712.23	6371	0	47
2026.05.08	20:00:00	4712.26	4721.90	4712.00	4720.54	6364	0	44
2026.05.08	20:30:00	4720.47	4722.57	4719.24	4720.70	4849	0	47
2026.05.08	21:00:00	4720.77	4728.83	4720.34	4725.50	6201	0	30
2026.05.08	21:30:00	4724.95	4726.28	4719.75	4721.74	5460	0	47
2026.05.08	22:00:00	4721.66	4725.48	4720.84	4723.58	4110	0	30
2026.05.08	22:30:00	4723.61	4726.66	4721.62	4723.83	5878	0	47
2026.05.08	23:00:00	4723.85	4724.15	4715.06	4717.23	3219	0	46
2026.05.08	23:30:00	4717.23	4718.69	4713.71	4714.91	2705	0	53
2026.05.11	01:00:00	4681.25	4700.59	4677.56	4694.04	5802	0	30
2026.05.11	01:30:00	4693.63	4694.48	4686.93	4691.70	4878	0	47
2026.05.11	02:00:00	4691.69	4697.04	4688.76	4694.53	5234	0	47
2026.05.11	02:30:00	4694.50	4698.40	4689.94	4691.39	5511	0	47
2026.05.11	03:00:00	4691.41	4691.43	4675.75	4683.44	9705	0	47
2026.05.11	03:30:00	4683.52	4693.19	4670.12	4683.33	8186	0	30
2026.05.11	04:00:00	4683.42	4705.43	4674.51	4698.76	11205	0	35
2026.05.11	04:30:00	4698.77	4701.46	4679.86	4685.52	10101	0	39
2026.05.11	05:00:00	4685.49	4692.90	4678.33	4688.29	8536	0	47
2026.05.11	05:30:00	4688.24	4700.02	4676.38	4681.55	9901	0	38
2026.05.11	06:00:00	4681.38	4690.19	4674.87	4689.37	8346	0	47
2026.05.11	06:30:00	4689.38	4690.25	4676.90	4678.61	5993	0	47
2026.05.11	07:00:00	4678.51	4679.62	4670.15	4671.69	5750	0	47
2026.05.11	07:30:00	4671.54	4675.87	4668.33	4671.93	5455	0	47
2026.05.11	08:00:00	4671.92	4675.99	4670.52	4670.52	5674	0	47
2026.05.11	08:30:00	4670.45	4680.52	4647.99	4652.24	10035	0	47
2026.05.11	09:00:00	4652.19	4670.70	4649.16	4667.37	8125	0	47
2026.05.11	09:30:00	4667.36	4680.28	4667.16	4678.34	6943	0	30
2026.05.11	10:00:00	4678.47	4680.19	4671.97	4675.62	5908	0	38
2026.05.11	10:30:00	4675.62	4677.91	4664.18	4667.64	5074	0	47
2026.05.11	11:00:00	4667.49	4678.65	4664.02	4671.53	6485	0	42
2026.05.11	11:30:00	4670.91	4675.12	4666.58	4667.41	4975	0	47
2026.05.11	12:00:00	4667.42	4669.80	4656.84	4657.33	4811	0	45
2026.05.11	12:30:00	4657.23	4664.81	4650.35	4656.53	5636	0	39
2026.05.11	13:00:00	4656.51	4665.74	4656.13	4663.13	4492	0	47
2026.05.11	13:30:00	4663.18	4667.34	4660.14	4663.82	5075	0	47
2026.05.11	14:00:00	4663.90	4672.33	4663.90	4671.80	5195	0	46
2026.05.11	14:30:00	4671.80	4677.19	4670.12	4674.37	5824	0	47
2026.05.11	15:00:00	4674.56	4695.27	4667.27	4690.46	8481	0	47
2026.05.11	15:30:00	4690.45	4700.80	4686.03	4699.78	9622	0	44
2026.05.11	16:00:00	4700.10	4735.42	4698.56	4728.22	12090	0	44
2026.05.11	16:30:00	4728.20	4748.42	4727.91	4736.08	12695	0	30
2026.05.11	17:00:00	4736.10	4738.36	4718.33	4724.94	11125	0	30
2026.05.11	17:30:00	4725.02	4733.85	4715.14	4725.50	10929	0	41
2026.05.11	18:00:00	4725.47	4738.13	4722.75	4732.79	9197	0	33
2026.05.11	18:30:00	4732.78	4734.62	4724.89	4732.02	7310	0	38
2026.05.11	19:00:00	4732.01	4733.31	4722.18	4723.81	6664	0	43
2026.05.11	19:30:00	4723.78	4725.86	4707.82	4716.33	8340	0	42
2026.05.11	20:00:00	4716.32	4721.62	4715.79	4717.98	6966	0	41
2026.05.11	20:30:00	4717.96	4724.46	4717.62	4723.51	5016	0	42
2026.05.11	21:00:00	4723.53	4727.34	4720.79	4726.99	5679	0	35
2026.05.11	21:30:00	4726.89	4729.24	4724.64	4724.77	4856	0	36
2026.05.11	22:00:00	4724.91	4728.36	4722.99	4724.10	5226	0	47
2026.05.11	22:30:00	4724.12	4736.02	4722.31	4733.42	5772	0	30
2026.05.11	23:00:00	4733.52	4737.75	4729.82	4735.21	3248	0	42
2026.05.11	23:30:00	4735.16	4738.41	4732.33	4734.61	2144	0	47
2026.05.12	01:00:00	4737.49	4743.79	4737.08	4739.66	3453	0	52
2026.05.12	01:30:00	4739.65	4754.84	4738.80	4750.68	4901	0	48
2026.05.12	02:00:00	4750.91	4754.63	4745.95	4752.76	4328	0	47
2026.05.12	02:30:00	4752.77	4769.34	4751.25	4767.18	6743	0	47
2026.05.12	03:00:00	4767.14	4773.33	4753.47	4762.11	8671	0	47
2026.05.12	03:30:00	4761.97	4763.57	4748.44	4749.10	7278	0	47
2026.05.12	04:00:00	4749.14	4755.31	4733.68	4735.03	11592	0	47
2026.05.12	04:30:00	4735.01	4738.73	4720.14	4726.96	10720	0	47
2026.05.12	05:00:00	4726.90	4733.74	4724.39	4726.89	7549	0	49
2026.05.12	05:30:00	4726.87	4733.27	4722.08	4729.86	8038	0	47
2026.05.12	06:00:00	4729.80	4732.97	4722.75	4723.71	5899	0	31
2026.05.12	06:30:00	4723.74	4727.81	4718.00	4720.04	4226	0	47
2026.05.12	07:00:00	4720.05	4730.19	4719.63	4722.30	4421	0	47
2026.05.12	07:30:00	4722.32	4726.23	4711.02	4713.98	4348	0	47
2026.05.12	08:00:00	4713.88	4718.39	4708.45	4715.13	7987	0	47
2026.05.12	08:30:00	4715.29	4722.04	4710.10	4714.16	9381	0	32
2026.05.12	09:00:00	4713.91	4714.27	4694.99	4695.84	8954	0	47
2026.05.12	09:30:00	4695.87	4704.59	4694.35	4697.05	7618	0	47
2026.05.12	10:00:00	4696.97	4699.50	4687.25	4697.71	7312	0	47
2026.05.12	10:30:00	4697.72	4703.60	4695.42	4699.63	5992	0	36
2026.05.12	11:00:00	4699.51	4706.67	4696.96	4702.74	6144	0	47
2026.05.12	11:30:00	4702.70	4706.39	4697.95	4703.31	5957	0	47
2026.05.12	12:00:00	4703.29	4703.32	4697.37	4699.46	5387	0	38
2026.05.12	12:30:00	4699.48	4705.13	4694.16	4699.34	6329	0	47
2026.05.12	13:00:00	4699.33	4708.23	4698.63	4700.03	5367	0	41
2026.05.12	13:30:00	4700.10	4700.13	4685.03	4694.19	7274	0	32
2026.05.12	14:00:00	4694.21	4700.08	4687.03	4699.92	7008	0	36
2026.05.12	14:30:00	4699.92	4709.13	4697.67	4706.52	6006	0	37
2026.05.12	15:00:00	4706.53	4708.24	4694.96	4697.16	6964	0	47
2026.05.12	15:30:00	4697.14	4711.49	4689.52	4705.59	10043	0	32
2026.05.12	16:00:00	4705.51	4708.82	4679.34	4690.66	11078	0	30
2026.05.12	16:30:00	4690.56	4701.43	4676.83	4678.95	13671	0	30
2026.05.12	17:00:00	4679.03	4694.92	4675.77	4683.05	12123	0	47
2026.05.12	17:30:00	4683.01	4687.78	4669.64	4672.72	11894	0	47
2026.05.12	18:00:00	4672.53	4675.95	4638.14	4655.84	12761	0	44
2026.05.12	18:30:00	4655.86	4669.97	4653.79	4665.90	9989	0	40
2026.05.12	19:00:00	4666.29	4674.85	4664.02	4668.11	7693	0	47
2026.05.12	19:30:00	4668.28	4674.13	4664.94	4671.01	7986	0	43
2026.05.12	20:00:00	4671.26	4682.27	4671.15	4679.25	7465	0	34
2026.05.12	20:30:00	4679.22	4680.61	4675.95	4678.73	6330	0	47
2026.05.12	21:00:00	4678.77	4687.62	4676.08	4685.10	7923	0	45
2026.05.12	21:30:00	4685.06	4698.09	4684.69	4695.92	9324	0	47
2026.05.12	22:00:00	4696.02	4704.40	4696.02	4703.49	6668	0	47
2026.05.12	22:30:00	4703.38	4715.58	4703.38	4715.57	6976	0	47
2026.05.12	23:00:00	4715.52	4719.15	4712.05	4713.06	3846	0	41
2026.05.12	23:30:00	4713.04	4715.67	4712.12	4715.05	2612	0	45
2026.05.13	01:00:00	4715.49	4721.03	4711.66	4716.98	3150	0	39
2026.05.13	01:30:00	4716.82	4722.21	4715.27	4716.92	2283	0	54
2026.05.13	02:00:00	4716.98	4723.79	4715.87	4720.38	4498	0	47
2026.05.13	02:30:00	4720.35	4723.40	4715.21	4716.87	5483	0	42
2026.05.13	03:00:00	4716.98	4726.79	4714.87	4722.34	8557	0	45
2026.05.13	03:30:00	4722.38	4725.06	4713.98	4714.32	6627	0	47
2026.05.13	04:00:00	4714.63	4716.92	4702.70	4704.33	9885	0	47
2026.05.13	04:30:00	4704.28	4710.59	4700.96	4702.40	8240	0	47
2026.05.13	05:00:00	4702.34	4707.45	4698.08	4700.11	5967	0	47
2026.05.13	05:30:00	4700.12	4700.12	4687.43	4691.70	9249	0	47
2026.05.13	06:00:00	4691.55	4700.56	4688.73	4700.44	7105	0	48
2026.05.13	06:30:00	4700.45	4705.73	4694.12	4695.76	4893	0	47
2026.05.13	07:00:00	4695.73	4703.20	4695.32	4701.17	4413	0	47
2026.05.13	07:30:00	4701.14	4703.14	4697.18	4699.43	4469	0	47
2026.05.13	08:00:00	4699.44	4707.17	4697.73	4697.93	5633	0	47
2026.05.13	08:30:00	4697.88	4705.24	4693.43	4703.87	8280	0	47
2026.05.13	09:00:00	4703.88	4715.24	4703.24	4708.63	6602	0	47
2026.05.13	09:30:00	4708.72	4713.63	4698.96	4701.57	6876	0	45
2026.05.13	10:00:00	4701.66	4708.67	4696.56	4707.45	6225	0	41
2026.05.13	10:30:00	4707.46	4707.66	4701.20	4702.74	4865	0	33
2026.05.13	11:00:00	4702.47	4704.17	4694.59	4696.89	5922	0	46
2026.05.13	11:30:00	4696.93	4702.73	4694.32	4700.48	5010	0	46
2026.05.13	12:00:00	4700.51	4701.62	4685.87	4688.72	5757	0	32
2026.05.13	12:30:00	4688.62	4700.83	4685.91	4700.73	5480	0	30
2026.05.13	13:00:00	4700.74	4710.16	4698.58	4699.44	6337	0	30
2026.05.13	13:30:00	4699.49	4699.71	4693.54	4693.91	4951	0	30
2026.05.13	14:00:00	4693.88	4700.44	4691.38	4698.38	5666	0	30
2026.05.13	14:30:00	4698.37	4705.29	4697.27	4697.27	5842	0	30
2026.05.13	15:00:00	4697.23	4701.36	4682.96	4684.65	7350	0	30
2026.05.13	15:30:00	4684.66	4686.95	4675.95	4683.61	10097	0	30
2026.05.13	16:00:00	4683.42	4694.48	4683.38	4688.58	8388	0	30
2026.05.13	16:30:00	4688.60	4690.64	4669.25	4679.19	12691	0	30
2026.05.13	17:00:00	4679.18	4685.28	4672.71	4684.09	10598	0	30
2026.05.13	17:30:00	4684.06	4690.86	4677.15	4679.66	9988	0	49
2026.05.13	18:00:00	4679.65	4691.62	4678.75	4691.15	8562	0	30
2026.05.13	18:30:00	4691.12	4699.76	4686.81	4695.33	8112	0	30
2026.05.13	19:00:00	4695.34	4709.73	4694.95	4706.71	8102	0	30
2026.05.13	19:30:00	4706.77	4707.53	4694.78	4695.46	7847	0	30
2026.05.13	20:00:00	4695.51	4701.15	4695.51	4698.25	6086	0	30
2026.05.13	20:30:00	4698.20	4698.35	4684.39	4685.47	7351	0	30
2026.05.13	21:00:00	4685.45	4693.91	4684.24	4691.77	5565	0	30
2026.05.13	21:30:00	4691.72	4692.51	4677.40	4684.81	6336	0	30
2026.05.13	22:00:00	4684.84	4690.35	4683.19	4687.02	5096	0	30
2026.05.13	22:30:00	4687.09	4689.30	4683.58	4688.06	5407	0	30
2026.05.13	23:00:00	4687.93	4693.35	4685.83	4691.21	2785	0	30
2026.05.13	23:30:00	4691.24	4692.73	4687.73	4688.65	2384	0	30
2026.05.14	01:00:00	4692.19	4697.14	4688.76	4696.90	3415	0	51
2026.05.14	01:30:00	4696.88	4700.42	4695.39	4699.89	3782	0	51
2026.05.14	02:00:00	4699.81	4701.97	4696.60	4697.24	2934	0	51
2026.05.14	02:30:00	4697.22	4697.39	4693.04	4696.39	3128	0	50
2026.05.14	03:00:00	4696.40	4705.21	4689.30	4700.88	7297	0	30
2026.05.14	03:30:00	4700.87	4706.59	4692.69	4704.80	6681	0	50
2026.05.14	04:00:00	4704.82	4706.81	4684.04	4692.56	11027	0	30
2026.05.14	04:30:00	4692.52	4694.92	4683.39	4688.54	10965	0	49
2026.05.14	05:00:00	4688.64	4693.97	4686.42	4693.30	7409	0	50
2026.05.14	05:30:00	4693.31	4699.46	4679.75	4686.11	10728	0	49
2026.05.14	06:00:00	4686.21	4693.20	4681.32	4691.16	9693	0	30
2026.05.14	06:30:00	4691.15	4691.27	4673.83	4674.83	6942	0	50
2026.05.14	07:00:00	4674.84	4707.28	4668.48	4702.05	8039	0	30
2026.05.14	07:30:00	4702.12	4712.54	4701.29	4702.24	6964	0	49
2026.05.14	08:00:00	4702.27	4704.03	4693.20	4693.48	6711	0	51
2026.05.14	08:30:00	4693.43	4703.14	4689.03	4689.52	9678	0	49
2026.05.14	09:00:00	4689.11	4694.52	4686.08	4691.18	7672	0	30
2026.05.14	09:30:00	4691.21	4702.18	4690.46	4700.06	6951	0	30
2026.05.14	10:00:00	4700.08	4706.70	4694.66	4705.29	6775	0	30
2026.05.14	10:30:00	4705.26	4718.61	4690.81	4692.93	7500	0	30
2026.05.14	11:00:00	4692.73	4704.63	4692.07	4702.84	7152	0	49
2026.05.14	11:30:00	4702.86	4706.54	4692.86	4693.14	6364	0	49
2026.05.14	12:00:00	4693.22	4697.89	4690.18	4690.58	5647	0	30
2026.05.14	12:30:00	4690.49	4702.36	4688.32	4699.37	6322	0	30
2026.05.14	13:00:00	4699.44	4705.15	4693.55	4697.35	6299	0	30
2026.05.14	13:30:00	4697.39	4697.85	4691.10	4696.88	6054	0	49
2026.05.14	14:00:00	4696.95	4698.62	4689.24	4691.79	5849	0	30
2026.05.14	14:30:00	4691.92	4704.68	4690.64	4694.20	6047	0	30
2026.05.14	15:00:00	4693.49	4707.41	4692.16	4702.47	7038	0	30
2026.05.14	15:30:00	4702.51	4709.88	4695.82	4704.68	8092	0	30
2026.05.14	16:00:00	4704.64	4707.52	4687.82	4688.05	10102	0	30
2026.05.14	16:30:00	4687.94	4691.00	4666.49	4679.36	13495	0	30
2026.05.14	17:00:00	4679.42	4700.82	4677.53	4691.37	11576	0	30
2026.05.14	17:30:00	4691.38	4692.31	4679.11	4679.32	10088	0	30
2026.05.14	18:00:00	4679.38	4689.28	4676.85	4685.70	9225	0	30
2026.05.14	18:30:00	4685.73	4688.84	4680.84	4685.72	7375	0	49
2026.05.14	19:00:00	4685.64	4686.84	4673.99	4677.15	8153	0	30
2026.05.14	19:30:00	4677.18	4678.94	4670.14	4678.34	7815	0	30
2026.05.14	20:00:00	4678.33	4682.93	4676.66	4677.08	7719	0	30
2026.05.14	20:30:00	4677.44	4681.66	4676.25	4678.04	5860	0	30
2026.05.14	21:00:00	4678.13	4678.25	4668.57	4673.36	7115	0	30
2026.05.14	21:30:00	4673.54	4674.76	4666.80	4671.45	4664	0	30
2026.05.14	22:00:00	4671.63	4671.68	4663.03	4663.25	4375	0	30
2026.05.14	22:30:00	4663.32	4665.05	4652.87	4654.06	7645	0	30
2026.05.14	23:00:00	4654.10	4656.88	4646.73	4647.98	4073	0	30
2026.05.14	23:30:00	4648.02	4652.69	4644.25	4652.20	3426	0	30
2026.05.15	01:00:00	4652.57	4659.18	4646.52	4658.77	4727	0	52
2026.05.15	01:30:00	4658.78	4662.62	4658.55	4662.20	3559	0	30
2026.05.15	02:00:00	4662.19	4664.25	4655.53	4663.82	3565	0	49
2026.05.15	02:30:00	4663.75	4665.11	4646.70	4652.06	6380	0	30
2026.05.15	03:00:00	4652.08	4658.03	4629.61	4629.79	9600	0	30
2026.05.15	03:30:00	4630.02	4630.41	4613.39	4629.96	11694	0	49
2026.05.15	04:00:00	4630.13	4631.35	4607.38	4608.70	14723	0	30
2026.05.15	04:30:00	4608.68	4624.24	4606.92	4613.62	12678	0	49
2026.05.15	05:00:00	4613.89	4618.94	4609.20	4612.40	10227	0	49
2026.05.15	05:30:00	4612.33	4623.31	4609.35	4617.91	9883	0	30
2026.05.15	06:00:00	4617.87	4622.09	4609.74	4612.60	8919	0	30
2026.05.15	06:30:00	4612.57	4617.17	4607.28	4615.27	5866	0	49
2026.05.15	07:00:00	4615.25	4621.36	4607.23	4610.74	5880	0	49
2026.05.15	07:30:00	4610.76	4614.83	4604.18	4605.68	6454	0	49
2026.05.15	08:00:00	4605.99	4606.26	4580.71	4588.68	10897	0	30
2026.05.15	08:30:00	4588.74	4589.62	4558.64	4558.76	13509	0	30
2026.05.15	09:00:00	4558.55	4578.08	4556.22	4574.91	12016	0	30
2026.05.15	09:30:00	4574.97	4580.28	4564.20	4569.55	9830	0	30
2026.05.15	10:00:00	4569.69	4588.44	4565.80	4581.60	9854	0	30
2026.05.15	10:30:00	4581.61	4582.32	4568.21	4570.64	7079	0	30
2026.05.15	11:00:00	4570.90	4571.78	4552.67	4558.15	9881	0	30
2026.05.15	11:30:00	4558.05	4563.41	4549.99	4554.18	8940	0	30
2026.05.15	12:00:00	4554.10	4563.61	4539.18	4553.27	9563	0	30
2026.05.15	12:30:00	4553.23	4555.50	4531.80	4545.61	8978	0	49
2026.05.15	13:00:00	4545.66	4563.11	4543.94	4551.64	8669	0	44
2026.05.15	13:30:00	4551.60	4572.33	4549.44	4565.83	9120	0	41
2026.05.15	14:00:00	4565.76	4570.10	4558.81	4562.18	8183	0	45
2026.05.15	14:30:00	4562.07	4562.35	4549.68	4551.83	7191	0	40
2026.05.15	15:00:00	4551.63	4558.58	4544.80	4554.99	9033	0	34
2026.05.15	15:30:00	4554.90	4555.48	4543.50	4545.82	8660	0	31
2026.05.15	16:00:00	4545.77	4557.41	4536.17	4548.73	11146	0	30
2026.05.15	16:30:00	4548.59	4551.03	4511.57	4533.36	14778	0	41
2026.05.15	17:00:00	4533.05	4562.62	4525.29	4555.44	14038	0	41
2026.05.15	17:30:00	4555.46	4566.38	4545.92	4562.58	12631	0	45
2026.05.15	18:00:00	4562.71	4563.45	4542.79	4547.01	10935	0	30
2026.05.15	18:30:00	4547.05	4550.22	4533.65	4539.69	10740	0	30
2026.05.15	19:00:00	4539.80	4542.23	4529.19	4540.74	9929	0	32
2026.05.15	19:30:00	4540.98	4547.89	4539.94	4544.20	9115	0	30
2026.05.15	20:00:00	4544.23	4564.33	4543.04	4557.61	9921	0	34
2026.05.15	20:30:00	4557.53	4563.47	4557.08	4559.36	6549	0	44
2026.05.15	21:00:00	4559.46	4562.84	4552.79	4557.96	7672	0	42
2026.05.15	21:30:00	4558.29	4562.66	4552.18	4559.13	6848	0	30
2026.05.15	22:00:00	4559.12	4560.04	4548.35	4550.03	6730	0	30
2026.05.15	22:30:00	4550.04	4555.10	4544.85	4545.68	7294	0	37
2026.05.15	23:00:00	4545.73	4546.21	4533.00	4538.94	5325	0	49
2026.05.15	23:30:00	4538.94	4543.62	4536.02	4539.56	3631	0	47
2026.05.18	01:00:00	4529.44	4554.34	4526.80	4540.51	4042	0	94
2026.05.18	01:30:00	4540.54	4554.36	4540.51	4546.00	4998	0	51
2026.05.18	02:00:00	4545.95	4547.88	4537.71	4537.81	5146	0	42
2026.05.18	02:30:00	4537.80	4543.99	4531.89	4536.92	7561	0	49
2026.05.18	03:00:00	4536.98	4542.50	4514.48	4515.65	12247	0	42
2026.05.18	03:30:00	4515.49	4518.78	4480.17	4515.82	13125	0	30
2026.05.18	04:00:00	4514.66	4516.00	4489.33	4503.82	14041	0	39
2026.05.18	04:30:00	4504.27	4535.36	4499.67	4525.33	12682	0	37
2026.05.18	05:00:00	4525.07	4540.54	4521.88	4533.41	9564	0	30
2026.05.18	05:30:00	4533.25	4542.71	4529.35	4533.49	8142	0	48
2026.05.18	06:00:00	4533.52	4538.23	4526.56	4535.81	8078	0	49
2026.05.18	06:30:00	4535.78	4547.79	4525.03	4541.07	8757	0	30
2026.05.18	07:00:00	4541.03	4549.73	4529.90	4532.47	7752	0	30
2026.05.18	07:30:00	4532.48	4545.52	4531.95	4540.56	6646	0	36
2026.05.18	08:00:00	4540.55	4550.46	4532.80	4548.60	8180	0	49
2026.05.18	08:30:00	4548.68	4552.06	4529.84	4530.69	9527	0	34
2026.05.18	09:00:00	4530.44	4547.93	4529.59	4537.35	9378	0	45
2026.05.18	09:30:00	4537.36	4547.45	4534.43	4546.53	8770	0	30
2026.05.18	10:00:00	4546.51	4551.10	4538.07	4550.45	7905	0	40
2026.05.18	10:30:00	4550.38	4559.77	4539.93	4546.06	9096	0	30
2026.05.18	11:00:00	4546.15	4551.34	4542.32	4547.78	6989	0	34
2026.05.18	11:30:00	4547.90	4556.86	4545.71	4549.82	6665	0	32
2026.05.18	12:00:00	4549.68	4551.87	4541.06	4544.84	5857	0	30
2026.05.18	12:30:00	4544.72	4546.31	4540.13	4542.83	6316	0	37
2026.05.18	13:00:00	4542.82	4544.90	4535.56	4539.47	6162	0	30
2026.05.18	13:30:00	4539.53	4547.58	4531.99	4540.16	6495	0	30
2026.05.18	14:00:00	4540.16	4541.64	4529.81	4535.81	6843	0	30
2026.05.18	14:30:00	4535.78	4567.03	4535.36	4550.45	11225	0	30
2026.05.18	15:00:00	4550.54	4556.44	4545.09	4550.54	8547	0	30
2026.05.18	15:30:00	4550.48	4574.64	4549.98	4571.15	11251	0	30
2026.05.18	16:00:00	4571.17	4576.67	4561.63	4571.83	9920	0	30
2026.05.18	16:30:00	4571.82	4584.05	4563.66	4575.51	13406	0	30
2026.05.18	17:00:00	4575.58	4575.58	4554.78	4561.48	12795	0	31
2026.05.18	17:30:00	4561.41	4562.83	4537.56	4546.34	12999	0	30
2026.05.18	18:00:00	4546.65	4547.77	4531.57	4534.48	11746	0	30
2026.05.18	18:30:00	4534.42	4546.71	4533.73	4543.38	9693	0	33
2026.05.18	19:00:00	4543.48	4550.53	4533.67	4536.91	9834	0	30
2026.05.18	19:30:00	4536.95	4554.38	4534.19	4550.05	9713	0	30
2026.05.18	20:00:00	4549.76	4558.10	4547.74	4553.84	8015	0	30
2026.05.18	20:30:00	4553.65	4553.98	4545.45	4546.77	6805	0	32
2026.05.18	21:00:00	4546.74	4547.62	4536.57	4541.80	7852	0	30
2026.05.18	21:30:00	4541.74	4543.84	4534.09	4535.61	6782	0	37
2026.05.18	22:00:00	4535.81	4564.78	4535.11	4551.38	11090	0	30
2026.05.18	22:30:00	4551.49	4562.82	4550.01	4558.27	8859	0	30
2026.05.18	23:00:00	4558.55	4566.50	4557.65	4563.10	3673	0	39
2026.05.18	23:30:00	4563.10	4566.42	4561.45	4565.97	2832	0	35
2026.05.19	01:00:00	4568.23	4574.39	4567.03	4572.72	3356	0	52
2026.05.19	01:30:00	4572.77	4578.14	4571.44	4573.74	3502	0	52
2026.05.19	02:00:00	4573.71	4588.76	4573.60	4585.65	4444	0	49
2026.05.19	02:30:00	4585.61	4587.68	4578.97	4581.68	3761	0	49
2026.05.19	03:00:00	4581.90	4589.03	4568.68	4573.49	8634	0	36
2026.05.19	03:30:00	4573.55	4575.97	4561.12	4563.03	8645	0	49
2026.05.19	04:00:00	4562.76	4569.15	4554.00	4559.00	10205	0	35
2026.05.19	04:30:00	4559.03	4572.24	4555.10	4563.60	9527	0	47
2026.05.19	05:00:00	4563.59	4563.59	4551.40	4559.47	8993	0	35
2026.05.19	05:30:00	4559.42	4559.56	4545.93	4546.98	7021	0	49
2026.05.19	06:00:00	4546.76	4552.87	4543.40	4548.99	6192	0	30
2026.05.19	06:30:00	4549.01	4554.92	4544.17	4544.81	5747	0	30
2026.05.19	07:00:00	4544.85	4545.54	4538.11	4540.20	5791	0	40
2026.05.19	07:30:00	4540.14	4543.63	4537.83	4542.32	4377	0	49
2026.05.19	08:00:00	4542.35	4546.38	4530.77	4538.38	6130	0	45
2026.05.19	08:30:00	4538.59	4544.02	4532.83	4540.73	9366	0	42
2026.05.19	09:00:00	4540.94	4553.70	4533.41	4547.52	9018	0	30
2026.05.19	09:30:00	4547.48	4552.63	4542.92	4547.91	7250	0	30
2026.05.19	10:00:00	4547.85	4555.13	4542.93	4548.13	7138	0	30
2026.05.19	10:30:00	4548.14	4559.17	4541.26	4557.07	7326	0	38
2026.05.19	11:00:00	4557.25	4558.97	4536.15	4538.19	7565	0	31
2026.05.19	11:30:00	4538.23	4548.54	4536.76	4542.62	5769	0	30
2026.05.19	12:00:00	4542.55	4546.62	4535.92	4540.46	6487	0	30
2026.05.19	12:30:00	4540.51	4544.56	4536.59	4541.63	6562	0	34
2026.05.19	13:00:00	4541.64	4542.22	4535.87	4539.73	4865	0	30
2026.05.19	13:30:00	4539.81	4544.52	4525.36	4544.52	8110	0	32
2026.05.19	14:00:00	4544.47	4547.80	4535.61	4539.17	6752	0	33
2026.05.19	14:30:00	4539.10	4542.97	4529.73	4530.62	6322	0	40
2026.05.19	15:00:00	4530.54	4546.49	4527.28	4543.30	7363	0	30
2026.05.19	15:30:00	4543.12	4546.94	4535.48	4536.97	7152	0	30
2026.05.19	16:00:00	4537.03	4537.23	4490.85	4491.91	12389	0	30
2026.05.19	16:30:00	4492.22	4511.16	4464.39	4504.36	15509	0	30
2026.05.19	17:00:00	4504.27	4514.07	4484.35	4489.89	14256	0	30
2026.05.19	17:30:00	4489.93	4498.53	4486.08	4493.93	12557	0	30
2026.05.19	18:00:00	4493.92	4504.92	4489.72	4498.69	10638	0	37
2026.05.19	18:30:00	4498.51	4509.10	4497.78	4508.22	9364	0	39
2026.05.19	19:00:00	4508.43	4511.83	4496.07	4508.53	8082	0	30
2026.05.19	19:30:00	4508.32	4512.23	4504.46	4507.50	7100	0	37
2026.05.19	20:00:00	4507.42	4510.88	4503.24	4506.80	6675	0	36
2026.05.19	20:30:00	4506.81	4508.17	4498.98	4500.64	6512	0	33
2026.05.19	21:00:00	4500.70	4503.50	4495.39	4495.87	6631	0	41
2026.05.19	21:30:00	4495.87	4500.66	4490.16	4493.44	6852	0	39
2026.05.19	22:00:00	4493.34	4497.42	4485.48	4486.95	6924	0	39
2026.05.19	22:30:00	4486.96	4489.70	4481.10	4483.21	6978	0	30
2026.05.19	23:00:00	4483.23	4488.00	4480.76	4486.02	3819	0	40
2026.05.19	23:30:00	4486.07	4486.19	4481.52	4481.88	2638	0	39
2026.05.20	01:00:00	4481.99	4485.53	4477.82	4479.20	2777	0	52
2026.05.20	01:30:00	4479.24	4485.59	4477.16	4484.12	5780	0	45
2026.05.20	02:00:00	4484.07	4488.59	4479.72	4486.08	3245	0	52
2026.05.20	02:30:00	4486.03	4496.13	4485.53	4489.11	4405	0	49
2026.05.20	03:00:00	4488.93	4501.94	4479.56	4501.81	8767	0	49
2026.05.20	03:30:00	4501.72	4508.68	4497.98	4500.78	9371	0	50
2026.05.20	04:00:00	4500.85	4506.13	4472.65	4473.50	10596	0	44
2026.05.20	04:30:00	4473.51	4488.40	4456.00	4481.17	11269	0	30
2026.05.20	05:00:00	4481.28	4486.88	4476.01	4481.30	8418	0	30
2026.05.20	05:30:00	4481.33	4483.28	4458.33	4465.10	10074	0	50
2026.05.20	06:00:00	4465.12	4467.22	4453.46	4460.79	7312	0	43
2026.05.20	06:30:00	4460.46	4465.93	4457.46	4463.62	5795	0	43
2026.05.20	07:00:00	4463.60	4470.52	4462.21	4465.12	5636	0	34
2026.05.20	07:30:00	4465.07	4465.78	4456.53	4461.91	5515	0	50
2026.05.20	08:00:00	4461.83	4475.15	4461.49	4468.18	6216	0	49
2026.05.20	08:30:00	4468.22	4478.89	4463.13	4472.68	9004	0	38
2026.05.20	09:00:00	4472.37	4478.15	4467.40	4471.79	8948	0	42
2026.05.20	09:30:00	4471.90	4478.27	4461.34	4474.20	8392	0	34
2026.05.20	10:00:00	4474.13	4485.01	4471.87	4482.47	7425	0	30
2026.05.20	10:30:00	4482.49	4485.75	4474.97	4478.41	6476	0	36
2026.05.20	11:00:00	4478.51	4486.27	4476.65	4485.96	7425	0	32
2026.05.20	11:30:00	4486.32	4489.95	4476.63	4483.95	7322	0	36
2026.05.20	12:00:00	4483.94	4486.03	4472.60	4473.97	5856	0	30
2026.05.20	12:30:00	4474.00	4490.83	4472.65	4484.80	5751	0	40
2026.05.20	13:00:00	4484.69	4492.37	4484.61	4488.78	4745	0	40
2026.05.20	13:30:00	4488.88	4496.90	4488.43	4494.49	5564	0	40
2026.05.20	14:00:00	4494.47	4500.98	4491.01	4499.87	5026	0	40
2026.05.20	14:30:00	4499.86	4500.15	4490.77	4498.98	5943	0	48
2026.05.20	15:00:00	4498.95	4501.04	4492.81	4499.44	7398	0	40
2026.05.20	15:30:00	4499.55	4505.18	4493.74	4496.04	7642	0	40
2026.05.20	16:00:00	4496.03	4505.95	4489.17	4489.17	10515	0	40
2026.05.20	16:30:00	4489.32	4492.90	4481.84	4482.93	13190	0	40
2026.05.20	17:00:00	4483.34	4510.58	4466.91	4506.74	14914	0	40
2026.05.20	17:30:00	4506.76	4537.00	4506.76	4531.13	15131	0	40
2026.05.20	18:00:00	4531.10	4552.64	4523.00	4529.31	13812	0	40
2026.05.20	18:30:00	4529.28	4539.25	4527.06	4528.95	11139	0	40
2026.05.20	19:00:00	4529.02	4535.12	4523.85	4525.77	9716	0	40
2026.05.20	19:30:00	4525.85	4535.27	4523.93	4534.13	9714	0	40
2026.05.20	20:00:00	4534.29	4537.97	4530.70	4532.23	8616	0	40
2026.05.20	20:30:00	4532.23	4536.36	4529.67	4531.36	6892	0	40
2026.05.20	21:00:00	4531.40	4536.55	4529.33	4534.90	7599	0	40
2026.05.20	21:30:00	4534.88	4544.87	4534.88	4542.17	6961	0	40
2026.05.20	22:00:00	4542.19	4545.84	4541.58	4544.88	5775	0	40
2026.05.20	22:30:00	4544.89	4550.11	4544.89	4545.47	6921	0	40
2026.05.20	23:00:00	4545.44	4550.19	4543.00	4545.48	5515	0	40
2026.05.20	23:30:00	4545.52	4546.18	4541.80	4543.49	3954	0	49
2026.05.21	01:00:00	4544.77	4548.67	4535.16	4538.76	5148	0	40
2026.05.21	01:30:00	4538.77	4544.51	4537.14	4539.64	5000	0	53
2026.05.21	02:00:00	4539.66	4542.92	4534.44	4538.27	3240	0	52
2026.05.21	02:30:00	4538.35	4546.69	4537.70	4546.30	4262	0	50
2026.05.21	03:00:00	4546.36	4553.08	4537.23	4543.56	8753	0	40
2026.05.21	03:30:00	4543.53	4548.56	4539.57	4545.11	4852	0	51
2026.05.21	04:00:00	4545.09	4567.50	4539.65	4566.80	9782	0	40
2026.05.21	04:30:00	4566.72	4570.65	4558.81	4560.82	8107	0	40
2026.05.21	05:00:00	4560.92	4564.70	4539.44	4540.15	7472	0	54
2026.05.21	05:30:00	4540.05	4542.15	4531.27	4533.01	8718	0	53
2026.05.21	06:00:00	4532.83	4540.08	4531.45	4535.60	5229	0	53
2026.05.21	06:30:00	4535.46	4537.06	4527.10	4528.07	5234	0	51
2026.05.21	07:00:00	4528.04	4539.93	4527.14	4539.65	3505	0	40
2026.05.21	07:30:00	4539.64	4540.24	4533.65	4538.27	3920	0	54
2026.05.21	08:00:00	4538.28	4540.12	4521.36	4522.81	6332	0	49
2026.05.21	08:30:00	4522.92	4529.80	4518.22	4527.67	7896	0	51
2026.05.21	09:00:00	4527.57	4539.62	4526.43	4532.94	9182	0	40
2026.05.21	09:30:00	4532.95	4534.90	4518.75	4521.39	9547	0	40
2026.05.21	10:00:00	4521.42	4524.24	4511.84	4512.67	9846	0	40
2026.05.21	10:30:00	4512.68	4523.19	4512.06	4519.46	7228	0	40
2026.05.21	11:00:00	4519.70	4536.58	4518.19	4535.43	9674	0	40
2026.05.21	11:30:00	4534.96	4535.44	4526.40	4532.32	8021	0	40
2026.05.21	12:00:00	4532.28	4542.30	4531.68	4536.72	7701	0	40
2026.05.21	12:30:00	4536.64	4542.61	4527.64	4530.50	6688	0	40
2026.05.21	13:00:00	4530.55	4535.12	4510.68	4517.89	8283	0	40
2026.05.21	13:30:00	4518.23	4518.23	4504.93	4511.39	12333	0	40
2026.05.21	14:00:00	4511.35	4521.03	4510.55	4513.91	8992	0	49
2026.05.21	14:30:00	4513.97	4517.18	4507.99	4513.93	7166	0	40
2026.05.21	15:00:00	4513.96	4519.15	4503.97	4506.16	8613	0	40
2026.05.21	15:30:00	4506.18	4518.03	4502.34	4503.89	10808	0	40
2026.05.21	16:00:00	4503.94	4512.56	4495.32	4500.56	12486	0	40
2026.05.21	16:30:00	4500.90	4520.92	4488.42	4513.09	14776	0	40
2026.05.21	17:00:00	4513.18	4515.29	4498.06	4507.28	14136	0	40
2026.05.21	17:30:00	4507.31	4511.02	4501.46	4508.56	12733	0	40
2026.05.21	18:00:00	4508.74	4515.24	4496.50	4503.28	13124	0	40
2026.05.21	18:30:00	4503.25	4512.52	4502.45	4511.77	9483	0	40
2026.05.21	19:00:00	4511.74	4520.46	4511.74	4516.34	10638	0	40
2026.05.21	19:30:00	4516.41	4520.09	4515.34	4519.28	8080	0	40
2026.05.21	20:00:00	4519.43	4546.17	4513.98	4541.50	13728	0	40
2026.05.21	20:30:00	4541.35	4559.17	4538.55	4551.29	12908	0	40
2026.05.21	21:00:00	4551.30	4556.00	4542.91	4548.29	11452	0	50
2026.05.21	21:30:00	4548.25	4549.31	4527.10	4531.85	11055	0	40
2026.05.21	22:00:00	4531.87	4541.92	4529.70	4538.65	9248	0	40
2026.05.21	22:30:00	4538.66	4543.72	4534.43	4542.91	8518	0	40
2026.05.21	23:00:00	4542.91	4544.68	4540.09	4541.15	4325	0	50
2026.05.21	23:30:00	4541.13	4543.10	4539.70	4543.00	2334	0	40
2026.05.22	01:00:00	4544.77	4545.85	4539.59	4540.95	3283	0	52
2026.05.22	01:30:00	4540.99	4543.57	4539.60	4543.09	2771	0	55
2026.05.22	02:00:00	4543.10	4544.97	4537.68	4540.47	1803	0	55
2026.05.22	02:30:00	4540.45	4540.45	4532.32	4535.29	3197	0	53
2026.05.22	03:00:00	4535.26	4537.14	4530.15	4536.09	5698	0	40
2026.05.22	03:30:00	4536.11	4540.89	4525.46	4526.57	5026	0	40
2026.05.22	04:00:00	4526.53	4536.10	4523.27	4528.89	7873	0	40
2026.05.22	04:30:00	4528.84	4531.69	4520.80	4526.12	7573	0	52
2026.05.22	05:00:00	4526.05	4529.20	4521.27	4524.43	6236	0	51
2026.05.22	05:30:00	4524.40	4526.89	4518.31	4522.86	6348	0	40
2026.05.22	06:00:00	4522.90	4524.98	4519.05	4521.59	6003	0	52
2026.05.22	06:30:00	4521.63	4529.74	4521.61	4529.32	3980	0	40
2026.05.22	07:00:00	4529.39	4532.80	4527.46	4532.08	4711	0	40
2026.05.22	07:30:00	4532.08	4532.51	4525.35	4527.10	3717	0	51
2026.05.22	08:00:00	4527.06	4529.41	4523.26	4525.89	3204	0	51
2026.05.22	08:30:00	4525.93	4534.08	4507.15	4510.99	7789	0	40
2026.05.22	09:00:00	4510.96	4525.91	4509.98	4525.07	10275	0	48
2026.05.22	09:30:00	4525.10	4528.68	4521.48	4526.73	8165	0	40
2026.05.22	10:00:00	4526.73	4527.29	4521.26	4525.69	7434	0	40
2026.05.22	10:30:00	4525.65	4525.67	4516.03	4521.79	7361	0	40
2026.05.22	11:00:00	4521.81	4531.08	4521.35	4526.72	8449	0	40
2026.05.22	11:30:00	4526.87	4527.19	4516.83	4521.73	7458	0	40
2026.05.22	12:00:00	4521.68	4525.34	4515.00	4517.68	7030	0	43
2026.05.22	12:30:00	4517.59	4535.81	4514.69	4532.03	6496	0	50
2026.05.22	13:00:00	4532.17	4536.68	4524.37	4524.63	6142	0	45
2026.05.22	13:30:00	4524.58	4525.35	4510.04	4514.51	7520	0	43
2026.05.22	14:00:00	4514.33	4517.19	4511.68	4511.90	6123	0	40
2026.05.22	14:30:00	4511.85	4524.95	4511.41	4520.51	6933	0	51
2026.05.22	15:00:00	4520.34	4535.55	4518.61	4521.51	10460	0	50
2026.05.22	15:30:00	4521.49	4528.27	4514.89	4528.00	9005	0	40
2026.05.22	16:00:00	4528.32	4534.21	4520.66	4521.93	10803	0	40
2026.05.22	16:30:00	4521.49	4526.92	4510.17	4513.60	12914	0	40
2026.05.22	17:00:00	4513.78	4513.78	4491.73	4498.87	14279	0	40
2026.05.22	17:30:00	4498.90	4507.13	4497.10	4500.42	10879	0	40
2026.05.22	18:00:00	4500.58	4519.19	4500.13	4519.19	10529	0	40
2026.05.22	18:30:00	4519.22	4522.17	4514.54	4519.88	9274	0	40
2026.05.22	19:00:00	4519.88	4524.01	4516.74	4523.52	7734	0	51
2026.05.22	19:30:00	4523.54	4526.57	4512.22	4514.77	7556	0	40
2026.05.22	20:00:00	4514.88	4525.73	4512.93	4525.16	7863	0	49
2026.05.22	20:30:00	4525.18	4527.68	4518.45	4519.04	8666	0	48
2026.05.22	21:00:00	4519.10	4519.23	4511.68	4515.16	7032	0	40
2026.05.22	21:30:00	4515.05	4519.85	4512.79	4514.97	5742	0	40
2026.05.22	22:00:00	4515.03	4515.68	4506.20	4506.92	6740	0	44
2026.05.22	22:30:00	4506.96	4510.60	4504.15	4508.05	6186	0	41
2026.05.22	23:00:00	4508.03	4510.24	4504.76	4510.00	2791	0	40
2026.05.22	23:30:00	4510.00	4510.23	4503.75	4507.29	2578	0	56
2026.05.25	01:00:00	4534.60	4557.28	4533.39	4551.46	6650	0	74
2026.05.25	01:30:00	4551.46	4565.35	4551.03	4564.81	6672	0	54
2026.05.25	02:00:00	4564.84	4578.18	4564.75	4574.84	5703	0	46
2026.05.25	02:30:00	4574.85	4579.76	4565.67	4566.99	6956	0	51
2026.05.25	03:00:00	4566.93	4575.66	4566.01	4572.25	9624	0	51
2026.05.25	03:30:00	4572.31	4579.37	4566.08	4569.22	8101	0	53
2026.05.25	04:00:00	4569.21	4576.23	4560.26	4573.31	10224	0	53
2026.05.25	04:30:00	4573.25	4574.62	4560.04	4562.62	7769	0	52
2026.05.25	05:00:00	4562.60	4568.16	4558.68	4562.71	5787	0	53
2026.05.25	05:30:00	4562.75	4570.04	4559.29	4561.20	6832	0	54
2026.05.25	06:00:00	4561.22	4564.35	4560.02	4560.54	5518	0	55
2026.05.25	06:30:00	4560.56	4563.99	4556.51	4559.67	4592	0	53
2026.05.25	07:00:00	4559.59	4565.75	4559.23	4565.01	3212	0	54
2026.05.25	07:30:00	4565.03	4565.53	4559.48	4564.67	3849	0	54
2026.05.25	08:00:00	4564.65	4565.84	4553.91	4554.01	3944	0	45
2026.05.25	08:30:00	4553.99	4560.76	4551.78	4553.13	6183	0	51
2026.05.25	09:00:00	4553.07	4557.19	4550.33	4554.07	6544	0	51
2026.05.25	09:30:00	4554.08	4563.04	4553.35	4562.29	6269	0	51
2026.05.25	10:00:00	4562.48	4564.59	4552.38	4554.35	7276	0	41
2026.05.25	10:30:00	4554.36	4564.96	4553.99	4564.60	5789	0	51
2026.05.25	11:00:00	4564.56	4564.90	4553.60	4554.79	5859	0	40
2026.05.25	11:30:00	4554.82	4557.91	4553.26	4555.85	4659	0	51
2026.05.25	12:00:00	4555.91	4558.82	4554.81	4558.63	3421	0	52
2026.05.25	12:30:00	4558.65	4568.97	4558.20	4567.44	4814	0	44
2026.05.25	13:00:00	4567.47	4573.47	4567.36	4570.73	4315	0	51
2026.05.25	13:30:00	4570.77	4572.99	4568.27	4568.47	3730	0	49
2026.05.25	14:00:00	4568.58	4575.05	4567.45	4571.47	3649	0	51
2026.05.25	14:30:00	4571.41	4576.80	4569.08	4569.25	4891	0	44
2026.05.25	15:00:00	4569.17	4569.30	4552.68	4560.36	7632	0	53
2026.05.25	15:30:00	4560.38	4570.04	4559.69	4567.49	5758	0	51
2026.05.25	16:00:00	4567.50	4571.15	4560.34	4561.62	8216	0	43
2026.05.25	16:30:00	4561.41	4565.37	4559.87	4562.87	6033	0	47
2026.05.25	17:00:00	4562.90	4570.41	4562.23	4567.66	5513	0	40
2026.05.25	17:30:00	4567.77	4568.78	4564.92	4566.71	4781	0	51
2026.05.25	18:00:00	4566.60	4574.50	4565.41	4573.12	6920	0	40
2026.05.25	18:30:00	4573.07	4573.26	4566.61	4570.67	3582	0	51
2026.05.25	19:00:00	4570.76	4570.89	4568.00	4568.02	2679	0	47
2026.05.25	19:30:00	4567.99	4574.43	4567.76	4573.43	3039	0	46
2026.05.25	20:00:00	4573.30	4577.65	4570.17	4571.28	2671	0	51
2026.05.25	20:30:00	4571.31	4571.32	4563.14	4564.98	2014	0	47
2026.05.25	21:00:00	4565.03	4571.27	4564.25	4567.58	1414	0	51
2026.05.26	01:00:00	4569.68	4575.31	4569.68	4572.97	4108	0	56
2026.05.26	01:30:00	4572.95	4576.35	4569.42	4574.70	4840	0	55
2026.05.26	02:00:00	4574.69	4580.05	4567.00	4568.08	3706	0	52
2026.05.26	02:30:00	4568.11	4568.39	4554.90	4559.41	5085	0	54
2026.05.26	03:00:00	4559.41	4560.04	4541.09	4549.12	8364	0	41
2026.05.26	03:30:00	4549.17	4552.87	4539.44	4549.36	6291	0	55
2026.05.26	04:00:00	4549.40	4549.80	4541.62	4543.52	9225	0	54
2026.05.26	04:30:00	4543.54	4544.01	4527.62	4536.86	9418	0	54
2026.05.26	05:00:00	4536.82	4539.31	4535.23	4536.62	5577	0	55
2026.05.26	05:30:00	4536.68	4538.38	4529.84	4532.12	5626	0	54
2026.05.26	06:00:00	4532.10	4543.48	4531.82	4541.98	5079	0	55
2026.05.26	06:30:00	4542.02	4545.25	4540.68	4542.13	2918	0	55
2026.05.26	07:00:00	4542.17	4543.01	4532.40	4532.41	3003	0	54
2026.05.26	07:30:00	4532.38	4533.04	4523.26	4525.32	4136	0	54
2026.05.26	08:00:00	4525.30	4531.28	4522.84	4531.06	3549	0	54
2026.05.26	08:30:00	4530.99	4534.93	4523.44	4527.14	6755	0	51
2026.05.26	09:00:00	4527.01	4536.05	4526.95	4530.24	6672	0	51
2026.05.26	09:30:00	4530.22	4533.84	4528.44	4530.87	6082	0	45
2026.05.26	10:00:00	4531.06	4533.70	4521.98	4529.44	8042	0	45
2026.05.26	10:30:00	4529.52	4538.81	4521.57	4538.05	7960	0	40
2026.05.26	11:00:00	4538.40	4538.72	4520.47	4522.08	7130	0	41
2026.05.26	11:30:00	4522.04	4527.17	4519.94	4523.55	6517	0	40
2026.05.26	12:00:00	4523.68	4526.25	4518.08	4524.68	6131	0	51
2026.05.26	12:30:00	4524.81	4525.16	4512.02	4522.52	6830	0	52
2026.05.26	13:00:00	4522.54	4535.09	4519.32	4533.33	7287	0	48
2026.05.26	13:30:00	4533.36	4540.35	4531.25	4534.28	7423	0	41
2026.05.26	14:00:00	4534.29	4536.15	4522.63	4523.41	6087	0	40
2026.05.26	14:30:00	4523.37	4523.67	4503.63	4507.06	9991	0	40
2026.05.26	15:00:00	4507.05	4515.78	4503.61	4506.04	8469	0	43
2026.05.26	15:30:00	4506.06	4523.58	4500.38	4520.23	9217	0	49
2026.05.26	16:00:00	4520.21	4527.36	4516.07	4522.14	8481	0	42
2026.05.26	16:30:00	4522.21	4531.20	4512.16	4513.29	12181	0	45
2026.05.26	17:00:00	4513.52	4520.27	4507.62	4517.52	10425	0	49
2026.05.26	17:30:00	4517.38	4524.86	4512.60	4515.14	9422	0	51
2026.05.26	18:00:00	4515.16	4515.34	4504.69	4505.79	10085	0	51
2026.05.26	18:30:00	4505.89	4510.66	4502.16	4506.27	9721	0	51
2026.05.26	19:00:00	4506.68	4508.57	4499.72	4507.85	7910	0	45
2026.05.26	19:30:00	4507.83	4511.02	4502.93	4504.73	7193	0	40
2026.05.26	20:00:00	4504.76	4507.32	4500.32	4501.28	6622	0	40
2026.05.26	20:30:00	4501.28	4501.49	4489.91	4490.87	7242	0	40
2026.05.26	21:00:00	4490.65	4495.93	4482.42	4495.09	7677	0	48
2026.05.26	21:30:00	4495.03	4499.42	4494.00	4499.07	5684	0	42
2026.05.26	22:00:00	4499.19	4504.40	4497.50	4501.89	5086	0	41
2026.05.26	22:30:00	4501.92	4509.80	4500.68	4508.74	5721	0	40
2026.05.26	23:00:00	4508.81	4510.51	4506.15	4506.42	2477	0	40
2026.05.26	23:30:00	4506.39	4510.10	4503.95	4507.29	1873	0	40
2026.05.27	01:00:00	4510.12	4538.88	4495.94	4504.17	3891	0	40
2026.05.27	01:30:00	4504.21	4512.23	4497.83	4510.77	4487	0	55
2026.05.27	02:00:00	4510.75	4513.51	4504.32	4512.03	4860	0	55
2026.05.27	02:30:00	4512.01	4527.81	4510.90	4519.55	6915	0	54
2026.05.27	03:00:00	4519.26	4525.68	4513.91	4517.82	7892	0	49
2026.05.27	03:30:00	4517.81	4521.96	4514.55	4514.98	6225	0	54
2026.05.27	04:00:00	4514.97	4520.99	4512.47	4515.98	8548	0	43
2026.05.27	04:30:00	4515.93	4516.94	4506.72	4507.78	6675	0	52
2026.05.27	05:00:00	4507.85	4509.37	4498.88	4505.31	6392	0	51
2026.05.27	05:30:00	4505.33	4506.72	4497.93	4505.55	5881	0	51
2026.05.27	06:00:00	4505.55	4511.76	4504.83	4506.96	5516	0	54
2026.05.27	06:30:00	4506.92	4507.06	4496.45	4496.92	3416	0	54
2026.05.27	07:00:00	4496.92	4503.16	4495.63	4499.34	4549	0	54
2026.05.27	07:30:00	4499.34	4517.12	4497.64	4510.03	5308	0	55
2026.05.27	08:00:00	4510.01	4513.75	4503.98	4507.11	5503	0	54
2026.05.27	08:30:00	4507.05	4508.58	4491.48	4497.38	10862	0	51
2026.05.27	09:00:00	4497.33	4499.02	4483.68	4486.14	8380	0	48
2026.05.27	09:30:00	4486.08	4490.01	4479.95	4485.06	7088	0	45
2026.05.27	10:00:00	4485.41	4489.04	4479.99	4486.02	6430	0	40
2026.05.27	10:30:00	4486.01	4488.47	4475.61	4481.78	5811	0	50
2026.05.27	11:00:00	4481.81	4492.66	4481.06	4488.97	6377	0	45
2026.05.27	11:30:00	4488.91	4498.58	4485.88	4497.72	5643	0	40
2026.05.27	12:00:00	4497.63	4497.63	4488.51	4489.93	5370	0	40
2026.05.27	12:30:00	4489.90	4493.00	4486.81	4490.03	4105	0	40
2026.05.27	13:00:00	4489.95	4490.46	4476.29	4476.80	4788	0	40
2026.05.27	13:30:00	4476.78	4476.98	4442.45	4445.57	10413	0	40
2026.05.27	14:00:00	4445.66	4453.15	4439.52	4440.70	8610	0	40
2026.05.27	14:30:00	4440.68	4444.56	4424.80	4428.44	8765	0	40
2026.05.27	15:00:00	4428.41	4466.41	4427.37	4454.52	11283	0	40
2026.05.27	15:30:00	4454.45	4460.06	4437.57	4438.68	9959	0	40
2026.05.27	16:00:00	4438.66	4438.81	4401.14	4404.61	13710	0	40
2026.05.27	16:30:00	4404.26	4433.85	4404.26	4427.23	14096	0	40
2026.05.27	17:00:00	4427.26	4455.36	4425.95	4445.29	13435	0	40
2026.05.27	17:30:00	4445.14	4449.21	4433.06	4433.77	11042	0	40
2026.05.27	18:00:00	4433.65	4438.36	4428.03	4435.70	9535	0	40
2026.05.27	18:30:00	4436.30	4441.40	4430.83	4436.26	8403	0	40
2026.05.27	19:00:00	4436.31	4447.42	4433.96	4446.62	6854	0	40
2026.05.27	19:30:00	4446.61	4453.15	4445.02	4450.64	6318	0	40
2026.05.27	20:00:00	4450.68	4451.45	4441.31	4449.66	7593	0	40
2026.05.27	20:30:00	4449.69	4454.12	4449.69	4450.21	5472	0	40
2026.05.27	21:00:00	4450.01	4458.14	4447.52	4455.37	5556	0	47
2026.05.27	21:30:00	4455.39	4456.31	4451.13	4454.18	3495	0	51
2026.05.27	22:00:00	4454.17	4454.57	4449.58	4450.85	3642	0	50
2026.05.27	22:30:00	4450.86	4454.58	4448.65	4450.73	4318	0	40
2026.05.27	23:00:00	4450.77	4458.64	4449.92	4454.85	2428	0	51
2026.05.27	23:30:00	4454.82	4456.21	4451.44	4456.13	1730	0	51
2026.05.28	01:00:00	4456.65	4465.58	4455.34	4459.72	3190	0	55
2026.05.28	01:30:00	4459.73	4462.28	4455.05	4457.20	4127	0	54
2026.05.28	02:00:00	4457.22	4457.59	4449.18	4450.63	4414	0	54
2026.05.28	02:30:00	4450.58	4453.77	4443.85	4446.96	6045	0	54
2026.05.28	03:00:00	4446.97	4453.75	4443.78	4446.09	8498	0	53
2026.05.28	03:30:00	4446.10	4457.62	4443.72	4456.89	6378	0	55
2026.05.28	04:00:00	4456.90	4458.56	4417.08	4419.01	11158	0	40
2026.05.28	04:30:00	4419.05	4426.28	4406.79	4409.89	11710	0	40
2026.05.28	05:00:00	4409.90	4412.50	4396.31	4405.92	8615	0	40
2026.05.28	05:30:00	4405.88	4410.23	4392.45	4394.16	9115	0	40
2026.05.28	06:00:00	4394.19	4397.69	4382.15	4387.52	9938	0	53
2026.05.28	06:30:00	4387.46	4387.77	4368.25	4374.59	11401	0	52
2026.05.28	07:00:00	4374.57	4381.89	4366.27	4368.21	9468	0	48
2026.05.28	07:30:00	4368.20	4374.97	4368.00	4372.82	7647	0	40
2026.05.28	08:00:00	4372.84	4379.80	4367.07	4378.51	7702	0	52
2026.05.28	08:30:00	4378.50	4395.68	4375.07	4387.84	10796	0	50
2026.05.28	09:00:00	4387.91	4390.38	4374.16	4380.17	7404	0	49
2026.05.28	09:30:00	4380.03	4385.25	4376.74	4383.35	5894	0	40
2026.05.28	10:00:00	4383.60	4395.93	4383.60	4392.47	6514	0	40
2026.05.28	10:30:00	4392.43	4393.53	4382.68	4387.31	5873	0	54
2026.05.28	11:00:00	4387.87	4394.74	4386.25	4389.67	6031	0	40
2026.05.28	11:30:00	4389.64	4394.80	4385.76	4386.76	5003	0	40
2026.05.28	12:00:00	4386.63	4398.87	4386.28	4396.36	5547	0	47
2026.05.28	12:30:00	4395.98	4396.72	4389.64	4393.37	5470	0	40
2026.05.28	13:00:00	4393.49	4403.96	4391.30	4401.05	5223	0	50
2026.05.28	13:30:00	4401.01	4402.25	4375.13	4382.80	7626	0	40
2026.05.28	14:00:00	4382.42	4390.31	4381.38	4384.73	5549	0	40
2026.05.28	14:30:00	4384.78	4390.12	4380.77	4387.78	6503	0	40
2026.05.28	15:00:00	4388.05	4392.69	4379.44	4384.85	6646	0	40
2026.05.28	15:30:00	4384.80	4433.52	4384.72	4431.95	10701	0	40
2026.05.28	16:00:00	4432.45	4438.89	4424.89	4428.44	10406	0	40
2026.05.28	16:30:00	4428.66	4434.07	4417.95	4430.43	11831	0	40
2026.05.28	17:00:00	4430.40	4473.28	4420.44	4460.65	14517	0	40
2026.05.28	17:30:00	4460.77	4480.25	4452.72	4469.14	14708	0	40
2026.05.28	18:00:00	4469.85	4481.88	4468.46	4476.58	10874	0	40
2026.05.28	18:30:00	4476.61	4484.73	4476.61	4482.01	8675	0	40
2026.05.28	19:00:00	4482.00	4502.59	4477.55	4500.28	9758	0	40
2026.05.28	19:30:00	4500.40	4510.86	4497.49	4510.84	8605	0	40
2026.05.28	20:00:00	4510.93	4514.36	4501.08	4501.96	8311	0	48
2026.05.28	20:30:00	4502.37	4509.80	4502.34	4508.76	6115	0	51
2026.05.28	21:00:00	4508.75	4516.36	4505.27	4506.01	7683	0	40
2026.05.28	21:30:00	4506.08	4506.26	4498.39	4500.88	5715	0	52
2026.05.28	22:00:00	4501.12	4503.58	4498.50	4499.59	4952	0	47
2026.05.28	22:30:00	4499.57	4501.67	4496.99	4497.65	5037	0	40
2026.05.28	23:00:00	4497.54	4500.45	4494.81	4499.16	2926	0	51
2026.05.28	23:30:00	4499.14	4500.63	4494.72	4495.55	2371	0	51
2026.05.29	01:00:00	4495.81	4499.51	4491.72	4495.68	2463	0	54
2026.05.29	01:30:00	4495.67	4496.37	4490.85	4490.98	3644	0	40
2026.05.29	02:00:00	4491.06	4496.78	4491.00	4492.07	2161	0	46
2026.05.29	02:30:00	4492.08	4496.17	4488.90	4494.96	4204	0	54
2026.05.29	03:00:00	4495.10	4500.37	4492.00	4499.85	6946	0	52
2026.05.29	03:30:00	4499.84	4500.19	4493.14	4495.94	5123	0	49
2026.05.29	04:00:00	4495.97	4520.50	4492.29	4505.28	10566	0	40
2026.05.29	04:30:00	4505.30	4508.34	4500.97	4506.32	8387	0	51
2026.05.29	05:00:00	4506.34	4511.03	4501.67	4502.91	6592	0	52
2026.05.29	05:30:00	4502.90	4508.01	4498.25	4501.60	7359	0	40
2026.05.29	06:00:00	4501.63	4501.88	4494.83	4496.69	6713	0	53
2026.05.29	06:30:00	4496.72	4501.39	4494.65	4501.08	4421	0	40
2026.05.29	07:00:00	4501.09	4511.58	4500.84	4509.01	5364	0	40
2026.05.29	07:30:00	4508.99	4514.71	4508.02	4513.91	4951	0	40
2026.05.29	08:00:00	4513.92	4515.27	4508.78	4509.74	3839	0	53
2026.05.29	08:30:00	4509.31	4515.59	4502.51	4514.72	7126	0	40
2026.05.29	09:00:00	4514.82	4522.21	4509.94	4516.47	6995	0	40
2026.05.29	09:30:00	4516.61	4523.89	4511.15	4523.48	6166	0	40
2026.05.29	10:00:00	4522.97	4523.73	4510.60	4513.98	5742	0	40
2026.05.29	10:30:00	4513.97	4525.93	4512.69	4524.56	6048	0	40
2026.05.29	11:00:00	4524.56	4524.57	4512.36	4516.96	6229	0	40
2026.05.29	11:30:00	4516.90	4517.93	4509.71	4514.69	4406	0	40
2026.05.29	12:00:00	4514.74	4531.97	4513.14	4528.71	6798	0	40
2026.05.29	12:30:00	4528.72	4539.43	4524.63	4531.01	5832	0	40
2026.05.29	13:00:00	4531.00	4531.00	4525.41	4530.28	4833	0	40
2026.05.29	13:30:00	4530.36	4543.10	4530.17	4538.43	5641	0	40
2026.05.29	14:00:00	4538.42	4540.26	4526.70	4527.86	5556	0	40
2026.05.29	14:30:00	4528.02	4538.72	4525.77	4538.24	5562	0	40
2026.05.29	15:00:00	4538.26	4538.41	4519.90	4522.16	6632	0	40
2026.05.29	15:30:00	4522.20	4523.79	4512.58	4522.80	7579	0	40
2026.05.29	16:00:00	4522.95	4529.01	4516.90	4527.90	8291	0	40
2026.05.29	16:30:00	4528.12	4540.51	4522.25	4536.61	10929	0	47
2026.05.29	17:00:00	4536.60	4552.48	4525.97	4529.64	13095	0	40
2026.05.29	17:30:00	4529.57	4570.33	4525.10	4564.05	13174	0	40
2026.05.29	18:00:00	4563.92	4595.04	4563.92	4578.36	13775	0	40
2026.05.29	18:30:00	4578.39	4583.10	4557.61	4570.96	11585	0	40
2026.05.29	19:00:00	4570.95	4572.10	4559.88	4562.88	7782	0	40
2026.05.29	19:30:00	4562.85	4573.23	4560.66	4566.78	7877	0	40
2026.05.29	20:00:00	4566.81	4568.36	4560.85	4561.66	6836	0	40
2026.05.29	20:30:00	4561.73	4562.04	4551.49	4553.24	6578	0	40
2026.05.29	21:00:00	4553.27	4560.23	4552.39	4559.16	6236	0	40
2026.05.29	21:30:00	4559.15	4561.49	4550.67	4553.09	5982	0	40
2026.05.29	22:00:00	4553.10	4560.04	4552.21	4555.13	4650	0	40
2026.05.29	22:30:00	4555.11	4556.22	4542.77	4545.27	6649	0	40
2026.05.29	23:00:00	4545.30	4549.01	4542.09	4542.53	3477	0	51
2026.05.29	23:30:00	4542.32	4543.75	4539.12	4540.24	2256	0	45
2026.06.01	01:00:00	4524.12	4536.20	4516.54	4532.83	4314	0	69
2026.06.01	01:30:00	4532.83	4540.21	4530.74	4535.17	3767	0	53
2026.06.01	02:00:00	4535.22	4544.82	4534.93	4544.74	3043	0	54
2026.06.01	02:30:00	4544.79	4545.55	4538.43	4539.40	3877	0	47
2026.06.01	03:00:00	4539.45	4545.69	4537.30	4543.05	5412	0	52
2026.06.01	03:30:00	4543.02	4544.91	4535.15	4540.66	5686	0	51
2026.06.01	04:00:00	4540.61	4541.31	4526.10	4528.64	8574	0	40
2026.06.01	04:30:00	4528.59	4533.59	4523.60	4525.34	6214	0	52
2026.06.01	05:00:00	4525.29	4534.43	4524.20	4530.24	4311	0	40
2026.06.01	05:30:00	4530.20	4530.86	4521.01	4521.31	5988	0	53
2026.06.01	06:00:00	4521.28	4525.23	4513.79	4520.30	5408	0	40
2026.06.01	06:30:00	4520.15	4523.88	4509.70	4516.10	3927	0	52
2026.06.01	07:00:00	4516.07	4519.47	4512.25	4515.69	2944	0	53
2026.06.01	07:30:00	4515.68	4517.10	4508.52	4514.25	3391	0	53
2026.06.01	08:00:00	4514.28	4523.44	4513.40	4520.26	3543	0	51
2026.06.01	08:30:00	4520.46	4525.04	4512.56	4518.11	6108	0	40
2026.06.01	09:00:00	4518.12	4518.55	4504.84	4514.09	6967	0	51
2026.06.01	09:30:00	4514.22	4514.55	4500.18	4501.53	6794	0	40
2026.06.01	10:00:00	4501.53	4509.75	4500.59	4503.82	6063	0	40
2026.06.01	10:30:00	4503.81	4507.56	4492.25	4502.89	6211	0	40
2026.06.01	11:00:00	4502.92	4504.27	4490.54	4495.81	6190	0	40
2026.06.01	11:30:00	4495.79	4502.27	4492.38	4497.85	5221	0	49
2026.06.01	12:00:00	4497.91	4506.12	4496.33	4496.36	5257	0	49
2026.06.01	12:30:00	4496.27	4499.10	4489.00	4495.82	5971	0	40
2026.06.01	13:00:00	4495.84	4503.32	4495.84	4500.73	4472	0	40
2026.06.01	13:30:00	4500.81	4510.75	4500.40	4503.82	4980	0	40
2026.06.01	14:00:00	4503.76	4512.75	4499.66	4510.48	5114	0	40
2026.06.01	14:30:00	4510.43	4512.09	4505.26	4505.66	4689	0	51
2026.06.01	15:00:00	4505.68	4509.42	4497.23	4505.37	6740	0	40
2026.06.01	15:30:00	4505.31	4510.33	4497.56	4502.05	7339	0	47
2026.06.01	16:00:00	4502.63	4503.67	4462.14	4464.84	13598	0	40
2026.06.01	16:30:00	4464.64	4478.52	4448.67	4450.18	14327	0	40
2026.06.01	17:00:00	4448.74	4464.67	4447.50	4456.06	12399	0	40
2026.06.01	17:30:00	4455.90	4461.38	4452.04	4458.47	9781	0	40
2026.06.01	18:00:00	4458.75	4470.15	4455.34	4468.17	8970	0	40
2026.06.01	18:30:00	4468.21	4479.67	4467.96	4473.98	9449	0	40
2026.06.01	19:00:00	4474.02	4478.21	4462.91	4467.81	6895	0	40
2026.06.01	19:30:00	4467.81	4482.00	4467.27	4479.89	7903	0	40
2026.06.01	20:00:00	4479.84	4482.76	4471.29	4482.69	7118	0	40
2026.06.01	20:30:00	4482.70	4495.33	4480.29	4487.32	8947	0	40
2026.06.01	21:00:00	4487.34	4490.04	4486.12	4486.51	5290	0	40
2026.06.01	21:30:00	4486.66	4488.47	4484.71	4486.53	4192	0	40
2026.06.01	22:00:00	4486.49	4488.07	4484.15	4484.56	4163	0	40
2026.06.01	22:30:00	4484.52	4485.51	4478.96	4481.00	5431	0	40
2026.06.01	23:00:00	4481.04	4484.13	4480.00	4482.96	2626	0	46
2026.06.01	23:30:00	4483.01	4485.75	4481.07	4484.61	2549	0	40
2026.06.02	01:00:00	4486.25	4488.24	4481.07	4481.36	3033	0	54
2026.06.02	01:30:00	4481.32	4486.37	4479.64	4485.51	1771	0	53
2026.06.02	02:00:00	4485.40	4488.03	4481.54	4487.11	1646	0	55
2026.06.02	02:30:00	4487.16	4487.35	4479.25	4484.28	3009	0	52
2026.06.02	03:00:00	4484.54	4493.60	4476.53	4493.60	6670	0	40
2026.06.02	03:30:00	4493.55	4496.96	4480.62	4481.22	6228	0	53
2026.06.02	04:00:00	4481.10	4492.16	4473.54	4486.21	10054	0	40
2026.06.02	04:30:00	4486.18	4489.22	4462.83	4473.95	9334	0	40
2026.06.02	05:00:00	4473.93	4484.61	4472.07	4481.80	7030	0	40
2026.06.02	05:30:00	4481.78	4486.33	4473.46	4485.79	7006	0	40
2026.06.02	06:00:00	4485.82	4497.04	4485.54	4495.07	6533	0	40
2026.06.02	06:30:00	4495.05	4499.27	4492.92	4499.08	4974	0	52
2026.06.02	07:00:00	4499.07	4510.10	4497.64	4504.37	4906	0	51
2026.06.02	07:30:00	4504.38	4518.04	4503.25	4517.22	4637	0	40
2026.06.02	08:00:00	4517.20	4521.63	4515.03	4519.61	4762	0	40
2026.06.02	08:30:00	4519.68	4528.01	4516.02	4516.90	6989	0	51
2026.06.02	09:00:00	4516.93	4533.82	4516.77	4533.01	7233	0	40
2026.06.02	09:30:00	4533.02	4538.28	4531.59	4535.57	5821	0	40
2026.06.02	10:00:00	4535.55	4541.29	4533.08	4533.91	5721	0	40
2026.06.02	10:30:00	4533.89	4535.34	4527.74	4534.92	5032	0	40
2026.06.02	11:00:00	4534.90	4539.00	4529.37	4530.95	6464	0	40
2026.06.02	11:30:00	4530.79	4533.24	4525.80	4526.56	4545	0	40
2026.06.02	12:00:00	4526.57	4535.62	4525.08	4526.53	5351	0	40
2026.06.02	12:30:00	4526.87	4531.29	4521.65	4529.65	5247	0	40
2026.06.02	13:00:00	4529.68	4531.55	4524.47	4528.21	4118	0	40
2026.06.02	13:30:00	4528.16	4533.80	4525.28	4532.95	3388	0	40
2026.06.02	14:00:00	4533.02	4534.47	4526.42	4530.00	3977	0	51
2026.06.02	14:30:00	4530.17	4530.57	4525.42	4527.34	3761	0	40
2026.06.02	15:00:00	4527.39	4533.97	4523.87	4529.13	5442	0	49
2026.06.02	15:30:00	4529.09	4533.43	4513.30	4514.56	7083	0	40
2026.06.02	16:00:00	4514.83	4524.59	4509.75	4510.61	9223	0	40
2026.06.02	16:30:00	4510.66	4514.24	4502.79	4502.88	10832	0	40
2026.06.02	17:00:00	4503.12	4506.85	4490.11	4495.42	11170	0	40
2026.06.02	17:30:00	4495.52	4506.19	4495.44	4503.90	8270	0	40
2026.06.02	18:00:00	4503.98	4507.96	4501.38	4505.23	7450	0	40
2026.06.02	18:30:00	4505.27	4508.33	4499.99	4501.93	7183	0	40
2026.06.02	19:00:00	4501.97	4502.70	4490.13	4490.13	6992	0	40
2026.06.02	19:30:00	4490.12	4491.80	4486.20	4491.73	5948	0	40
2026.06.02	20:00:00	4491.74	4492.85	4486.24	4490.96	6801	0	40
2026.06.02	20:30:00	4490.80	4491.52	4481.92	4484.44	5731	0	40
2026.06.02	21:00:00	4484.51	4490.78	4483.90	4488.28	5322	0	40
2026.06.02	21:30:00	4488.30	4490.30	4478.57	4487.19	4800	0	40
2026.06.02	22:00:00	4487.36	4489.44	4485.51	4489.38	3464	0	40
2026.06.02	22:30:00	4489.27	4490.08	4483.26	4487.86	4318	0	46
2026.06.02	23:00:00	4487.89	4490.84	4486.10	4489.62	1907	0	47
2026.06.02	23:30:00	4489.64	4490.86	4486.67	4487.73	1904	0	40
2026.06.03	01:00:00	4490.16	4492.93	4487.42	4489.95	3893	0	55
2026.06.03	01:30:00	4489.82	4492.08	4483.92	4484.68	4873	0	54
2026.06.03	02:00:00	4484.63	4488.61	4462.04	4467.34	7044	0	52
2026.06.03	02:30:00	4467.37	4475.00	4462.44	4474.24	6208	0	54
2026.06.03	03:00:00	4474.20	4483.11	4473.63	4482.96	4667	0	54
2026.06.03	03:30:00	4483.09	4496.62	4481.08	4486.00	5507	0	40
2026.06.03	04:00:00	4485.78	4487.40	4463.15	4466.99	11106	0	40
2026.06.03	04:30:00	4466.98	4476.97	4464.72	4475.57	8069	0	40
2026.06.03	05:00:00	4475.62	4481.28	4472.64	4478.64	6425	0	40
2026.06.03	05:30:00	4478.69	4485.00	4472.92	4481.82	7654	0	52
2026.06.03	06:00:00	4481.76	4487.46	4481.63	4483.24	5756	0	51
2026.06.03	06:30:00	4483.37	4486.03	4482.37	4484.20	2771	0	54
2026.06.03	07:00:00	4484.32	4487.94	4476.96	4476.98	3476	0	52
2026.06.03	07:30:00	4476.96	4477.18	4468.14	4469.16	3393	0	40
2026.06.03	08:00:00	4469.21	4474.05	4465.98	4468.37	4024	0	50
2026.06.03	08:30:00	4468.44	4468.74	4456.44	4456.86	6586	0	40
2026.06.03	09:00:00	4456.88	4470.73	4456.67	4462.34	7984	0	40
2026.06.03	09:30:00	4462.16	4464.88	4455.07	4462.79	7111	0	40
2026.06.03	10:00:00	4462.82	4472.01	4456.00	4456.00	6682	0	40
2026.06.03	10:30:00	4456.01	4463.81	4452.69	4453.09	6350	0	40
2026.06.03	11:00:00	4453.18	4459.12	4450.56	4457.30	6768	0	40
2026.06.03	11:30:00	4457.31	4458.64	4440.05	4443.81	6633	0	40
2026.06.03	12:00:00	4443.62	4458.83	4439.34	4439.78	6580	0	51
2026.06.03	12:30:00	4439.77	4448.23	4438.81	4442.90	5968	0	51
2026.06.03	13:00:00	4442.87	4466.76	4440.75	4459.87	9434	0	40
2026.06.03	13:30:00	4459.88	4462.60	4452.99	4458.81	4999	0	51
2026.06.03	14:00:00	4458.82	4467.86	4458.82	4464.37	5990	0	51
2026.06.03	14:30:00	4464.35	4466.94	4458.39	4462.22	5321	0	40
2026.06.03	15:00:00	4462.55	4464.30	4451.76	4452.57	6658	0	40
2026.06.03	15:30:00	4452.61	4467.03	4448.09	4460.12	8253	0	51
2026.06.03	16:00:00	4460.10	4465.58	4445.52	4448.35	8937	0	51
2026.06.03	16:30:00	4448.76	4453.02	4425.93	4446.30	13033	0	40
2026.06.03	17:00:00	4446.55	4458.66	4442.26	4451.80	11551	0	40
2026.06.03	17:30:00	4451.79	4459.37	4446.94	4456.94	9499	0	51
2026.06.03	18:00:00	4457.04	4458.17	4439.30	4444.99	10198	0	40
2026.06.03	18:30:00	4444.78	4445.36	4436.51	4442.04	7681	0	51
2026.06.03	19:00:00	4442.13	4443.71	4433.64	4437.44	7970	0	40
2026.06.03	19:30:00	4437.38	4442.58	4435.20	4441.68	7128	0	40
2026.06.03	20:00:00	4441.91	4448.29	4437.71	4438.83	6710	0	40
2026.06.03	20:30:00	4438.76	4442.04	4435.38	4438.80	5119	0	51
2026.06.03	21:00:00	4438.83	4440.49	4435.05	4439.98	5739	0	40
2026.06.03	21:30:00	4439.88	4442.66	4436.73	4441.87	4927	0	40
2026.06.03	22:00:00	4441.83	4452.06	4441.26	4447.83	5207	0	51
2026.06.03	22:30:00	4447.91	4449.46	4442.88	4443.71	5023	0	51
2026.06.03	23:00:00	4443.60	4445.17	4437.19	4438.84	4127	0	51
2026.06.03	23:30:00	4438.82	4439.39	4430.15	4434.18	3647	0	51
2026.06.04	01:00:00	4438.44	4440.09	4423.83	4433.82	6854	0	52
2026.06.04	01:30:00	4433.83	4452.87	4433.72	4448.81	7709	0	40
2026.06.04	02:00:00	4448.92	4451.34	4445.20	4450.55	7004	0	54
2026.06.04	02:30:00	4450.59	4464.42	4446.09	4457.05	9345	0	54
2026.06.04	03:00:00	4457.19	4465.26	4447.46	4450.52	12222	0	53
2026.06.04	03:30:00	4450.53	4452.77	4443.92	4448.22	11569	0	53
2026.06.04	04:00:00	4448.25	4473.30	4442.91	4465.82	13249	0	51
2026.06.04	04:30:00	4465.81	4470.16	4456.64	4465.64	13319	0	54
2026.06.04	05:00:00	4465.61	4467.11	4455.29	4460.45	11476	0	53
2026.06.04	05:30:00	4460.48	4476.36	4457.81	4474.75	11017	0	52
2026.06.04	06:00:00	4474.57	4477.05	4465.80	4469.21	9808	0	54
2026.06.04	06:30:00	4469.10	4470.73	4458.21	4463.64	8380	0	52
2026.06.04	07:00:00	4463.65	4476.17	4462.15	4474.54	6360	0	52
2026.06.04	07:30:00	4474.55	4483.89	4474.43	4480.86	7934	0	52
2026.06.04	08:00:00	4480.87	4482.23	4470.78	4473.08	6433	0	51
2026.06.04	08:30:00	4473.14	4475.64	4466.74	4469.00	8752	0	40
2026.06.04	09:00:00	4468.98	4477.00	4466.56	4471.94	7187	0	51
2026.06.04	09:30:00	4471.84	4476.75	4462.70	4467.60	6405	0	40
2026.06.04	10:00:00	4467.73	4470.53	4461.60	4464.97	6106	0	40
2026.06.04	10:30:00	4464.92	4467.72	4459.57	4461.47	4976	0	40
2026.06.04	11:00:00	4461.41	4467.69	4458.36	4463.23	7055	0	40
2026.06.04	11:30:00	4463.99	4469.23	4459.45	4463.16	6852	0	40
2026.06.04	12:00:00	4463.18	4469.22	4460.80	4464.56	6637	0	51
2026.06.04	12:30:00	4464.60	4475.42	4461.57	4470.23	6607	0	40
2026.06.04	13:00:00	4470.14	4471.98	4464.14	4467.38	5158	0	40
2026.06.04	13:30:00	4467.43	4473.68	4466.28	4473.51	5195	0	40
2026.06.04	14:00:00	4473.89	4491.35	4468.64	4489.39	7172	0	40
2026.06.04	14:30:00	4489.74	4514.50	4482.11	4511.41	9790	0	40
2026.06.04	15:00:00	4511.38	4513.67	4491.00	4498.45	9043	0	40
2026.06.04	15:30:00	4498.41	4510.77	4496.92	4503.95	7767	0	40
2026.06.04	16:00:00	4503.88	4509.93	4500.07	4504.48	8208	0	40
2026.06.04	16:30:00	4504.54	4515.20	4495.27	4495.72	13283	0	40
2026.06.04	17:00:00	4495.70	4499.74	4483.88	4486.01	12141	0	40
2026.06.04	17:30:00	4486.03	4486.72	4457.14	4465.73	11957	0	40
2026.06.04	18:00:00	4465.77	4474.73	4463.57	4470.71	8908	0	40
2026.06.04	18:30:00	4470.70	4478.82	4469.54	4477.27	7503	0	40
2026.06.04	19:00:00	4477.29	4484.99	4475.13	4483.40	6856	0	40
2026.06.04	19:30:00	4483.42	4483.90	4479.56	4482.59	6790	0	40
2026.06.04	20:00:00	4482.54	4482.58	4473.91	4476.66	5250	0	40
2026.06.04	20:30:00	4476.65	4481.38	4475.94	4477.96	4399	0	40
2026.06.04	21:00:00	4478.00	4480.91	4476.18	4478.00	3994	0	40
2026.06.04	21:30:00	4477.99	4479.33	4472.63	4477.93	3812	0	40
2026.06.04	22:00:00	4477.94	4483.22	4476.07	4479.99	3859	0	40
2026.06.04	22:30:00	4480.00	4482.22	4476.65	4480.69	4426	0	40
2026.06.04	23:00:00	4480.58	4481.45	4476.49	4477.59	2341	0	40
2026.06.04	23:30:00	4477.51	4477.51	4474.24	4475.17	1896	0	40
2026.06.05	01:00:00	4475.46	4480.72	4472.52	4478.73	3822	0	51
2026.06.05	01:30:00	4478.65	4481.39	4468.69	4469.51	5061	0	40
2026.06.05	02:00:00	4469.66	4473.92	4464.19	4469.03	6350	0	51
2026.06.05	02:30:00	4469.07	4469.39	4460.24	4461.36	6277	0	40
2026.06.05	03:00:00	4461.47	4464.88	4450.47	4457.40	11933	0	40
2026.06.05	03:30:00	4457.36	4466.75	4455.84	4459.08	11141	0	40
2026.06.05	04:00:00	4459.13	4469.87	4449.18	4458.54	14714	0	40
2026.06.05	04:30:00	4458.71	4459.57	4443.90	4446.68	11550	0	40
2026.06.05	05:00:00	4446.58	4454.86	4442.28	4451.01	9750	0	40
2026.06.05	05:30:00	4451.00	4451.62	4438.32	4440.45	11674	0	40
2026.06.05	06:00:00	4440.41	4443.69	4435.07	4436.60	10563	0	40
2026.06.05	06:30:00	4436.91	4443.15	4436.15	4442.16	7590	0	40
2026.06.05	07:00:00	4442.17	4444.53	4438.19	4439.44	8135	0	40
2026.06.05	07:30:00	4439.45	4446.42	4437.43	4444.83	7427	0	40
2026.06.05	08:00:00	4444.79	4449.84	4442.07	4444.57	8192	0	40
2026.06.05	08:30:00	4444.40	4448.10	4438.46	4439.82	10806	0	40
2026.06.05	09:00:00	4439.81	4446.28	4428.50	4442.32	10027	0	40
2026.06.05	09:30:00	4442.29	4456.07	4442.23	4452.71	7855	0	40
2026.06.05	10:00:00	4452.81	4467.19	4451.70	4467.01	7774	0	40
2026.06.05	10:30:00	4467.04	4467.12	4459.39	4460.77	5711	0	40
2026.06.05	11:00:00	4460.75	4466.88	4458.61	4466.88	6637	0	40
2026.06.05	11:30:00	4466.89	4468.04	4460.85	4462.58	5336	0	40
2026.06.05	12:00:00	4462.48	4469.15	4458.78	4462.81	7161	0	40
2026.06.05	12:30:00	4462.78	4469.03	4459.12	4464.70	5476	0	40
2026.06.05	13:00:00	4464.69	4467.85	4462.96	4465.90	3777	0	40
2026.06.05	13:30:00	4465.87	4467.66	4461.70	4466.43	3967	0	40
2026.06.05	14:00:00	4465.89	4466.86	4458.45	4465.87	5264	0	40
2026.06.05	14:30:00	4465.67	4475.10	4462.99	4470.01	5576	0	40
2026.06.05	15:00:00	4470.07	4475.70	4461.44	4465.01	7107	0	40
2026.06.05	15:30:00	4465.34	4465.91	4404.64	4405.93	14274	0	40
2026.06.05	16:00:00	4406.32	4420.89	4399.70	4404.29	13397	0	40
2026.06.05	16:30:00	4404.92	4409.31	4365.31	4365.64	16015	0	40
2026.06.05	17:00:00	4365.66	4379.19	4352.70	4360.81	15829	0	40
2026.06.05	17:30:00	4360.73	4369.89	4344.42	4369.41	14709	0	40
2026.06.05	18:00:00	4369.75	4372.23	4348.04	4351.53	13469	0	40
2026.06.05	18:30:00	4351.34	4354.66	4333.81	4335.31	11791	0	40
2026.06.05	19:00:00	4335.21	4338.90	4325.21	4329.52	13223	0	40
2026.06.05	19:30:00	4329.46	4344.90	4323.34	4344.45	13684	0	40
2026.06.05	20:00:00	4344.51	4346.69	4335.58	4342.44	11768	0	40
2026.06.05	20:30:00	4342.51	4347.17	4337.92	4341.63	10501	0	40
2026.06.05	21:00:00	4341.89	4342.00	4321.61	4325.63	11505	0	40
2026.06.05	21:30:00	4325.83	4326.87	4315.14	4322.19	10674	0	40
2026.06.05	22:00:00	4322.21	4324.08	4313.72	4323.64	11718	0	40
2026.06.05	22:30:00	4323.62	4324.91	4313.85	4318.33	11976	0	40
2026.06.05	23:00:00	4318.44	4326.35	4311.58	4322.50	8316	0	40
2026.06.05	23:30:00	4322.48	4330.42	4320.56	4328.58	5519	0	40
2026.06.08	01:00:00	4325.16	4334.26	4308.96	4316.29	7596	0	59
2026.06.08	01:30:00	4316.31	4328.78	4314.90	4317.06	7544	0	40
2026.06.08	02:00:00	4317.12	4334.43	4317.10	4333.81	6690	0	40
2026.06.08	02:30:00	4333.79	4346.75	4332.73	4343.82	7210	0	40
2026.06.08	03:00:00	4343.83	4353.16	4340.57	4351.32	7847	0	40
2026.06.08	03:30:00	4351.26	4352.20	4339.62	4342.03	8051	0	40
2026.06.08	04:00:00	4342.18	4345.76	4311.29	4314.36	13934	0	40
2026.06.08	04:30:00	4314.37	4329.47	4299.91	4325.50	15595	0	40
2026.06.08	05:00:00	4325.65	4330.62	4311.29	4314.64	12320	0	40
2026.06.08	05:30:00	4314.71	4320.65	4307.06	4310.37	11537	0	40
2026.06.08	06:00:00	4310.39	4313.99	4303.34	4307.06	9499	0	40
2026.06.08	06:30:00	4307.09	4316.97	4304.78	4316.73	6963	0	40
2026.06.08	07:00:00	4316.88	4321.60	4313.46	4319.89	7593	0	40
2026.06.08	07:30:00	4319.88	4320.26	4307.46	4312.48	8250	0	51
2026.06.08	08:00:00	4312.45	4315.94	4304.24	4311.58	7915	0	40
2026.06.08	08:30:00	4311.60	4313.05	4268.45	4291.86	14428	0	40
2026.06.08	09:00:00	4291.89	4311.24	4291.89	4305.69	10730	0	40
2026.06.08	09:30:00	4305.72	4306.43	4293.04	4299.89	8515	0	40
2026.06.08	10:00:00	4299.86	4316.69	4294.70	4305.98	9711	0	40
2026.06.08	10:30:00	4306.07	4311.52	4294.19	4294.32	8288	0	40
2026.06.08	11:00:00	4294.17	4296.90	4285.21	4288.09	8493	0	40
2026.06.08	11:30:00	4288.18	4293.69	4285.35	4288.61	7797	0	40
2026.06.08	12:00:00	4288.61	4292.07	4279.28	4279.64	5860	0	40
2026.06.08	12:30:00	4279.59	4301.83	4272.82	4294.18	9680	0	40
2026.06.08	13:00:00	4294.46	4297.43	4286.05	4293.64	6304	0	40
2026.06.08	13:30:00	4293.66	4305.37	4292.11	4301.87	7202	0	40
2026.06.08	14:00:00	4301.83	4330.88	4296.96	4325.12	9444	0	40
2026.06.08	14:30:00	4325.11	4333.16	4321.18	4331.07	8696	0	40
2026.06.08	15:00:00	4330.87	4334.56	4320.15	4329.71	8897	0	40
2026.06.08	15:30:00	4329.90	4339.25	4326.93	4332.96	8770	0	40
2026.06.08	16:00:00	4332.79	4335.90	4321.15	4331.06	10097	0	40
2026.06.08	16:30:00	4331.04	4346.45	4325.97	4326.58	14539	0	40
2026.06.08	17:00:00	4326.80	4330.54	4315.68	4319.94	13627	0	40
2026.06.08	17:30:00	4319.97	4331.32	4314.67	4330.82	11640	0	40
2026.06.08	18:00:00	4330.84	4336.31	4322.35	4330.49	10325	0	40
2026.06.08	18:30:00	4330.47	4345.50	4328.36	4341.66	9896	0	40
2026.06.08	19:00:00	4341.65	4343.76	4337.98	4340.87	9035	0	40
2026.06.08	19:30:00	4340.90	4346.12	4337.76	4340.53	8296	0	40
2026.06.08	20:00:00	4340.54	4342.28	4333.90	4338.97	9406	0	40
2026.06.08	20:30:00	4338.98	4339.45	4331.90	4338.95	8393	0	40
2026.06.08	21:00:00	4338.96	4345.73	4338.45	4342.43	8401	0	40
2026.06.08	21:30:00	4342.29	4344.44	4332.88	4334.43	6056	0	40
2026.06.08	22:00:00	4334.44	4337.99	4325.88	4327.60	6414	0	40
2026.06.08	22:30:00	4327.59	4330.30	4323.13	4326.54	7367	0	40
2026.06.08	23:00:00	4326.41	4329.72	4324.23	4326.34	3601	0	40
2026.06.08	23:30:00	4326.30	4330.33	4325.27	4329.76	2111	0	51
2026.06.09	01:00:00	4332.66	4333.04	4322.67	4324.89	3375	0	40
2026.06.09	01:30:00	4324.76	4328.74	4324.76	4327.79	2891	0	53
2026.06.09	02:00:00	4327.78	4328.68	4320.42	4320.50	2831	0	54
2026.06.09	02:30:00	4320.47	4322.21	4312.63	4317.59	5238	0	52
2026.06.09	03:00:00	4317.60	4323.61	4315.28	4316.63	12322	0	40
2026.06.09	03:30:00	4316.67	4322.96	4314.89	4319.59	10190	0	51
2026.06.09	04:00:00	4319.59	4337.86	4318.45	4335.15	12942	0	51
2026.06.09	04:30:00	4335.20	4338.70	4332.73	4336.30	11290	0	51
2026.06.09	05:00:00	4336.33	4336.78	4328.03	4335.26	9715	0	40
2026.06.09	05:30:00	4335.35	4340.88	4330.82	4335.84	10353	0	51
2026.06.09	06:00:00	4335.61	4342.04	4330.98	4336.44	10045	0	51
2026.06.09	06:30:00	4336.43	4341.82	4333.44	4336.43	6973	0	40
2026.06.09	07:00:00	4336.45	4339.26	4328.58	4330.29	5665	0	51
2026.06.09	07:30:00	4330.27	4332.81	4323.97	4332.14	5935	0	51
2026.06.09	08:00:00	4332.16	4336.97	4330.73	4332.41	6953	0	40
2026.06.09	08:30:00	4332.40	4351.33	4331.57	4343.27	10490	0	51
2026.06.09	09:00:00	4343.46	4348.53	4338.05	4338.85	7746	0	51
2026.06.09	09:30:00	4338.89	4340.09	4330.16	4330.54	6911	0	51
2026.06.09	10:00:00	4330.45	4334.54	4322.92	4330.91	8109	0	40
2026.06.09	10:30:00	4330.95	4331.15	4322.11	4326.39	6065	0	40
2026.06.09	11:00:00	4326.40	4336.15	4321.06	4334.17	8380	0	40
2026.06.09	11:30:00	4334.32	4336.63	4325.69	4326.41	5284	0	51
2026.06.09	12:00:00	4326.47	4335.92	4324.05	4326.67	5523	0	40
2026.06.09	12:30:00	4326.16	4333.38	4324.93	4331.98	4724	0	40
2026.06.09	13:00:00	4331.86	4336.63	4325.11	4333.61	5529	0	40
2026.06.09	13:30:00	4333.64	4340.56	4329.56	4339.01	4006	0	40
2026.06.09	14:00:00	4338.95	4340.37	4335.49	4338.51	4952	0	40
2026.06.09	14:30:00	4338.52	4343.59	4336.56	4339.66	4353	0	51
2026.06.09	15:00:00	4339.80	4343.80	4335.03	4335.53	5752	0	40
2026.06.09	15:30:00	4335.48	4343.98	4334.57	4341.21	6783	0	40
2026.06.09	16:00:00	4341.39	4345.23	4330.06	4330.70	9536	0	40
2026.06.09	16:30:00	4330.97	4363.18	4324.95	4328.80	13261	0	40
2026.06.09	17:00:00	4328.59	4335.80	4305.91	4318.09	15182	0	40
2026.06.09	17:30:00	4317.75	4320.90	4278.45	4300.31	16222	0	40
2026.06.09	18:00:00	4300.55	4301.89	4276.94	4278.53	14387	0	40
2026.06.09	18:30:00	4278.56	4285.61	4262.88	4272.11	15428	0	40
2026.06.09	19:00:00	4272.02	4280.96	4252.93	4263.23	16099	0	40
2026.06.09	19:30:00	4263.04	4267.52	4236.51	4251.87	16032	0	40
2026.06.09	20:00:00	4252.15	4267.77	4251.15	4262.85	15135	0	40
2026.06.09	20:30:00	4262.94	4267.88	4255.85	4262.97	12382	0	40
2026.06.09	21:00:00	4263.10	4274.08	4259.40	4270.71	12463	0	40
2026.06.09	21:30:00	4270.65	4273.78	4262.06	4269.79	10070	0	40
2026.06.09	22:00:00	4269.92	4271.51	4252.68	4257.17	11380	0	40
2026.06.09	22:30:00	4257.08	4260.02	4249.76	4258.60	11414	0	40
2026.06.09	23:00:00	4258.57	4260.96	4255.46	4258.88	4734	0	40
2026.06.09	23:30:00	4258.83	4261.88	4257.53	4259.26	2423	0	51
2026.06.10	01:00:00	4254.02	4257.50	4249.75	4256.50	3598	0	54
2026.06.10	01:30:00	4256.51	4257.24	4232.33	4237.08	8218	0	40
2026.06.10	02:00:00	4237.00	4247.03	4222.83	4224.05	7481	0	40
2026.06.10	02:30:00	4224.14	4229.62	4210.25	4221.84	8651	0	40
2026.06.10	03:00:00	4222.08	4228.18	4216.49	4217.82	9585	0	40
2026.06.10	03:30:00	4217.84	4220.45	4198.85	4217.96	12308	0	40
2026.06.10	04:00:00	4217.97	4218.72	4187.03	4201.63	12974	0	51
2026.06.10	04:30:00	4201.59	4206.82	4183.52	4188.53	11925	0	40
2026.06.10	05:00:00	4188.50	4191.52	4178.05	4187.86	10662	0	40
2026.06.10	05:30:00	4187.80	4192.36	4173.06	4173.95	13167	0	40
2026.06.10	06:00:00	4173.89	4180.99	4172.79	4177.02	10125	0	40
2026.06.10	06:30:00	4177.01	4186.32	4176.12	4184.68	9209	0	40
2026.06.10	07:00:00	4184.66	4187.06	4173.45	4174.24	8181	0	51
2026.06.10	07:30:00	4174.23	4175.77	4172.31	4174.68	9078	0	40
2026.06.10	08:00:00	4174.73	4187.04	4173.19	4186.91	8922	0	40
2026.06.10	08:30:00	4186.87	4208.87	4181.51	4205.01	10729	0	51
2026.06.10	09:00:00	4205.15	4221.89	4205.00	4211.60	9270	0	51
2026.06.10	09:30:00	4211.50	4213.29	4201.61	4203.71	7302	0	51
2026.06.10	10:00:00	4203.63	4207.90	4193.36	4194.73	7672	0	40
2026.06.10	10:30:00	4194.65	4196.97	4181.42	4185.96	8015	0	40
2026.06.10	11:00:00	4185.80	4187.11	4161.25	4172.11	10649	0	40
2026.06.10	11:30:00	4171.89	4179.08	4166.22	4168.79	10703	0	40
2026.06.10	12:00:00	4168.84	4174.74	4164.10	4165.97	10575	0	40
2026.06.10	12:30:00	4165.96	4179.32	4162.81	4168.44	9745	0	40
2026.06.10	13:00:00	4168.46	4170.97	4155.47	4164.96	7824	0	40
2026.06.10	13:30:00	4164.79	4178.40	4163.83	4174.49	7337	0	40
2026.06.10	14:00:00	4174.53	4175.89	4153.44	4166.27	11703	0	40
2026.06.10	14:30:00	4166.17	4167.76	4145.58	4147.39	10603	0	40
2026.06.10	15:00:00	4147.26	4152.28	4130.50	4141.12	11661	0	40
2026.06.10	15:30:00	4141.02	4173.74	4139.49	4146.77	14894	0	40
2026.06.10	16:00:00	4146.85	4157.83	4132.77	4149.15	13088	0	40
2026.06.10	16:30:00	4148.76	4186.07	4141.80	4179.42	15828	0	40
2026.06.10	17:00:00	4179.64	4180.77	4159.46	4160.94	14567	0	40
2026.06.10	17:30:00	4160.83	4163.12	4117.84	4124.72	14598	0	40
2026.06.10	18:00:00	4125.01	4136.89	4113.27	4127.63	14956	0	40
2026.06.10	18:30:00	4127.66	4131.00	4106.72	4128.65	15064	0	40
2026.06.10	19:00:00	4128.77	4134.99	4122.73	4127.35	13016	0	40
2026.06.10	19:30:00	4127.36	4132.01	4115.79	4121.88	12675	0	40
2026.06.10	20:00:00	4121.87	4134.82	4109.08	4110.83	12435	0	40
2026.06.10	20:30:00	4110.85	4113.31	4100.74	4111.51	12550	0	40
2026.06.10	21:00:00	4111.61	4120.29	4109.46	4112.19	11202	0	51
2026.06.10	21:30:00	4112.45	4112.48	4096.91	4101.37	9801	0	40
2026.06.10	22:00:00	4101.38	4101.88	4081.60	4084.58	10023	0	40
2026.06.10	22:30:00	4084.82	4092.45	4081.54	4082.60	12055	0	40
2026.06.10	23:00:00	4082.48	4082.98	4069.12	4078.23	7376	0	40
2026.06.10	23:30:00	4078.21	4078.21	4067.02	4071.08	4306	0	40
2026.06.11	01:00:00	4071.49	4072.65	4035.99	4044.53	9284	0	40
2026.06.11	01:30:00	4044.48	4069.16	4044.48	4046.11	9840	0	40
2026.06.11	02:00:00	4046.27	4064.51	4023.73	4061.30	10607	0	40
2026.06.11	02:30:00	4061.26	4064.02	4044.37	4047.00	8043	0	51
2026.06.11	03:00:00	4047.66	4072.50	4035.84	4067.48	13978	0	40
2026.06.11	03:30:00	4067.19	4077.88	4059.04	4075.61	10954	0	40
2026.06.11	04:00:00	4075.63	4108.49	4065.97	4104.30	15038	0	40
2026.06.11	04:30:00	4104.25	4117.84	4097.77	4101.77	11035	0	51
2026.06.11	05:00:00	4101.85	4102.52	4081.54	4082.32	11657	0	40
2026.06.11	05:30:00	4082.34	4084.96	4052.32	4067.78	14031	0	40
2026.06.11	06:00:00	4067.74	4078.33	4056.85	4063.07	13323	0	51
2026.06.11	06:30:00	4063.05	4075.29	4062.37	4072.60	9016	0	40
2026.06.11	07:00:00	4072.64	4085.19	4069.98	4077.53	9173	0	51
2026.06.11	07:30:00	4077.53	4085.73	4074.61	4082.45	8574	0	40
2026.06.11	08:00:00	4082.53	4082.88	4072.44	4074.84	8459	0	40
2026.06.11	08:30:00	4075.15	4106.04	4074.26	4094.12	10307	0	40
2026.06.11	09:00:00	4094.08	4094.55	4076.17	4086.48	9305	0	40
2026.06.11	09:30:00	4086.51	4097.31	4082.87	4094.25	6997	0	40
2026.06.11	10:00:00	4094.56	4110.11	4091.48	4107.36	8487	0	40
2026.06.11	10:30:00	4107.44	4110.42	4098.85	4104.77	6837	0	40
2026.06.11	11:00:00	4104.76	4112.39	4097.01	4097.18	8014	0	40
2026.06.11	11:30:00	4097.27	4099.29	4084.32	4084.34	7145	0	40
2026.06.11	12:00:00	4084.37	4088.79	4078.76	4079.23	6867	0	40
2026.06.11	12:30:00	4079.18	4096.24	4077.23	4091.37	5844	0	40
2026.06.11	13:00:00	4091.33	4094.34	4086.58	4087.49	5570	0	40
2026.06.11	13:30:00	4087.51	4092.79	4086.34	4089.73	4804	0	40
2026.06.11	14:00:00	4089.70	4092.99	4083.19	4090.13	7467	0	40
2026.06.11	14:30:00	4090.13	4095.72	4079.61	4080.17	6969	0	40
2026.06.11	15:00:00	4080.37	4087.06	4061.27	4069.07	9626	0	40
2026.06.11	15:30:00	4069.14	4085.00	4057.41	4081.67	13070	0	40
2026.06.11	16:00:00	4081.87	4085.97	4071.90	4075.19	12183	0	40
2026.06.11	16:30:00	4075.19	4092.34	4066.94	4083.00	15702	0	40
2026.06.11	17:00:00	4083.14	4085.17	4052.70	4074.70	15428	0	40
2026.06.11	17:30:00	4074.64	4083.36	4070.37	4073.19	13871	0	40
2026.06.11	18:00:00	4073.17	4089.06	4070.12	4081.39	13854	0	40
2026.06.11	18:30:00	4081.23	4095.23	4077.28	4088.59	12380	0	40
2026.06.11	19:00:00	4088.60	4107.46	4079.28	4079.41	12563	0	40
2026.06.11	19:30:00	4079.47	4087.68	4077.84	4080.07	10876	0	40
2026.06.11	20:00:00	4080.03	4102.16	4071.81	4101.55	12031	0	40
2026.06.11	20:30:00	4101.63	4169.79	4101.63	4151.68	16761	0	40
2026.06.11	21:00:00	4151.70	4162.68	4131.13	4152.81	15368	0	40
2026.06.11	21:30:00	4152.58	4171.46	4148.93	4161.65	12000	0	40
2026.06.11	22:00:00	4161.68	4198.19	4161.68	4195.49	13818	0	40
2026.06.11	22:30:00	4195.64	4219.99	4195.64	4208.63	14356	0	40
2026.06.11	23:00:00	4209.25	4218.43	4207.97	4213.94	6939	0	40
2026.06.11	23:30:00	4213.92	4216.19	4208.89	4210.52	4901	0	40
2026.06.12	01:00:00	4214.47	4220.32	4205.21	4214.74	5708	0	40
2026.06.12	01:30:00	4214.75	4246.13	4211.27	4243.04	9637	0	40
2026.06.12	02:00:00	4243.06	4245.67	4214.08	4216.33	9432	0	51
2026.06.12	02:30:00	4216.22	4224.41	4214.35	4219.82	9755	0	51
2026.06.12	03:00:00	4219.58	4230.29	4207.23	4220.19	12962	0	40
2026.06.12	03:30:00	4220.18	4228.59	4200.53	4208.06	10523	0	40
2026.06.12	04:00:00	4208.11	4210.84	4178.90	4180.69	14049	0	40
2026.06.12	04:30:00	4180.92	4191.25	4171.18	4186.63	12662	0	51
2026.06.12	05:00:00	4186.50	4199.89	4183.56	4188.24	9422	0	40
2026.06.12	05:30:00	4188.28	4193.48	4182.59	4191.44	9512	0	51
2026.06.12	06:00:00	4191.38	4203.45	4189.34	4203.25	9351	0	51
2026.06.12	06:30:00	4203.38	4204.73	4195.26	4196.96	8842	0	52
2026.06.12	07:00:00	4196.90	4200.81	4190.23	4192.47	6861	0	51
2026.06.12	07:30:00	4192.36	4198.12	4189.38	4189.78	6521	0	51
2026.06.12	08:00:00	4189.77	4192.84	4181.78	4186.93	9272	0	40
2026.06.12	08:30:00	4186.96	4187.57	4170.53	4173.06	11887	0	40
2026.06.12	09:00:00	4173.09	4185.39	4172.91	4181.83	8263	0	51
2026.06.12	09:30:00	4182.35	4184.60	4172.21	4183.97	7367	0	40
2026.06.12	10:00:00	4183.95	4184.71	4173.73	4174.00	7822	0	51
2026.06.12	10:30:00	4173.97	4194.20	4170.02	4194.20	8054	0	40
2026.06.12	11:00:00	4194.76	4220.40	4191.86	4212.93	11796	0	40
2026.06.12	11:30:00	4213.16	4225.77	4211.63	4219.49	9425	0	40
2026.06.12	12:00:00	4219.52	4226.60	4217.27	4220.78	8470	0	40
2026.06.12	12:30:00	4220.89	4227.84	4219.04	4221.64	8227	0	40
2026.06.12	13:00:00	4221.51	4225.40	4202.61	4206.58	7595	0	40
2026.06.12	13:30:00	4206.66	4218.50	4206.35	4210.73	6865	0	40
2026.06.12	14:00:00	4210.75	4211.85	4201.95	4202.35	6843	0	40
2026.06.12	14:30:00	4202.45	4215.16	4197.37	4206.67	8225	0	40
2026.06.12	15:00:00	4206.66	4215.16	4200.09	4200.86	9663	0	40
2026.06.12	15:30:00	4200.85	4201.65	4188.36	4191.56	10163	0	40
2026.06.12	16:00:00	4191.55	4206.52	4186.36	4202.61	10899	0	40
2026.06.12	16:30:00	4202.58	4210.00	4182.57	4185.92	15893	0	40
2026.06.12	17:00:00	4185.92	4199.25	4182.49	4188.37	14533	0	40
2026.06.12	17:30:00	4187.94	4208.26	4176.96	4203.75	14859	0	40
2026.06.12	18:00:00	4203.77	4235.36	4200.05	4225.53	13071	0	40
2026.06.12	18:30:00	4225.54	4228.17	4206.78	4211.65	13070	0	40
2026.06.12	19:00:00	4211.54	4232.79	4207.84	4216.88	12595	0	40
2026.06.12	19:30:00	4217.01	4220.15	4211.09	4215.86	11373	0	40
2026.06.12	20:00:00	4215.85	4226.20	4213.65	4218.66	10154	0	40
2026.06.12	20:30:00	4218.99	4224.91	4213.79	4221.18	8649	0	40
2026.06.12	21:00:00	4221.21	4235.27	4217.99	4226.36	9672	0	40
2026.06.12	21:30:00	4226.41	4229.89	4214.07	4215.48	6802	0	40
2026.06.12	22:00:00	4215.05	4218.76	4207.57	4208.34	7483	0	40
2026.06.12	22:30:00	4208.39	4211.01	4201.64	4210.45	8707	0	40
2026.06.12	23:00:00	4210.49	4216.73	4209.26	4214.22	3269	0	40
2026.06.12	23:30:00	4214.24	4219.26	4212.11	4218.74	1911	0	40
2026.06.15	01:00:00	4273.27	4308.81	4261.75	4286.30	7520	0	40
2026.06.15	01:30:00	4286.30	4291.52	4280.22	4285.52	4467	0	51
2026.06.15	02:00:00	4285.45	4288.14	4280.90	4283.03	4812	0	51
2026.06.15	02:30:00	4283.11	4294.85	4281.34	4293.87	6385	0	40
2026.06.15	03:00:00	4293.64	4307.86	4293.18	4300.69	8824	0	40
2026.06.15	03:30:00	4300.66	4305.42	4291.54	4292.41	6511	0	40
2026.06.15	04:00:00	4292.42	4306.25	4285.33	4303.30	11195	0	40
2026.06.15	04:30:00	4303.34	4319.40	4301.06	4316.54	9817	0	51
2026.06.15	05:00:00	4316.52	4330.88	4315.86	4327.89	7043	0	40
2026.06.15	05:30:00	4327.93	4335.24	4327.59	4329.40	6704	0	40
2026.06.15	06:00:00	4329.37	4330.93	4321.18	4323.86	6616	0	51
2026.06.15	06:30:00	4323.86	4327.15	4321.00	4324.76	3717	0	51
2026.06.15	07:00:00	4324.74	4327.45	4320.63	4326.85	3872	0	51
2026.06.15	07:30:00	4326.83	4330.03	4325.13	4328.09	3487	0	51
2026.06.15	08:00:00	4328.08	4332.75	4323.79	4330.03	4674	0	40
2026.06.15	08:30:00	4329.94	4332.42	4307.39	4309.84	7521	0	51
2026.06.15	09:00:00	4309.89	4313.21	4302.59	4304.90	7144	0	40
2026.06.15	09:30:00	4304.86	4309.72	4300.71	4307.94	5795	0	40
2026.06.15	10:00:00	4308.34	4318.61	4305.16	4316.52	5872	0	40
2026.06.15	10:30:00	4316.64	4325.00	4311.83	4322.96	5855	0	40
2026.06.15	11:00:00	4322.93	4332.46	4321.58	4328.42	6325	0	40
2026.06.15	11:30:00	4328.47	4345.27	4327.75	4334.04	5952	0	40
2026.06.15	12:00:00	4334.06	4343.21	4334.06	4338.78	5867	0	40
2026.06.15	12:30:00	4338.76	4340.80	4334.53	4336.40	5063	0	40
2026.06.15	13:00:00	4336.47	4340.23	4335.56	4338.36	4188	0	51
2026.06.15	13:30:00	4338.34	4341.33	4335.13	4337.92	4029	0	40
2026.06.15	14:00:00	4337.99	4341.28	4335.91	4340.80	4317	0	40
2026.06.15	14:30:00	4340.84	4347.34	4331.67	4335.03	6114	0	40
2026.06.15	15:00:00	4335.04	4338.47	4324.37	4337.22	7245	0	51
2026.06.15	15:30:00	4337.33	4349.21	4335.09	4348.84	6487	0	40
2026.06.15	16:00:00	4348.87	4355.67	4341.12	4353.15	7801	0	40
2026.06.15	16:30:00	4353.12	4368.53	4352.03	4355.03	12811	0	40
2026.06.15	17:00:00	4354.89	4369.14	4353.87	4363.52	11862	0	40
2026.06.15	17:30:00	4363.54	4364.94	4353.67	4356.57	9827	0	40
2026.06.15	18:00:00	4356.55	4359.18	4349.49	4353.82	8984	0	40
2026.06.15	18:30:00	4353.75	4360.66	4349.64	4355.99	7980	0	40
2026.06.15	19:00:00	4355.98	4358.58	4339.00	4342.79	6862	0	40
2026.06.15	19:30:00	4342.67	4342.90	4334.42	4339.09	5921	0	40
2026.06.15	20:00:00	4339.03	4339.03	4328.83	4329.65	6721	0	40
2026.06.15	20:30:00	4329.61	4329.75	4320.26	4324.64	6295	0	51
2026.06.15	21:00:00	4324.56	4327.87	4317.91	4324.61	5652	0	51
2026.06.15	21:30:00	4324.63	4327.04	4321.65	4325.46	4350	0	40
2026.06.15	22:00:00	4325.49	4326.47	4320.65	4321.23	4480	0	40
2026.06.15	22:30:00	4321.26	4323.56	4316.47	4320.64	5750	0	40
2026.06.15	23:00:00	4320.56	4321.88	4310.53	4312.57	3173	0	40
2026.06.15	23:30:00	4312.58	4312.88	4306.25	4308.92	2659	0	40
2026.06.16	01:00:00	4308.88	4315.12	4305.82	4308.19	2856	0	55
2026.06.16	01:30:00	4308.23	4314.13	4306.48	4311.74	3355	0	54
2026.06.16	02:00:00	4311.72	4316.31	4311.20	4315.30	2690	0	51
2026.06.16	02:30:00	4314.98	4319.09	4313.04	4315.40	3347	0	51
2026.06.16	03:00:00	4315.37	4318.18	4306.69	4308.05	5525	0	51
2026.06.16	03:30:00	4308.04	4320.56	4307.71	4319.02	8456	0	40
2026.06.16	04:00:00	4319.05	4325.85	4315.38	4319.14	10341	0	51
2026.06.16	04:30:00	4319.19	4320.26	4311.89	4313.32	9031	0	51
2026.06.16	05:00:00	4313.34	4313.91	4307.42	4312.48	7498	0	51
2026.06.16	05:30:00	4312.68	4320.67	4309.46	4318.47	9203	0	51
2026.06.16	06:00:00	4318.43	4322.45	4315.24	4321.03	6676	0	51
2026.06.16	06:30:00	4320.98	4332.95	4319.71	4330.26	5475	0	51
2026.06.16	07:00:00	4330.16	4331.98	4321.88	4322.70	4956	0	40
2026.06.16	07:30:00	4322.73	4325.13	4321.00	4322.29	4837	0	40
2026.06.16	08:00:00	4322.28	4328.91	4321.97	4327.03	4530	0	40
2026.06.16	08:30:00	4326.95	4330.62	4314.16	4315.67	8408	0	40
2026.06.16	09:00:00	4315.71	4319.45	4313.33	4316.39	5726	0	51
2026.06.16	09:30:00	4316.23	4324.14	4313.92	4323.73	5880	0	51
2026.06.16	10:00:00	4323.68	4329.38	4322.43	4328.64	5114	0	40
2026.06.16	10:30:00	4328.62	4335.39	4326.05	4334.96	5939	0	40
2026.06.16	11:00:00	4334.88	4343.44	4332.65	4341.07	6818	0	40
2026.06.16	11:30:00	4340.99	4347.79	4339.04	4346.78	5755	0	40
2026.06.16	12:00:00	4346.81	4348.10	4338.26	4339.76	5401	0	40
2026.06.16	12:30:00	4339.72	4348.15	4339.19	4345.09	4201	0	40
2026.06.16	13:00:00	4345.15	4346.48	4342.99	4344.12	3462	0	51
2026.06.16	13:30:00	4344.16	4348.76	4342.00	4348.68	3480	0	51
2026.06.16	14:00:00	4348.72	4349.15	4338.47	4341.81	4657	0	40
2026.06.16	14:30:00	4341.83	4342.08	4334.95	4340.84	6051	0	51
2026.06.16	15:00:00	4340.82	4345.36	4337.15	4343.57	6873	0	40
2026.06.16	15:30:00	4343.58	4354.88	4341.44	4354.51	6935	0	40
2026.06.16	16:00:00	4354.48	4354.70	4332.97	4334.92	9150	0	40
2026.06.16	16:30:00	4334.87	4340.46	4331.44	4331.54	10669	0	40
2026.06.16	17:00:00	4331.56	4338.57	4317.50	4319.48	10833	0	40
2026.06.16	17:30:00	4319.47	4328.16	4313.11	4323.83	11338	0	40
2026.06.16	18:00:00	4323.98	4328.41	4320.96	4325.63	9858	0	40
2026.06.16	18:30:00	4325.66	4343.24	4321.85	4335.07	10138	0	40
2026.06.16	19:00:00	4335.03	4346.70	4334.72	4344.38	8823	0	40
2026.06.16	19:30:00	4344.36	4346.21	4339.85	4340.43	7246	0	40
2026.06.16	20:00:00	4340.39	4340.98	4325.09	4334.49	7453	0	40
2026.06.16	20:30:00	4334.52	4340.32	4334.00	4340.09	6502	0	40
2026.06.16	21:00:00	4340.14	4342.57	4338.83	4341.18	5285	0	40
2026.06.16	21:30:00	4341.15	4342.59	4336.00	4338.32	4391	0	40
2026.06.16	22:00:00	4338.34	4342.73	4336.29	4339.35	6721	0	40
2026.06.16	22:30:00	4339.40	4339.83	4330.48	4333.76	7489	0	40
2026.06.16	23:00:00	4333.52	4333.99	4330.77	4332.70	2827	0	40
2026.06.16	23:30:00	4332.69	4334.73	4329.39	4330.97	2203	0	40
2026.06.17	01:00:00	4332.54	4335.44	4328.78	4329.85	1541	0	57
2026.06.17	01:30:00	4329.91	4335.73	4329.91	4335.21	1226	0	55
2026.06.17	02:00:00	4335.13	4338.08	4333.74	4335.92	910	0	55
2026.06.17	02:30:00	4335.87	4336.29	4329.46	4330.68	1436	0	54
2026.06.17	03:00:00	4330.79	4341.40	4328.37	4337.16	4668	0	40
2026.06.17	03:30:00	4337.13	4338.71	4332.01	4336.89	4517	0	53
2026.06.17	04:00:00	4336.90	4349.56	4334.20	4343.10	11180	0	51
2026.06.17	04:30:00	4343.11	4343.96	4336.63	4340.74	8567	0	40
2026.06.17	05:00:00	4340.74	4344.35	4339.43	4340.37	6251	0	51
2026.06.17	05:30:00	4340.38	4343.58	4329.51	4331.48	9242	0	51
2026.06.17	06:00:00	4331.36	4333.91	4328.37	4331.49	8796	0	51
2026.06.17	06:30:00	4331.52	4333.70	4329.81	4332.09	5913	0	40
2026.06.17	07:00:00	4331.99	4333.96	4323.97	4324.43	6047	0	40
2026.06.17	07:30:00	4324.40	4326.59	4317.26	4326.59	5327	0	40
2026.06.17	08:00:00	4326.69	4327.66	4320.93	4327.03	5355	0	40
2026.06.17	08:30:00	4327.00	4333.85	4324.26	4326.30	8087	0	40
2026.06.17	09:00:00	4326.31	4329.79	4320.37	4324.19	5938	0	40
2026.06.17	09:30:00	4324.16	4331.63	4322.35	4331.50	4927	0	51
2026.06.17	10:00:00	4331.49	4332.69	4326.49	4328.94	5473	0	51
2026.06.17	10:30:00	4328.89	4331.55	4324.52	4325.07	5009	0	40
2026.06.17	11:00:00	4324.91	4327.72	4319.58	4323.44	6126	0	40
2026.06.17	11:30:00	4323.48	4325.34	4316.76	4324.62	5011	0	40
2026.06.17	12:00:00	4324.54	4333.13	4321.14	4331.78	4639	0	40
2026.06.17	12:30:00	4331.86	4335.45	4325.45	4329.37	4306	0	40
2026.06.17	13:00:00	4329.38	4330.87	4326.81	4328.86	4077	0	40
2026.06.17	13:30:00	4328.89	4335.00	4327.07	4331.30	4021	0	40
2026.06.17	14:00:00	4331.28	4331.78	4327.72	4328.65	4987	0	40
2026.06.17	14:30:00	4328.73	4328.80	4320.87	4323.03	5020	0	40
2026.06.17	15:00:00	4323.06	4327.56	4319.59	4324.29	5128	0	40
2026.06.17	15:30:00	4324.39	4335.46	4323.53	4333.46	5436	0	40
2026.06.17	16:00:00	4333.43	4338.34	4323.92	4335.22	7613	0	40
2026.06.17	16:30:00	4335.26	4345.07	4332.50	4339.65	10021	0	40
2026.06.17	17:00:00	4339.60	4362.00	4335.50	4360.15	10810	0	40
2026.06.17	17:30:00	4360.12	4363.75	4330.69	4344.36	11539	0	40
2026.06.17	18:00:00	4344.28	4359.87	4343.70	4355.33	10462	0	40
2026.06.17	18:30:00	4355.14	4364.61	4354.38	4363.41	7118	0	40
2026.06.17	19:00:00	4363.40	4366.28	4360.49	4365.09	6153	0	40
2026.06.17	19:30:00	4365.08	4365.08	4354.96	4359.28	4884	0	40
2026.06.17	20:00:00	4359.31	4363.84	4355.24	4361.12	6399	0	40
2026.06.17	20:30:00	4361.31	4382.08	4360.72	4379.42	9387	0	40
2026.06.17	21:00:00	4378.86	4379.05	4276.95	4292.43	16692	0	40
2026.06.17	21:30:00	4292.36	4332.13	4269.51	4285.83	16776	0	40
2026.06.17	22:00:00	4285.58	4294.96	4226.21	4226.86	16698	0	40
2026.06.17	22:30:00	4226.82	4246.75	4218.82	4235.59	16166	0	40
2026.06.17	23:00:00	4235.51	4269.56	4234.82	4258.08	10033	0	40
2026.06.17	23:30:00	4258.11	4265.21	4255.94	4257.56	5309	0	40
2026.06.18	01:00:00	4256.60	4271.07	4254.19	4266.73	4138	0	55
2026.06.18	01:30:00	4266.76	4270.71	4260.23	4266.61	3383	0	40
2026.06.18	02:00:00	4266.57	4283.71	4264.00	4279.87	6931	0	40
2026.06.18	02:30:00	4279.80	4282.55	4267.70	4277.82	6327	0	40
2026.06.18	03:00:00	4278.00	4301.16	4276.26	4300.38	10725	0	40
2026.06.18	03:30:00	4300.21	4315.17	4299.59	4308.25	10136	0	40
2026.06.18	04:00:00	4308.27	4328.34	4306.74	4318.94	12206	0	40
2026.06.18	04:30:00	4318.95	4325.89	4316.85	4317.67	11230	0	40
2026.06.18	05:00:00	4317.88	4329.62	4316.18	4324.24	9210	0	40
2026.06.18	05:30:00	4324.23	4325.25	4310.24	4310.73	10702	0	51
2026.06.18	06:00:00	4310.71	4316.69	4308.82	4314.51	9559	0	51
2026.06.18	06:30:00	4314.61	4322.53	4313.54	4319.51	7659	0	40
2026.06.18	07:00:00	4319.52	4323.82	4311.48	4313.43	6503	0	40
2026.06.18	07:30:00	4313.22	4318.13	4309.59	4315.73	6762	0	51
2026.06.18	08:00:00	4315.57	4323.07	4312.14	4322.98	6842	0	51
2026.06.18	08:30:00	4322.88	4324.40	4301.15	4307.95	9840	0	40
2026.06.18	09:00:00	4307.92	4309.85	4296.07	4304.87	9237	0	51
2026.06.18	09:30:00	4304.71	4307.38	4298.93	4306.30	7049	0	40
2026.06.18	10:00:00	4306.07	4309.23	4300.13	4307.50	6710	0	40
2026.06.18	10:30:00	4307.51	4307.51	4287.32	4288.47	7040	0	40
2026.06.18	11:00:00	4288.46	4292.69	4283.73	4284.72	7417	0	40
2026.06.18	11:30:00	4284.56	4289.56	4265.43	4266.57	8144	0	40
2026.06.18	12:00:00	4266.76	4273.02	4259.43	4266.09	7930	0	40
2026.06.18	12:30:00	4266.16	4273.10	4263.30	4268.32	6510	0	40
2026.06.18	13:00:00	4268.24	4272.61	4261.70	4269.30	7368	0	40
2026.06.18	13:30:00	4269.31	4270.68	4254.65	4255.37	6265	0	40
2026.06.18	14:00:00	4255.40	4255.58	4240.43	4248.87	9096	0	40
2026.06.18	14:30:00	4248.84	4250.03	4239.68	4241.95	8408	0	40
2026.06.18	15:00:00	4241.95	4268.92	4240.18	4254.96	9750	0	40
2026.06.18	15:30:00	4254.56	4258.33	4240.85	4246.46	9985	0	40
2026.06.18	16:00:00	4246.43	4263.16	4244.86	4263.02	8784	0	40
2026.06.18	16:30:00	4262.92	4276.50	4250.41	4256.44	13832	0	40
2026.06.18	17:00:00	4256.49	4257.69	4237.10	4244.18	13974	0	40
2026.06.18	17:30:00	4244.12	4254.25	4240.16	4252.18	11663	0	40
2026.06.18	18:00:00	4252.45	4254.61	4234.16	4235.58	12733	0	40
2026.06.18	18:30:00	4235.52	4236.48	4222.91	4226.53	11686	0	40
2026.06.18	19:00:00	4226.54	4233.13	4221.73	4224.83	9187	0	40
2026.06.18	19:30:00	4225.06	4229.21	4213.80	4219.24	9768	0	40
2026.06.18	20:00:00	4219.32	4231.43	4218.37	4225.89	8455	0	40
2026.06.18	20:30:00	4226.02	4232.93	4222.25	4230.15	7183	0	40
2026.06.18	21:00:00	4230.21	4232.99	4225.33	4226.16	7388	0	40
2026.06.18	21:30:00	4226.24	4226.24	4218.07	4218.26	7164	0	40
2026.06.18	22:00:00	4218.30	4218.85	4201.87	4204.97	8176	0	40
2026.06.18	22:30:00	4204.91	4218.38	4201.28	4216.74	7799	0	40
2026.06.18	23:00:00	4216.79	4219.40	4214.75	4218.83	3165	0	40
2026.06.18	23:30:00	4218.81	4218.81	4207.69	4208.84	3000	0	51
2026.06.19	01:00:00	4210.95	4213.05	4202.47	4203.91	2324	0	54
2026.06.19	01:30:00	4203.54	4210.38	4202.90	4207.25	3289	0	51
2026.06.19	02:00:00	4207.24	4208.19	4193.62	4197.18	4518	0	40
2026.06.19	02:30:00	4197.19	4199.02	4186.67	4188.22	6182	0	51
2026.06.19	03:00:00	4188.12	4197.93	4184.01	4184.98	10076	0	40
2026.06.19	03:30:00	4185.01	4192.08	4184.30	4190.16	5944	0	40
2026.06.19	04:00:00	4190.23	4194.37	4183.85	4190.62	7601	0	51
2026.06.19	04:30:00	4190.75	4190.76	4183.94	4184.74	6808	0	40
2026.06.19	05:00:00	4184.73	4186.08	4174.86	4179.30	7515	0	40
2026.06.19	05:30:00	4179.28	4183.49	4171.68	4176.18	5565	0	40
2026.06.19	06:00:00	4176.12	4177.11	4164.99	4167.20	7338	0	40
2026.06.19	06:30:00	4167.39	4167.61	4146.28	4153.23	9147	0	40
2026.06.19	07:00:00	4153.20	4154.89	4141.29	4146.37	8402	0	51
2026.06.19	07:30:00	4146.40	4147.25	4124.98	4125.62	9203	0	40
2026.06.19	08:00:00	4125.51	4134.39	4121.48	4133.45	8370	0	40
2026.06.19	08:30:00	4133.43	4141.36	4130.36	4139.41	8192	0	40
2026.06.19	09:00:00	4139.38	4147.84	4133.47	4141.63	8198	0	40
2026.06.19	09:30:00	4141.79	4150.27	4132.65	4147.47	6598	0	40
2026.06.19	10:00:00	4147.45	4159.92	4147.45	4152.32	7911	0	40
2026.06.19	10:30:00	4152.34	4163.06	4150.98	4157.84	6297	0	40
2026.06.19	11:00:00	4157.94	4177.58	4155.14	4175.76	8018	0	40
2026.06.19	11:30:00	4176.20	4178.41	4164.40	4168.92	6392	0	40
2026.06.19	12:00:00	4168.91	4170.79	4161.82	4162.49	6300	0	51
2026.06.19	12:30:00	4162.56	4167.11	4160.76	4162.61	4912	0	51
2026.06.19	13:00:00	4162.66	4162.88	4152.49	4153.61	6506	0	51
2026.06.19	13:30:00	4153.59	4155.06	4147.88	4149.56	6397	0	40
2026.06.19	14:00:00	4149.49	4149.98	4142.43	4144.01	8514	0	40
2026.06.19	14:30:00	4143.99	4154.79	4141.71	4152.39	7327	0	40
2026.06.19	15:00:00	4152.41	4160.14	4151.05	4151.59	6669	0	40
2026.06.19	15:30:00	4151.58	4179.70	4147.04	4178.87	9264	0	40
2026.06.19	16:00:00	4178.90	4182.72	4161.79	4163.84	9762	0	40
2026.06.19	16:30:00	4163.83	4167.89	4150.34	4151.25	9260	0	40
2026.06.19	17:00:00	4151.11	4154.41	4143.54	4149.01	8053	0	40
2026.06.19	17:30:00	4148.96	4151.09	4142.44	4149.07	7394	0	40
2026.06.19	18:00:00	4149.09	4153.83	4147.84	4151.14	5774	0	40
2026.06.19	18:30:00	4151.23	4153.38	4147.39	4150.85	4122	0	51
2026.06.19	19:00:00	4150.92	4150.97	4144.14	4146.88	3101	0	40
2026.06.19	19:30:00	4146.92	4157.71	4146.87	4151.32	3478	0	40
2026.06.22	01:00:00	4140.48	4158.42	4137.90	4151.73	4370	0	72
2026.06.22	01:30:00	4151.78	4156.70	4149.92	4156.20	4611	0	40
2026.06.22	02:00:00	4156.10	4164.49	4153.71	4156.65	6905	0	40
2026.06.22	02:30:00	4156.66	4156.70	4136.34	4140.11	8077	0	40
2026.06.22	03:00:00	4140.17	4170.41	4139.82	4166.94	11352	0	40
2026.06.22	03:30:00	4167.40	4200.84	4165.55	4200.65	9941	0	40
2026.06.22	04:00:00	4200.83	4220.95	4200.81	4207.19	12741	0	40
2026.06.22	04:30:00	4207.09	4207.18	4189.44	4190.72	11531	0	40
2026.06.22	05:00:00	4190.73	4194.79	4183.35	4188.67	9232	0	40
2026.06.22	05:30:00	4188.67	4200.10	4186.85	4188.42	9066	0	40
2026.06.22	06:00:00	4188.40	4189.90	4173.45	4179.80	8316	0	40
2026.06.22	06:30:00	4179.81	4180.48	4170.55	4171.22	7125	0	51
2026.06.22	07:00:00	4171.43	4178.73	4170.47	4176.19	6657	0	40
2026.06.22	07:30:00	4176.21	4182.07	4174.46	4181.59	6728	0	40
2026.06.22	08:00:00	4181.60	4194.01	4179.21	4193.76	7342	0	40
2026.06.22	08:30:00	4193.77	4198.41	4189.20	4193.64	9523	0	40
2026.06.22	09:00:00	4193.61	4200.67	4191.08	4196.43	7759	0	40
2026.06.22	09:30:00	4196.31	4207.14	4194.69	4197.47	7068	0	51
2026.06.22	10:00:00	4197.48	4201.63	4196.86	4197.48	7002	0	40
2026.06.22	10:30:00	4197.52	4199.60	4188.68	4190.28	6325	0	40
2026.06.22	11:00:00	4190.20	4195.17	4188.47	4191.52	7648	0	40
2026.06.22	11:30:00	4191.66	4197.52	4188.97	4197.24	5649	0	40
2026.06.22	12:00:00	4197.12	4209.29	4195.84	4203.83	6835	0	40
2026.06.22	12:30:00	4203.87	4210.03	4201.21	4207.99	5755	0	40
2026.06.22	13:00:00	4207.96	4214.00	4207.69	4209.87	5871	0	40
2026.06.22	13:30:00	4209.84	4211.50	4203.49	4204.53	5682	0	51
2026.06.22	14:00:00	4204.54	4215.01	4203.19	4203.82	8607	0	40
2026.06.22	14:30:00	4203.78	4207.96	4201.29	4207.25	5116	0	40
2026.06.22	15:00:00	4207.29	4211.58	4205.11	4208.32	6367	0	40
2026.06.22	15:30:00	4208.12	4208.65	4192.08	4193.20	7359	0	40
2026.06.22	16:00:00	4193.27	4196.83	4185.14	4186.79	12293	0	40
2026.06.22	16:30:00	4186.75	4205.56	4182.75	4199.67	13848	0	40
2026.06.22	17:00:00	4199.95	4210.57	4190.91	4191.75	14146	0	40
2026.06.22	17:30:00	4191.53	4205.99	4186.37	4198.09	14082	0	40
2026.06.22	18:00:00	4198.15	4201.12	4188.02	4188.86	13724	0	40
2026.06.22	18:30:00	4188.82	4190.18	4169.58	4182.74	11168	0	40
2026.06.22	19:00:00	4182.86	4184.68	4174.24	4182.54	9315	0	40
2026.06.22	19:30:00	4182.53	4192.80	4180.64	4189.69	7943	0	40
2026.06.22	20:00:00	4189.75	4191.44	4183.14	4183.92	7024	0	40
2026.06.22	20:30:00	4183.91	4184.73	4176.94	4182.96	7448	0	40
2026.06.22	21:00:00	4182.95	4189.60	4182.31	4187.91	6811	0	40
2026.06.22	21:30:00	4187.94	4192.65	4185.93	4191.12	6273	0	40
2026.06.22	22:00:00	4191.31	4193.27	4187.18	4187.23	6557	0	40
2026.06.22	22:30:00	4187.28	4191.53	4183.97	4190.48	6917	0	40
2026.06.22	23:00:00	4190.51	4193.49	4188.52	4190.24	2159	0	40
2026.06.22	23:30:00	4190.22	4193.49	4189.36	4191.16	2050	0	40
2026.06.23	01:00:00	4192.23	4194.24	4190.93	4192.73	1408	0	55
2026.06.23	01:30:00	4192.74	4194.40	4188.25	4189.79	3992	0	51
2026.06.23	02:00:00	4189.77	4192.85	4189.34	4190.79	2825	0	54
2026.06.23	02:30:00	4190.76	4195.13	4186.50	4187.33	4841	0	51
2026.06.23	03:00:00	4187.27	4192.09	4178.20	4183.60	11615	0	40
2026.06.23	03:30:00	4183.70	4194.58	4181.97	4193.17	11429	0	40
2026.06.23	04:00:00	4193.13	4198.22	4170.64	4178.09	11871	0	40
2026.06.23	04:30:00	4178.10	4178.59	4149.82	4161.05	14193	0	40
2026.06.23	05:00:00	4161.15	4163.26	4148.76	4161.73	11534	0	51
2026.06.23	05:30:00	4161.74	4162.22	4146.47	4146.80	12406	0	51
2026.06.23	06:00:00	4146.76	4149.51	4130.59	4140.54	13195	0	40
2026.06.23	06:30:00	4140.47	4144.84	4133.39	4143.90	8984	0	51
2026.06.23	07:00:00	4143.98	4146.76	4137.09	4139.78	7703	0	51
2026.06.23	07:30:00	4139.63	4140.23	4114.66	4117.94	8152	0	51
2026.06.23	08:00:00	4118.22	4137.22	4115.21	4124.95	8655	0	51
2026.06.23	08:30:00	4124.95	4133.23	4116.75	4120.98	12963	0	40
2026.06.23	09:00:00	4121.17	4126.71	4111.03	4116.40	10349	0	40
2026.06.23	09:30:00	4116.44	4120.86	4110.18	4114.25	10007	0	40
2026.06.23	10:00:00	4114.10	4124.64	4109.85	4117.97	8911	0	40
2026.06.23	10:30:00	4117.64	4119.24	4096.50	4098.56	10507	0	40
2026.06.23	11:00:00	4098.13	4099.89	4090.74	4098.05	10842	0	40
2026.06.23	11:30:00	4097.85	4110.74	4096.57	4105.14	8499	0	40
2026.06.23	12:00:00	4105.16	4116.86	4103.70	4112.53	7418	0	40
2026.06.23	12:30:00	4112.52	4122.08	4112.09	4122.06	6407	0	40
2026.06.23	13:00:00	4122.40	4133.12	4122.40	4130.16	6524	0	51
2026.06.23	13:30:00	4130.08	4132.03	4119.48	4119.60	7867	0	40
2026.06.23	14:00:00	4119.59	4131.86	4117.26	4127.08	8772	0	40
2026.06.23	14:30:00	4126.76	4128.61	4118.17	4123.11	8859	0	40
2026.06.23	15:00:00	4123.09	4127.17	4111.55	4114.85	9689	0	40
2026.06.23	15:30:00	4114.93	4122.39	4112.27	4113.10	8265	0	40
2026.06.23	16:00:00	4113.09	4119.20	4105.19	4115.79	11052	0	40
2026.06.23	16:30:00	4115.89	4140.25	4109.94	4135.30	14937	0	40
2026.06.23	17:00:00	4135.25	4144.85	4128.53	4132.45	14134	0	40
2026.06.23	17:30:00	4132.44	4132.94	4122.65	4129.99	13637	0	40
2026.06.23	18:00:00	4130.24	4135.37	4123.34	4127.02	11361	0	40
2026.06.23	18:30:00	4127.03	4141.41	4126.44	4138.45	11141	0	40
2026.06.23	19:00:00	4138.47	4139.75	4132.80	4136.20	7612	0	40
2026.06.23	19:30:00	4136.20	4143.70	4131.43	4134.09	7040	0	40
2026.06.23	20:00:00	4134.01	4139.56	4129.77	4130.89	7654	0	40
2026.06.23	20:30:00	4130.92	4132.93	4127.61	4127.81	6636	0	40
2026.06.23	21:00:00	4128.02	4130.90	4120.43	4120.90	6222	0	40
2026.06.23	21:30:00	4120.63	4122.57	4112.60	4117.56	6445	0	40
2026.06.23	22:00:00	4117.82	4125.81	4116.65	4121.63	8478	0	40
2026.06.23	22:30:00	4121.80	4124.16	4111.40	4111.54	9244	0	40
2026.06.23	23:00:00	4111.86	4112.80	4107.25	4110.58	4087	0	40
2026.06.23	23:30:00	4110.69	4111.55	4108.57	4109.90	2289	0	51
2026.06.24	01:00:00	4112.31	4114.88	4104.66	4105.77	4808	0	40
2026.06.24	01:30:00	4105.73	4108.89	4096.80	4104.05	8518	0	40
2026.06.24	02:00:00	4104.07	4104.21	4094.77	4097.36	6175	0	40
2026.06.24	02:30:00	4097.44	4100.22	4080.62	4098.97	10224	0	40
2026.06.24	03:00:00	4099.03	4111.80	4093.56	4099.58	12160	0	40
2026.06.24	03:30:00	4099.52	4100.20	4093.55	4097.06	12463	0	40
2026.06.24	04:00:00	4097.09	4100.80	4068.29	4098.08	15127	0	40
2026.06.24	04:30:00	4097.72	4102.03	4082.18	4088.87	13599	0	40
2026.06.24	05:00:00	4088.64	4095.72	4071.12	4073.45	11774	0	40
2026.06.24	05:30:00	4073.36	4076.39	4051.92	4060.93	13819	0	40
2026.06.24	06:00:00	4060.91	4065.24	4050.23	4056.42	13346	0	40
2026.06.24	06:30:00	4056.43	4070.54	4055.41	4062.52	11039	0	40
2026.06.24	07:00:00	4062.73	4067.05	4054.89	4063.07	10845	0	40
2026.06.24	07:30:00	4063.08	4066.79	4061.72	4064.35	8484	0	40
2026.06.24	08:00:00	4064.30	4074.37	4060.59	4073.31	8859	0	51
2026.06.24	08:30:00	4073.37	4085.97	4071.20	4075.66	10460	0	51
2026.06.24	09:00:00	4075.63	4097.35	4075.63	4087.40	10947	0	40
2026.06.24	09:30:00	4087.31	4094.40	4084.31	4086.90	8027	0	40
2026.06.24	10:00:00	4086.85	4090.58	4083.08	4084.19	7867	0	40
2026.06.24	10:30:00	4084.14	4085.89	4073.45	4074.59	7752	0	40
2026.06.24	11:00:00	4074.57	4080.50	4072.85	4080.38	8554	0	40
2026.06.24	11:30:00	4080.21	4087.42	4075.41	4076.05	8001	0	40
2026.06.24	12:00:00	4076.03	4078.91	4068.19	4069.11	7731	0	40
2026.06.24	12:30:00	4069.12	4072.04	4063.96	4064.36	7823	0	40
2026.06.24	13:00:00	4064.32	4066.08	4054.96	4060.66	9073	0	40
2026.06.24	13:30:00	4060.65	4066.66	4054.56	4055.44	6915	0	40
2026.06.24	14:00:00	4055.44	4058.38	4037.46	4044.08	9598	0	40
2026.06.24	14:30:00	4044.09	4055.99	4039.00	4046.51	10959	0	40
2026.06.24	15:00:00	4046.43	4048.55	4005.93	4015.05	12324	0	40
2026.06.24	15:30:00	4015.16	4020.64	3987.43	3987.59	13566	0	40
2026.06.24	16:00:00	3987.88	3995.30	3964.34	3975.28	15920	0	40
2026.06.24	16:30:00	3975.10	4041.98	3973.94	4038.17	16442	0	40
2026.06.24	17:00:00	4037.96	4041.04	4014.13	4023.60	15884	0	40
2026.06.24	17:30:00	4023.66	4034.32	4002.85	4007.95	12996	0	40
2026.06.24	18:00:00	4007.96	4014.69	3997.15	4014.69	12711	0	40
2026.06.24	18:30:00	4014.66	4016.66	3999.86	4002.29	11856	0	40
2026.06.24	19:00:00	4002.24	4016.83	3995.41	4015.87	10840	0	40
2026.06.24	19:30:00	4015.92	4022.03	4006.12	4006.50	10780	0	40
2026.06.24	20:00:00	4006.51	4011.10	3989.81	3990.37	11231	0	40
2026.06.24	20:30:00	3990.44	3990.72	3972.71	3972.72	12606	0	40
2026.06.24	21:00:00	3972.83	3992.35	3959.02	3990.03	14097	0	40
2026.06.24	21:30:00	3990.02	3994.06	3976.78	3981.20	11644	0	40
2026.06.24	22:00:00	3981.21	3984.81	3973.42	3983.87	9776	0	40
2026.06.24	22:30:00	3983.86	3990.63	3979.29	3987.79	10359	0	40
2026.06.24	23:00:00	3987.83	4002.69	3984.51	3999.88	7625	0	40
2026.06.24	23:30:00	3999.86	4001.18	3995.63	3998.99	4425	0	40
2026.06.25	01:00:00	4004.54	4008.60	4000.24	4001.88	4360	0	52
2026.06.25	01:30:00	4001.89	4006.47	3992.70	3996.17	5606	0	40
2026.06.25	02:00:00	3996.22	4000.41	3990.57	3997.97	5449	0	40
2026.06.25	02:30:00	3997.98	4018.49	3997.86	4012.27	8169	0	40
2026.06.25	03:00:00	4012.26	4016.26	3995.18	3996.24	11562	0	40
2026.06.25	03:30:00	3996.07	4001.05	3978.33	3991.24	11347	0	40
2026.06.25	04:00:00	3991.23	4005.71	3982.27	3990.48	14778	0	51
2026.06.25	04:30:00	3990.41	3995.69	3972.20	3976.59	14125	0	40
2026.06.25	05:00:00	3976.58	3990.94	3963.01	3986.23	13274	0	40
2026.06.25	05:30:00	3986.22	3988.03	3974.51	3982.69	12632	0	40
2026.06.25	06:00:00	3982.77	3989.04	3966.02	3976.15	12565	0	40
2026.06.25	06:30:00	3976.13	4000.93	3968.64	3995.29	10440	0	40
2026.06.25	07:00:00	3995.30	3997.45	3987.39	3994.34	9271	0	51
2026.06.25	07:30:00	3994.33	3997.10	3983.46	3995.89	8486	0	40
2026.06.25	08:00:00	3995.88	3999.85	3988.96	3994.05	9571	0	40
2026.06.25	08:30:00	3993.91	3997.33	3980.26	3986.27	12279	0	40
2026.06.25	09:00:00	3986.20	3988.99	3973.89	3984.14	9583	0	40
2026.06.25	09:30:00	3984.10	3984.98	3975.86	3977.37	9622	0	40
2026.06.25	10:00:00	3977.36	3989.63	3973.32	3985.02	8256	0	40
2026.06.25	10:30:00	3985.06	3989.23	3971.20	3987.61	8708	0	40
2026.06.25	11:00:00	3987.60	4001.15	3984.12	3993.52	9436	0	40
2026.06.25	11:30:00	3993.44	4001.86	3988.31	3989.03	7638	0	40
2026.06.25	12:00:00	3989.02	3996.35	3989.00	3993.80	7242	0	40
2026.06.25	12:30:00	3993.81	3997.50	3985.92	3988.07	6840	0	40
2026.06.25	13:00:00	3988.05	3989.18	3983.07	3989.01	6494	0	40
2026.06.25	13:30:00	3989.00	3989.21	3981.08	3984.12	6517	0	40
2026.06.25	14:00:00	3984.10	3985.98	3975.92	3977.04	7405	0	40
2026.06.25	14:30:00	3977.03	3987.66	3973.53	3979.83	6775	0	40
2026.06.25	15:00:00	3979.88	3985.96	3978.81	3984.30	8596	0	40
2026.06.25	15:30:00	3983.80	4018.87	3983.20	4012.16	14145	0	40
2026.06.25	16:00:00	4012.38	4033.84	4011.92	4021.94	13382	0	40
2026.06.25	16:30:00	4021.92	4028.41	4000.79	4002.06	16031	0	40
2026.06.25	17:00:00	4002.08	4028.22	3999.00	4026.47	15679	0	40
2026.06.25	17:30:00	4026.49	4028.31	4011.08	4011.79	13747	0	40
2026.06.25	18:00:00	4011.80	4040.38	4004.78	4026.86	13958	0	40
2026.06.25	18:30:00	4026.80	4042.46	4021.73	4040.97	12336	0	40
2026.06.25	19:00:00	4041.20	4043.88	4033.53	4040.17	11184	0	40
2026.06.25	19:30:00	4040.14	4040.58	4023.63	4028.55	9958	0	40
2026.06.25	20:00:00	4028.56	4035.76	4026.69	4032.54	10066	0	40
2026.06.25	20:30:00	4032.51	4036.64	4029.52	4034.56	7831	0	40
2026.06.25	21:00:00	4034.58	4044.06	4025.83	4043.92	9699	0	40
2026.06.25	21:30:00	4043.96	4043.96	4029.69	4034.57	8018	0	40
2026.06.25	22:00:00	4034.59	4043.60	4032.42	4035.83	8475	0	40
2026.06.25	22:30:00	4035.84	4037.68	4021.67	4026.52	9325	0	40
2026.06.25	23:00:00	4026.57	4034.76	4025.45	4030.45	4298	0	40
2026.06.25	23:30:00	4030.50	4030.58	4024.23	4026.47	2378	0	40
2026.06.26	01:00:00	4030.64	4031.41	4019.57	4024.54	4636	0	52
2026.06.26	01:30:00	4024.41	4036.44	4021.66	4026.16	7792	0	52
2026.06.26	02:00:00	4026.17	4030.01	4021.32	4029.47	6740	0	52
2026.06.26	02:30:00	4029.43	4030.15	4012.30	4014.33	8953	0	40
2026.06.26	03:00:00	4014.25	4023.27	4011.16	4015.28	12209	0	40
2026.06.26	03:30:00	4015.27	4024.26	4012.13	4020.06	11969	0	51
2026.06.26	04:00:00	4020.08	4029.26	4014.04	4022.48	13834	0	51
2026.06.26	04:30:00	4022.50	4025.25	4014.21	4020.75	13436	0	40
2026.06.26	05:00:00	4020.74	4023.16	4003.76	4007.21	11579	0	40
2026.06.26	05:30:00	4007.43	4009.13	3982.83	3990.51	13011	0	40
2026.06.26	06:00:00	3990.52	3999.78	3986.47	3995.11	11766	0	51
2026.06.26	06:30:00	3995.12	4006.37	3992.85	4004.04	11073	0	51
2026.06.26	07:00:00	4004.12	4011.82	3998.57	4007.19	10117	0	40
2026.06.26	07:30:00	4007.18	4015.20	4001.53	4011.19	8985	0	40
2026.06.26	08:00:00	4011.49	4019.02	4006.22	4016.45	9765	0	51
2026.06.26	08:30:00	4016.45	4021.44	4005.44	4007.76	12539	0	40
2026.06.26	09:00:00	4007.85	4024.82	4006.61	4024.09	11879	0	40
2026.06.26	09:30:00	4024.08	4032.98	4020.82	4031.87	11097	0	40
2026.06.26	10:00:00	4031.82	4039.54	4026.61	4037.73	9046	0	40
2026.06.26	10:30:00	4037.70	4038.67	4027.77	4030.44	7659	0	40
2026.06.26	11:00:00	4030.46	4035.69	4025.63	4035.37	9605	0	40
2026.06.26	11:30:00	4035.20	4037.65	4029.56	4030.77	8084	0	40
2026.06.26	12:00:00	4030.78	4050.48	4029.43	4048.03	9070	0	40
2026.06.26	12:30:00	4048.05	4053.93	4045.04	4047.01	9379	0	40
2026.06.26	13:00:00	4047.03	4052.01	4042.08	4047.89	8671	0	40
2026.06.26	13:30:00	4048.01	4054.93	4046.66	4054.50	8390	0	40
2026.06.26	14:00:00	4054.57	4055.35	4046.08	4052.50	7325	0	40
2026.06.26	14:30:00	4052.49	4055.48	4042.51	4045.75	7386	0	40
2026.06.26	15:00:00	4045.79	4051.36	4041.86	4046.46	7510	0	40
2026.06.26	15:30:00	4046.44	4061.32	4035.62	4058.84	9749	0	40
2026.06.26	16:00:00	4058.90	4065.80	4043.17	4056.86	13726	0	40
2026.06.26	16:30:00	4056.79	4077.80	4044.73	4073.28	15624	0	40
2026.06.26	17:00:00	4073.09	4092.94	4067.58	4084.17	15500	0	40
2026.06.26	17:30:00	4084.20	4091.60	4076.21	4080.39	15578	0	40
2026.06.26	18:00:00	4080.37	4084.36	4075.46	4084.13	14575	0	40
2026.06.26	18:30:00	4084.12	4095.81	4081.58	4090.31	13058	0	40
2026.06.26	19:00:00	4090.44	4093.33	4082.86	4086.47	12099	0	40
2026.06.26	19:30:00	4086.52	4092.87	4082.01	4084.88	9543	0	40
2026.06.26	20:00:00	4084.99	4088.00	4080.10	4081.34	7729	0	40
2026.06.26	20:30:00	4081.46	4083.18	4073.41	4074.55	10446	0	40
2026.06.26	21:00:00	4074.56	4078.68	4071.35	4073.37	8599	0	40
2026.06.26	21:30:00	4073.32	4075.30	4066.85	4067.15	7557	0	40
2026.06.26	22:00:00	4067.13	4069.85	4064.29	4066.21	8036	0	40
2026.06.26	22:30:00	4066.23	4074.48	4065.54	4071.47	9445	0	40
2026.06.26	23:00:00	4071.52	4072.75	4064.46	4071.84	6142	0	40
2026.06.26	23:30:00	4071.82	4089.66	4066.47	4088.36	5873	0	53
2026.06.29	01:00:00	4084.00	4085.31	4052.50	4056.88	4841	0	67
2026.06.29	01:30:00	4056.16	4069.26	4055.89	4066.16	3994	0	55
2026.06.29	02:00:00	4066.09	4070.35	4055.25	4056.84	6506	0	40
2026.06.29	02:30:00	4056.85	4066.02	4051.67	4062.59	7460	0	51
2026.06.29	03:00:00	4062.53	4064.57	4048.08	4048.09	13904	0	51
2026.06.29	03:30:00	4048.07	4074.04	4048.07	4069.41	12621	0	40
2026.06.29	04:00:00	4069.48	4074.36	4053.63	4059.07	14155	0	40
2026.06.29	04:30:00	4059.09	4066.52	4054.71	4061.19	13359	0	40
2026.06.29	05:00:00	4061.20	4070.62	4059.24	4068.70	12304	0	51
2026.06.29	05:30:00	4068.75	4071.60	4058.28	4066.21	12116	0	40
2026.06.29	06:00:00	4066.15	4075.40	4064.88	4072.24	10422	0	40
2026.06.29	06:30:00	4072.27	4073.31	4065.48	4068.77	9120	0	51
2026.06.29	07:00:00	4068.74	4068.87	4062.03	4064.93	6465	0	51
2026.06.29	07:30:00	4064.94	4065.25	4049.48	4052.09	7718	0	40
2026.06.29	08:00:00	4051.96	4057.24	4047.18	4049.17	8803	0	40
2026.06.29	08:30:00	4049.09	4056.75	4039.18	4054.22	12157	0	40
2026.06.29	09:00:00	4054.25	4063.96	4053.40	4060.75	10098	0	40
2026.06.29	09:30:00	4060.79	4064.74	4054.80	4062.18	9147	0	40
2026.06.29	10:00:00	4062.20	4066.23	4055.92	4065.93	7458	0	40
2026.06.29	10:30:00	4065.87	4068.41	4060.66	4061.48	7405	0	40
2026.06.29	11:00:00	4061.49	4065.75	4060.33	4061.04	8243	0	40
2026.06.29	11:30:00	4061.07	4066.51	4043.48	4046.80	8014	0	40
2026.06.29	12:00:00	4046.75	4055.08	4044.95	4047.15	7924	0	40
2026.06.29	12:30:00	4047.13	4050.47	4024.34	4031.36	10099	0	40
2026.06.29	13:00:00	4031.35	4039.49	4027.30	4037.15	7575	0	40
2026.06.29	13:30:00	4037.13	4038.50	4031.60	4036.59	7035	0	40
2026.06.29	14:00:00	4036.57	4038.38	4027.23	4031.82	8320	0	40
2026.06.29	14:30:00	4031.79	4042.12	4029.64	4038.96	8057	0	40
2026.06.29	15:00:00	4038.97	4052.13	4037.57	4038.22	9314	0	40
2026.06.29	15:30:00	4038.22	4047.67	4037.49	4043.41	7941	0	40
2026.06.29	16:00:00	4043.56	4051.57	4037.68	4037.68	10217	0	40
2026.06.29	16:30:00	4037.86	4044.44	4028.14	4032.11	14705	0	40
2026.06.29	17:00:00	4032.08	4035.34	3999.93	4024.69	15429	0	40
2026.06.29	17:30:00	4024.59	4030.24	4017.79	4025.46	13089	0	40
2026.06.29	18:00:00	4025.54	4027.49	4016.54	4024.10	11100	0	40
2026.06.29	18:30:00	4024.12	4030.17	4017.35	4026.79	9603	0	40
2026.06.29	19:00:00	4026.80	4028.52	4021.71	4023.54	5926	0	40
2026.06.29	19:30:00	4023.60	4028.05	4018.53	4023.69	7030	0	40
2026.06.29	20:00:00	4023.71	4031.95	4022.24	4023.73	6997	0	40
2026.06.29	20:30:00	4023.73	4024.37	4019.14	4020.83	5731	0	40
2026.06.29	21:00:00	4020.94	4025.11	4020.11	4020.90	5878	0	40
2026.06.29	21:30:00	4020.85	4021.41	4011.81	4013.20	4311	0	40
2026.06.29	22:00:00	4013.19	4017.08	4005.09	4016.95	6322	0	40
2026.06.29	22:30:00	4016.96	4019.47	4012.40	4015.62	6760	0	40
2026.06.29	23:00:00	4015.69	4017.81	4012.53	4017.58	2284	0	40
2026.06.29	23:30:00	4017.60	4017.68	4014.36	4016.39	1615	0	51
2026.06.30	01:00:00	4018.21	4021.86	4015.21	4015.81	3498	0	40
2026.06.30	01:30:00	4015.78	4016.88	4009.51	4013.93	5227	0	40
2026.06.30	02:00:00	4014.35	4022.27	4013.90	4016.49	4470	0	51
2026.06.30	02:30:00	4016.48	4021.52	4013.16	4014.74	5750	0	40
2026.06.30	03:00:00	4014.73	4015.04	4003.15	4006.10	12071	0	40
2026.06.30	03:30:00	4006.08	4006.57	3979.35	3986.88	12755	0	40
2026.06.30	04:00:00	3986.93	3986.93	3942.15	3978.81	15498	0	40
2026.06.30	04:30:00	3978.82	3979.36	3961.26	3969.21	13704	0	40
2026.06.30	05:00:00	3969.20	3973.18	3952.19	3961.73	11504	0	40
2026.06.30	05:30:00	3961.71	3970.41	3954.07	3962.67	11671	0	40
2026.06.30	06:00:00	3962.66	3970.91	3962.30	3965.40	11413	0	40
2026.06.30	06:30:00	3965.37	3971.07	3959.85	3969.68	8773	0	40
2026.06.30	07:00:00	3969.64	3983.24	3967.93	3982.46	7076	0	40
2026.06.30	07:30:00	3982.30	3997.87	3982.13	3985.33	9902	0	40
2026.06.30	08:00:00	3985.32	3990.58	3979.41	3982.64	7185	0	40
2026.06.30	08:30:00	3982.62	3984.83	3974.99	3977.80	10566	0	40
2026.06.30	09:00:00	3977.78	4013.10	3977.78	4011.81	11696	0	40
2026.06.30	09:30:00	4011.79	4033.88	4010.77	4029.53	12700	0	40
2026.06.30	10:00:00	4029.38	4034.58	4023.73	4028.39	9039	0	40
2026.06.30	10:30:00	4028.59	4032.89	4025.38	4032.03	6883	0	40
2026.06.30	11:00:00	4031.97	4037.48	4020.06	4025.80	8807	0	40
2026.06.30	11:30:00	4025.79	4026.66	4013.42	4015.40	7272	0	40
2026.06.30	12:00:00	4015.19	4022.74	4014.48	4017.24	5875	0	40
2026.06.30	12:30:00	4017.25	4023.71	4012.28	4023.71	6273	0	40
2026.06.30	13:00:00	4023.82	4028.54	4021.36	4028.38	5520	0	40
2026.06.30	13:30:00	4028.37	4031.12	4025.05	4029.69	5172	0	40
2026.06.30	14:00:00	4029.65	4034.04	4025.23	4031.69	6267	0	40
2026.06.30	14:30:00	4031.69	4037.18	4028.26	4033.74	6731	0	40
2026.06.30	15:00:00	4033.88	4034.24	4014.67	4016.64	7589	0	40
2026.06.30	15:30:00	4016.63	4021.76	4008.52	4009.73	9323	0	40
2026.06.30	16:00:00	4009.72	4033.15	4009.19	4023.48	11895	0	40
2026.06.30	16:30:00	4023.61	4032.67	4012.98	4029.01	14237	0	40
2026.06.30	17:00:00	4029.42	4063.16	4025.19	4053.86	14461	0	40
2026.06.30	17:30:00	4053.94	4058.49	4037.23	4037.23	12690	0	40
2026.06.30	18:00:00	4037.25	4039.28	4022.07	4028.36	12073	0	40
2026.06.30	18:30:00	4028.45	4034.67	4026.72	4029.24	11099	0	40
2026.06.30	19:00:00	4029.25	4031.28	4025.75	4029.42	8485	0	40
2026.06.30	19:30:00	4029.40	4033.70	4025.71	4025.97	6494	0	40
2026.06.30	20:00:00	4025.91	4027.90	4020.60	4025.31	7587	0	40
2026.06.30	20:30:00	4025.30	4032.06	4025.30	4030.61	5938	0	40
2026.06.30	21:00:00	4030.62	4033.61	4030.30	4031.17	5826	0	40
2026.06.30	21:30:00	4031.20	4032.37	4028.08	4028.40	6282	0	40
2026.06.30	22:00:00	4028.39	4029.31	4020.95	4020.96	5829	0	40
2026.06.30	22:30:00	4020.99	4023.05	4014.61	4015.99	7105	0	40
2026.06.30	23:00:00	4015.66	4020.90	4012.37	4012.86	4342	0	40
2026.06.30	23:30:00	4012.81	4013.53	4006.28	4007.30	3316	0	40
2026.07.01	01:00:00	4011.16	4017.34	4010.24	4013.60	4506	0	40
2026.07.01	01:30:00	4013.58	4017.75	4010.86	4012.95	3950	0	51
2026.07.01	02:00:00	4012.96	4018.23	4007.88	4010.86	5522	0	40
2026.07.01	02:30:00	4010.87	4012.40	4005.19	4005.54	5423	0	40
2026.07.01	03:00:00	4005.57	4009.67	4001.21	4001.72	10272	0	40
2026.07.01	03:30:00	4001.78	4005.58	3992.94	3996.52	9368	0	40
2026.07.01	04:00:00	3996.55	3999.60	3975.49	3985.55	14833	0	40
2026.07.01	04:30:00	3985.58	3988.44	3973.72	3977.59	12452	0	40
2026.07.01	05:00:00	3977.58	3981.99	3969.95	3980.57	10841	0	40
2026.07.01	05:30:00	3980.56	3985.95	3978.26	3979.04	10795	0	40
2026.07.01	06:00:00	3978.99	3986.77	3978.31	3981.19	8760	0	40
2026.07.01	06:30:00	3981.17	3982.04	3976.47	3980.29	7078	0	40
2026.07.01	07:00:00	3980.25	3980.87	3973.93	3977.44	6958	0	40
2026.07.01	07:30:00	3977.25	3982.60	3972.28	3976.40	5616	0	40
2026.07.01	08:00:00	3976.38	3976.90	3969.68	3972.59	6652	0	40
2026.07.01	08:30:00	3972.58	3978.75	3970.15	3973.83	10441	0	40
2026.07.01	09:00:00	3973.81	3977.37	3962.97	3967.25	10502	0	40
2026.07.01	09:30:00	3967.30	3973.32	3963.19	3971.65	7438	0	40
2026.07.01	10:00:00	3971.46	3973.61	3960.02	3964.15	8858	0	40
2026.07.01	10:30:00	3964.14	3978.29	3960.65	3975.91	9374	0	40
2026.07.01	11:00:00	3975.59	3984.22	3969.29	3978.65	8761	0	40
2026.07.01	11:30:00	3978.63	3979.50	3971.09	3974.25	6987	0	40
2026.07.01	12:00:00	3974.25	3980.21	3972.59	3978.56	5891	0	40
2026.07.01	12:30:00	3978.42	3985.81	3977.45	3984.29	5383	0	40
2026.07.01	13:00:00	3984.28	3989.35	3981.27	3986.95	5324	0	40
2026.07.01	13:30:00	3986.94	3998.55	3986.31	3998.20	5092	0	40
2026.07.01	14:00:00	3998.20	4028.01	3997.76	4026.62	9059	0	40
2026.07.01	14:30:00	4026.48	4035.28	4022.98	4030.28	8251	0	40
2026.07.01	15:00:00	4030.30	4033.84	4019.49	4025.67	10110	0	40
2026.07.01	15:30:00	4025.53	4032.96	4022.45	4022.63	10387	0	40
2026.07.01	16:00:00	4022.58	4047.15	4012.59	4046.87	14082	0	40
2026.07.01	16:30:00	4046.73	4107.92	4041.39	4089.31	16483	0	40
2026.07.01	17:00:00	4089.27	4106.69	4082.88	4100.45	15025	0	40
2026.07.01	17:30:00	4100.41	4115.43	4086.20	4093.25	14153	0	40
2026.07.01	18:00:00	4093.21	4094.43	4078.37	4083.67	11509	0	40
2026.07.01	18:30:00	4083.56	4087.99	4076.64	4081.00	10616	0	40
2026.07.01	19:00:00	4081.01	4088.32	4080.39	4081.21	9695	0	40
2026.07.01	19:30:00	4081.19	4083.22	4070.35	4071.10	9957	0	40
2026.07.01	20:00:00	4071.01	4073.51	4067.68	4067.90	8571	0	40
2026.07.01	20:30:00	4067.98	4073.13	4067.20	4068.08	7883	0	40
2026.07.01	21:00:00	4068.10	4070.63	4060.91	4061.09	7599	0	40
2026.07.01	21:30:00	4061.12	4065.88	4057.73	4062.01	7416	0	40
2026.07.01	22:00:00	4062.00	4068.19	4056.43	4058.70	7373	0	40
2026.07.01	22:30:00	4058.71	4059.58	4034.27	4038.56	8728	0	40
2026.07.01	23:00:00	4038.53	4039.62	4028.37	4038.31	5792	0	40
2026.07.01	23:30:00	4038.27	4038.90	4030.14	4030.90	3972	0	40
2026.07.02	01:00:00	4036.42	4040.78	4032.43	4038.12	4075	0	51
2026.07.02	01:30:00	4038.05	4045.01	4036.84	4044.84	3946	0	40
2026.07.02	02:00:00	4044.85	4044.85	4033.70	4036.98	4742	0	40
2026.07.02	02:30:00	4036.99	4040.30	4033.20	4034.89	6141	0	51
2026.07.02	03:00:00	4034.93	4048.37	4030.56	4046.24	10964	0	40
2026.07.02	03:30:00	4046.27	4052.37	4037.90	4051.76	10022	0	40
2026.07.02	04:00:00	4051.75	4068.33	4049.95	4053.07	13581	0	40
2026.07.02	04:30:00	4053.06	4056.25	4045.16	4049.95	12254	0	40
2026.07.02	05:00:00	4049.86	4054.75	4041.11	4051.31	10628	0	40
2026.07.02	05:30:00	4051.31	4060.84	4047.52	4056.92	10957	0	40
2026.07.02	06:00:00	4056.95	4067.09	4055.34	4065.17	9819	0	40
2026.07.02	06:30:00	4065.16	4073.91	4061.72	4069.81	8658	0	40
2026.07.02	07:00:00	4069.80	4072.85	4063.94	4065.38	7084	0	40
2026.07.02	07:30:00	4065.42	4066.32	4060.41	4060.57	5974	0	40
2026.07.02	08:00:00	4060.56	4061.97	4054.22	4057.30	8702	0	40
2026.07.02	08:30:00	4057.32	4067.47	4053.04	4065.84	10646	0	40
2026.07.02	09:00:00	4065.96	4079.67	4065.62	4074.10	9626	0	40
2026.07.02	09:30:00	4074.15	4076.61	4065.89	4073.05	9935	0	40
2026.07.02	10:00:00	4073.34	4074.02	4060.64	4062.25	9529	0	40
2026.07.02	10:30:00	4062.25	4075.33	4060.65	4064.34	8637	0	40
2026.07.02	11:00:00	4064.08	4077.72	4061.15	4074.89	11580	0	40
2026.07.02	11:30:00	4074.87	4079.85	4071.95	4075.90	9650	0	40
2026.07.02	12:00:00	4075.91	4076.79	4065.97	4067.42	8817	0	40
2026.07.02	12:30:00	4067.64	4072.13	4063.73	4065.10	8712	0	40
2026.07.02	13:00:00	4065.16	4067.85	4061.88	4065.99	7514	0	40
2026.07.02	13:30:00	4066.08	4068.51	4061.30	4066.10	6613	0	40
2026.07.02	14:00:00	4066.27	4067.15	4057.30	4065.35	8058	0	40
2026.07.02	14:30:00	4065.37	4072.16	4063.18	4065.04	7027	0	40
2026.07.02	15:00:00	4065.06	4073.30	4061.22	4064.51	9607	0	40
2026.07.02	15:30:00	4065.10	4140.34	4065.10	4117.40	16297	0	40
2026.07.02	16:00:00	4117.59	4129.62	4109.39	4112.93	14067	0	40
2026.07.02	16:30:00	4112.72	4143.84	4109.89	4136.77	15934	0	40
2026.07.02	17:00:00	4136.79	4138.20	4113.88	4116.21	14781	0	40
2026.07.02	17:30:00	4116.22	4129.61	4114.44	4128.42	15352	0	40
2026.07.02	18:00:00	4128.43	4131.17	4114.55	4122.32	13612	0	40
2026.07.02	18:30:00	4122.18	4130.83	4122.18	4128.31	12176	0	40
2026.07.02	19:00:00	4128.33	4130.02	4115.25	4116.19	11177	0	40
2026.07.02	19:30:00	4116.20	4120.06	4100.15	4117.95	11017	0	40
2026.07.02	20:00:00	4117.84	4119.69	4111.27	4112.35	9975	0	40
2026.07.02	20:30:00	4111.95	4114.26	4105.53	4106.59	9145	0	40
2026.07.02	21:00:00	4106.58	4123.57	4105.74	4122.95	8936	0	40
2026.07.02	21:30:00	4122.95	4126.86	4119.83	4122.48	6690	0	40
2026.07.02	22:00:00	4122.55	4124.30	4108.03	4112.46	7304	0	40
2026.07.02	22:30:00	4112.50	4123.83	4110.92	4121.14	9267	0	40
2026.07.02	23:00:00	4121.10	4124.90	4116.20	4123.33	3907	0	40
2026.07.02	23:30:00	4123.35	4124.82	4118.38	4123.65	2105	0	40
2026.07.03	01:00:00	4125.41	4127.75	4122.41	4124.23	2107	0	40
2026.07.03	01:30:00	4124.16	4126.31	4122.41	4124.47	3183	0	40
2026.07.03	02:00:00	4124.48	4130.19	4124.06	4129.62	4333	0	40
2026.07.03	02:30:00	4129.64	4131.97	4120.87	4126.10	8094	0	40
2026.07.03	03:00:00	4125.90	4140.76	4122.76	4137.05	12895	0	40
2026.07.03	03:30:00	4137.04	4150.86	4132.88	4147.00	11915	0	40
2026.07.03	04:00:00	4146.99	4194.20	4146.42	4187.41	15562	0	40
2026.07.03	04:30:00	4187.28	4195.25	4175.07	4182.17	12780	0	40
2026.07.03	05:00:00	4182.18	4184.09	4176.29	4179.00	9570	0	40
2026.07.03	05:30:00	4179.05	4186.67	4177.85	4183.31	10095	0	40
2026.07.03	06:00:00	4183.24	4184.44	4179.14	4181.19	8136	0	40
2026.07.03	06:30:00	4181.21	4183.00	4175.10	4175.86	7073	0	40
2026.07.03	07:00:00	4175.84	4182.62	4172.99	4178.42	5363	0	40
2026.07.03	07:30:00	4178.39	4178.72	4174.36	4178.64	4541	0	40
2026.07.03	08:00:00	4178.63	4181.06	4172.92	4175.83	6526	0	40
2026.07.03	08:30:00	4175.85	4181.66	4169.05	4171.02	9774	0	40
2026.07.03	09:00:00	4171.10	4171.61	4160.26	4164.62	9684	0	40
2026.07.03	09:30:00	4164.70	4174.28	4164.26	4172.94	8629	0	40
2026.07.03	10:00:00	4172.96	4181.01	4169.14	4175.26	8033	0	40
2026.07.03	10:30:00	4175.28	4181.61	4173.70	4177.23	7786	0	40
2026.07.03	11:00:00	4177.31	4185.66	4177.31	4182.99	7819	0	40
2026.07.03	11:30:00	4182.89	4186.38	4176.67	4180.90	6840	0	40
2026.07.03	12:00:00	4180.91	4181.56	4170.99	4171.73	6225	0	40
2026.07.03	12:30:00	4171.72	4174.89	4168.27	4171.81	5996	0	40
2026.07.03	13:00:00	4171.75	4180.95	4170.49	4178.32	5292	0	40
2026.07.03	13:30:00	4178.31	4178.90	4174.48	4176.89	4114	0	40
2026.07.03	14:00:00	4176.84	4185.94	4175.31	4182.98	5456	0	40
2026.07.03	14:30:00	4182.89	4186.18	4178.45	4180.81	5647	0	40
2026.07.03	15:00:00	4180.78	4183.03	4171.96	4174.62	6708	0	40
2026.07.03	15:30:00	4174.61	4177.51	4172.11	4176.67	6294	0	40
2026.07.03	16:00:00	4176.75	4179.13	4164.33	4171.33	10450	0	40
2026.07.03	16:30:00	4171.43	4171.57	4163.43	4164.48	10887	0	40
2026.07.03	17:00:00	4164.48	4166.95	4155.24	4165.96	10425	0	40
2026.07.03	17:30:00	4165.99	4171.03	4163.17	4169.63	7157	0	40
2026.07.03	18:00:00	4169.62	4174.19	4166.72	4167.23	6949	0	40
2026.07.03	18:30:00	4167.24	4168.71	4164.30	4164.66	4058	0	40
2026.07.03	19:00:00	4164.67	4167.38	4162.63	4166.49	3826	0	40
2026.07.03	19:30:00	4166.49	4175.63	4166.49	4174.95	3435	0	40
2026.07.06	01:00:00	4183.80	4185.35	4172.08	4184.31	5672	0	77
2026.07.06	01:30:00	4184.31	4191.35	4182.72	4188.09	7160	0	40
2026.07.06	02:00:00	4188.10	4201.57	4186.45	4200.25	5587	0	40
2026.07.06	02:30:00	4200.23	4201.31	4177.48	4182.92	8401	0	40
2026.07.06	03:00:00	4182.96	4185.21	4170.14	4174.46	11964	0	40
2026.07.06	03:30:00	4174.55	4188.81	4174.04	4179.37	10190	0	40
2026.07.06	04:00:00	4179.19	4192.66	4172.39	4189.30	13076	0	40
2026.07.06	04:30:00	4189.31	4202.87	4184.79	4185.85	13097	0	40
2026.07.06	05:00:00	4186.04	4187.63	4175.72	4177.50	10899	0	40
2026.07.06	05:30:00	4177.49	4178.51	4168.40	4173.94	11037	0	40
2026.07.06	06:00:00	4173.91	4176.23	4162.38	4165.76	9028	0	40
2026.07.06	06:30:00	4165.60	4168.96	4160.81	4165.04	7987	0	40
2026.07.06	07:00:00	4165.03	4166.53	4160.09	4161.05	5511	0	40
2026.07.06	07:30:00	4161.07	4162.31	4157.25	4159.51	6149	0	40
2026.07.06	08:00:00	4159.26	4160.85	4150.36	4152.56	6782	0	40
2026.07.06	08:30:00	4152.58	4160.21	4144.69	4147.83	10554	0	40
2026.07.06	09:00:00	4147.84	4156.52	4145.52	4156.25	8561	0	40
2026.07.06	09:30:00	4156.31	4159.31	4148.75	4150.11	7189	0	40
2026.07.06	10:00:00	4150.10	4155.50	4146.95	4152.68	7278	0	40
2026.07.06	10:30:00	4152.69	4166.10	4151.03	4164.24	7034	0	40
2026.07.06	11:00:00	4164.61	4165.89	4153.40	4155.27	8133	0	40
2026.07.06	11:30:00	4155.32	4155.79	4146.90	4150.31	6411	0	40
2026.07.06	12:00:00	4150.32	4151.12	4141.35	4143.41	5807	0	40
2026.07.06	12:30:00	4143.32	4144.49	4136.33	4142.98	5727	0	40
2026.07.06	13:00:00	4143.02	4150.55	4141.90	4148.63	4338	0	40
2026.07.06	13:30:00	4148.66	4155.65	4148.48	4154.75	3994	0	40
2026.07.06	14:00:00	4154.74	4159.34	4151.35	4154.83	4081	0	40
2026.07.06	14:30:00	4154.74	4158.56	4151.80	4155.09	4398	0	40
2026.07.06	15:00:00	4154.97	4158.35	4145.04	4145.60	6572	0	40
2026.07.06	15:30:00	4145.58	4145.99	4131.30	4139.43	7131	0	40
2026.07.06	16:00:00	4139.57	4148.65	4137.01	4142.21	9564	0	40
2026.07.06	16:30:00	4142.12	4150.26	4136.63	4140.79	13435	0	40
2026.07.06	17:00:00	4140.24	4146.95	4132.34	4136.99	12112	0	40
2026.07.06	17:30:00	4137.02	4141.70	4128.24	4138.06	10217	0	40
2026.07.06	18:00:00	4138.00	4150.85	4137.43	4150.45	9482	0	40
2026.07.06	18:30:00	4150.46	4151.79	4144.67	4148.11	7246	0	40
2026.07.06	19:00:00	4148.16	4148.34	4140.04	4145.45	5757	0	40
2026.07.06	19:30:00	4145.47	4156.03	4145.12	4154.89	6110	0	40
2026.07.06	20:00:00	4154.85	4159.42	4150.17	4155.28	6057	0	40
2026.07.06	20:30:00	4155.32	4161.48	4154.72	4161.13	6035	0	40
2026.07.06	21:00:00	4161.04	4163.00	4155.22	4161.71	4586	0	40
2026.07.06	21:30:00	4161.40	4167.28	4159.57	4163.68	4753	0	40
2026.07.06	22:00:00	4163.69	4165.25	4158.79	4162.79	5395	0	40
2026.07.06	22:30:00	4162.86	4164.94	4159.55	4163.51	6640	0	40
2026.07.06	23:00:00	4163.64	4164.54	4160.66	4162.73	1806	0	40
2026.07.06	23:30:00	4162.75	4164.88	4162.40	4164.88	1715	0	40
2026.07.07	01:00:00	4164.15	4167.47	4163.46	4165.91	2526	0	52
2026.07.07	01:30:00	4165.92	4168.37	4163.90	4164.03	3629	0	51
2026.07.07	02:00:00	4164.06	4165.49	4162.69	4162.99	3297	0	51
2026.07.07	02:30:00	4162.97	4165.19	4156.74	4157.05	5656	0	40
2026.07.07	03:00:00	4157.03	4160.48	4151.84	4159.62	11402	0	40
2026.07.07	03:30:00	4159.65	4162.59	4145.00	4145.76	10776	0	40
2026.07.07	04:00:00	4145.75	4147.80	4125.65	4132.45	13422	0	40
2026.07.07	04:30:00	4132.44	4146.15	4131.93	4141.67	11619	0	40
2026.07.07	05:00:00	4141.68	4145.09	4137.44	4140.37	9043	0	40
2026.07.07	05:30:00	4140.36	4144.08	4131.18	4136.45	9632	0	40
2026.07.07	06:00:00	4136.38	4139.84	4129.08	4132.06	10396	0	40
2026.07.07	06:30:00	4131.92	4134.68	4124.19	4130.95	7979	0	40
2026.07.07	07:00:00	4131.08	4141.10	4130.18	4132.00	7420	0	40
2026.07.07	07:30:00	4131.99	4132.25	4125.67	4126.43	6470	0	40
2026.07.07	08:00:00	4126.49	4131.16	4120.76	4128.12	7637	0	40
2026.07.07	08:30:00	4128.11	4128.30	4116.54	4123.70	11455	0	40
2026.07.07	09:00:00	4123.57	4129.56	4121.28	4126.55	8937	0	40
2026.07.07	09:30:00	4126.53	4132.80	4124.64	4130.21	7658	0	40
2026.07.07	10:00:00	4130.26	4132.00	4124.16	4126.45	7179	0	40
2026.07.07	10:30:00	4126.44	4133.33	4124.30	4124.47	6506	0	40
2026.07.07	11:00:00	4124.45	4139.20	4124.20	4138.50	7857	0	40
2026.07.07	11:30:00	4138.45	4138.88	4121.73	4125.81	6811	0	40
2026.07.07	12:00:00	4125.82	4130.82	4119.61	4121.36	6338	0	40
2026.07.07	12:30:00	4121.38	4133.58	4121.38	4131.01	7377	0	40
2026.07.07	13:00:00	4130.97	4138.76	4130.95	4137.24	6001	0	40
2026.07.07	13:30:00	4137.23	4137.36	4133.28	4135.55	5292	0	40
2026.07.07	14:00:00	4135.53	4145.07	4131.67	4142.94	7521	0	40
2026.07.07	14:30:00	4142.96	4158.06	4139.46	4156.61	7659	0	40
2026.07.07	15:00:00	4157.04	4174.87	4154.50	4165.83	10527	0	40
2026.07.07	15:30:00	4165.80	4172.68	4161.57	4172.19	9078	0	40
2026.07.07	16:00:00	4172.34	4178.05	4160.01	4166.23	12062	0	40
2026.07.07	16:30:00	4166.19	4180.27	4155.96	4158.40	14996	0	40
2026.07.07	17:00:00	4158.41	4163.38	4150.84	4158.01	15121	0	40
2026.07.07	17:30:00	4158.26	4159.18	4143.46	4154.08	14149	0	40
2026.07.07	18:00:00	4153.99	4155.50	4141.50	4142.88	12711	0	40
2026.07.07	18:30:00	4142.92	4148.18	4135.73	4138.85	10777	0	40
2026.07.07	19:00:00	4138.85	4147.07	4136.93	4145.81	9429	0	40
2026.07.07	19:30:00	4145.90	4146.59	4140.82	4144.91	7403	0	40
2026.07.07	20:00:00	4144.88	4146.72	4140.29	4145.84	7732	0	40
2026.07.07	20:30:00	4145.86	4148.02	4142.80	4144.41	6338	0	40
2026.07.07	21:00:00	4144.40	4145.03	4139.99	4141.47	8517	0	40
2026.07.07	21:30:00	4141.48	4142.50	4124.97	4126.80	9848	0	40
2026.07.07	22:00:00	4126.45	4127.59	4092.08	4103.31	14058	0	40
2026.07.07	22:30:00	4103.29	4117.51	4103.29	4114.01	10909	0	40
2026.07.07	23:00:00	4113.95	4115.74	4106.35	4110.66	4910	0	40
2026.07.07	23:30:00	4110.68	4111.02	4103.31	4105.73	3218	0	40
2026.07.08	01:00:00	4097.65	4106.23	4093.75	4099.62	4152	0	40
2026.07.08	01:30:00	4099.67	4102.51	4095.67	4098.12	4830	0	40
2026.07.08	02:00:00	4098.08	4107.83	4096.02	4104.76	6106	0	40
2026.07.08	02:30:00	4104.77	4105.28	4095.66	4098.26	7211	0	40
2026.07.08	03:00:00	4098.29	4107.95	4096.73	4105.37	11942	0	40
2026.07.08	03:30:00	4105.39	4126.59	4103.75	4111.33	13189	0	40
2026.07.08	04:00:00	4111.28	4117.71	4098.25	4102.43	13943	0	40
2026.07.08	04:30:00	4102.44	4112.76	4096.23	4111.07	13694	0	40
2026.07.08	05:00:00	4111.26	4124.70	4105.82	4118.80	11729	0	40
2026.07.08	05:30:00	4118.64	4120.98	4113.30	4114.42	10540	0	40
2026.07.08	06:00:00	4114.38	4130.65	4114.38	4129.74	11704	0	40
2026.07.08	06:30:00	4129.75	4130.98	4122.53	4123.27	8429	0	40
2026.07.08	07:00:00	4123.22	4128.66	4120.51	4125.77	7427	0	40
2026.07.08	07:30:00	4125.76	4128.14	4121.82	4124.99	8328	0	40
2026.07.08	08:00:00	4125.02	4133.72	4121.79	4121.82	8997	0	40
2026.07.08	08:30:00	4121.74	4131.58	4121.04	4127.67	11372	0	40
2026.07.08	09:00:00	4127.60	4133.43	4122.02	4129.45	10157	0	40
2026.07.08	09:30:00	4129.44	4129.64	4123.19	4123.30	10019	0	40
2026.07.08	10:00:00	4123.29	4125.10	4114.63	4120.28	11264	0	40
2026.07.08	10:30:00	4120.21	4127.19	4118.01	4120.98	7923	0	40
2026.07.08	11:00:00	4121.07	4121.23	4080.69	4088.68	11763	0	40
2026.07.08	11:30:00	4088.67	4091.87	4052.12	4056.62	16031	0	40
2026.07.08	12:00:00	4056.57	4060.75	4050.16	4056.39	13629	0	40
2026.07.08	12:30:00	4056.26	4058.39	4041.35	4043.13	12473	0	40
2026.07.08	13:00:00	4043.15	4055.71	4040.27	4050.60	10828	0	40
2026.07.08	13:30:00	4050.44	4058.38	4049.78	4052.76	9647	0	40
2026.07.08	14:00:00	4052.72	4056.97	4047.51	4049.98	10648	0	40
2026.07.08	14:30:00	4049.92	4072.36	4041.24	4061.99	12279	0	40
2026.07.08	15:00:00	4061.86	4077.50	4058.54	4070.74	12786	0	40
2026.07.08	15:30:00	4070.75	4086.37	4067.92	4071.91	12447	0	40
2026.07.08	16:00:00	4072.05	4082.77	4065.13	4066.50	14847	0	40
2026.07.08	16:30:00	4067.18	4080.16	4066.75	4070.58	16015	0	40
2026.07.08	17:00:00	4070.41	4071.25	4051.27	4060.00	15281	0	40
2026.07.08	17:30:00	4059.92	4061.16	4033.71	4040.71	15054	0	40
2026.07.08	18:00:00	4041.12	4043.59	4026.07	4030.72	15393	0	40
2026.07.08	18:30:00	4030.80	4038.28	4021.58	4034.07	13671	0	40
2026.07.08	19:00:00	4034.28	4044.76	4033.03	4043.58	12683	0	40
2026.07.08	19:30:00	4043.08	4064.39	4039.30	4063.57	13168	0	40
2026.07.08	20:00:00	4063.72	4073.65	4059.50	4072.95	11341	0	40
2026.07.08	20:30:00	4072.87	4076.18	4064.13	4065.39	9662	0	40
2026.07.08	21:00:00	4065.25	4075.50	4063.47	4069.42	12287	0	40
2026.07.08	21:30:00	4069.44	4091.30	4066.89	4084.13	10632	0	40
2026.07.08	22:00:00	4084.16	4090.81	4084.16	4088.16	10380	0	40
2026.07.08	22:30:00	4088.21	4091.10	4078.05	4079.76	10150	0	40
2026.07.08	23:00:00	4079.74	4083.34	4074.07	4076.71	5016	0	40
2026.07.08	23:30:00	4076.70	4079.72	4071.36	4077.27	3802	0	40
2026.07.09	01:00:00	4076.04	4079.70	4072.45	4074.19	4273	0	53
2026.07.09	01:30:00	4074.21	4079.63	4073.35	4076.35	4362	0	40
2026.07.09	02:00:00	4076.34	4077.56	4073.63	4077.37	3451	0	40
2026.07.09	02:30:00	4077.36	4077.43	4071.72	4076.01	5738	0	40
2026.07.09	03:00:00	4075.95	4089.59	4073.79	4077.94	10485	0	40
2026.07.09	03:30:00	4077.95	4081.62	4070.12	4073.81	9628	0	40
2026.07.09	04:00:00	4073.93	4078.64	4064.99	4066.52	12725	0	40
2026.07.09	04:30:00	4066.74	4075.93	4062.23	4072.65	10864	0	40
2026.07.09	05:00:00	4072.69	4082.41	4071.96	4080.23	10225	0	40
2026.07.09	05:30:00	4080.29	4081.49	4064.20	4064.80	10658	0	40
2026.07.09	06:00:00	4064.76	4067.40	4054.05	4058.10	10853	0	51
2026.07.09	06:30:00	4058.09	4063.98	4056.28	4063.92	7049	0	51
2026.07.09	07:00:00	4063.94	4064.34	4057.08	4058.80	5134	0	40
2026.07.09	07:30:00	4058.80	4064.45	4056.21	4064.25	4788	0	40
2026.07.09	08:00:00	4064.25	4075.83	4063.54	4072.02	7926	0	40
2026.07.09	08:30:00	4072.05	4084.16	4064.72	4081.73	9152	0	40
2026.07.09	09:00:00	4081.74	4103.08	4081.14	4102.27	10418	0	40
2026.07.09	09:30:00	4102.28	4107.89	4095.86	4107.81	8298	0	40
2026.07.09	10:00:00	4107.84	4110.15	4101.45	4108.89	6756	0	40
2026.07.09	10:30:00	4108.90	4110.91	4103.64	4107.71	5624	0	40
2026.07.09	11:00:00	4107.71	4117.54	4105.13	4114.70	7486	0	40
2026.07.09	11:30:00	4114.64	4116.49	4107.66	4108.23	5984	0	40
2026.07.09	12:00:00	4108.25	4112.29	4105.69	4108.26	5836	0	40
2026.07.09	12:30:00	4108.29	4109.89	4102.98	4106.20	6395	0	40
2026.07.09	13:00:00	4106.18	4109.93	4103.83	4104.14	4776	0	40
2026.07.09	13:30:00	4104.14	4105.32	4093.56	4098.90	6130	0	40
2026.07.09	14:00:00	4098.94	4106.97	4097.71	4100.22	6594	0	40
2026.07.09	14:30:00	4100.24	4110.28	4098.68	4108.43	6265	0	40
2026.07.09	15:00:00	4108.48	4119.89	4104.98	4107.05	8391	0	40
2026.07.09	15:30:00	4107.10	4122.47	4106.88	4107.51	8783	0	40
2026.07.09	16:00:00	4107.46	4127.13	4106.67	4125.86	10684	0	40
2026.07.09	16:30:00	4126.11	4129.31	4117.58	4121.79	12749	0	40
2026.07.09	17:00:00	4121.78	4136.05	4113.98	4124.60	13406	0	40
2026.07.09	17:30:00	4124.75	4127.87	4117.95	4127.63	10168	0	40
2026.07.09	18:00:00	4127.65	4130.69	4124.62	4127.66	8504	0	40
2026.07.09	18:30:00	4127.79	4132.53	4126.13	4126.72	7456	0	40
2026.07.09	19:00:00	4126.75	4133.10	4125.55	4132.52	6517	0	40
2026.07.09	19:30:00	4132.34	4137.84	4127.86	4127.96	6036	0	40
2026.07.09	20:00:00	4127.94	4131.71	4124.88	4131.39	6964	0	40
2026.07.09	20:30:00	4131.46	4137.88	4129.09	4135.94	6026	0	40
2026.07.09	21:00:00	4135.88	4136.14	4122.90	4123.90	6000	0	40
2026.07.09	21:30:00	4123.85	4125.41	4121.36	4124.29	5031	0	40
2026.07.09	22:00:00	4124.27	4126.88	4120.54	4120.64	5417	0	40
2026.07.09	22:30:00	4120.64	4123.33	4118.67	4122.31	5881	0	40
2026.07.09	23:00:00	4122.26	4123.94	4120.26	4120.93	2685	0	40
2026.07.09	23:30:00	4120.93	4125.41	4120.68	4123.45	1669	0	40
2026.07.10	01:00:00	4125.64	4127.11	4122.08	4123.03	2861	0	51
2026.07.10	01:30:00	4123.04	4124.54	4121.30	4121.50	2554	0	40
2026.07.10	02:00:00	4121.61	4124.95	4121.08	4122.00	2459	0	51
2026.07.10	02:30:00	4122.01	4124.26	4120.82	4123.24	2976	0	51
2026.07.10	03:00:00	4123.23	4125.60	4116.71	4119.43	6593	0	40
2026.07.10	03:30:00	4119.39	4128.05	4114.23	4126.05	6824	0	40
2026.07.10	04:00:00	4126.06	4130.80	4118.75	4121.57	9718	0	40
2026.07.10	04:30:00	4121.51	4123.30	4108.40	4116.56	8565	0	40
2026.07.10	05:00:00	4116.67	4128.58	4115.88	4125.68	7001	0	40
2026.07.10	05:30:00	4125.69	4128.77	4122.09	4127.73	6759	0	40
2026.07.10	06:00:00	4127.74	4134.66	4120.51	4125.09	6579	0	40
2026.07.10	06:30:00	4125.14	4127.60	4119.24	4120.11	4382	0	40
2026.07.10	07:00:00	4120.12	4120.96	4111.90	4117.45	5113	0	40
2026.07.10	07:30:00	4117.34	4119.58	4114.89	4115.13	4391	0	40
2026.07.10	08:00:00	4115.10	4117.01	4112.75	4114.05	4455	0	40
2026.07.10	08:30:00	4114.01	4117.03	4107.91	4116.75	7864	0	40
2026.07.10	09:00:00	4116.73	4119.88	4113.63	4114.30	7601	0	40
2026.07.10	09:30:00	4114.26	4116.00	4111.00	4111.55	6883	0	40
2026.07.10	10:00:00	4111.51	4115.24	4108.52	4112.36	5257	0	40
2026.07.10	10:30:00	4112.38	4114.34	4104.19	4108.77	5122	0	40
2026.07.10	11:00:00	4108.76	4109.38	4103.33	4104.10	6289	0	40
2026.07.10	11:30:00	4104.11	4105.42	4094.71	4097.82	6277	0	40
2026.07.10	12:00:00	4097.79	4103.24	4094.34	4102.43	5657	0	40
2026.07.10	12:30:00	4102.20	4105.23	4098.18	4104.13	5022	0	40
2026.07.10	13:00:00	4104.13	4112.47	4104.05	4109.27	4545	0	40
2026.07.10	13:30:00	4109.28	4110.32	4104.21	4104.45	4015	0	40
2026.07.10	14:00:00	4104.41	4107.97	4099.98	4100.16	4209	0	40
2026.07.10	14:30:00	4100.03	4107.90	4095.98	4102.20	5302	0	40
2026.07.10	15:00:00	4102.18	4117.45	4100.84	4105.91	8448	0	40
2026.07.10	15:30:00	4106.28	4106.87	4097.45	4100.59	7819	0	40
2026.07.10	16:00:00	4100.56	4106.47	4085.38	4087.26	9068	0	40
2026.07.10	16:30:00	4087.46	4105.37	4086.73	4099.81	12089	0	40
2026.07.10	17:00:00	4099.80	4108.81	4097.33	4105.30	10965	0	40
2026.07.10	17:30:00	4105.49	4107.77	4072.74	4092.68	13995	0	40
2026.07.10	18:00:00	4093.13	4107.52	4091.21	4102.03	11137	0	40
2026.07.10	18:30:00	4102.19	4113.30	4101.41	4112.83	10056	0	40
2026.07.10	19:00:00	4112.78	4114.76	4107.23	4114.27	7713	0	40
2026.07.10	19:30:00	4114.26	4115.32	4104.13	4104.21	5495	0	40
2026.07.10	20:00:00	4104.22	4106.78	4102.11	4105.34	7351	0	40
2026.07.10	20:30:00	4105.33	4106.63	4100.30	4100.53	5319	0	40
2026.07.10	21:00:00	4100.55	4105.27	4099.84	4102.79	5204	0	40
2026.07.10	21:30:00	4102.80	4103.60	4097.84	4101.00	4318	0	40
2026.07.10	22:00:00	4100.96	4103.11	4097.67	4101.59	3654	0	40
2026.07.10	22:30:00	4101.62	4108.75	4100.33	4108.18	4115	0	40
2026.07.10	23:00:00	4108.11	4114.95	4108.03	4111.13	2707	0	40
2026.07.10	23:30:00	4111.15	4120.65	4110.02	4119.52	2126	0	52
2026.07.13	01:00:00	4091.85	4102.13	4079.67	4083.79	6639	0	40
2026.07.13	01:30:00	4083.83	4086.47	4069.86	4076.44	6347	0	51
2026.07.13	02:00:00	4076.47	4076.51	4068.29	4074.46	6948	0	40
2026.07.13	02:30:00	4074.44	4084.67	4071.47	4084.22	8446	0	51
2026.07.13	03:00:00	4084.84	4090.93	4074.12	4074.51	11104	0	40
2026.07.13	03:30:00	4074.49	4077.21	4060.91	4073.79	9797	0	40
2026.07.13	04:00:00	4074.01	4081.60	4065.22	4079.61	13387	0	40
2026.07.13	04:30:00	4079.69	4089.61	4067.45	4072.13	12738	0	40
2026.07.13	05:00:00	4072.57	4074.94	4066.27	4067.13	10822	0	40
2026.07.13	05:30:00	4067.14	4077.33	4064.36	4068.46	10802	0	40
2026.07.13	06:00:00	4068.30	4069.25	4052.92	4061.66	9827	0	40
2026.07.13	06:30:00	4061.67	4062.30	4056.85	4060.42	6767	0	40
2026.07.13	07:00:00	4060.42	4060.42	4050.07	4055.22	7215	0	40
2026.07.13	07:30:00	4055.24	4059.10	4052.53	4058.70	5302	0	40
2026.07.13	08:00:00	4058.70	4072.86	4054.74	4058.03	9023	0	40
2026.07.13	08:30:00	4057.81	4065.65	4052.11	4053.49	10938	0	40
2026.07.13	09:00:00	4053.46	4061.18	4043.70	4061.05	10747	0	40
2026.07.13	09:30:00	4061.11	4063.56	4051.96	4055.27	8718	0	40
2026.07.13	10:00:00	4055.30	4061.11	4048.79	4058.72	8256	0	40
2026.07.13	10:30:00	4058.73	4065.01	4055.93	4064.74	7494	0	40
2026.07.13	11:00:00	4064.86	4080.57	4062.84	4073.94	10598	0	40
2026.07.13	11:30:00	4073.89	4078.33	4071.70	4074.39	7390	0	40
2026.07.13	12:00:00	4074.23	4076.43	4071.19	4072.51	6799	0	40
2026.07.13	12:30:00	4072.50	4073.82	4067.97	4068.07	6606	0	40
2026.07.13	13:00:00	4067.96	4070.40	4064.30	4065.00	6102	0	40
2026.07.13	13:30:00	4065.02	4068.10	4046.60	4060.49	7970	0	40
2026.07.13	14:00:00	4060.47	4067.87	4057.88	4062.76	7699	0	40
2026.07.13	14:30:00	4062.43	4068.10	4054.72	4056.26	7469	0	40
2026.07.13	15:00:00	4056.28	4063.39	4053.41	4058.83	8656	0	40
2026.07.13	15:30:00	4058.82	4067.24	4058.49	4067.18	8760	0	40
2026.07.13	16:00:00	4067.20	4067.40	4058.49	4061.99	10014	0	40
2026.07.13	16:30:00	4062.01	4063.78	4041.84	4042.98	14407	0	40
2026.07.13	17:00:00	4043.09	4046.71	4002.41	4016.54	15242	0	40
2026.07.13	17:30:00	4016.24	4016.92	4000.02	4015.14	14366	0	40
2026.07.13	18:00:00	4015.04	4020.15	4010.78	4016.40	11669	0	40
2026.07.13	18:30:00	4016.63	4017.51	4010.08	4015.78	9930	0	40
2026.07.13	19:00:00	4015.76	4017.78	4000.52	4003.67	10239	0	51
2026.07.13	19:30:00	4003.66	4004.63	3986.26	3993.18	13973	0	40
2026.07.13	20:00:00	3993.50	4001.68	3991.94	3998.76	10405	0	40
2026.07.13	20:30:00	3998.78	4000.68	3991.94	3993.01	10553	0	40
2026.07.13	21:00:00	3993.00	3996.70	3986.63	3995.01	11680	0	40
2026.07.13	21:30:00	3995.15	4004.96	3993.80	4001.27	9143	0	40
2026.07.13	22:00:00	4001.28	4004.37	3996.61	3998.20	8589	0	51
2026.07.13	22:30:00	3998.14	4002.16	3993.27	4001.76	8691	0	40
2026.07.13	23:00:00	4001.80	4005.88	3996.62	3999.70	4469	0	51
2026.07.13	23:30:00	3999.69	4001.92	3997.18	4000.79	3647	0	51
2026.07.14	01:00:00	4005.55	4006.62	4001.20	4004.32	2806	0	54
2026.07.14	01:30:00	4004.30	4005.39	4000.66	4000.72	4179	0	51
2026.07.14	02:00:00	4000.73	4002.97	3996.74	3997.27	4589	0	51
2026.07.14	02:30:00	3997.23	4001.74	3992.34	4000.88	7718	0	51
2026.07.14	03:00:00	4001.31	4004.70	3983.34	3995.27	13937	0	51
2026.07.14	03:30:00	3995.29	4007.05	3994.18	4004.12	12617	0	40
2026.07.14	04:00:00	4004.13	4004.70	3991.95	3997.60	12821	0	40
2026.07.14	04:30:00	3997.62	4012.01	3992.79	4010.19	11636	0	40
2026.07.14	05:00:00	4010.30	4018.98	4005.89	4017.72	10005	0	40
2026.07.14	05:30:00	4017.77	4018.89	4008.94	4012.13	7807	0	40
2026.07.14	06:00:00	4012.14	4018.68	4011.05	4017.67	8064	0	40
2026.07.14	06:30:00	4017.72	4018.94	4013.74	4016.82	7406	0	51
2026.07.14	07:00:00	4016.94	4018.72	4013.40	4015.60	5878	0	51
2026.07.14	07:30:00	4015.59	4023.23	4015.59	4020.09	5624	0	40
2026.07.14	08:00:00	4020.18	4023.90	4019.39	4022.54	4984	0	40
2026.07.14	08:30:00	4022.55	4033.90	4022.37	4031.26	8537	0	40
2026.07.14	09:00:00	4031.27	4032.98	4022.93	4022.93	7506	0	40
2026.07.14	09:30:00	4022.91	4026.49	4021.59	4023.78	7762	0	40
2026.07.14	10:00:00	4023.76	4029.64	4020.58	4026.08	9106	0	40
2026.07.14	10:30:00	4025.99	4029.51	4019.99	4020.52	8720	0	40
2026.07.14	11:00:00	4020.94	4022.96	4014.28	4021.57	9193	0	40
2026.07.14	11:30:00	4021.54	4023.72	4015.77	4015.82	7635	0	51
2026.07.14	12:00:00	4015.84	4024.30	4013.73	4015.59	7148	0	40
2026.07.14	12:30:00	4015.58	4023.73	4013.51	4021.62	6755	0	40
2026.07.14	13:00:00	4021.54	4022.09	4015.50	4017.57	6548	0	40
2026.07.14	13:30:00	4017.58	4022.74	4014.97	4021.55	6362	0	40
2026.07.14	14:00:00	4021.56	4028.22	4015.20	4024.62	7863	0	40
2026.07.14	14:30:00	4024.61	4031.72	4024.32	4031.02	7006	0	40
2026.07.14	15:00:00	4030.94	4035.63	4023.08	4029.75	8389	0	40
2026.07.14	15:30:00	4029.76	4103.86	4029.76	4075.96	15579	0	40
2026.07.14	16:00:00	4075.97	4086.21	4070.55	4081.18	14219	0	40
2026.07.14	16:30:00	4081.63	4088.38	4074.12	4076.44	14880	0	40
2026.07.14	17:00:00	4076.37	4085.15	4070.46	4076.74	14735	0	40
2026.07.14	17:30:00	4076.64	4090.30	4073.07	4084.93	13385	0	40
2026.07.14	18:00:00	4084.93	4100.23	4078.58	4084.77	12610	0	40
2026.07.14	18:30:00	4084.80	4086.72	4064.45	4065.95	12888	0	40
2026.07.14	19:00:00	4065.98	4066.69	4057.61	4059.14	10672	0	40
2026.07.14	19:30:00	4059.15	4062.69	4057.52	4061.32	8345	0	51
2026.07.14	20:00:00	4061.38	4064.38	4054.38	4062.71	8620	0	40
2026.07.14	20:30:00	4062.75	4064.95	4058.17	4062.67	5881	0	40
2026.07.14	21:00:00	4062.55	4063.02	4056.46	4058.38	5851	0	51
2026.07.14	21:30:00	4058.33	4059.38	4042.74	4053.96	7626	0	40
2026.07.14	22:00:00	4053.99	4057.08	4051.20	4051.46	6038	0	40
2026.07.14	22:30:00	4051.50	4056.72	4047.50	4055.54	6874	0	40
2026.07.14	23:00:00	4055.57	4056.35	4052.07	4052.81	2979	0	40
2026.07.14	23:30:00	4052.84	4053.30	4049.01	4052.58	2462	0	40
2026.07.15	01:00:00	4053.40	4054.31	4048.74	4051.49	3684	0	53
2026.07.15	01:30:00	4051.50	4052.57	4048.36	4048.74	3439	0	51
2026.07.15	02:00:00	4048.76	4053.75	4046.54	4053.73	4283	0	53
2026.07.15	02:30:00	4053.67	4055.97	4051.24	4052.85	6419	0	40
2026.07.15	03:00:00	4052.82	4058.03	4050.79	4058.01	10021	0	40
2026.07.15	03:30:00	4058.09	4060.42	4052.04	4058.84	7055	0	40
2026.07.15	04:00:00	4058.86	4061.92	4052.56	4054.26	11105	0	40
2026.07.15	04:30:00	4054.25	4054.53	4035.33	4037.25	11010	0	40
2026.07.15	05:00:00	4037.21	4042.08	4028.95	4032.78	8877	0	40
2026.07.15	05:30:00	4032.69	4041.74	4032.47	4035.05	7725	0	40
2026.07.15	06:00:00	4035.03	4040.24	4030.05	4030.90	8119	0	40
2026.07.15	06:30:00	4030.91	4035.53	4027.91	4031.13	5169	0	51
2026.07.15	07:00:00	4031.11	4034.87	4029.86	4033.41	4772	0	40
2026.07.15	07:30:00	4033.42	4034.97	4027.97	4033.04	3881	0	40
2026.07.15	08:00:00	4033.09	4035.92	4024.61	4024.91	6316	0	51
2026.07.15	08:30:00	4024.90	4036.58	4021.87	4034.61	8359	0	40
2026.07.15	09:00:00	4034.47	4035.27	4021.08	4026.26	8125	0	40
2026.07.15	09:30:00	4026.32	4033.59	4022.59	4031.93	7861	0	40
2026.07.15	10:00:00	4031.97	4034.13	4019.86	4023.88	9154	0	40
2026.07.15	10:30:00	4023.83	4026.85	4019.54	4024.30	7185	0	40
2026.07.15	11:00:00	4024.51	4026.57	4017.21	4026.55	8620	0	51
2026.07.15	11:30:00	4026.53	4033.01	4024.32	4030.97	6697	0	40
2026.07.15	12:00:00	4031.01	4034.17	4026.85	4027.24	6374	0	40
2026.07.15	12:30:00	4027.25	4030.19	4025.28	4030.04	5525	0	51
2026.07.15	13:00:00	4030.04	4035.83	4026.44	4028.64	7432	0	40
2026.07.15	13:30:00	4028.65	4033.90	4026.84	4027.96	7275	0	51
2026.07.15	14:00:00	4027.85	4032.77	4027.43	4030.58	7392	0	51
2026.07.15	14:30:00	4030.54	4040.03	4029.11	4038.18	7455	0	40
2026.07.15	15:00:00	4038.20	4042.34	4035.70	4039.25	9956	0	51
2026.07.15	15:30:00	4039.09	4071.33	4039.09	4067.60	13019	0	40
2026.07.15	16:00:00	4068.06	4073.95	4054.10	4055.70	12048	0	40
2026.07.15	16:30:00	4055.69	4066.08	4054.86	4061.37	13370	0	40
2026.07.15	17:00:00	4061.67	4065.85	4055.31	4058.19	13159	0	40
2026.07.15	17:30:00	4058.29	4063.82	4053.06	4060.40	12782	0	40
2026.07.15	18:00:00	4060.68	4062.86	4039.47	4048.90	13432	0	40
2026.07.15	18:30:00	4048.89	4050.66	4044.66	4046.70	11066	0	40
2026.07.15	19:00:00	4046.68	4047.67	4032.73	4034.61	12749	0	40
2026.07.15	19:30:00	4034.59	4037.84	4026.62	4033.53	13042	0	40
2026.07.15	20:00:00	4033.63	4048.01	4032.77	4047.31	8919	0	40
2026.07.15	20:30:00	4047.27	4065.96	4047.00	4062.06	11588	0	51
2026.07.15	21:00:00	4062.09	4075.12	4061.59	4074.00	11312	0	40
2026.07.15	21:30:00	4074.07	4080.99	4057.83	4058.93	10921	0	40
2026.07.15	22:00:00	4058.96	4062.66	4052.74	4055.90	9791	0	51
2026.07.15	22:30:00	4055.98	4057.35	4047.67	4056.83	10318	0	40
2026.07.15	23:00:00	4056.63	4061.93	4054.91	4061.06	3162	0	51
2026.07.15	23:30:00	4061.07	4062.88	4059.65	4060.25	2754	0	53
2026.07.16	01:00:00	4064.85	4066.35	4060.62	4062.03	3553	0	51
2026.07.16	01:30:00	4062.06	4062.20	4058.02	4059.46	3674	0	51
2026.07.16	02:00:00	4059.39	4061.93	4056.80	4057.59	4263	0	40
2026.07.16	02:30:00	4057.62	4060.67	4055.44	4057.73	6209	0	51
2026.07.16	03:00:00	4057.91	4060.14	4054.64	4058.13	10334	0	51
2026.07.16	03:30:00	4058.14	4061.05	4043.46	4044.39	10186	0	51
2026.07.16	04:00:00	4044.38	4050.29	4033.63	4036.62	14682	0	40
2026.07.16	04:30:00	4036.60	4045.82	4036.39	4038.89	13663	0	40
2026.07.16	05:00:00	4038.89	4039.98	4028.66	4034.33	10879	0	51
2026.07.16	05:30:00	4034.26	4035.63	4023.91	4031.29	12077	0	51
2026.07.16	06:00:00	4031.19	4033.84	4027.47	4033.78	10652	0	51
2026.07.16	06:30:00	4033.70	4036.64	4032.12	4036.05	7869	0	51
2026.07.16	07:00:00	4036.04	4037.70	4031.70	4033.66	6399	0	51
2026.07.16	07:30:00	4033.65	4035.16	4031.77	4032.94	5578	0	40
2026.07.16	08:00:00	4032.95	4033.86	4026.55	4027.58	7213	0	51
2026.07.16	08:30:00	4027.59	4032.90	4025.10	4027.03	11578	0	51
2026.07.16	09:00:00	4027.12	4036.31	4026.87	4030.24	10905	0	40
2026.07.16	09:30:00	4030.19	4031.33	4022.76	4030.41	9841	0	51
2026.07.16	10:00:00	4030.38	4030.63	4023.52	4024.26	9875	0	40
2026.07.16	10:30:00	4024.25	4031.71	4022.80	4030.52	8475	0	51
2026.07.16	11:00:00	4030.42	4034.00	4025.03	4032.17	9390	0	51
2026.07.16	11:30:00	4032.13	4036.51	4031.90	4035.09	7732	0	51
2026.07.16	12:00:00	4035.16	4037.61	4030.71	4032.88	7175	0	40
2026.07.16	12:30:00	4032.87	4036.17	4030.27	4031.57	6890	0	40
2026.07.16	13:00:00	4031.48	4034.54	4029.47	4033.18	6173	0	51
2026.07.16	13:30:00	4033.19	4034.40	4028.41	4029.31	7120	0	51
2026.07.16	14:00:00	4029.24	4030.00	4021.08	4024.18	7553	0	51
2026.07.16	14:30:00	4024.12	4042.17	4023.32	4038.26	10071	0	40
2026.07.16	15:00:00	4038.27	4043.17	4012.59	4025.02	11619	0	40
2026.07.16	15:30:00	4025.06	4029.44	3990.11	3992.13	14425	0	40
2026.07.16	16:00:00	3991.83	4006.00	3973.54	4005.29	14698	0	40
2026.07.16	16:30:00	4005.42	4008.18	3981.53	3989.95	16309	0	40
2026.07.16	17:00:00	3989.96	4000.49	3986.93	3999.14	15052	0	40
2026.07.16	17:30:00	3999.16	4006.59	3992.28	3997.69	13588	0	40
2026.07.16	18:00:00	3997.71	4016.64	3989.14	4011.15	13841	0	40
2026.07.16	18:30:00	4011.14	4016.10	4005.32	4006.81	12591	0	40
2026.07.16	19:00:00	4006.86	4007.45	3982.18	3987.25	13272	0	40
2026.07.16	19:30:00	3987.26	3996.82	3986.72	3991.84	11128	0	40
2026.07.16	20:00:00	3992.01	3992.77	3982.56	3987.54	11287	0	40
2026.07.16	20:30:00	3987.55	3988.59	3979.89	3984.45	10466	0	51
2026.07.16	21:00:00	3984.60	3990.26	3983.45	3986.34	10067	0	40
2026.07.16	21:30:00	3986.07	3986.19	3976.29	3980.15	10099	0	40
2026.07.16	22:00:00	3980.16	3985.98	3978.49	3978.79	8472	0	51
2026.07.16	22:30:00	3978.76	3982.32	3969.06	3979.73	10714	0	40
2026.07.16	23:00:00	3979.82	3979.85	3971.63	3974.65	3803	0	51
2026.07.16	23:30:00	3974.65	3976.50	3973.26	3976.24	3542	0	51
2026.07.17	01:00:00	3977.87	3980.20	3974.56	3976.32	3674	0	54
2026.07.17	01:30:00	3976.31	3978.20	3973.05	3978.07	3914	0	40
2026.07.17	02:00:00	3978.06	3980.40	3975.03	3978.29	4656	0	51
2026.07.17	02:30:00	3978.28	3986.23	3975.35	3985.73	7685	0	51
2026.07.17	03:00:00	3985.71	3990.74	3982.85	3984.56	12338	0	40
2026.07.17	03:30:00	3984.55	3991.82	3980.26	3991.82	9876	0	51
2026.07.17	04:00:00	3991.83	3995.86	3987.09	3990.86	14304	0	40
2026.07.17	04:30:00	3990.84	3995.22	3978.98	3983.05	14294	0	40
2026.07.17	05:00:00	3983.17	3987.13	3979.53	3982.81	11504	0	51
2026.07.17	05:30:00	3982.84	3983.94	3970.59	3978.94	13585	0	51
2026.07.17	06:00:00	3978.71	4008.66	3978.53	4000.98	13279	0	40
2026.07.17	06:30:00	4000.86	4001.37	3990.40	3991.14	9205	0	51
2026.07.17	07:00:00	3991.11	3991.47	3984.96	3986.07	8990	0	51
2026.07.17	07:30:00	3986.05	3988.04	3979.96	3981.49	8595	0	51
2026.07.17	08:00:00	3981.36	3982.53	3974.85	3979.61	9838	0	51
2026.07.17	08:30:00	3979.58	3991.24	3978.17	3984.78	13390	0	51
2026.07.17	09:00:00	3984.81	4005.86	3984.81	4003.63	13006	0	51
2026.07.17	09:30:00	4003.71	4006.95	3995.46	3999.13	11614	0	51
2026.07.17	10:00:00	3999.12	4002.33	3993.12	3996.15	11626	0	51
2026.07.17	10:30:00	3996.12	3998.55	3992.43	3992.48	10636	0	51
2026.07.17	11:00:00	3992.39	3999.65	3987.99	3992.17	12991	0	40
2026.07.17	11:30:00	3992.19	3999.31	3987.65	3993.98	10630	0	51
2026.07.17	12:00:00	3993.91	4002.22	3992.60	3998.89	11051	0	40
2026.07.17	12:30:00	3998.96	3999.51	3994.53	3997.88	8195	0	51
2026.07.17	13:00:00	3997.87	3998.85	3994.26	3995.87	10433	0	51
2026.07.17	13:30:00	3995.88	3997.34	3990.34	3990.56	8667	0	51
2026.07.17	14:00:00	3990.66	3995.94	3989.78	3995.55	9534	0	40
2026.07.17	14:30:00	3995.67	3998.59	3991.23	3993.84	7709	0	51
2026.07.17	15:00:00	3993.88	3995.34	3984.08	3987.02	10609	0	40
2026.07.17	15:30:00	3987.07	3988.11	3963.84	3965.98	12310	0	40
2026.07.17	16:00:00	3966.03	3975.69	3959.38	3968.12	14528	0	51
2026.07.17	16:30:00	3968.03	4003.47	3963.48	3997.07	16737	0	40
2026.07.17	17:00:00	3996.92	4004.27	3990.08	3998.39	16355	0	40
2026.07.17	17:30:00	3998.36	4001.16	3991.98	4000.94	14832	0	51
2026.07.17	18:00:00	4000.97	4013.94	3997.63	4013.22	14958	0	40
2026.07.17	18:30:00	4013.25	4020.91	4009.08	4018.88	12992	0	51
2026.07.17	19:00:00	4019.07	4023.70	4010.86	4018.48	12264	0	40
2026.07.17	19:30:00	4018.47	4020.40	4012.60	4014.79	8702	0	40
2026.07.17	20:00:00	4015.14	4019.02	4012.33	4013.67	8258	0	40
2026.07.17	20:30:00	4013.70	4014.33	4008.17	4009.77	8924	0	51
2026.07.17	21:00:00	4009.86	4015.91	4007.57	4015.23	9332	0	40
2026.07.17	21:30:00	4015.22	4016.02	4006.40	4011.07	7271	0	40
2026.07.17	22:00:00	4011.05	4011.25	4002.13	4005.18	7747	0	40
2026.07.17	22:30:00	4005.37	4016.26	4004.78	4015.16	9276	0	40
2026.07.17	23:00:00	4015.20	4015.70	4008.72	4010.68	3939	0	51
2026.07.17	23:30:00	4010.67	4018.24	4008.15	4016.98	2595	0	58
2026.07.20	01:00:00	3998.94	4006.25	3993.84	3994.41	4787	0	68
2026.07.20	01:30:00	3994.31	3999.10	3993.25	3994.63	5624	0	53
2026.07.20	02:00:00	3994.70	3995.39	3990.33	3992.93	5284	0	54
2026.07.20	02:30:00	3992.96	3995.97	3989.18	3995.22	7768	0	53
2026.07.20	03:00:00	3995.18	4005.45	3982.47	4003.58	11627	0	40
2026.07.20	03:30:00	4003.59	4009.92	3998.14	4008.37	11072	0	51
2026.07.20	04:00:00	4008.44	4020.66	3999.61	4002.87	13931	0	40
2026.07.20	04:30:00	4002.89	4005.56	3995.56	4002.00	12851	0	51
2026.07.20	05:00:00	4001.92	4009.76	4001.11	4006.57	12771	0	51
2026.07.20	05:30:00	4006.60	4028.49	4005.82	4021.77	13209	0	40
2026.07.20	06:00:00	4021.76	4026.53	4018.45	4022.02	11182	0	51
2026.07.20	06:30:00	4022.14	4027.80	4018.56	4023.83	7562	0	51
2026.07.20	07:00:00	4023.85	4026.57	4021.26	4025.12	6326	0	51
2026.07.20	07:30:00	4025.14	4025.18	4018.28	4018.64	6642	0	40
2026.07.20	08:00:00	4018.63	4020.86	4009.68	4010.69	8125	0	51
2026.07.20	08:30:00	4010.67	4014.26	4005.19	4008.55	10913	0	51
2026.07.20	09:00:00	4008.54	4011.56	4003.84	4004.66	9243	0	51
2026.07.20	09:30:00	4004.71	4007.37	4002.82	4003.65	8560	0	40
2026.07.20	10:00:00	4003.66	4008.48	4001.86	4006.55	8437	0	51
2026.07.20	10:30:00	4006.46	4021.71	4006.41	4017.11	10377	0	51
2026.07.20	11:00:00	4016.94	4030.55	4016.94	4021.84	10072	0	51
2026.07.20	11:30:00	4021.84	4024.63	4017.27	4018.77	7269	0	40
2026.07.20	12:00:00	4018.76	4021.83	4014.95	4016.22	6716	0	40
2026.07.20	12:30:00	4016.19	4023.12	4014.65	4020.97	6231	0	40
2026.07.20	13:00:00	4020.98	4023.06	4018.00	4021.63	4968	0	51
2026.07.20	13:30:00	4021.62	4025.45	4020.76	4023.91	5417	0	51
2026.07.20	14:00:00	4023.96	4027.04	4019.59	4021.99	7354	0	40
2026.07.20	14:30:00	4022.00	4040.49	4021.31	4025.12	11606	0	40
2026.07.20	15:00:00	4025.12	4025.12	4006.69	4012.73	10901	0	40
2026.07.20	15:30:00	4012.74	4015.54	4006.38	4008.00	9990	0	40
2026.07.20	16:00:00	4007.93	4013.73	4006.89	4008.53	11101	0	40
2026.07.20	16:30:00	4008.89	4017.21	4005.50	4005.62	13698	0	40
2026.07.20	17:00:00	4005.52	4007.70	3998.06	4006.47	13496	0	40
2026.07.20	17:30:00	4006.56	4013.33	4004.85	4005.89	12246	0	40
2026.07.20	18:00:00	4005.96	4019.32	4004.23	4016.23	12981	0	40
2026.07.20	18:30:00	4016.24	4016.59	4010.01	4011.60	10343	0	51
2026.07.20	19:00:00	4011.60	4018.18	4010.48	4012.36	10449	0	51
2026.07.20	19:30:00	4012.37	4012.54	4001.27	4009.59	11266	0	40
2026.07.20	20:00:00	4009.57	4012.89	4008.71	4011.91	8327	0	40
2026.07.20	20:30:00	4012.09	4012.82	4003.49	4005.02	7804	0	51
2026.07.20	21:00:00	4005.06	4011.62	4003.12	4006.42	8479	0	40
2026.07.20	21:30:00	4006.57	4008.56	4004.13	4007.11	8238	0	51
2026.07.20	22:00:00	4007.09	4012.68	4004.08	4012.59	8340	0	40
2026.07.20	22:30:00	4012.65	4017.81	4005.12	4006.83	9028	0	40
2026.07.20	23:00:00	4006.88	4009.12	4005.59	4008.08	2735	0	51
2026.07.20	23:30:00	4008.09	4009.30	4006.83	4007.41	2091	0	52
2026.07.21	01:00:00	4009.69	4010.58	4004.87	4009.53	3513	0	40
2026.07.21	01:30:00	4009.54	4009.55	3999.56	4000.22	5830	0	40
2026.07.21	02:00:00	4000.40	4009.77	4000.01	4003.37	5996	0	51
2026.07.21	02:30:00	4003.32	4010.26	4003.13	4009.72	6662	0	51
2026.07.21	03:00:00	4009.71	4018.31	4003.55	4014.79	12777	0	51
2026.07.21	03:30:00	4014.80	4026.99	4014.01	4024.72	10257	0	51
2026.07.21	04:00:00	4024.73	4035.61	4018.17	4027.99	11948	0	40
2026.07.21	04:30:00	4028.01	4030.66	4021.14	4023.01	11132	0	51
2026.07.21	05:00:00	4023.08	4029.87	4021.77	4028.61	8717	0	51
2026.07.21	05:30:00	4028.68	4045.01	4027.79	4037.78	11161	0	51
2026.07.21	06:00:00	4037.76	4051.03	4036.67	4047.25	9845	0	51
2026.07.21	06:30:00	4047.28	4049.36	4041.64	4046.75	7093	0	51
2026.07.21	07:00:00	4046.76	4051.56	4043.51	4044.54	5972	0	51
2026.07.21	07:30:00	4044.57	4049.62	4044.08	4049.39	5634	0	51
2026.07.21	08:00:00	4049.41	4056.40	4046.15	4054.22	6579	0	40
2026.07.21	08:30:00	4054.48	4067.77	4054.48	4061.35	9777	0	40
2026.07.21	09:00:00	4061.27	4074.29	4061.27	4072.28	8850	0	40
2026.07.21	09:30:00	4072.43	4083.87	4071.76	4078.20	7553	0	40
2026.07.21	10:00:00	4078.33	4080.04	4068.08	4069.43	5895	0	51
2026.07.21	10:30:00	4069.39	4075.18	4067.53	4071.18	5983	0	51
2026.07.21	11:00:00	4071.03	4072.39	4062.80	4063.43	7244	0	40
2026.07.21	11:30:00	4063.38	4064.97	4058.96	4062.67	5277	0	51
2026.07.21	12:00:00	4062.76	4068.18	4062.39	4062.62	5455	0	40
2026.07.21	12:30:00	4062.61	4069.62	4060.85	4065.80	5509	0	40
2026.07.21	13:00:00	4065.78	4069.12	4060.87	4066.67	7619	0	51
2026.07.21	13:30:00	4066.68	4069.99	4062.37	4062.75	6653	0	51
2026.07.21	14:00:00	4062.76	4063.49	4055.32	4057.82	5973	0	40
2026.07.21	14:30:00	4057.89	4060.93	4054.25	4055.78	5122	0	40
2026.07.21	15:00:00	4055.85	4065.55	4055.47	4061.42	8126	0	40
2026.07.21	15:30:00	4061.48	4063.57	4050.82	4053.66	9364	0	40
2026.07.21	16:00:00	4053.86	4061.48	4050.06	4050.75	10963	0	40
2026.07.21	16:30:00	4050.81	4057.24	4044.27	4052.94	13190	0	40
2026.07.21	17:00:00	4052.96	4069.22	4051.64	4069.22	12401	0	40
2026.07.21	17:30:00	4069.11	4073.66	4062.10	4068.16	11026	0	40
2026.07.21	18:00:00	4068.08	4078.99	4065.34	4076.61	10263	0	40
2026.07.21	18:30:00	4076.63	4083.28	4072.04	4074.02	7811	0	40
2026.07.21	19:00:00	4074.02	4078.96	4073.37	4075.51	5607	0	40
2026.07.21	19:30:00	4075.53	4076.22	4069.70	4071.39	5039	0	40
2026.07.21	20:00:00	4071.48	4072.68	4068.75	4072.08	5658	0	51
2026.07.21	20:30:00	4071.94	4072.14	4066.63	4068.49	4309	0	51
2026.07.21	21:00:00	4068.50	4086.96	4067.47	4083.64	6027	0	40
2026.07.21	21:30:00	4083.63	4085.43	4079.13	4082.08	4604	0	51
2026.07.21	22:00:00	4082.10	4085.38	4079.93	4083.89	4810	0	40
2026.07.21	22:30:00	4083.92	4085.23	4081.66	4084.39	5186	0	40
2026.07.21	23:00:00	4084.28	4086.10	4081.39	4082.55	2069	0	40
2026.07.21	23:30:00	4082.57	4085.19	4076.39	4077.56	2211	0	51
2026.07.22	01:00:00	4078.77	4082.85	4076.83	4082.49	3537	0	51
2026.07.22	01:30:00	4082.53	4084.89	4078.02	4080.31	4060	0	51
2026.07.22	02:00:00	4080.30	4082.34	4079.34	4080.94	2906	0	52
2026.07.22	02:30:00	4080.95	4082.99	4078.99	4080.54	4467	0	52
2026.07.22	03:00:00	4080.48	4098.58	4076.54	4097.90	11938	0	40
2026.07.22	03:30:00	4097.92	4102.45	4089.36	4097.34	11017	0	40
2026.07.22	04:00:00	4097.31	4121.54	4096.55	4115.27	13720	0	40
2026.07.22	04:30:00	4115.24	4123.38	4112.72	4121.89	12579	0	40
2026.07.22	05:00:00	4121.97	4125.89	4118.62	4124.04	10459	0	51
2026.07.22	05:30:00	4124.05	4130.77	4122.09	4130.36	11306	0	40
2026.07.22	06:00:00	4130.37	4141.45	4129.12	4138.00	9483	0	40
2026.07.22	06:30:00	4138.00	4138.06	4129.97	4130.67	7447	0	51
2026.07.22	07:00:00	4130.66	4131.04	4126.09	4128.59	6315	0	51
2026.07.22	07:30:00	4128.57	4128.82	4124.60	4126.83	6059	0	51
2026.07.22	08:00:00	4126.85	4129.79	4122.95	4123.48	6850	0	51
2026.07.22	08:30:00	4123.50	4133.89	4122.83	4130.88	10306	0	40
2026.07.22	09:00:00	4130.79	4135.07	4113.85	4117.27	8065	0	40
2026.07.22	09:30:00	4117.28	4120.42	4113.25	4116.31	8820	0	40
2026.07.22	10:00:00	4116.83	4122.31	4111.81	4119.57	8112	0	40
2026.07.22	10:30:00	4119.48	4122.80	4109.02	4110.41	8690	0	51
2026.07.22	11:00:00	4110.39	4117.70	4110.39	4117.37	8468	0	51
2026.07.22	11:30:00	4117.22	4119.92	4113.15	4118.15	7721	0	51
2026.07.22	12:00:00	4118.18	4122.18	4117.67	4118.51	8415	0	51
2026.07.22	12:30:00	4118.44	4121.56	4113.14	4114.87	7764	0	51
2026.07.22	13:00:00	4114.88	4121.65	4114.74	4119.20	7926	0	40
2026.07.22	13:30:00	4119.20	4120.12	4115.79	4117.38	6442	0	40
2026.07.22	14:00:00	4117.35	4122.84	4114.95	4118.39	6539	0	40
2026.07.22	14:30:00	4118.42	4122.77	4112.37	4122.34	7572	0	40
2026.07.22	15:00:00	4122.49	4133.02	4121.59	4132.53	9460	0	40
2026.07.22	15:30:00	4132.51	4134.26	4106.54	4112.65	9483	0	40
2026.07.22	16:00:00	4112.68	4134.87	4112.48	4131.63	9790	0	40
2026.07.22	16:30:00	4131.82	4155.81	4131.82	4154.54	14471	0	40
2026.07.22	17:00:00	4154.58	4163.42	4144.16	4146.07	13106	0	40
2026.07.22	17:30:00	4146.20	4152.85	4143.95	4148.35	12313	0	40
2026.07.22	18:00:00	4148.37	4161.22	4148.37	4157.06	9604	0	40
2026.07.22	18:30:00	4157.04	4165.87	4155.55	4159.12	9789	0	40
2026.07.22	19:00:00	4159.14	4159.29	4147.66	4149.04	8221	0	40
2026.07.22	19:30:00	4149.12	4151.12	4144.23	4146.68	7621	0	40
2026.07.22	20:00:00	4146.78	4147.69	4142.57	4145.85	7667	0	40
2026.07.22	20:30:00	4145.85	4147.25	4138.12	4142.21	6137	0	40
2026.07.22	21:00:00	4142.19	4142.49	4134.59	4135.00	8564	0	40
2026.07.22	21:30:00	4134.99	4138.70	4131.78	4135.92	7152	0	40
2026.07.22	22:00:00	4135.92	4137.12	4131.57	4134.24	5603	0	40
2026.07.22	22:30:00	4134.13	4136.08	4128.71	4131.58	7083	0	40
2026.07.22	23:00:00	4131.53	4137.53	4130.17	4136.52	5064	0	40
2026.07.22	23:30:00	4136.50	4137.33	4128.15	4129.75	3651	0	51
2026.07.23	01:00:00	4113.21	4130.54	4113.21	4128.58	5003	0	40
2026.07.23	01:30:00	4128.57	4129.63	4119.76	4121.52	7092	0	51
2026.07.23	02:00:00	4121.58	4124.60	4116.31	4119.77	6269	0	40
2026.07.23	02:30:00	4119.80	4133.98	4118.84	4133.25	6680	0	40
2026.07.23	03:00:00	4133.28	4134.57	4125.96	4128.96	10191	0	40
2026.07.23	03:30:00	4128.95	4133.13	4124.93	4131.98	9540	0	40
2026.07.23	04:00:00	4131.91	4140.79	4129.60	4137.12	12548	0	40
2026.07.23	04:30:00	4137.23	4139.05	4114.22	4117.66	13636	0	51
2026.07.23	05:00:00	4117.65	4118.72	4111.86	4116.07	9601	0	40
2026.07.23	05:30:00	4116.08	4128.53	4113.64	4127.91	10508	0	40
2026.07.23	06:00:00	4127.84	4132.94	4123.84	4130.31	9096	0	51
2026.07.23	06:30:00	4130.30	4130.97	4123.82	4124.49	7427	0	51
2026.07.23	07:00:00	4124.51	4129.69	4122.32	4129.63	7358	0	40
2026.07.23	07:30:00	4129.49	4130.15	4119.84	4121.06	6424	0	51
2026.07.23	08:00:00	4121.07	4125.37	4119.24	4125.35	7213	0	40
2026.07.23	08:30:00	4125.46	4130.40	4120.43	4123.83	9572	0	51
2026.07.23	09:00:00	4123.82	4128.03	4121.08	4121.91	8817	0	51
2026.07.23	09:30:00	4121.94	4123.63	4116.72	4118.39	8764	0	40
2026.07.23	10:00:00	4118.40	4119.24	4101.83	4108.20	9944	0	40
2026.07.23	10:30:00	4108.21	4108.66	4090.10	4095.23	9989	0	40
2026.07.23	11:00:00	4095.11	4097.47	4088.33	4091.72	8401	0	40
2026.07.23	11:30:00	4091.64	4094.62	4086.82	4093.17	7293	0	40
2026.07.23	12:00:00	4093.08	4099.14	4089.26	4091.21	8159	0	40
2026.07.23	12:30:00	4091.26	4094.05	4088.27	4089.70	7240	0	40
2026.07.23	13:00:00	4089.68	4092.32	4085.94	4089.69	6629	0	51
2026.07.23	13:30:00	4089.57	4095.06	4086.42	4092.99	7072	0	40
2026.07.23	14:00:00	4093.11	4093.67	4080.77	4084.12	8108	0	40
2026.07.23	14:30:00	4083.88	4088.91	4072.86	4085.46	9890	0	40
2026.07.23	15:00:00	4085.47	4085.77	4070.14	4075.90	9800	0	40
2026.07.23	15:30:00	4074.19	4074.82	4060.75	4061.62	12866	0	40
2026.07.23	16:00:00	4061.55	4063.33	4040.32	4058.62	15472	0	40
2026.07.23	16:30:00	4058.55	4067.30	4042.55	4043.08	14681	0	40
2026.07.23	17:00:00	4043.39	4056.75	4040.00	4056.24	14677	0	40
2026.07.23	17:30:00	4056.32	4061.57	4051.52	4057.69	13499	0	40
2026.07.23	18:00:00	4057.97	4059.24	4045.36	4046.86	13136	0	40
2026.07.23	18:30:00	4046.83	4053.01	4042.13	4048.42	11738	0	40
2026.07.23	19:00:00	4048.43	4051.19	4045.63	4049.81	8398	0	40
2026.07.23	19:30:00	4049.80	4051.50	4046.78	4051.18	7661	0	40
2026.07.23	20:00:00	4051.29	4054.35	4045.88	4047.00	9004	0	40
2026.07.23	20:30:00	4046.94	4048.93	4041.46	4041.57	9185	0	40
2026.07.23	21:00:00	4041.58	4045.02	4040.50	4044.39	10264	0	40
2026.07.23	21:30:00	4044.38	4048.21	4044.32	4045.98	6921	0	40
2026.07.23	22:00:00	4046.05	4048.93	4042.76	4048.01	5837	0	40
2026.07.23	22:30:00	4048.10	4050.84	4044.67	4049.62	7867	0	40
2026.07.23	23:00:00	4049.63	4051.04	4047.21	4050.02	3294	0	40
2026.07.23	23:30:00	4050.04	4050.44	4047.28	4049.24	2140	0	51
2026.07.24	01:00:00	4048.75	4050.56	4048.31	4049.76	2090	0	51
2026.07.24	01:30:00	4049.77	4050.29	4048.26	4049.36	2311	0	40
2026.07.24	02:00:00	4049.33	4049.73	4046.97	4049.05	3298	0	51
2026.07.24	02:30:00	4049.00	4050.46	4046.41	4046.83	6328	0	40
2026.07.24	03:00:00	4046.82	4049.80	4041.07	4046.56	10696	0	40
2026.07.24	03:30:00	4046.55	4050.63	4044.73	4049.67	8671	0	51
2026.07.24	04:00:00	4049.78	4050.00	4039.91	4042.57	12419	0	40
2026.07.24	04:30:00	4042.50	4050.30	4041.19	4043.38	10832	0	40
2026.07.24	05:00:00	4043.41	4048.34	4040.82	4046.40	9753	0	51
2026.07.24	05:30:00	4046.39	4048.03	4022.97	4024.44	11152	0	40
2026.07.24	06:00:00	4024.56	4033.45	4023.00	4030.11	9672	0	51
2026.07.24	06:30:00	4030.14	4032.93	4028.17	4029.12	7703	0	51
2026.07.24	07:00:00	4029.10	4030.18	4026.91	4029.67	7408	0	51
2026.07.24	07:30:00	4029.68	4030.26	4025.36	4026.91	6689	0	51
2026.07.24	08:00:00	4026.91	4032.07	4022.13	4026.05	7489	0	40
2026.07.24	08:30:00	4025.92	4031.39	4021.81	4022.83	9862	0	40
2026.07.24	09:00:00	4022.81	4038.86	4022.71	4036.39	8205	0	51
2026.07.24	09:30:00	4036.40	4038.43	4031.54	4035.52	8611	0	51
2026.07.24	10:00:00	4035.39	4050.67	4034.92	4048.54	9473	0	40
2026.07.24	10:30:00	4048.55	4053.61	4045.65	4048.25	6903	0	40
2026.07.24	11:00:00	4048.27	4052.39	4044.93	4052.39	7477	0	51
2026.07.24	11:30:00	4051.97	4058.54	4048.62	4057.34	6465	0	40
2026.07.24	12:00:00	4057.46	4060.58	4052.33	4052.74	5807	0	40
2026.07.24	12:30:00	4052.67	4059.69	4051.48	4059.61	4953	0	51
2026.07.24	13:00:00	4059.63	4063.49	4057.42	4061.78	6181	0	51
2026.07.24	13:30:00	4061.79	4063.68	4056.86	4059.87	5363	0	40
2026.07.24	14:00:00	4059.86	4063.26	4058.35	4059.05	5097	0	40
2026.07.24	14:30:00	4058.97	4061.52	4051.25	4057.61	5796	0	51
2026.07.24	15:00:00	4057.60	4060.00	4052.24	4059.48	8571	0	40
2026.07.24	15:30:00	4059.45	4059.45	4051.50	4055.89	8319	0	40
2026.07.24	16:00:00	4055.83	4058.26	4044.44	4046.17	10274	0	40
2026.07.24	16:30:00	4046.10	4068.43	4044.45	4067.23	13204	0	40
2026.07.24	17:00:00	4067.15	4069.93	4055.66	4065.85	13702	0	40
2026.07.24	17:30:00	4065.94	4067.86	4058.38	4063.07	11539	0	40
2026.07.24	18:00:00	4063.17	4081.94	4061.67	4074.87	13159	0	40
2026.07.24	18:30:00	4074.96	4079.42	4070.74	4077.15	9622	0	51
2026.07.24	19:00:00	4077.17	4077.97	4073.43	4073.56	6041	0	40
2026.07.24	19:30:00	4073.59	4073.90	4063.97	4066.86	6697	0	40
2026.07.24	20:00:00	4066.89	4069.65	4062.89	4068.14	7462	0	40
2026.07.24	20:30:00	4067.99	4069.65	4062.83	4063.15	4698	0	51
2026.07.24	21:00:00	4063.16	4064.42	4054.90	4055.12	5217	0	51
2026.07.24	21:30:00	4055.27	4056.81	4050.96	4054.19	5619	0	40
2026.07.24	22:00:00	4054.20	4056.20	4049.09	4051.33	6118	0	51
2026.07.24	22:30:00	4051.31	4057.79	4051.12	4053.52	7238	0	51
2026.07.24	23:00:00	4053.34	4055.13	4051.95	4053.53	2541	0	40
2026.07.24	23:30:00	4053.52	4055.79	4051.32	4052.66	2015	0	51
